COD_MOD,CEN_EDU,DISTRITO,LOCALIDAD
1720556,SIR ALEXANDER FLEMING,CERCADO,
313890,40513 SAN MIGUEL ARCANGEL,ALCA,ANEXO DE CAHUANA
1529767,COLEGIO SUPERIOR DE CIENCIAS NEWTON VIANNEY,YURA,
307819,41511 LIBERTADORES DE AMERICA,RIO GRANDE,SAN JUAN DE CHORUNGA
314237,40547,PAMPAMARCA,TECCA
312611,40380,CALLALLI,CALLALLI
637215,40582,SIBAYO,ANEXO SIOBAYO
1333285,TERESITA DE JESUS,CAYMA,DEAN VALDIVIA
1203561,40681 FRAY MARTIN,MOLLENDO,BELLAVISTA
891374,41065,HUAYNACOTAS,CULYPAMPA
612416,40501,SALAMANCA,PALCUYO
1608454,STEPHEN WILLIAM HAWKING,CERRO COLORADO,FRANCISCO GARCIA CALDDERON
219519,40144 AUGUSTO SALAZAR BONDY,MIRAFLORES,CHAPI CHICO
314120,40536 TUPAC AMARU II,TORO,ANEXO CASPI
1335181,GRAN PACIFICADOR LINUS PAULING,AREQUIPA,AREQUIPA
695122,40230 SAN ANTONIO DEL PEDREGAL,MAJES,PEDREGAL
313270,40447 LA INMACULADA CONCEPCION,RIO GRANDE,PIUCA
3000908,SANTA MARGARITA KIDS,JACOBO HUNTER,
313189,40438,YANAQUIHUA,YANAQUIHUA
313106,40430 JOSE SIMEON TEJEDA,ANDARAY,ANDARAY
1705508,SCHOOL MI PEQUEÑO PARAISO,CERRO COLORADO,
1776145,LA PLACE,DEAN VALDIVIA,
845347,41053 SAN TARSICIO,APLAO,APLAO
1658186,LAPLACE MOLLENDO,MOLLENDO,
612689,40569,CHOCO,ANEXO PACHAUMA
307587,MARIA MONTESSORI,AREQUIPA,AREQUIPA
1598515,JASLIN,CAYMA,EMBAJADA DE JAPON
891341,41058,HUAYNACOTAS,LLIHUA
1537851,NESTOR KIRCHNER,CERRO COLORADO,ALTO LIBERTAD
287789,41040 JOSE CARLOS MARIATEGUI,CAMANA,CAMANA
1271840,SANTA CRUZ,CHIVAY,CHIVAY
314039,40527,SAYLA,SAINA
1344258,CIENCIAS ITALO PERUANO ENRICO FERMI,MOLLENDO,MOLLENDO
313593,40479 MIGUEL GRAU,ISLAY,ISLAY
1272004,40696 SANTA MARIA,PAUCARPATA,SANTA MARIA
1204163,LA FAYETTE,SACHACA,HUARANGUILLO
1798495,11 DE MAYO,CAYMA,ONCE DE MAYO
313619,40481,MACHAGUAY,HUASICAC
1279496,BLAS PASCAL,AREQUIPA,CERCADO
218651,40059 ALEJANDRO SANCHEZ ARTEAGA,CERRO COLORADO,SEMI RURAL PACHACUTEC
1117332,ALEXANDER FLEMING,AREQUIPA,AREQUIPA
1721018,ROBERT F. KENNEDY,PAUCARPATA,INDUISTRIAL EL CAYRO
1618909,JUAN PABLO MAGNO,TIABAYA,NORTE
287573,41014 FORTUNATA GUTIERREZ DE BERNED,AREQUIPA,AREQUIPA
312017,40320 NUESTRA SEÑORA DEL ROSARIO,HUANCARQUI,HUANCARQUI
313080,40428 VIRGEN DE FATIMA,CHUQUIBAMBA,CHUQUIBAMBA
307413,SAN JOSE DE AREQUIPA,AREQUIPA,AREQUIPA
313254,40445 SAN MARTIN DE PORRAS DE YANQUE,CHICHAS,YANQUE
1333731,MADRE PEREGRINA SANTISIMA VIRGEN DE CHAPI,CERRO COLORADO,
1342336,NUESTRA SEÑORA DEL CARMEN,URACA,CORIRE
218792,40073 VICTOR MANUEL PEROCHENA LUQUE,SANTA RITA DE SIGUAS,SANTA RITA DE SIGUAS
307462,DE LOS SAGRADOS CORAZONES,CERCADO,AREQUIPA
312256,40344,APLAO,ANDAMAYO
311142,40229 VIRGEN DE LA MEDALLA MILAGROSA,CAMANA,UCHUMAYO
3029766,40641,TIPAN,CHUPACRA
313833,40507,COTAHUASI,CACHANA
219741,40167 MARIA AUXILIADORA,COTAHUASI,COTAHUASI
313494,40469,SALAMANCA,MAUCALLACTA
1334390,AMERICO GARIBALDI,YANAHUARA,AREQUIPA
220293,40225,YARABAMBA,SAN ANTONIO
477570,40506 EDUARDO LOPEZ DE ROMAÑA,PUNTA DE BOMBON,CATAS
313320,40452 VIRGEN DE CHAPI,CHUQUIBAMBA,CUYAY
1188200,SAN VICENTE DE PAUL,MOLLENDO,MOLLENDO
307389,SAN FRANCISCO DE ASIS,MOLLENDO,
314070,40531 HONOFRE BENAVIDES,TOMEPAMPA,TOMEPAMPA
312389,40357,URACA,TORAN
312546,40373,VIRACO,COSTURO
844274,40650,ORCOPAMPA,CONDOYHUAYCO
639187,40576,VIRACO,UNRO
1337732,EDWIN ALEXANDER,MARIANO MELGAR,AREQUIPA
1343508,GREGORY MENDEL,MAJES,EL PEDREGAL
287623,41019 REPUBLICA DE VENEZUELA,AREQUIPA,AREQUIPA
313072,40427,CHUQUIBAMBA,CARMEN ALTO
1773266,SAINT MICHAEL THE ARCHANGEL,DEAN VALDIVIA,EL ARENAL
1577618,SANTA RAFAELA,MARIANO MELGAR,MARIANO MELGAR
313643,40484 VIRGEN DE FATIMA,DEAN VALDIVIA,LA CURVA
220285,40224,PUYCA,ANEXO OCORURO
312108,CESAR DURAN LAZARTE,TIPAN,TIPAN
477604,NUESTRA SEÑORA DE LOURDES,PAUCARPATA,PJ MIGUEL GRAU
1339449,SAN PABLO DE TARSO,JACOBO HUNTER,HUNTER
1574029,TORRE FUERTE,JOSE LUIS BUSTAMANTE Y RIVERO,SIMON BOLIVAR
226795,40039 SANTA MARIA,YANAHUARA,YANAHUARA
1673078,JOSE MARIA ARGUEDAS,CERRO COLORADO,PEQUEÑOS ARTESANO ZONA B
1278498,JOYCE,AREQUIPA,AREQUIPA
311688,40286,ACARI,HUARATO
313478,40467,RIO GRANDE,LA CAPILLA
1030402,ALAS PERUANAS,AREQUIPA,AREQUIPA
1726975,LAS GARDENIAS,MAJES,
218693,40063,LA JOYA,CERRITO BUENA VISTA
1333673,BRYCE S.A.C.,AREQUIPA,AREQUIPA
3008083,ANGELES DEL SUR,CERRO COLORADO,APIPA
311258,40240 LUZ A. CARNERO DONGO,OCOÑA,OCOÑA
312322,40351,CHILCAYMARCA,CHAPACOCO
314344,40558,QUECHUALLA,VELINGA
1270933,SANTIAGO ANTUNEZ DE MAYOLO,MARIANO MELGAR,
287508,7 DE AGOSTO,JOSE LUIS BUSTAMANTE Y RIVERO,065672
310292,41045 CORAZON DE JESUS,CHUQUIBAMBA,CHUQUIBAMBA
1116854,40670 EL EDEN FE Y ALEGRIA 51,CERRO COLORADO,
314211,40545,HUAYNACOTAS,PIRAMARCA
1607241,ANGELES EN EL PARAISO,MAJES,PEDREGAL
314245,40548 SANTA ROSA DE LIMA,PUYCA,CUSPA
1030758,MADRE SANTA BEATRIZ,JOSE LUIS BUSTAMANTE Y RIVERO,AREQUIPA
1371491,LICEO BLASTE MARIA,MARIANO MELGAR,SAN LORENZO
1271964,40695 ESCUELA CONCERTADA SOLARIS,MARIANO MELGAR,AAHH LOS OLIVOS
314104,40534 JUAN MANUEL GUILLEN BENAVIDES,TORO,TORO
1772995,SAN JOSE SCHOOL,CHARACATO,AREQUIPA
287755,41037 JOSE GALVEZ,MIRAFLORES,EDIFICADORES MISTI
314260,40550,PUYCA,HUACTAPA
311993,40318,CHOCO,LLANCA
736033,40619,PAMPAMARCA,SECSENCAYLLA
312363,40355,CHOCO,ANEXO DE MIÑA
287425,40648,PUYCA,CHINCAYLLAPA
313288,40448,YANAQUIHUA,CHARCO
3029535,41519,HUAYNACOTAS,CENTRO POBLADO DE TACA
895359,HANS CHRISTIAN ANDERSEN,PAUCARPATA,MANUEL PRADO
313965,40520 GREGORIO SEGOVIA,HUAYNACOTAS,VISBE
312199,40338,VIRACO,PAMPACHACRA
314096,40533 ANA DORILA BENAVIDES DE ANDIA,TOMEPAMPA,LOCRAHUANCA
1402452,HUELLITAS DE AMOR E.I.R.L.,JOSE LUIS BUSTAMANTE Y RIVERO,SIMON BOLIVAR
895268,AREQUIPA,JOSE LUIS BUSTAMANTE Y RIVERO,DOLORES
1117944,40679,PAMPAMARCA,RUMIHUASI
796888,40620,CHACHAS,HUAYTAPALCA
518670,40332,TAPAY,TOCALLO
637181,40581,CHOCO,OJUYO
1253467,ADDISON,ALTO SELVA ALEGRE,VILLA ASUNCIÓN
314310,40555,QUECHUALLA,
1645811,SAN MARTIN DE PORRAS,MARIANO NICOLAS VALCARCEL,SAN MARTIN
311530,40270,CAHUACHO,AYROCA
895292,CARRUSEL INFANTIL,PAUCARPATA,URBANIZACION 15 DE AGOSTO
712562,40613,CAYARANI,CHAIÑA
891515,40468 ALEJANDRO ROJAS,RIO GRANDE,LA HUACA
1525336,PERUANO BRASILERO PAULO COELHO,JOSE LUIS BUSTAMANTE Y RIVERO,AREQUIPA
313841,40508 LA ASUNCION,COTAHUASI,QUILLUNZA
845289,41011,URACA,CASTILLA
311985,40317,CHACHAS,CHACHAS
313312,40451,CHUQUIBAMBA,PAPACHACRA
1334820,TESORO DE JESUS,CERRO COLORADO,
1528827,SAN JOSE SCHOOL,PAUCARPATA,AREQUIPA
218784,40072,SAN JUAN DE SIGUAS,TAMBILLO
313346,40454,CHUQUIBAMBA,PACHANA
313239,40443 DIVINO NIÑO DE CASCONZA,IRAY,CASCONZA
845305,BRYCE MARIANO MELGAR,MARIANO MELGAR,MARIANO MELGAR
1238401,40684 SAN JOSE OBRERO,YANAQUIHUA,CERRO RICO
1351774,DIOS ES AMOR,UCHUMAYO,CERRO VERDE
1271014,SANTA MARIA MAZZARELLO,SOCABAYA,SAN MARTIN DE SOCABAYA
220020,40197 FELIPE SANTIAGO SALAVERRY,SOCABAYA,SOCABAYA
314013,40525 SAN SANTIAGO,PUYCA,PUYCA
1721513,PASITOS DE ANGEL,CAYMA,ENACE
312009,40319,CHOCO,CHOCO
1657832,SEÑOR DE LOS MILAGROS,NICOLAS DE PIEROLA,SAN GREGORIO
311910,40310,APLAO,ACOY
219683,40161 MONSEÑOR JOSE L. DEL CARPIO,PAUCARPATA,PAUCARPATA
313262,40446 MIGUEL GRAU,RIO GRANDE,IQUIPÍ
314187,40542,HUAYNACOTAS,HUARCAYA
1704055,CHARACATITOS,CERRO COLORADO,SEMI RURAL PACHACÚTEC
1339746,DIEGO DE SAN PEDRO,ALTO SELVA ALEGRE,EDIFICADORES
218941,40088 REYNO DE BELGICA,UCHUMAYO,UCHUMAYO
1253301,SAN PIO X,CERRO COLORADO,UPIS MERCADO MAYORISTA
1371566,SANTA CLARA DE JESUS,AREQUIPA,AREQUIPA
612382,40497,ANDARAY,ANEXO TUMPULLO
220053,40200 REPUBLICA FEDERAL ALEMANA,JACOBO HUNTER,HUNTER
613182,41518,URACA,CANTAS
1541531,EL ALTIPLANO,YURA,EL ALTIPLANO
312421,40361 JESUS SERAPIO ABARCA CASTRO,ORCOPAMPA,MISAHUANCA
313536,40473 JOSE EMILIO PACHECO ANTEZANA,MOLLENDO,MOLLENDO
3046091,URACA,URACA,URACA
312488,40367,TIPAN,YACMES
1031772,PERUANO SUIZO ALFRED WERNER,JOSE LUIS BUSTAMANTE Y RIVERO,AREQUIPA
1728542,CHARLES PERRAULT,ALTO SELVA ALEGRE,PAMPAS DE POLANCO
894816,MUNDO MAGICO,MARIANO MELGAR,SANTA ROSA
313148,40434 FRAY MARTIN DE PORRES,IRAY,IRAY
311621,40280 NUESTRA SEÑORA DE FATIMA,YAUCA,YAUCA
312769,40396,TUTI,TUTI
1337955,SALOMON,MIRAFLORES,
1622844,SABIO ALFRED BINET,CERRO COLORADO,MERCADO MAYORISTA
1281930,MENDEL,SACHACA,AREQUIPA
313635,40483,COCACHACRA,LA AYANQUERA
845370,INCA GARCILAZO DE LA VEGA,MARIANO MELGAR,ALTO SAN MARTIN
313718,"40494 JOSÉ ABELARDO,QUOÑONES GONZALES",MEJIA,MEJÍA
312140,40333 SANTA ROSA DE LIMA,URACA,PUNTA COLORADA
313197,40439 SAN JUAN BAUTISTA DE LA SALLE,YANAQUIHUA,ISPACAS
313163,40436,SALAMANCA,SALAMANCA
502922,40370,VIRACO,RITUY
311480,40265,ACARI,EL MOLINO
844365,41064,ACARI,CHOCAVENTO
226779,40038 JORGE BASADRE GROHMANN,JOSE LUIS BUSTAMANTE Y RIVERO,ALTO DE LA LUNA
736116,40621 PRIMARIA,CHACHAS,ANEXO CHUA PUCARA
314336,40557,TORO,LLALLIHUA
472167,40398,SAN ANTONIO DE CHUCA,COLCA HUALLATA
313460,40466 CRISTO SALVADOR,IRAY,PACAYCHACRA
844159,41023,ORCOPAMPA,SARPANE
313957,40519 SAN JUAN BAUTISTA,HUAYNACOTAS,TAURISMA
656082,40590,TISCO,CAYLLOMA
723023,40609,ANDAGUA,ANEXO DE SAN ANTONIIO
895862,SANTA MARIA DE BELEN,PAUCARPATA,CESAR VALLEJO
1723923,NUEVA ESPERANZA DE LA ESPAÑOLITA,CHAPARRA,LA ESPAÑOLITA
845115,NUESTRA SEÑORA DE LOURDES,AREQUIPA,TINGO
312165,40335 VIRGEN DE CHAPI,URACA,TORETE
895953,FRAY MARTIN,SOCABAYA,SAN MARTIN
736090,40623,CAYLLOMA,ÑEQUETA
1240241,40687 FELIX RIVAS GONZALEZ,CAYMA,01 DE JUNIO
517169,NEPTALI VALDERRAMA AMPUERO,PAUCARPATA,AREQUIPA
1335264,LUCIEN FREUD,AREQUIPA,AREQUIPA
313502,40470,SALAMANCA,AYANCA
1202480,MARIA MAZZARELLO,CAYMA,DEAN VALDIVIA
794198,40033  SAN AGUSTIN,HUNTER,UPIS PAISAJISTA
1751833,INNOVA SCHOOLS - CERRO COLORADO,CERRO COLORADO,AREQUIPA
1371517,NIÑO DIVINO,JOSE LUIS BUSTAMANTE Y RIVERO,LAS ESMERALDAS
313767,40499,COCACHACRA,SANTA MARIA
219717,40164 JOSE CARLOS MARIATEGUI,PAUCARPATA,MANUEL PRADO
1270727,FRANCIS COLLINS SCHOOL,MIRAFLORES,AREQUIPA
1753862,ECOSCHOOL,PAUCARPATA,GUARDIA CIVIL
313296,40449 NUESTRA SEÑORA DEL ROSARIO,CHUQUIBAMBA,BUENA VISTA
845131,NIÑO JESUS EL TERREMOTITO,CAYMA,LA TOMILLA
1119528,WALTER PEÑALOZA RAMELLA,MARIANO MELGAR,MARIANO MELGAR
844647,40222 DIEGO THOMSON,ALTO SELVA ALEGRE,VILLA UNIÓN
312470,40366,TIPAN,TAGRE
307777,41507,ACARI,OTAPARA
312629,40381 SANTA ROSA DE LIMA,CAYLLOMA,CAYLLOMA
219055,40098,YANAHUARA,SUMBAY
307298,SAN MARTIN DE PORRES,ACARI,AVARI
589622,40417,CAYLLOMA,CHINOSIRI
314229,40546,PAMPAMARCA,CCOCHAPAMPA
312090,40328,PAMPACOLCA,SAN ANTONIO
219113,40104,SAN JUAN DE SIGUAS,YURAMAYO
745984,40518,COCACHACRA,EL FISCAL
678896,40597,ANDAGUA,ANEXO DE CCALLHUA
287813,41048 CRISTO REY,COCACHACRA,COCACHACRA
311928,40311 JOSE RODRIGUEZ BUSTAMANTE,APLAO,COSOS
219170,40110,SANTA ISABEL DE SIGUAS,TIN TIN
307280,LA RECOLETA,AREQUIPA,ANTIQUILLA
312330,40352 BENJAMIN GOMEZ YANCAPALLO,CHILCAYMARCA,CHILCAYMARCA
612325,40450,SALAMANCA,ANEXO CAPILLA
1117134,40672,SACHACA,VICTOR MALDONADO
617506,40492 DANIEL ALCIDES CARRION,MOLLENDO,MOLLENDO
218875,40081 MIGUEL CESAR AUGUSTO MAZEYRA ACOSTA,CAYMA,LEON XIII
1759950,TALENT SCHOOL,AREQUIPA,AREQUIPA
1607548,SAN CARLOS,MAJES,EL PEDREGAL
313981,40522 JUAN LUIS SOTO MOTTA,PAMPAMARCA,PAMPAMARCA
307363,ADVENTISTA GENERAL JOSE DE SAN MARTIN,AREQUIPA,VALLECITO
226746,40034 MARIO VARGAS LLOSA,ALTO SELVA ALEGRE,
894337,40630 VIRGEN DEL CARMEN,PAUCARPATA,
307561,MARIA AUXILIADORA,AREQUIPA,AREQUIPA
226928,40052 EL PERUANO DEL MILENIO ALMIRANTE MIGUEL GRAU,CAYMA,BUENOS AIRES
313379,40457 INMACULADA CONCEPCION,ANDARAY,HUASACA
219477,40140,PAMPACOLCA,PAMPACOLCA
312835,40403,CALLALLI,CAPILLA COLLPA
588962,40120,YURA,PATAHUASI
312496,40368 VIRGEN DE LA FAMILIA,URACA,SARCAS
1281419,KAROL WOJTYLA,CERRO COLORADO,AREQUIPA
311902,40309,APLAO,HUATIAPILLA
307579,SAN PEDRO,AREQUIPA,AREQUIPA
313775,40500,COCACHACRA,CARRIZAL
313759,40498,COCACHACRA,EL TORO
844415,41061 JOSE ANTONIO ENCINAS,MAJES,AREQUIPA
313411,40461,CHICHAS,YACHANGUILLO
1751866,ANDREWS ROBERT MILLIKAN,CERRO COLORADO,CIUDAD MUNICIPAL
226423,40001 LUIS H BOURONCLE,AREQUIPA,AREQUIPA
898072,CIENCIAS SEÑOR DE LA JOYA - JUAN ORELLANA GARCIA,LA JOYA,LA JOYA
896217,NUESTRA SRA. DE LA ASUNTA,CERRO COLORADO,ZAMACOLA
619320,ADVENTISTA EDUARDO FRANCISCO FORGA,JACOBO HUNTER,JACOBO HUNTER
313544,40474 JOSE CARLOS MARIATEGUI,MOLLENDO,MIRAMAR
1236066,MARIANISTA,JACOBO HUNTER,HUNTER
313882,40512 VIRGEN DE CHAPI,ALCA,AYAHUASI
895649,CHARLOTTE BUHLER,JOSE LUIS BUSTAMANTE Y RIVERO,PUERTA VERDE
287821,41049 EVERARDO ZAPATA SANTILLANA,PUNTA DE BOMBON,LA PUNTA
313650,40485 RUBEN LINARES LINARES,DEAN VALDIVIA,EL ARENAL
219386,40131 NIÑO JESUS DE PRAGA,MARIANO MELGAR,URBANIZACION SANTA ROSA
678847,DE JESUS E.I.R.L.,CAMANA,CAMANÁ
1789676,INNOVA SCHOOLS - AREQUIPA MIRAFLORES,MIRAFLORES,AREQUIPA
844688,40119,MAJES,ASENTAMIENTO D
311274,40242,OCOÑA,PESCADORES
307751,41505,ORCOPAMPA,ORCOPAMPA
226654,40025 SANTA DOROTEA,AREQUIPA,JUVENTUD FERROVIARIA
312058,40324 JOSE MIGUEL MORALES DASSO,ORCOPAMPA,ORCOPAMPA
1270248,PARAISO INFANTIL,PAUCARPATA,UGEL AREQUIPA SUR
312504,40369,URACA,EL DIQUE
219766,40169 SAN ISIDRO LABRADOR DE PUCCRO,HUANCA,PUCCRO
313973,40521,HUAYNACOTAS,ANEXO DE ANTABAMBA
897850,40663,LLUTA,HATUMPATA
219105,40103 LIBERTADORES DE AMERICA,CERRO COLORADO,RÍO SECO
844233,40321,TISCO,TARUCAMARCA
312884,40408 SAN BASILIO MAGNO,HUANCA,SAN BASILIO
313064,40426 JOSE OLAYA,YANAQUIHUA,YAUCE LA BARRERA
287409,40644,ORCOPAMPA,HUANCARAMA
307231,SANTA ROSA DE LIMA Y LAS AMERICAS,ALTO SELVA ALEGRE,ALTO SELVA AELGRE
845172,FRANCISCO ROJAS SCHOOL,AREQUIPA,AREQUIPA
313809,40503 JOSE OLAYA,DEAN VALDIVIA,EL BOQUERÓN
312991,40419,TAPAY,SAN JUAN DE CHUCCHO
723155,40611,YANQUE,
1659119,EL SEÑOR JESUCRISTO,LA JOYA,ESTACION VITOR
219972,40192,QUEQUEÑA,QUEQUEÑA
312157,40334,URACA,EL PEDREGAL
311167,40231,JOSE MARIA QUIMPER,EL CARDO
1761659,LINUXS SCHOOL,YANAHUARA,AREQUIPA
314351,40559,SAYLA,YANAYA
1775774,JARDIN DEL COLCA,YURA,JARDIN DEL COLCA
1642107,COLLEGE TALENTOS,PAUCARPATA,
313171,40437,TAPAY,TAPAY
311944,40313 SAN IGNACIO DE LOYOLA,APLAO,ANEXO LA REAL
1673094,MI DIVINO NIÑO JESUS,CAYMA,COMPLEJO HABITACIONAL DEAN VALDIVIA
1730878,M. GANDHI,CERRO COLORADO,AREQUIPA
1369602,SAN JOSE MARIA E.B.,CERRO COLORADO,ALTO LIBERTAD
655779,40202 CHARLOTTE,YURA,CIUDAD DE DIOS
1344456,SAN GUILLERMO DE VERCELLI,HUNTER,AREQUIPA
1263086,JOHANN MENDEL,JACOBO HUNTER,HUNTER
314021,40526,SAYLA,SAYLA
313387,40458 SAN JUAN BAUTISTA,CAYARANI,CAYARANI
226753,IE VAB 40035,CERRO COLORADO,AREQUIPA
541813,40165 SAN JUAN BAUTISTA DE LA SALLE,AREQUIPA,UMACOLLO
1031442,ALMIRANTE MIGUEL GRAU,MAJES,PEDREGAL
1119999,SANTA MARIA MADRE,JOSE LUIS BUSTAMANTE Y RIVERO,AREQUIPA
844332,40607,CHACHAS,CHECOTAÑA
312983,40418,TAPAY,CAYLLOMA
1768142,INNOVA SCHOOLS SACHACA,SACHACA,SACHACA
1351634,EL BUEN MAESTRO,AREQUIPA,AREQUIPA
1672617,LUIZ FRANCISCO FONTES,CERRO COLORADO,AREQUIPA
219840,40178 VICTOR RAUL HAYA DE LA TORRE,PAUCARPATA,MIGUEL GRAU
312694,40389 MIGUEL LINARES MALAGA,LLUTA,CENTRO POBLADO DE TAYA
1663095,ALTO SELVA ALEGRE LINUS PAULING,ALTO SELVA ALEGRE,GRAFICOS
314047,40528,SAYLA,SURUPAMPA
218834,40078 SAGRADO CORAZON DE JESUS DE SACHACA,SACHACA,TIO CHICO
219808,40174 PAOLA FRASSINETTI,PAUCARPATA,MIGUEL GRAU
226704,40030 SAN FRANCISCO DE ASIS,CAYLLOMA,JACHAÑA
723460,ST. ANDREW,JOSE LUIS BUSTAMANTE Y RIVERO,AREQUIPA
312728,40392 JOSE A. ENCINAS FRANCO,SAN ANTONIO DE CHUCA,IMATA
313577,40477 HILDA CANDIOTTI DE BORGER,MOLLENDO,MOLLENDO
542613,40238 NUESTRA SEÑORA DEL CARMEN,SAMUEL PASTOR,EL CARMEN
1760305,COLEGIO MAYOR MENDEL,AREQUIPA,
1116094,40674,PAMPAMARCA,LARCCO
844712,41059,PAMPAMARCA,SANTA ROSA
1639442,ALAS DORADAS,MAJES,CIUDAD MAJES
1385152,SOR ANA DE LOS ANGELES DE MONTEAGUDO,CERRO COLORADO,SOR ANA DE LOS ÁNGELES
312173,40336 SAGRADO CORAZON DE JESUS,VIRACO,VIRACO
1798669,JOSE ABELARDO QUIÑONEZ,YURA,AREQUIPA
313676,40488 ERNESTO DE OLAZABAL LLOSA,PUNTA DE BOMBON,LA PUNTA
612747,40571,CAYLLOMA,CORAZA
1750843,JOHANNES KEPLER,CERRO COLORADO,AREQUIPA
312603,40379,CABANACONDE,PINCHOLLO
312744,40394,TAPAY,COSÑIRHUA
219949,40189,POCSI,PIACA
1203967,ITALO PERUANO SANTA MARIA MAZZARELLO,AREQUIPA,VALLECITO
1726983,NUEVA AREQUIPA,MAJES,NUEVA AREQUIPA
1577642,MUNDO ECOLOGICO,JOSE LUIS BUSTAMANTE Y RIVERO,AREQUIPA
312587,40377 JORGE AURELIO ABRIL FLORES,CABANACONDE,CABANACONDE
312926,40412 ARQUITECTO FERNANDO BELAUNDE TERRY,LLUTA,SAN PEDRO DE QUERQUE
312637,40382 VIRGEN DE CHAPI,COPORAQUE,COPORAQUE
794248,40040 JOSE TRINIDAD MORAN,CAYMA,
1341312,ANGEL DE LA GUARDA,SAMUEL PASTOR,LA PAMPA
1337286,CHAVEZ DE LA ROSA,AREQUIPA,AV LA PAZ 502
314278,40551 MICAELA BASTIDAS,PUYCA,MAGHUANCA
1203926,SAN LUIS GONZAGA,SOCABAYA,PUEBLO JOVEN 4 DE OCTUBRE
1734854,COLEGIO WALDORF AREQUIPA EL COLIBRI,JOSE LUIS BUSTAMANTE Y RIVERO,
313866,40510 CORONEL CASIMIRO PERALTA,ALCA,ALCA
1239169,SANTA MARIA DEL VALLE,UCHUMAYO,CONGATA
313338,40453,CHUQUIBAMBA,CHIRINGAY
1276385,SAN JUAN APOSTOL,CERRO COLORADO,AREQUIPA
312124,40331 MARIA AUXILIADORA,URACA,CORIRE
541516,40211 HEROES DEL PACIFICO,PAUCARPATA,AREQUIPA
1454545,SANTA ROSA DE LAS AMERICAS,MARIANO MELGAR,AREQUIPA
735498,40642,ORCOPAMPA,TINTAYMARCA
311209,40235,MARISCAL CACERES,SAN JOSE
314252,40549 SANTISIMA VIRGEN DE LA ASUNTA,PUYCA,CHURCA
1607183,SAN FERNANDO,LA JOYA,CERCADO
844803,SAN JERONIMO,AREQUIPA,UMACOO
612861,40574,CALLALLI,CHICHAS
314195,40543,HUAYNACOTAS,LUICHO
286641,40560,TOMEPAMPA,ACHAMBI
307835,41513 SAGRADO CORAZON DE JESUS,COCACHACRA,CHUCARAPI
313015,40421 JOSE OLAYA BALANDRA,TISCO,TISCO
1279736,ENRICO FERMI,MIRAFLORES,EDIFICADORES MISTI
1253186,40688 JESUCRISTO EL SALVADOR,CERRO COLORADO,UPIS EL SALVADOR
313528,40472 CARLOS M. FEBRES,MOLLENDO,MOLLENDO
220244,40220 HEROES DEL CENEPA,PAUCARPATA,CAMPO DE MARTE
219733,40166 BELGICA,JOSE LUIS BUSTAMANTE Y RIVERO,URBANIZACION 3 DE OCTUBRE
1120088,COLEGIO FRANCO PERUANO GUSTAVE EIFFEL,SACHACA,URBANO
313627,40482 SAN MARTIN DE PORRES,COCACHACRA,COCACHACRA
219675,40160 OBDULIO BARRIGA VIZCARRA,MOLLEBAYA,MOLLEBAYA
219709,40163 BENIGNO BALLON FARFAN,PAUCARPATA,AREQUIPA
1436369,JUBILEO,AREQUIPA,TINGO
218883,40082 MARIANO J. VALDIVIA,TIABAYA,TIABAYA
313858,40509 NUESTRA SEÑORA DEL CARMEN,COTAHUASI,CHAUCAVILCA
794461,SANTA MARIA DE LOS ANGELES,SOCABAYA,AREQUIPA
307249,NUESTRA SEÑORA DE GUADALUPE,ALTO SELVA ALEGRE,
845461,40056 HORACIO ZEBALLOS GAMEZ,CERRO COLORADO,
1333129,SAGRADA FAMILIA,MAJES,EL PEDREGAL
1031004,40669 DEAN VALDIVIA,CAYMA,AREQUIPA
612804,40573,CHACHAS,ANEXO HUARACOPALCA
313932,40517 CAPITAN EVARISTO AMESQUITA,HUAYNACOTAS,HUAYNACOTAS
1261304,ALFEREZ FAP RAUL J. LEGUIA DRAGO,AREQUIPA,VALLECITO
313205,40440 CORAZON DE FATIMA,APLAO,APLAO
312553,40374 ELIAS CACERES LOZADA,CHIVAY,CHIVAY
1261387,SANTA CATALINA DE SIENA,CERRO COLORADO,SEMI RURAL PACHACUTEC
1338672,AMIGOS DE JESÚS,MIRAFLORES,CERCADO
1337658,SANTA SOFIA,JACOBO HUNTER,JACOBO HUNTER
312272,40346,APLAO,MAMAS
226829,40042 REPUBLICA DE FRANCIA,AREQUIPA,AREQUIPA
1535640,MARIA DE LOS ANGELES,MAJES,PEDREGAL
1369917,MAGISTER LUX DE VALORES HUMANOS,TIABAYA,TIABAYA
3047750,JAMES REICH,CERRO COLORADO,PERUARBO
313791,40502,COCACHACRA,LA PASCANA
312116,40330,UÑON,UÑON
1722180,JESUS EL BUEN MAESTRO,MAJES,
1339951,HERBERT VON BLUMER,JACOBO HUNTER,HUNTER
678961,40605,PAMPAMARCA,LAXA
1272855,JORGE SANJINEZ LENZ,YURA,CIUDAD DE DIOS
220111,40207 MARIANO MELGAR VALDIVIESO,JACOBO HUNTER,SAN JUAN DE DIOS
845107,LEON XIII CIRCA,CAYMA,FRANCISCO BOLOGNESI
1699297,INNOVA SCHOOLS,JOSE LUIS BUSTAMANTE Y RIVERO,AREQUIPA
307710,ANGLOAMERICANO PRESCOTT,AREQUIPA,AREQUIPA
845701,CRISTO REY CIRCA,CERRO COLORADO,AREQUIPA
1622760,JAM AMOS KOMENSKY,CAYMA,CAYMA
897553,PERUANO - ITALIANA DOMINGO SAVIO,CERRO COLORADO,CHALLAPAMPA
1574052,PREMIO NOBEL MARIO VARGAS LLOSA,MARIANO MELGAR,ALTO SAN MARTIN
1567635,CORAZON DE MARIA,AREQUIPA,
313247,40444,CAYARANI,COMUNIDAD CHALLA
636589,40579,CHOCO,PAMPUYO
311886,40307 ANGELA RENDON DE SANCHEZ,APLAO,APLAO
226951,ROMEO LUNA VICTORIA,CERRO COLORADO,ZAMÁCOLA
1253269,SANTO TORIBIO DE MOGROVEJO,YURA,APIAAR
844928,SAN BERNARDO,YURA,
844449,41062 DR. MARIO VARGAS LLOSA,MAJES,ASENTAMIENTO D4
287565,CLARET,AREQUIPA,AREQUIPA
219436,40136,SAN JUAN DE SIGUAS,YURAMAYO
312231,40342,APLAO,LA CENTRAL
307397,MARIA AUXILIADORA,MOLLENDO,MOLLENDO
307637,SANTA ROSA DE VITERBO,AREQUIPA,AREQUIPA
312264,40345 EL ROSARIO,APLAO,COCHATE
1672583,JUILLIARD,CERRO COLORADO,ZAMACOLA
1420454,DIVINO NIÑO DE BELEN,SOCABAYA,AMPLIACIÓN SOCABAYA
313569,40476 MERCEDES MANRIQUE FUENTES,MOLLENDO,MOLLENDO
1402494,NUESTRA SEÑORA DE LA ESPERANZA MACARENA,ALTO SELVA ALEGRE,GRAFICOS
1441757,REICH LA PERLA,AREQUIPA,AREQUIPA
1273861,LIFE SCHOOL,SACHACA,TAHUAYCANI
219162,40109,SANTA ISABEL DE SIGUAS,LLUCLLA PITAY
311316,40246 SEÑOR DE LOS MILAGROS,SAMUEL PASTOR,EL MONTE
844829,AMANECER,PAUCARPATA,CAMPO DE MARTE
1343490,PINTO TALAVERA,ALTO SELVA ALEGRE,VILLA  CONFRATERNIDAD
528901,SAN HILARION,CERCADO,CERCADO
637397,40491,COCACHACRA,QUELGUA GRANDE
656165,40044 SAN MARTIN DE PORRES,CERRO COLORADO,CIUDAD MUNICIPAL
1770247,ALEXANDER FRIEDMAN,CERRO COLORADO,CIUDAD MUNICIPAL
1238245,PRIMARIA,APLAO,
1422534,CORONEL FRANCISCO BOLOGNESI,MAJES,CIUDAD MAJES
655852,SANTA URSULA,JOSE LUIS BUSTAMANTE Y RIVERO,AREQUIPA
313817,40504 LUISA BEGAZO DE DEL CARPIO,DEAN VALDIVIA,ALTO ENSENADA
1333004,SEÑOR DE LOS MILAGROS DE LA JOYA,LA JOYA,EL TRIUNFO
1263409,MAXWELL SCHOOL,MAJES,PEDREGAL
1368430,SAN JUAN BAUTISTA DE CHALA,CHALA,CHALA
894246,SANTA LUCIA,AREQUIPA,AREQUIPA
312314,40350,CHACHAS,NAHUIRA
516666,SOR ANA,PAUCARPATA,CIUDAD BLANCA
723270,40616 CASIMIRO CUADROS I,CAYMA,AREQUIPA
307454,NUESTRA SEÑORA DEL ROSARIO,AREQUIPA,AREQUIPA
312041,40323,MACHAGUAY,ACOPALLPA
287698,41030 EDUARDO LOPEZ DE ROMAÑA,MARIANO MELGAR,MARIANO MELGAR
1119718,AREQUIPA,AREQUIPA,AREQUIPA
226860,40046 JOSE L. CORNEJO A.,CAYMA,ACEQUIA ALTA
1770437,PERUANO ISRAELI KEDUSHA,CERRO COLORADO,GRANJEROS UNIDOS
314054,40529 VICTOR ANDRES BELAUNDE,TAURIA,TAURIA
312082,40327,PAMPACOLCA,PISCOPAMPA
794289,SANTA MARIA,AREQUIPA,CIUDAD
311977,40316 JULIO ERNESTO LAZO DIAZ,AYO,AYO
898049,SEÑOR DE LOS MILAGROS CIRCA,YURA,CIUDAD DE DIOS
219469,40139 ANDRES AVELINO CACERES DORREGARAY,MARIANO MELGAR,
1270578,I.E.P DE CIENCIAS JESUCITO,SOCABAYA,LA CAMPIÑA
3042769,LAS ESTRELLITAS,COTAHUASI,COTAHUASI
1260629,BRITISH COLUMBIA,CERRO COLORADO,VICTOR RAUL HAYA DE LA TORRE
219956,40190 SANTISIMA VIRGEN DE CHAPI,POLOBAYA,
313825,40505,PUNTA DE BOMBON,BOMBÓN
307447,DE LA SALLE,AREQUIPA,AREQUIPA
219121,40105,TISCO,CCASCCA
1783653,INTERNACIONAL JOHANNES KEPLER,CERRO COLORADO,0
1315589,DIDASCALIO SAN JOSE,MARIANO MELGAR,AREQUIPA
1637370,PERUANO FRANCES ANTOINE DE SAINT EXUPERY,TIABAYA,CORBACHO
1365162,VILLA MAGISTERIAL,CERRO COLORADO,VILLA MAGISTERIAL
220087,I.E. 40204 NESTOR CACERES VELASQUEZ,SOCABAYA,CERRO SALAVERRY
226894,40049 CORONEL FRANCISCO BOLOGNESI CERVANTES,CAYMA,AREQUIPA
1333061,EL MERCEDARIO RVDO PADRE ELEUTERIO ALARCON BEJARANO,CAYMA,BOLOGNESI
844134,40624,ACHOMA,PACHACHACA
845164,40050 EL GRAN HÉROE ANDRÉS AVELINO CÁCERES,CAYMA,ASOCIACIÓN ANDRÉS AVELINO CÁCERES
723288,40618 MONSEÑOR JOSE DE PIRO D'AMICO INGUANEZ,CAYMA,
1030295,MAGISTER LAGRANGE,JOSE LUIS BUSTAMANTE Y RIVERO,LOS CONQUISTADORES
1665348,SANTISIMA VIRGEN DE COPACABANA,SOCABAYA,SOCABAYA
1434836,VIRGEN DE CHAPI DE CORIRE,URACA,CORIRE
1622802,DAVID AUSUBEL,CERRO COLORADO,JOSE LUIS BUSTAMANTE Y RIVERO
1753185,NUESTRA SEÑORA DE LOS INFANTES SCHOOL,PAUCARPATA,MIGUEL GRAU
1769496,DE CIENCIAS JHON DALTON,CERRO COLORADO,PASAJE
1734052,FUTURA SCHOOLS SEDE PAUCARPATA,PAUCARPATA,AREQUIPA
1755511,JOULE ALTO SELVA ALEGRE,ALTO SELVA ALEGRE,ALTO SELVA ALEGRE
541714,NIÑO DE LA PAZ,JOSE LUIS BUSTAMANTE Y RIVERO,LA PAMPILLA
612887,40141,CERRO COLORADO,CIUDAD MUNICIPAL
694976,MENDEL CERRO COLORADO,CERRO COLORADO,1
678755,40606 SEUL,CAYMA,CASIMIRO CUADROS II
1527035,VILLA DON JORGE,SAMUEL PASTOR,
311365,40251 VIRGEN DE GUADALUPE,NICOLAS DE PIEROLA,HACIENDA EL MEDIO
1607332,SANTISIMA VIRGEN DE CHAPI,LA JOYA,
218974,40091 ALMA MATER DE CONGATA,UCHUMAYO,CONGATA
1339043,PRINCIPE DE ASTURIAS,AREQUIPA,AREQUIPA
312207,40339 MARIO VARGAS LLOSA,VIRACO,HUAMI
1202167,JAMES CLERK MAXWELL,CAYMA,AREQUIPA
1238484,VALORES SCHOOL,MAJES,PEDREGAL
312223,40341,APLAO,ONGORO
1633387,LAS PLUMAS DEL AMAUTA,CERRO COLORADO,AREQUIPA
612713,40570,TAPAY,ANEXO PUNACHICA
898338,SAN RAFAEL,PUNTA DE BOMBON,PUNTA DE BOMBON
1577709,SCHOOL INTERNACIONAL BLUMER,JACOBO HUNTER,SEÑOR DE LOS MILAGROS
307074,PIO XII,MARIANO MELGAR,GENERALÍSIMO SAN MARTÍN
1791169,SHERADON BRYCE,CERRO COLORADO,AREQUIPA
313692,40490 SEÑOR DE LOS DESAMPARADOS,PUNTA DE BOMBON,LA PUNTA
312249,40343,APLAO,FUNDO EL CASTILLO
218933,40087 JESUS MANUEL LOAYZA DEZA,SACHACA,SACHACA
1335256,IBEROAMERICANO,CERRO COLORADO,SEMI RURAL PACHACUTEC
1116771,41069,ORCOPAMPA,RUMIHUASI
636373,40575,UÑON,PIRAUCHO
307256,SAN MIGUEL,CARAVELI,CARAVELI
845206,SAGRADO CORAZÓN DE JESÚS,AREQUIPA,URBANIZACIÓN MUNICIPAL
1341551,MENDEL PEDREGAL,MAJES,VILLA PEDREGAL
770040,41050 DIVINO MAESTRO,MOLLENDO,MOLLENDO
226852,40045 LIVIA BERNAL DE BALTAZAR,CAYMA,
1338318,ANDRE BRETON,JOSE LUIS BUSTAMANTE Y RIVERO,JOSE LUIS BUSTAMANTE Y RIVERO
845248,40018 PEDRO VILLENA HIDALGO,JACOBO HUNTER,
845180,COLEGIO SAN MARCOS DE LEON,JACOBO HUNTER,AREQUIPA
1334952,SAN JUAN MASIAS,CAYMA,AREQUIPA
1699503,SANTISIMA TRINIDAD,CERRO COLORADO,AREQUIPA
219865,40181 ALTO JESUS,PAUCARPATA,ALTO JESÚS
1607589,DIVINO REDENTOR,LA JOYA,ESTACION DE VITOR
219097,40102 NUESTRA SEÑORA DEL CARMEN PATRONA DE YURA,YURA,LA ESTACION
313122,40432 VICTOR RAUL HAYA DE LA TORRE,CHICHAS,CHICHAS
1635598,INNOVA KIDS II,CERRO COLORADO,VILLA CERRILLOS
1390848,LICEE JEAN BAPTISTE LAMARCK,AREQUIPA,AREQUIPA
1116813,40671,CERRO COLORADO,VILLA SAN JUAN
736108,40622,CAYLLOMA,TINTAYANI
1532860,VECTOR,JOSE LUIS BUSTAMANTE Y RIVERO,AREQUIPA
845271,AMERICA,MARIANO MELGAR,MARIANO MELGAR
1371483,LA MEDALLA MILAGROSA,PAUCARPATA,
1030394,JOHN WESLEY,AREQUIPA,AREQUIPA
844340,40261 TOMAS GUZMAN GOMEZ,ALTO SELVA ALEGRE,LEONES DEL MISTI
1238849,ANGELUS,CERRO COLORADO,CERRO COLORADO
1734029,TALENTOS AREQUIPA,CERCADO,
1333194,JOHN G. LAKE,CAYMA,AREQUIPA
226464,40005,UCHUMAYO,EL CURAL
1698786,MATER MARIA SCHOOL,JOSE LUIS BUSTAMANTE Y RIVERO,CERRO JULI
1615541,WORLD SCHOOL,YANAHUARA,AREQUIPA
226555,40015 VALLECITO,AREQUIPA,AREQUIPA
898437,SEÑOR DE LA ESPERANZA,CERRO COLORADO,CIUDAD MUNICIPAL
219907,40185 SAN JUAN BAUTISTA DE JESUS,PAUCARPATA,URB MANCO CAPAC
723858,41006 JORGE POLAR,JOSE LUIS BUSTAMANTE Y RIVERO,LA MELGARIANA
1368356,NIÑO SALVADOR,PAUCARPATA,JORGE CHAVEZ
895680,SAN ANTONIO DE PADUA,PAUCARPATA,GUARDIA CIVIL
1281294,DIVINO CRISTO OBRERO,CAYMA,FRANCISCO BOLOGNESI
1731355,LUCERITOS DE DIOS,CERRO COLORADO,AREQUIPA
472233,VIRGEN DE CHAPI,PAUCARPATA,NUEVO PERU
1518562,ESPIRITU SANTO,ISLAY,MATARANI
1757186,ADALID,MARIANO MELGAR,
1334960,PARAISO,CAYMA,ACEQUIA ALTA
895920,STELLA MARIS,JOSE LUIS BUSTAMANTE Y RIVERO,ADEPA
311407,40255,OCOÑA,HUANTAY
218842,40079 VICTOR NUÑEZ VALENCIA,SACHACA,HUARANGUILLO
218750,40069 SAN AGUSTIN,LA JOYA,SEGUNDO  ASENTAMIENTO
1768696,MONTESSORI SCHOOL,CERRO COLORADO,ALTO LIBERTAD
307066,EL MILAGRO DE FATIMA,SACHACA,ALTO DE AMADOS
1598531,LACORDAIRE SCHOOL,AREQUIPA,AREQUIPA
477695,40094,VITOR,TACAR
845149,MENDEL UMACOLLO,CERCADO,AREQUIPA
1620186,SAN JOSE,MAJES,CIUDAD MAJES
844290,40625 CORAZON DE JESUS,MAJES,ASENTAMIENTO B1
892034,40626 NUESTRA SEÑORA DEL PILAR,MAJES,ASENTAMIENTO C 3
1333046,NUESTRA SEÑORA DE LAS MERCEDES,MAJES,EL PEDREGAL
226944,40054 JUAN DOMINGO ZAMACOLA Y JAUREGUI,CERRO COLORADO,LA LIBERTAD
1436435,ABC GREGORIO MENDEL,MOLLENDO,MOLLENDO
219360,40129 MANUEL VERAMENDI E HIDALGO,MARIANO MELGAR,GENERALISIMO SAN MARTIN
220152,40196 TECNICO AGROPECUARIO ARTESANAL,SAN JUAN DE TARUCANI,SAN JUAN DE TARUCANI
844902,PADRE ELOY ARRIBAS LAZARO,MIRAFLORES,TOMASA TITO CONDEMAYTA
1721570,JOULE DIVINO NIÑO,PAUCARPATA,COOPERATIVA PORONGOCHE
218800,40074 JOSE LUIS BUSTAMANTE Y RIVERO,SACHACA,SACHACA
218719,40065 GLORIOSO HEROES DEL CENEPA,LA JOYA,SAN ISIDRO
218982,40092 JOSE D. ZUZUNAGA OBANDO,UCHUMAYO,CERRO VERDE
844456,41056 DANIEL ALCIDES CARRION,HUANUHUANU,MOLLEHUACA
307421,COLEGIO PERUANO ALEMÁN MAX UHLE,SACHACA,AREQUIPA
845529,SANTO TOMAS DE AQUINO,CERRO COLORADO,URBANIZACIÓN MARISCAL CASTILLA
1278977,40705,CERRO COLORADO,AREQUIPA
1030659,CAMINO AL SABER,MARIANO MELGAR,ALTO SAN MARTIN
1277060,LIBERTAD,MAJES,EL PEDREGAL
1254861,SANTISIMO CRISTO REDENTOR,PAUCARPATA,VILLA MARIA DEL TRIUNFO
1334499,ALBERTO HIDALGO,TIABAYA,TIABAYA
1700079,VIRGEN DE LOS REMEDIOS,SOCABAYA,SOCABAYA
1032465,NUESTRA SEÑORA DE FATIMA,AREQUIPA,AREQUIPA
1334945,IEP MIGUEL ANGEL CORNEJO ROSADO,CERRO COLORADO,LA LIBERTAD
844753,JESUS DE NAZARETH,COCACHACRA,COCACHACRA
311803,40299 JOSE ALFREDO MOLINA,LOMAS,LOMAS
1536952,CHAVES SCHOOL,AREQUIPA,AREQUIPA
287706,41031 MADRE DEL DIVINO AMOR,MARIANO MELGAR,MARIANO MELGAR
219816,40175 GRAN LIBERTADOR SIMON BOLIVAR,JOSE LUIS BUSTAMANTE Y RIVERO,SIMON BOLIVAR
678771,JUAN DE LA CRUZ CALIENES,CERRO COLORADO,CHALLAPAMPA
898908,CHAMPAGNAT,YANAHUARA,YANAHUARA
1370089,MAGNUS EDUCATORIS,AREQUIPA,AREQUIPA
898486,40654,CAYMA,VIRGEN DE CHAPI
3028677,CORPUS CHRISTI SCHOOL,MIRAFLORES,AREQUIPA
656157,40591 SAN FRANCISCO DE CCASAO,LLUTA,CCASAO
218727,40066,LA JOYA,
226605,40020 ESCUELA ECOLOGICA URBANA,AREQUIPA,SAN LAZARO
220103,40206,JACOBO HUNTER,URBANIZACION MILAGROS
678920,40600 CLOTILDE FRANCISCA ODICIO ZUÑIGA,CABANACONDE,CABANACONDE
1335348,ADUNSA LA JOYA,LA JOYA,PJ EL TRIUNFO
1720739,FERNANDO STAHL AREQUIPA,CERRO COLORADO,PERUARBO
1763697,ESTRELLITAS DE AMOR,CERRO COLORADO,APIPA
220046,40199,SOCABAYA,CIUDAD MI TRABAJO
218917,CARLOS JOSE ECHAVARRY OSACAR,TIABAYA,PAMPAS NUEVAS
307173,SAN PEDRO Y SAN PABLO - CIRCA,PAUCARPATA,JORGE CHÁVEZ
844316,40029 LUDWING VAN BEETHOVEN,ALTO SELVA ALEGRE,URB INDEPENDENCIA
1640895,FUTURA SCHOOLS TIABAYA,TIABAYA,AREQUIPA
311969,40315 JOSE MARIA ARGUEDAS,PAUCARPATA,CIUDAD BLANCA
219659,40158 EL GRAN AMAUTA,MIRAFLORES,EDIFICADORES MISTI
307330,ORLEANS GOLEMAN,AREQUIPA,AREQUIPA
845552,EL PIONERO G-2,CAYMA,ENACE
1371434,INTERNACIONAL ELIM,MIRAFLORES,
307876,41517,ACARI,MACHAYNIOC
307132,PADRE DAMIÁN DE LOS SAGRADOS CORAZONES,AREQUIPA,AREQUIPA
1334465,PANAMERICANO,AREQUIPA,URBANIZACIÓN LA VICTORIA
1202449,SEÑOR DE HUANCA,CERRO COLORADO,VILLA PARAISO
226431,40002 AL AIRE LIBRE,AREQUIPA,AREQUIPA
307371,INTERNACIONAL PERUANO BRITANICO,YANAHUARA,URB VALENCIA A1
1339274,THE PROVIDENCE SCHOOL,ALTO SELVA ALEGRE,AREQUIPA
307140,NUESTRA SEÑORA DEL PILAR,AREQUIPA,AREQUIPA
1334903,PERCY GIBSON MOLLER,CERRO COLORADO,AREQUIPA
1705060,CASA DE CARIDAD ARTES Y OFICIOS,CERRO COLORADO,
218768,40070 SANTA ISABEL DE HUNGRIA,SANTA ISABEL DE SIGUAS,CENTRO POBLADO SANTA ISABEL
1117738,SEÑOR DE LUREN,SOCABAYA,SOCABAYA
1732429,VIRGENCITA DE FATIMA,CERRO COLORADO,HERNAN BEDOYA I ETAPA
1751411,INTERNACIONAL ROOSEVELT,SOCABAYA,SOCABAYA
218891,400083 FRANKLIN ROOSEVELT,TIABAYA,TIABAYA
656173,LORD BYRON,CAYMA,AREQUIPA
895581,SEYMOUR BRUNER,AREQUIPA,AREQUIPA
307116,CORAZON DE JESUS,MARIANO MELGAR,SANTA ROSA
1526854,AMOR DE DIOS,SACHACA,MARCARANI
1203405,NUEVA GENERACION ESTUDIANTIL,MAJES,EL PEDREGAL
307165,JUAN XXIII,PAUCARPATA,MIGUEL GRAU
1030485,IE MARIA ANUA COELI,SOCABAYA,AREQUIPA
1260264,CRISTO SALVADOR DE MONTECARLO,TIABAYA,TIABAYA
678904,40532,CAYLLOMA,TALTA HUARAHUARCO
1239524,AMIGOS DE CRISTO,PAUCARPATA,URBANIZACION CALIFORNIA
307090,SAN ANTONIO MARIA CLARET,JACOBO HUNTER,
1794346,JESUS REDENTOR SCHOOL,CERRO COLORADO,CIUDAD MUNICIPAL
226688,40028 GUILLERMO MERCADO BARROSO,AREQUIPA,AREQUIPA
1720309,MAPLE BEAR AREQUIPA,AREQUIPA,AREQUIPA
3048287,JESUS SACRAMENTADO,CAYMA,CAYMA
1674340,SOR ANA - B,CERRO COLORADO,AREQUIPA
1574946,KINDER BLESSED,CERRO COLORADO,AREQUIPA
307553,SAN FRANCISCO DE ASIS,CAYMA,AREQUIPA
312660,40386 TUPAC AMARU,ICHUPAMPA,ICHUPAMPA
1338722,FEDERICO VILLARREAL,ALTO SELVA ALEGRE,PJ INDEPENDENCIA
1271618,40694 CENTRO DE INNOVACION PEDAGOGICA ISPPA,YURA,CAMINEROS EMPLEADOS
219832,40177 DIVINO CORAZON DE JESUS,PAUCARPATA,AMPLIACIÓN PAUCARPATA
1698307,ALAS DEL PROGRESO SCHOOL,SACHACA,
219188,40111,LA JOYA,LA JOYA
1755867,DIVINO NIÑO ALTO LIBERTAD,CERRO COLORADO,ALTO LIBERTAD
218743,40068,LA JOYA,EL RAMAL
311779,40296 VIRGEN DEL ROSARIO,HUANUHUANU,HUANUHUANU
1273176,SAN JOSE DE COTTOLENGO,CERRO COLORADO,ASOCIACION ANDRES AVELINO CACERES
226936,40053 MANUEL A. TAPIA FUENTES,CERRO COLORADO,ZAMACOLA
1328251,ACUAREL DEL SOL,AREQUIPA,AREQUIPA
845198,41024 MANUEL GALLEGOS SANZ,CAYMA,BUENOS AIRES
219287,40121 EVERARDO ZAPATA SANTILLANA,JOSE LUIS BUSTAMANTE Y RIVERO,CASAPIA
219964,40191 SANTISIMO CORAZON DE JESUS,POLOBAYA,POLOBAYA CHICO
1757756,SAN ALFONSO MARIA LIGROIO,CERRO COLORADO,ASOCIACION URBANIZADORA JOSE LUIS BUSTAMANTE Y RIVERO
1333202,KENNETH E. HAGIN,CAYMA,DEAN VALDIVIA ENACE
844969,SAN MIGUEL ARCANGEL,MIRAFLORES,MIRAFLORES
844431,SAN JUAN APOSTOL,ALTO SELVA ALEGRE,SELVA ALEGRE
218735,40067,LA JOYA,LA CURVA
312074,40326 UAN VELASCO ALVARADO,LA JOYA,SAN CAMILO
1031376,DE CIENCIAS PITAGORAS,CERRO COLORADO,CERRO COLORADO
898312,EL NAZARENO,CERRO COLORADO,EL NAZARENO
1774116,SAN BERNARDO DE CLARAVAL,JOSE LUIS BUSTAMANTE Y RIVERO,AVENIDA DOLORES
1598564,SAN FELIPE NERI,CERRO COLORADO,CIUDAD MUNICIPAL
219980,40193 FLORENTINO PORTUGAL,SABANDIA,SABANDÍA
1202241,LEONARDO DA VINCI,CERRO COLORADO,JOSE LUIS BUSTAMANTE Y RIVERO
219923,40187,SANTA ISABEL DE SIGUAS,ANEXO LA QUEBRADA
287524,41008 MANUEL MUÑOZ NAJAR,AREQUIPA,AREQUIPA
1342294,40702 ALBERTO BENAVIDES DE LA QUINTANA,ORCOPAMPA,VISTA ALEGRE
1031608,40662,CHUQUIBAMBA,CRISTALPUQUIO
1752609,JESUS DE NAZARETH,CERRO COLORADO,AREQUIPA
844423,41052 MANUEL ALVA CABRERA,ATIQUIPA,SANTA ROSA
1032044,JOSE CADALSO,ALTO SELVA ALEGRE,ALTO SELVA ALEGRE
312652,40384,HUANCA,HUANCA
844175,40651,HUAMBO,CHININI
1118173,MENDEL CAYMA,CAYMA,MICAELA BASTIDAS
1030170,SAN JOSE DE CALASANZ,CAYMA,DEÁN VALDIVIA
312181,40337,MACHAGUAY,COTANAY
1756220,MAYOR JOSE ANTONIO ENCINA,YURA,YURA
1334440,DIVINO NIÑO CORPAIDOS,AREQUIPA,AREQUIPA
218925,40086,TIABAYA,PATASAGUA
655761,40530,AYO,SUBNA
1253749,40690,PUYCA,CCALLA
844746,41060 HERMANA CLOTILDE DEMUND CAMINADA,PUYCA,SAYROSA
220137,40209 HEROES DE YARABAMBA,YARABAMBA,YARABAMBA
307322,SAN PEDRO PASCUAL,AREQUIPA,AREQUIPA
1767136,SAN JUAN MASIAS - EL PEDREGAL,MAJES,EL PIONERO
1339878,LORD KARMEL,MIRAFLORES,EDIFICADORES MISTI
612291,40429 JOSE GABRIEL CONDORCANQUI,CAYARANI,VISCA VISCA
1575505,MUNDO MAGICO,MAJES,PEDREGAL
1341528,SAN DIEGO,MAJES,PEDREGAL
1120559,SOLARIS,YURA,CIUDAD DE DIOS
307595,NUESTRA SRA. DE LA MERCED,YANAHUARA,AREQUIPA
219089,40101 DIVINO JESUS,YURA,YURA VIEJO
897678,REY DE REYES,CERRO COLORADO,AVENIDA CHALLAPAMPA
1470616,JESUS BENAVIDES MOSCOSO,VITOR,BARRIO NUEVO
1784107,TALENT SCHOOL AQP,CERRO COLORADO,JOSE MARIA ARGUEDAS
1118132,40677 SAN MIGUEL FEBRES CORDERO,CERRO COLORADO,VILLA LAS CANTERAS
1261684,SANTISIMO NIÑO JESUS SCHOOL,SANTA RITA DE SIGUAS,SANTA RITA DE SIGUAS
1705433,JOHN KEYNES,CERRO COLORADO,
312520,40371,VIRACO,YASO
226886,40048 ANTONIO JOSE DE SUCRE,YANAHUARA,YANAHUARA
844597,SANTA TERESA DE LISIEUX,MAJES,LA COLINA
312777,40397 SAN ANTONIO DE PADUA,YANQUE,YANQUE
1277227,DE LA VIDA Y DE LA PAZ,CERRO COLORADO,PACHACUTEC VIEJO
312710,40391,MADRIGAL,MADRIGAL
312298,40348,ANDAGUA,AREQUIPA
1642149,DENYORK SCHOOL,MARIANO MELGAR,
1337369,EBENEZER,AREQUIPA,AREQUIPA
1780857,BALMER JUVENTUS,CERRO COLORADO,CERRO COLORADO
312702,40390 MAYTA CAPAC,MACA,MACA
542811,40645,PAMPACOLCA,AREQUIPA
312686,40388 CORAZON SAGRADO DE JESUS DE LLUTA,LLUTA,LLUTA
1334614,40699 ESCUELA CONCERTADA SOLARIS,CERRO COLORADO,CERRO COLORADO
1337468,LOS DELFINES,MARIANO MELGAR,
1333236,40698 SAN JUAN BAUTISTA DE MAJES,MAJES,PEDREGAL SUR
311845,40303 MARGARITA VILLA DE MARQUEZ,QUICACHA,TIRUQUE
311811,40300 MIGUEL GRAU,PAUCARPATA,PJ MIGUEL GRAU
1341379,ANGELITOS DE JESUS,NICOLAS DE PIEROLA,SAN GREGORIO
1787407,NUESTRA SEÑORA DE LA ESPERANZA,LA JOYA,SAN JOSE
218669,40060 ELIAS AGUIRRE,LA JOYA,X
1753227,VENN EULER,ORCOPAMPA,ORCOPAPA
1694991,EL BUEN PASTOR,ISLAY,AVIS BELLO HORIZONTE
899179,41063,LA JOYA,IRRIGACIÓN LA CANO
312678,40387,LARI,LARI
617407,40137 NUESTRA SEÑORA DE LA GLORIA,LA JOYA,AAHH LA GLORIA
1240118,CD CARPE DIEM,CERCADO,AREQUIPA
569749,PAULO VI,PAUCARPATA,AREQUIPA
311951,40314 NUESTRA SEÑORA DE LA ASUNCION,ANDAGUA,ANDAGUA
226647,40024 MANUEL GONZALES PRADA,ALTO SELVA ALEGRE,GRAFICOS
287656,41025 200 MILLAS PERUANAS,CERRO COLORADO,LA LIBERTAD
219014,40096,LA JOYA,SAN CAMILO ASENTAMIENTO 5
1030204,FREINETT,CERCADO,CIUDAD MUNICIPAL
1369628,TRILCE AREQUIPA,YANAHUARA,AREQUIPA
723452,40617,CHIGUATA,CACAYACO
313445,40464 DIVINO NIÑO JESUS,CHICHAS,CHANCHALLAY
1695352,JOULE MIRAFLORES,MIRAFLORES,AREQUIPA
219410,40134,MARIANO MELGAR,GENERALISIMO DON JOSÉ DE SAN MARTIN
1626530,THOMAS JEFFERSON,LA JOYA,CRUCE
844563,NUESTRA SRA. DE LA PAZ,MAJES,PEDREGAL
312736,40393,SIBAYO,SIBAYO
313361,40456 TUPAC AMARU II,ANDARAY,HUARANGUIL
312868,40406,CAYLLOMA,CUCHO CAPILLA
311498,40266 ENMANUEL,ATICO,ATICO CAPITAL
312751,40395,TISCO,COTA COTA
312033,40322 NUESTRA SEÑORA DE LA ASUNTA,MACHAGUAY,MACHAHUAY
894667,IBEROAMERICANO,MARIANO MELGAR,GENERALISIMO SAN MARTIN
1776137,DIVINO CORAZON DE MARIA,CERRO COLORADO,VILLA PARAISO
1663749,BELEN KIDS,CERRO COLORADO,AREQUIPA
899351,40664,CHOCO,SIHUINCHA
1373380,ALITAS DORADAS SCHOOL,JOSE LUIS BUSTAMANTE Y RIVERO,JOSE LUIS BUSTAMANTE Y RIVERO
1589282,NUEVA JUVENTUD,SANTA RITA DE SIGUAS,SANTA RITA
1031400,40666 ANTONIO RAYMONDI,MAJES,ASENTAMIENTO C1
1273945,ADOLFO KOLPING,ALTO SELVA ALEGRE,ALTO SELVA ALEGRE
1660497,JEAN PIAGET,ORCOPAMPA,ORCOPAMPA
312579,40376,ACHOMA,ACHOMA
312793,40399 GRAL. JUAN VELASCO ALVARADO,YANQUE,CHALHUANCA
1271576,40693,MAJES,CENTRO DE SERVICIOS
844357,40628 WADE NEWBEGIN,MAJES,ASENTAMIENTO B4
312801,40400 EUSEBIO VELASQUEZ CONDORI,CHIVAY,CENTRO POBLADO DE CANOCOTA
1335017,PADRE SANTIAGO APOSTOL,CERRO COLORADO,AREQUIPA
1749894,ASPEIN,MAJES,ASOCIACIÓN ASPEIN
307223,SAN MARTIN DE PORRES,ALTO SELVA ALEGRE,GRAFICOS
1769769,SANDRO MARIATEGUI CHIAPPE,MAJES,CIUDAD MAJES
472118,40277,JAQUI,JAQUI
699900,SANTA MARIA DE LA PAZ,PAUCARPATA,NUEVA ALBORADA
219501,40143,AREQUIPA,URB PABLO VI
541912,ESCLAVAS DEL SAGRADO CORAZÓN DE JESÚS,AREQUIPA,
220095,40205 MANUEL BENITO LINARES A.,SOCABAYA,URBANIZACION SAN MARTIN
1435577,LA INMACULADA DE LA COLINA,MAJES,SANTA MARIA DE LA COLINA
1653617,MARIANO LORENZO MELGAR VALDIVIESO,MAJES,MAJES
1783083,NUESTRA SEÑORA DE LA SOLIDARIDAD,PAUCARPATA,CIUDAD BLANCA
656074,40589,CAYLLOMA,APACHETA RAJADA
1656206,SAN FELIPE DE NERI,APLAO,APLAO
1117936,40680 HORACIO ZEBALLOS GAMEZ,SOCABAYA,HORACIO ZEBALLOS GAMEZ
287466,40652,CAYLLOMA,ANEXO PUSA PUSA
1788843,UPIS LOS MILAGROS ZONA 1,YURA,AREQUIPA
307157,JESUS OBRERO - CIRCA,PAUCARPATA,15 DE AGOSTO
1780220,EL UNIVERSITARIO,AREQUIPA,AREQUIPA
287664,41026 MARIA MURILLO DE BERNAL,CERRO COLORADO,AREQUIPA
694950,BEN CARSON,PAUCARPATA,
307520,SANTA TERESITA DE LISIEUX,MIRAFLORES,MIRAFLORES
307850,41515 REINO DE ESPAÑA,OCOÑA,CENTRO POBLADO LA PLANCHADA
1653633,BLANCA VARELA GONZALES,MAJES,EL PEDREGAL
1253228,ALFREDO RODRÍGUEZ BALLÓN,CERRO COLORADO,AREQUIPA
226761,40037 HUMBERTO LEON GARCIA,LA JOYA,LA JOYA
1371608,WILLIAM SHAKESPEARE,JACOBO HUNTER,VILLA SAN ISIDRO
1621101,LA JOYA,LA JOYA,LA JOYA
1334630,NIÑO MAGISTRAL,CAYMA,FRANCISCO BOLOGNESI
1719764,BRYCE LA JOYA,MAJES,PEDREGAL
219048,40099,YANAHUARA,FATIMA
1341536,JOSE A. QUIÑONES GONZALES,MAJES,EL PEDREGAL
844977,LATINOAMERICANO,PAUCARPATA,AREQUIPA
1607563,DIVINA INFANCIA,MAJES,EL PEDREGAL
1031483,40668,HUANUHUANU,EL POZO
695023,40604,POLOBAYA,
1339605,AMERICANO GERMANO CHRISTUS REX,ALTO SELVA ALEGRE,ALTO SELA ALEGRE
1761428,TUPAC AMARU II,MAJES,EL PEDREGAL
1419399,ADONAI INTERNACIONAL,PAUCARPATA,
698761,40655 NUESTRA SEÑORA DEL CARMEN,MAJES,ASENTAMIENTO E1
1749506,EL PARAISO,LA JOYA,LA VICTORIA II
844571,41043,OCOÑA,PANARCANA
844472,41501 FRIED KRIEGER,MAJES,ASENTAMIENTO D3
311696,40287 MALCO,ACARI,MALCO
898544,40660 DOMINIC WILLIAMS,SACHACA,
311340,40249,NICOLAS DE PIEROLA,SONAY
844266,40629 DIVINO NIÑO JESUS,MAJES,C2
1795210,LAS FLORES,CERRO COLORADO,LAS FLORES
218818,40075 HORACIO MORALES DELGADO,SACHACA,PAMPA DE CAMARONES
1662360,CIENCIAS APLICADAS SIR ISAAC NEWTON,MOLLENDO,MOLLENDO
1240001,AGUEDA VIGNES,PAUCARPATA,COOPERATIVA CRISTO REY
220210,40217 VIRGEN DE LA ASUNTA,SAN JUAN DE TARUCANI,SALINAS HUITO
219147,40107 JUAN DE MATA RIVAS OVIEDO,LA JOYA,SAN JOSE
1351196,MADRE AUXILIADORA,CERRO COLORADO,VILLA LAS CANTERAS
314302,40554,QUECHUALLA,QUECHUALLA
894543,ANA FRANK,MARIANO MELGAR,AREQUIPA
1752880,CRISTO OBRERO,MIRAFLORES,EDIFICADORES MISTI
1576792,DIVINA INFANCIA CIUDAD DE MAJES,MAJES,
218685,40062 SEÑORA DE FATIMA,LA JOYA,PUEBLO TRADICIONAL LA JOYA
1371533,PRINCETON SCHOOL,MARIANO MELGAR,
218701,40064 CAP. FAP RAUL VERA C.,LA JOYA,LA JOYA
312348,40353 SANTIAGO ANTUNEZ DE MAYOLO,LA JOYA,SAN CAMILO
226480,40007 GILBERTO OCHOA GALDOS,AREQUIPA,LAMBRAMANI
287417,40647 VIRGEN DE LA CANDELARIA,TORO,HUACHUY
695148,40285,VITOR,PUEBLO VIEJO
656132,40278,QUICACHA,SIFUENTES
844514,40433,YANAQUIHUA,ARIRAHUA
844985,CORONEL FAP CESAR FAURA GOUBET,LA JOYA,VILLA FAP
1654128,PALMER,PAUCARPATA,JORGE CHAVEZ
220301,40226 SANTA ROSA DE LIMA,CAMANA,CAMANA
794222,LITTLE ANGELS SCHOOL,CERRO COLORADO,BENIGNO BALLON FARFAN
226977,40057 SANTISIMA VIRGEN DEL ROSARIO,CERRO COLORADO,CERRO VIEJO
1342351,40706,ANDAGUA,ORAHUASTO
3014412,JOULE SOCABAYA,CHARACATO,HORACIO ZEBALLOS GAMEZ
220202,40216 VIRGEN DEL ROSARIO DE HUAYLLACUCHO,SAN JUAN DE TARUCANI,HUAYLLACUCHO
219634,40156 NUESTRA SEÑORA DEL CARMEN,MIRAFLORES,
897884,41055,MAJES,CENTRO DE SERVICIOS DE LA D 2
1633247,EL EMPERADOR,CERRO COLORADO,CARLOS BACA FLOR
219550,40148 GERARDO IQUIRA PIZARRO,MIRAFLORES,ALTO MISTI
1634203,SAN CRISTÓBAL,YANAQUIHUA,CONDESUYOS
287482,41003 ALMIRANTE MIGUEL GRAU,AREQUIPA,LAS ORQUIDEAS
1626522,NIÑITOS DE JESUS,SACHACA,PUEBLO TRADICIONAL TIO CHICO
311613,40279 NUESTRA SEÑORA DEL PERPETUO SOCORRO,QUICACHA,QUICACHA
1304468,DIVINA INFANCIA DE JESÚS,SACHACA,HUARANGUILLO
1118884,CEDEU PITAGORAS SCHOOL,SACHACA,PUEBLO TRADICIONAL TIO CHICO
1698158,CESAR VALLEJO,CHAPARRA,PUERTO VIEJO
287763,IE. 41038 JOSE OLAYA BALANDRA,JOSE LUIS BUSTAMANTE Y RIVERO,13 DE ENERO
695155,40594 JUAN VELASCO A.,CAYLLOMA,MAJES
1532878,MI AMIGO NIÑO JESUS,SOCABAYA,UGEL AREQUIPA SUR
3017183,40219 JOSE ABELARDO QUIÑONES,SAN JUAN DE TARUCANI,PATI
313395,40459 SAN ROQUE,CAYARANI,CP UMACHULCO
894550,JUAN JACOBO ROUSSEAU,PAUCARPATA,UGEL AREQUIPA SUR
1598499,DANIEL CHRISTIAN SCHOOL,CERRO COLORADO,LA LIBERTAD
1262443,CIENCIAS APLICADAS,MAJES,EL PEDREGAL
542712,40308,ACARI,VIJOTO
1333863,EL GRAN PODER DE JESUS,CERRO COLORADO,ASOC CENTRO INDUSTRIAL LAS CANTERAS
895201,ALMIRANTE GRAU,PAUCARPATA,MIGUEL GRAU
1665330,MILAGROS DE JESUS,CERRO COLORADO,AREQUIPA
311548,40271,CAHUACHO,CAHUACHO
844837,VANCOUVER,YANAHUARA,UMACOLLO
1340280,TOMAS MARSANO,ALTO SELVA ALEGRE,ALTO SELVA ALEGRE
313056,40425 SAN MARTIN DE PORRES,CHUQUIBAMBA,BELEN
1649649,NOVA STEINER,MARIANO MELGAR,
656116,40282,MARIANO NICOLAS VALCARCEL,SURITA
1341494,CIMAS,MAJES,EL PEDREGAL
1239201,40685,LA JOYA,PROGRESO KM 48
1520576,INTERNACIONAL ALBERT L. LEHNINGER,AREQUIPA,AREQUIPA
219931,40188,POCSI,POCSI
656066,40588,CAYLLOMA,ANEXO SOTOCAYA
678953,40599,SAN ANTONIO DE CHUCA,PILLONE
218826,40077,TIABAYA,EL CURAL
898460,SEÑOR DE LAS PIEDADES,CERRO COLORADO,AREQUIPA
1640929,FUTURA SCHOOLS CERRO COLORADO,CERRO COLORADO,AREQUIPA
3039914,VIRGEN DEL ROSARIO ALTO MOLINO,RIO GRANDE,ALTO MOLINO
612853,40173 DIVINO NIÑO JESUS,CERRO COLORADO,HERNAN BEDOYA FORGA
1339779,ANGELITOS DE LA ESPERANZA,ALTO SELVA ALEGRE,LEONES DEL MISTI
1772961,CLEMENTS MARKHAM,YURA,CIUDAD DE DIOS
307512,SANTA ROSA DE LIMA,PAUCARPATA,CALIFORNIA B
1695048,SAN PABLO MISIONERO,CAYMA,EMBAJADA DE JAPON
472100,40290,ATIQUIPA,AGUA SALADA
1238286,40683 ROLF LAUMER,MARISCAL CACERES,ROLF LAUMER
1368455,HOWARD GARDNER,ATICO,LA FLORIDA
1700095,MADRE SANTA CECILIA,PAUCARPATA,PAUCARPATA
226837,40043 NUESTRA SEÑORA DE LA MEDALLA MILAGROSA,JACOBO HUNTER,HUNTER
894584,ESPECIAL DE RAPIDO APRENDIZAJE,JOSE LUIS BUSTAMANTE Y RIVERO,AREQUIPA
612770,40572 JOSÉ QUIÑONES,COPORAQUE,PPJJ SOL DE SACSAYHUAMAN
1120310,MI PEQUEÑO REYNO SAN LORENZO,MARIANO MELGAR,SAN LORENZO
311217,40236 CESAR VALLEJO,MARISCAL CACERES,066802
656058,40587,TISCO,MARCALLA
569772,40212,CHIGUATA,ARENALES
1371509,MARIA DE SALES BRIGNOLE,ALTO SELVA ALEGRE,VILLA CHACHAS
745919,40637 FERNANDO BELAUNDE TERRY,CHIGUATA,ANEXO ESPIRITU SANTO
1030246,GRAN PADRE SAN AGUSTIN,SACHACA,
1642289,KAROL JOSEF WOJTYLA,SOCABAYA,HORACIO ZEBALLOS GAMEZ SUB SECTOR D
312876,40407,CALLALLI,PACHACHACA
219667,40159 EJERCITO AREQUIPA,MIRAFLORES,AREQUIPA
1748714,ABRAHAM LINCOLN SCHOOL,LA JOYA,EL TRIUNFO
570101,401240 MARIA AUXILIADORA,PAUCARPATA,CIUDAD BLANCA COMITÉ 24
1030469,CORAZON DE ORO,SOCABAYA,URBANIZACION LARA
313429,40462,CHICHAS,ACCHAPUNA
894378,SANTA MARIA DE LA MERCED,MIRAFLORES,UNION EDIFICADORES MISTI
1368208,SANTISIMO SALVADOR,SOCABAYA,LARA
3044633,NIÑO JESUS DE VILLA TAMBO,YURA,VILLA TAMBO
1515303,SANTIAGO RAMON Y CAJAL,UCHUMAYO,CONGATA
529008,40283DIVINO MAESTRO,MARIANO MELGAR,
656041,40586,TISCO,CHALLUTA
1655109,VILLA INFANTIL CASA CHAPI,CHIVAY,TRAPICHE
1695394,JOULE SAN PABLO,MARIANO MELGAR,AREQUIPA
1371368,ARCANGEL SAN MIGUEL,JOSE LUIS BUSTAMANTE Y RIVERO,SIMÓN BOLÍVAR
1628213,NUEVOS HORIZONTES,CERRO COLORADO,SEMI RURAL PACHACUTEC
1271006,ERNEST RUTHERFORD,SOCABAYA,HORACIO ZEBALLOS GAMEZ
311126,40227 EDUARDO PORTUGAL,CAMANA,CAMANÁ
3049376,SAN JOSE SANCHEZ DEL RIO,TIABAYA,SAN JOSÉ
1607217,BRYCE PEDREGAL,MAJES,PEDREGAL
1271535,40692,MAJES,ASENTAMIENTO E 4
219154,40108,SANTA ISABEL DE SIGUAS,SONDOR
845032,PAMER AREQUIPA,AREQUIPA,AREQUIPA
1624709,GIBBOR,AREQUIPA,AREQUIPA
898965,ST MICHAEL'S SCHOOL,CERRO COLORADO,LA LIBERTAD
1202365,TERESA GONZALES DE FANNING,SOCABAYA,SOCABAYA
1731132,MARIA GUADALUPE,SOCABAYA,UGEL AREQUIPA SUR
312645,40383 JUAN PABLO II,HUAMBO,HUAMBO
1368414,STANFORD MOORE,SOCABAYA,SOCABAYA
1784487,AMADEUS MOZART SCHOOL,MARIANO MELGAR,MARIANO MELGAR
311571,40274 SEÑOR DE LOS MILAGROS,CHAPARRA,ACHANIZO
1338185,TERESA DE CALCUTA,PAUCARPATA,CAMPO DE MARTE
1339829,EL ESPIRITU SANTO,ALTO SELVA ALEGRE,AREQUIPA
1757228,HEIMER SCHOOL,ALTO SELVA ALEGRE,VILLA ECOLOGICA
311183,40233 JOSE MARIA QUIMPER Y CABALLERO,JOSE MARIA QUIMPER,HUACAPUY
1346857,JOSE MARIA ARGUEDAS,MARIANO NICOLAS VALCARCEL,POSCO MISKI
311175,40232 VIRGEN DEL ROSARIO,JOSE MARIA QUIMPER,EL PUENTE
1335389,MAYTA CAPAC,CAYMA,CAYMA
1749902,LOS DINAMICOS,MAJES,PEDREGAL SUR
1664242,LOS HERALDOS DE JESUS,JOSE LUIS BUSTAMANTE Y RIVERO,URB LOS HERALDOS
311308,40245 JOSE PASTOR CAMPOS,SAMUEL PASTOR,LA PAMPA
845586,HIJOS DE MARIA AUXILIADORA,CERRO COLORADO,SEMI RURAL PACHACUTEC
895623,PEDRO ALVAREZ CABRAL,JOSE LUIS BUSTAMANTE Y RIVERO,AREQUIPA
895797,MARIAM ROSSE,JOSE LUIS BUSTAMANTE Y RIVERO,UGEL AREQUIPA SUR
1337831,ELOHIM,MARIANO MELGAR,HEROES DEL CENEPA
844506,41502,MAJES,ASENTAMIENTO D5
311761,40295,HUANUHUANU,HUANCARIRE
1693266,EL MIRADOR AQP,ALTO SELVA ALEGRE,INDEPENDENCIA
1349372,VIRGEN DE LA RECONCILIACION,CAMANA,CAMANA
311712,40289,ATIQUIPA,ATIQUIPA
845016,ALEXANDER FLEMING,MAJES,EL PEDREGAL
844381,VIRGEN DE CHAPI,MAJES,CIUDAD MAJES
219691,40162 TRIBUNO FRANCISCO MOSTAJO,PAUCARPATA,URBANIZACION FRANCISCO MOSTAJO
226282,EL AVE MARIA,CAYMA,CERCADO
219303,40123 SAN JUAN BAUTISTA,CHARACATO,CHARACATO
1645530,SANTISIMO NIÑO DE MARIA,MIRAFLORES,22 DE AGOSTO 405
1118843,JORGE LUIS BORGES,PAUCARPATA,PAUCARPATA
695130,40284 PEDRO PAULET MOSTAJO,MAJES,SAN JUAN EL ALTO
752998,NUESTRA SEÑORA DE LA PAZ,JOSE LUIS BUSTAMANTE Y RIVERO,AREQUIPA
897702,FAUSTINO DOMINGO SARMIENTO,SACHACA,AREQUIPA
313684,40489,CAHUACHO,PAUCARAY
3029782,DEEVY COLLEGE'S,MARIANO MELGAR,ALTO SAN MARTIN
1722149,NEWTON PERUARBO,CAYMA,AREQUIPA
220178,40213,POCSI,TUCTUMPAYA
1335223,DE CIENCIAS DIVINO NIÑO JESUS,TIABAYA,TIABAYA
1117530,CIENCIAS LEONARD EULER,SOCABAYA,SAN MARTIN DE SOCABAYA
1640515,CRISTO REY DE REYES,MARIANO NICOLAS VALCARCEL,SECOCHA
1371103,CARLOS BACA FLOR,CERRO COLORADO,LA LIBERTAD
899021,40661 ISABEL KRIEGER BEATO,MAJES,
1422518,BELAUNDE TERRY,MAJES,CIUDAD MAJES
311787,40297 JUAN BAUTISTA DE TOCOTA,HUANUHUANU,TOCOTA
311860,40305 NIÑO BELEN DE TONCO,QUICACHA,ANEXO DE TONCO
477646,41041 CRISTO REY,CAMANA,CERCADO
219998,40194,MARIANO NICOLAS VALCARCEL,066741
1117977,40676  LA MANSIÓN DE SOCABAYA,SOCABAYA,AAHH MANSION 1 M1
312306,40349 GRAN NOBEL MARIO VARGAS LLOSA,CHACHAS,CENTRO POBLADO DE TOLCONI
1749456,SANTA MARIA GORETTI I,YURA,URBANIZADORA CIUDAD DE DIOS
899054,40656 SAN FRANCISCO DE ASIS,MAJES,CENTRO POBLADO E2
656124,40281,SAMUEL PASTOR,ALTO HUARANGAL
1631126,FERNANDO VARGAS RUIZ DE SOMOCURCIO,JACOBO HUNTER,
311456,40262 JOSE SEBASTIAN BARRANCA Y LOVERA,ACARI,ACARI
844530,JUSTO JUEZ,MAJES,PEDREGAL
1270883,JESUS MAESTRO,CERRO COLORADO,BENIGNO BALLON FARFAN
1790997,COLOREANDO,CHARACATO,CHARACATO
311837,40302,QUICACHA,TAMBO
1607480,SANTA MARIA DEL ROSARIO,MAJES,PEDREGAL
1457878,CRISTIANO JESUS EL MAESTRO,NICOLAS DE PIEROLA,SAN JACINTO
636977,40577 CHOCÑIHUAQUI,CAYARANI,COMUNIDAD DE CHOCÑIHUAQUI
311290,40244 VIRGEN DE LA CANDELARIA DE QUILCA,QUILCA,QUILCA
894279,WOLFGANG GOETHE,JOSE LUIS BUSTAMANTE Y RIVERO,URBANIZACION VILLA ELECTRICA
1782853,VENADO,MARIANO NICOLAS VALCARCEL,VENADO
894311,JOSE ANTONIO ENCINAS,SOCABAYA,SAN MARTIN
1777077,PEDRO PAULET MOSTAJO,ALTO SELVA ALEGRE,ASOCIACION DE VIVIENDA SAN LUIS GONZAGA
3043858,TRASCENDER SCHOOLS,CERRO COLORADO,PERUARBO
1769215,DE CIENCIAS Y HUMANIDADES LOR KELVIN BUSTAMANTE,PAUCARPATA,JORGE CHAVEZ
1645001,ASOCIACION DE VIVIENDA LOS ROSALES,LA JOYA,LOS ROSALES
1769181,JOSE LUIS BUSTAMANTE SCHOOL,PAUCARPATA,CAMPO MARTE
1337021,ABBA PADRE,MIRAFLORES,AREQUIPA
656140,40592,CAYARANI,SULPUMAYO
311225,40237,NICOLAS DE PIEROLA,SAN JACINTO
219238,40116,VITOR,LA CALETA
1694603,ADVENTISTA DE MAJES,MAJES,EL PEDREGAL
844589,CATHERINE SCHOOL,CAYMA,RAFAEL BELAUNDE
311134,40228,CAMANA,LA DEHEZA
1697333,JESUS MAESTRO I,CERRO COLORADO,VILLA SANTA MARIA
1422492,ASENTAMIENTO E - 7,MAJES,PEDREGAL ASENTAMIENTO E7
1796275,MANSION DEL GRAN SABER,SOCABAYA,LA MANSION II
895771,SAN SEBASTIAN,PAUCARPATA,VILLA PORONGOCHE
1337062,DIVINA PROVIDENCIA,SOCABAYA,HORACIO ZEBALLOS GAMEZ
1030550,JACOBO DICKSON HUNTER,JACOBO HUNTER,AREQUIPA
219642,40157 JORGE LUIS BORGES,MIRAFLORES,ALTO MISTI
1564145,SAN PEDRO DE ALCANTARA,JACOBO HUNTER,SAN JUAN DE DIOS
219295,40122 MANUEL SCORZA TORRES,JOSE LUIS BUSTAMANTE Y RIVERO,CERRO JULI
226506,40010 JULIO C TELLO,PAUCARPATA,CIUDAD BLANCA
219071,40100,YURA,
612655,40568,CAYARANI,ARCATA
1277623,SAN ANDRES,JACOBO HUNTER,JACOBO HUNTER
311241,40239 NICOLAS DE PIEROLA,NICOLAS DE PIEROLA,SAN GREGORIO
845040,VIRGEN DEL PILAR,SANTA RITA DE SIGUAS,SANTA RITA
1790104,INTERNATIONAL SCHOOL SAN DIEGO,PAUCARPATA,PAUCARPATA
636464,IE 40273 CORONEL ALFONSO UGARTE,ATICO,CHORRILLOS
894485,PERUANO FRANCES JEAN HARZIC,JACOBO HUNTER,HUNTER
1337211,40701,SOCABAYA,
1337898,LA VALLEJO,AREQUIPA,AREQUIPA
1031285,LOS RANGERS,AREQUIPA,AREQUIPA
219899,40184,PAUCARPATA,15 DE AGOSTO
1544337,PUERI DEI SCHOOL,PAUCARPATA,GUARDIA CIVIL
891572,41044,SAMUEL PASTOR,LA PUNTA
845362,SAN IGNACIO,MARIANO MELGAR,PUEBLO JOVEN ATALAYA
311738,40292 MARIA AUXILIADORA,CAHUACHO,SONDOR
1270693,ANGLO FRANCES KINDERLAND,PAUCARPATA,GUARDIA CIVIL
1764315,APIPA SECTOR III,CERRO COLORADO,ASOCIACIÓN PARQUE INDUSTRIAL PORVENIR AREQUIPA
845339,NIÑA MARIA - SAINT JHON'S,MARIANO MELGAR,AREQUIPA
1546415,INTERNACIONAL SAN JUAN BAUTISTA,MAJES,EL PEDREGAL
1120443,SAGRADOS CORAZONES DE JESUS Y MARIA,ALTO SELVA ALEGRE,APURIMAC
1651470,CONO NORTE LINUS PAULING,CERRO COLORADO,JOSE LUIS BUSTAMANTE Y RIVERO
1274273,SHAMMAH,MARIANO MELGAR,MARIANO MELGAR
1279058,CONSUELITO,AREQUIPA,AREQUIPA
1755172,REAL SCHOOL C.A.M,YURA,CIUDAD DE DIOS
1622828,JOULE CAYMA,CAYMA,PUEBLO TRADICIONAL
1338003,40704 VILLA SANTA ROSA DE CHIGUATA,PAUCARPATA,VILLA SANTA ROSA
1262161,NANTERRE,CERRO COLORADO,CERRO COLORADO
797191,40250 ENRIQUE ZAPATA MARTINEAU,CHAPARRA,ARASQUI
1576438,CULTURA ORIENTAL,AREQUIPA,AREQUIPA
678839,40516 JUAN PABLO VIZCARDO Y GUZMAN,SAMUEL PASTOR,JUAN PABLO VIZCARDO Y GUZMÁN
311332,40248,OCOÑA,SANTA RITA CENICEROS
1255025,METROPOLITANO,AREQUIPA,SANTA ISABEL
518076,40269 ISMAEL CONTRERAS YAÑEZ,BELLA UNION,BELLA UNIÓN
1337781,GRAN MAESTRO JUAN ENRIQUE PESTALOZZI,JACOBO HUNTER,UGEL AREQUIPA SUR
1763382,HAPPY CHILDREN,ATICO,LA FLORIDA
1669936,YAHVEH NISSI,MIRAFLORES,MIRAFLORES
891754,BELEN,OCOÑA,OCOÑA
1338797,GALO PERUANA,SOCABAYA,LARA
678813,I.E. 40259,OCOÑA,OCOÑA
1333483,NUESTRO SEÑOR DE LOS MILAGROS,LA JOYA,SAN CAMILO
313908,40514 SAN PEDRO,ALCA,HUILLAC
1777051,RONALD FISHER,CERRO COLORADO,PERUARBO
1316587,LUIS FELIPE DE ORLEANS,AREQUIPA,IV CENTENARIO
1698570,SINAI,YURA,CIUDAD DE DIOS
844373,WILLIAM MORRIS,ALTO SELVA ALEGRE,AREQUIPA
314286,40552 TUPAC AMARU,PUYCA,PETTCCE
311878,40306,BELLA UNION,CHAVIÑA
1658525,SAN FRANCISCO DE SALES,CERRO COLORADO,ASOCIACION PRIMAVERA
1639178,HOWARD GARDNER SCHOOL,YURA,CIUDAD DE DIOS
311555,40272 JOSE OLAYA BALANDRA,CHALA,CHALA
1333848,THOMAS M.C.,YURA,CIUDAD DE DIOS
311506,40267 SAGRADO CORAZON DE JESUS,ATICO,LA FLORIDA
1031475,40667 CRISTO MORADO,MARIANO NICOLAS VALCARCEL,LA EUGENIA
220004,40195,SABANDIA,YUMINA
1692052,PIEDADES DE CIUDAD DE DIOS,YURA,CIUDAD DE DIOS
311852,40304 ESTAUROFILA NEGRETE,QUICACHA,EL MOLINO
1281211,ANDRES DE SANTA CRUZ,CERRO COLORADO,ZAMACOLA
542019,40089,HUNTER,BELLAVISTA
1337401,ALEXANDER GRAHAM BELL,MARIANO MELGAR,MARIANO MELGAR
1631670,INTERNACIONAL SCHOOL,LA JOYA,SAN LUIS LA CANO
1466218,ALMA MATER,CAYMA,
1344381,JOHN ANDREWS,CERRO COLORADO,
314294,40553 SAN ANTONIO DE PADUA,PUYCA,SUNI
1334804,NUESTRA SEÑORA DEL DIVINO AMOR,CERRO COLORADO,AREQUIPA
1639749,VIRGEN DE COPACABANA,MARIANO NICOLAS VALCARCEL,SECOCHA
3042678,VIRGEN DE LAS MARAVILLAS,CERRO COLORADO,AS0C VIRGEN DE COPACABANA
695015,40263,MOLLEBAYA,MACHAHUAY
1419456,SANTO CATOLICO DON BOSCO,HUNTER,AREQUIPA
891697,GRUPO MEGA,CAMANA,CAMANA
1802016,PALMER DE MARIANO MELGAR,MARIANO MELGAR,MARIANO MELGAR
844654,40201 TECNICO AGROPECUARIO LA COLINA,MAJES,SANTA MARIA DE LA COLINA
219220,40115 AURORA CASAS CASTRO,VITOR,PIE DE LA CUESTA
1335124,FARADAY,AREQUIPA,AREQUIPA
678789,BRUNING HANS HEIMBRICH,CERRO COLORADO,
287490,41005 HEROES DE ANGAMOS,AREQUIPA,URBANIZACION OBANDO
1371111,DIVINA MISERICORDIA,CERRO COLORADO,ALTO LIBERTAD
1608413,PACIFICO SCHOOL,CAYMA,ACEQUIA ALTA
219857,40180,PAUCARPATA,JESUS MARIA
796862,40097 REPUBLICA DE CANADA,MAJES,BELLO HORIZONTE
313916,40515 SAN SEBASTIAN,CHARCANA,CHARCANA
312561,40375 MARIA AUXILIADORA,CHIVAY,CHIVAY
219402,40133 CIRIACO VERA PEREA,MIRAFLORES,EDIFICADORES MISTI
1119874,CRISTIAN BARNARD,CAYMA,FRANCISCO BOLOGNESI
1338110,THOMAS A. EDISON SCHOOL,PAUCARPATA,PAUCARPATA
1339381,EDWARD NORTON,SOCABAYA,AREQUIPA
898528,VIRGEN DEL ROSARIO,CERRO COLORADO,AREQUIPA
307629,COLEGIO PARTICULAR MIXTO SANTA CLARA,JOSE LUIS BUSTAMANTE Y RIVERO,AREQUIPA
311191,40234 JUAN PABLO II,MARIANO NICOLAS VALCARCEL,URASQUI
472191,40076,MARIANO MELGAR,MARIANO BUSTAMANTE
472282,40256 CARLOS MANCHEGO RENDON,SOCABAYA,4 DE OCTUBRE
1654581,MONTE CARMELO,SAMUEL PASTOR,SAMUEL PASTOR
1032333,STANFORD,AREQUIPA,AREQUIPA
286674,40563,TORO,CHAUCALLA
307124,JESUS NAZARENO,PAUCARPATA,PUEBLO TRADICIONAL
589085,40106 JUAN SANTOS ATAHUALPA,CERRO COLORADO,JOSE SANTOS ATAHUALPA
1703693,JOULE CIUDAD MUNICIPAL,CERRO COLORADO,AREQUIPA
314179,40541 SANTA ROSA DE LIMA,CHARCANA,ANDAMARCA
313999,40523 JUAN LUIS SOTO MOTTA,PAMPAMARCA,MUNGUI
1202795,VINCENT VAN GOGH,CERRO COLORADO,LA LIBERTAD
1781244,SAN PABLO GM,MARIANO MELGAR,GENERALISIMO SAN MARTIN
897744,SAMUEL ORTON,AREQUIPA,GENERALISIMO SAN MARTIN
1761170,SAN MATEO ANGLICAN SCHOOL SEDE ALTO LIBERTAD,CERRO COLORADO,
1548981,JOHN FORBES,CERRO COLORADO,
619387,JESUS,LA JOYA,LA JOYA
1767755,SAGRADA FAMILIA DE APIPA,CERRO COLORADO,
1354851,AMERICAN SCHOOL,PAUCARPATA,PAUCARPATA
220251,I.E.40221 CORAZON DE JESUS,SOCABAYA,PUEBLO VIEJO
219782,40171 SANTISIMA VIRGEN DE FATIMA,JOSE LUIS BUSTAMANTE Y RIVERO,COOPERATIVA 58
1311661,CORONEL LEONCIO PRADO,MAJES,EL PEDREGAL
1721547,INTEGRAL SAN MIGUEL ARCANGEL,CERRO COLORADO,SANTA ROSA
844761,40639,SOCABAYA,LA CAMPIÑA
678805,40203 TUPAC AMARU,SAMUEL PASTOR,AA HH TUPAC AMARU
1642115,DEL SOLAR,PAUCARPATA,PAUCARPATA
307215,SAN JOSE OBRERO,ALTO SELVA ALEGRE,URB VILLA HERMOSA
1770858,POMU,CERRO COLORADO,JOSE LUIS BUSTAMANTE Y RIVERO
1569482,DIVINO JESUS DE SOCABAYA,SOCABAYA,AREQUIPA
1654565,GRAN SABIO ALBERT EINSTEIN,MARIANO NICOLAS VALCARCEL,SECOCHA
1786052,LARA - PAZ PERU,SOCABAYA,AREQUIPA
314146,40538,COTAHUASI,REYPARTE
1371376,TALENTUS SCHOOL,JOSE LUIS BUSTAMANTE Y RIVERO,AREQUIPA
1346659,SAN FERNANDO,CAYMA,LA TOMILLA
1766765,JESUS DE NAZARETH,ALTO SELVA ALEGRE,LEONES DEL MISTI
1119080,SANTA MARIA DE FATIMA,SOCABAYA,SOCABAYA
1336833,SAN IGNACIO DE LOYOLA AREQUIPA,PAUCARPATA,UGEL AREQUIPA SUR
656090,DOMINGO SAVIO,MARIANO NICOLAS VALCARCEL,SECOCHA
1262807,SANTA IMELDA,CERRO COLORADO,LA BUGANVILLAS
1281534,LEONCIO PRADO,YURA,CIUDAD DE DIOS
1338425,GRAN PADRE AMADO,PAUCARPATA,PPJJ NICARAGUA
1770692,MAGIS SCHOOL,PAUCARPATA,UGEL AREQUIPA SUR
1237304,ANDENES DE CHILINA,ALTO SELVA ALEGRE,INDEPENDENCIA
1337187,SAN MIGUEL ARCANGEL,YURA,CONO NORTE
220194,40215,POLOBAYA,POLOBAYA
1364991,BRITANICO EUROPEO DUNALASTAIR,SACHACA,YANAHUARA
1694108,J.N. ANDREWS - VILLA ESPERANZA,LA JOYA,SAN JOSE
635920,40186,POLOBAYA,TOTORANI
1697796,MARICHRIS,MIRAFLORES,AREQUIPA
1572338,MILAGROSA VIRGEN DEL CARMEN,CERRO COLORADO,VILLA PARAISO
307603,SAGRADO CORAZON,CERRO COLORADO,AREQUIPA
1339001,ABRAHAM LINCOLN,CERRO COLORADO,CERRO COLORADO
1693886,SAN FRANCISCO DE SALES - AREQUIPA NORTE,CERRO COLORADO,CERRO COLORADO
1562867,GRECOS,CERRO COLORADO,GUILLERMO MERCADO
1337344,MARIA DEL REDENTOR,PAUCARPATA,MANCO CAPAC
219428,40135 TENIENTE FERRE,MARIANO MELGAR,URBANIZACION SANTA ROSA
3041225,SEMBRANDO TALENTOS,YURA,AREQUIPA
845123,SAN IGNACIO DE LOYOLA,CERRO COLORADO,AREQUIPA
1791110,BABY HOUSE,CAYMA,CAYMA
1798362,SAN IGNACIO DE LOYOLA,CERRO COLORADO,AREQUIPA
1631092,MAGISTERIAL,ALTO SELVA ALEGRE,AREQUIPA
1340272,PROMEDIO 21,PAUCARPATA,MIGUEL GRAU
1331693,SAN MARCOS - AREQUIPA,CERRO COLORADO,PERUARBO
1367176,HEFZIBA,YANAHUARA,AREQUIPA
1239482,INTERAMERICANO,JOSE LUIS BUSTAMANTE Y RIVERO,JOSE LUIS BUSTAMANTE Y RIVERO
569806,40172,SOCABAYA,VILLA EL GOLF
1392950,SAN MAXIMILIANO,CERRO COLORADO,MONSERRAT
1369719,CEDEU LEONCIO PRADO,AREQUIPA,AREQUIPA
891721,SANTA MARIA NEW SCHOOL,CAMANA,CAMANA
310268,41042  PEDRO  JOSE TORDOYA  MONTOYA,CARAVELI,CARAVELI
1666650,SAN FRANCISCO JAVIER - CIRCA,MARIANO MELGAR,BERLIN
1720028,HOLY SCHOOLS,CERRO COLORADO,AREQUIPA
219345,40127 SEÑOR DEL ESPIRITU SANTO,CHIGUATA,CHIGUATA
1751049,BALMER CAYMA,CAYMA,AREQUIPA
1569524,MACITEC,JACOBO HUNTER,JACOBO HUNTER
1784461,SUDAMERICANO,CERRO COLORADO,URB TUPAC AMARU
3051091,EL PACIFICADOR LINUS PAULING,CERRO COLORADO,ALDO MORO
1770569,EL CIMARRONCITO DE CHAPI,PAUCARPATA,URB JOSE CARLOS MARIATEGUI
517573,40117,VITOR,SOTILLO
1642305,LEON NEIL COOPER,CERRO COLORADO,SOR ANA DE LOS ANGELES
1335413,SAGRADA FAMILIA SKARHOLMEN,CERRO COLORADO,CERRO COLORADO
1363456,SAN ESTEBAN,CERRO COLORADO,AREQUIPA
313668,40486,JAQUI,MOCHICA
312850,40405,CALLALLI,PAMPA BLANCA
1558840,DIVINO MAESTRO,CHAPARRA,CHAPARRA
845354,LA CANTUTA DE AREQUIPA,MIRAFLORES,AREQUIPA
286658,40561,TORO,ANCARO
895805,SAN VICENTE DE PAUL,JOSE LUIS BUSTAMANTE Y RIVERO,DOLORES
770065,41057,HUAYNACOTAS,AGUAS CALIENTES
1774009,SANTISIMA VIRGEN DE CHAPI,SOCABAYA,SOCABAYA
219873,40182,PAUCARPATA,PROGRESISTA
1238328,MENDEL CAMANA,CAMANA,CAMANA
3018751,SANTISIMA INFANTA MARIA,OCOÑA,OCOÑA
897983,BALMER JESUCRISTO REY,YANAHUARA,AREQUIPA
1031673,GABRIELA MISTRAL,AREQUIPA,AREQUIPA
218990,40093,LA JOYA,LA CANO
1344472,ITALO PERUANO ALESSANDRO VOLTA,CHARACATO,ASOVICH
1436427,SEÑOR DE LA CAÑA,CERRO COLORADO,AREQUIPA
287599,I.E. REPUBLICA ARGENTINA,MIRAFLORES,MIRAFLORES
1790732,WAYNE DYER,MAJES,PEDREGAL SUR
226498,40009 SAN MARTIN DE PORRES,PAUCARPATA,PAUCARPATA
1333541,EUROAMERICANO DIVINO NIÑO JESUS,CERRO COLORADO,MARISCAL CASTILLA
1262609,SEÑOR DE LUREN,CAYMA,AREQUIPA
287730,41035 NICANOR RIVERA CACERES,ALTO SELVA ALEGRE,URBANIZACIÓN GRÁFICOS
1719749,SAN ANTONIO DE PADUA SCHOOL,CERRO COLORADO,AREQUIPA
1372366,BENJAMIN FRANKLIN,SACHACA,PAMPAS DE CAMARONES
220129,40208 PADRE FRANCOIS DELATTE,SOCABAYA,BELLAPAMPA
845065,PADRE PEREZ DE GUEREÑU,PAUCARPATA,CIUDAD BLANCA
311597,40276  MARIANO MELGAR VALDIVIESO,CHAPARRA,CHAPARRA
1764364,SANTA PAULA SCHOOL,HUNTER,CCACALLINCA
1339985,SEÑOR JUSTO JUEZ,ALTO SELVA ALEGRE,URB APURIMAC
1723196,PROCERES DE MIRAFLORES,MIRAFLORES,LA GALAXIA
895342,40657,ALTO SELVA ALEGRE,VILLA INDEPENDIENTE
1118017,40675 GRAL. VELAZCO ALVARADO,CHIGUATA,LOS PORTALES
1697853,MINNE MARTE,SOCABAYA,HORACIO ZEBALLOS GAMEZ
1338235,PADRE MARTIN,JACOBO HUNTER,JACOBO HUNTER
619056,PABLO FREIRE,CHARACATO,CHARACATO
1339803,VILLARREAL,SOCABAYA,SOCABAYA
1443787,CEDEU ALFRED BINET,AREQUIPA,AREQUIPA
1254663,CESAR VALLEJO,ALTO SELVA ALEGRE,AUGUSTO SALAZAR BONDY
1636083,MARIA DE JESUS,PAUCARPATA,AREQUIPA
845404,BELEN DEL NIÑO JESUS,MARIANO MELGAR,MARIANO MELGAR
1119916,BALMER,CERRO COLORADO,AREQUIPA
314005,40524,PAMPAMARCA,HUARHUA
1260546,SAN MATEO ANGLICAN SCHOOL SEDE ZAMACOLA,CERRO COLORADO,
1435510,GRUPO AMERICAN SCHOOLS,CERRO COLORADO,AREQUIPA
1414234,JUAN DE LA TORRE CÁRCAMO,CHAPARRA,ANEXO PAMPAHUARA
1120476,SAN CARLOS,JOSE LUIS BUSTAMANTE Y RIVERO,
1702661,JESUS MI SALVADOR,CERRO COLORADO,ASOC JORGE CHAVEZ
220228,40218,SAN JUAN DE TARUCANI,CONDORÍ
1637107,I.E.P SAN FRANCISCO DE CIUDAD DE DIOS,YURA,AREQUIPA
3050150,MATER DEI SCHOOL,PAUCARPATA,AREQUIPA
844852,40631 JUAN PABLO II,JOSE LUIS BUSTAMANTE Y RIVERO,LAS ESMERALDAS
3020609,SAN PABLO DE AREQUIPA,AREQUIPA,CERCADO
1315571,JUAN NAPOLEON,ALTO SELVA ALEGRE,ALTO SELVA ALEGRE
1624162,JENS KNUDSEN,AREQUIPA,CERCADO
1336767,DOMINUS IESUS,PAUCARPATA,15 DE AGOSTO
1117779,LEONCIO PRADO,ALTO SELVA ALEGRE,AREQUIPA
895490,KING'S WORLD,ALTO SELVA ALEGRE,ALTO SELVA ALEGRE
1404375,DIVINO MAESTRO DEL SABER,JOSE LUIS BUSTAMANTE Y RIVERO,SIMON BOLIVAR
1117654,THALES DE MILETO,SOCABAYA,AREQUIPA
1202399,ROSARIO GONZALES ALVAREZ,SOCABAYA,LA CAMPIÑA
1338169,INTERNACIONAL INCA GARCILAZO DE LA VEGA S.A.,SOCABAYA,LA PAMPA
1344506,SANTILLANA,SOCABAYA,LARA TRADICIONAL
1458918,ALEJANDRO BULLON PAUCAR,SOCABAYA,AREQUIPA
1118959,MAERE DU CHRIST,MIRAFLORES,AREQUIPA
1371467,JULIETTE HARMAN,ALTO SELVA ALEGRE,ALTO SELVA ALEGRE
1338979,WOLFANG AMADEUS MOZART,JOSE LUIS BUSTAMANTE Y RIVERO,URBANA
712711,40615,PAMPAMARCA,LANCAROYA
1763507,MILLENIUM SCHOOL LOS PORTALES,CHIGUATA,LOS PORTALES
1700574,SCHOOL DAVID KOLB,YURA,CIUDAD DE DIOS
1751312,ILUMINADORA VIRGEN DEL CARMEN,CERRO COLORADO,AREQUIPA
1567759,SEÑOR DEL GRAN PODER,SOCABAYA,AREQUIPA
1748516,NIÑO JESUS EL CIMARRONCITO,CAYMA,FRANCISCO BOLOGNESI
1789387,JUANITO BOSCO,MARIANO MELGAR,MARIANO MELGAR
844670,SAN BENITO DE PALERMO,SOCABAYA,SAN MARTIN DE SOCABAYA
517367,ESTADO DE SUECIA,CERRO COLORADO,12 DE OCTUBRE
1754498,THOMAS M.C. III,CERRO COLORADO,HÉROES DE LA BREÑA
1254226,SAN PEDRO CHANEL,CERRO COLORADO,MERCADO MAYORISTA
219584,40151 CAP FAP JOSE ABELARDO QUIÑONES,MIRAFLORES,CHAPI CHICO
1624691,MIGUEL ANGEL ASTURIAS SCHOOL,CERRO COLORADO,APIPA
1305762,THOMAS M.C. II,CAYMA,LAS MALVINAS
1273770,HENRY FORD,CHALA,CHALA
1699313,JUAN KEPLER,PAUCARPATA,PAUCARPATA
3042520,DIVINO NIÑO MAESTRO JESUS,CERRO COLORADO,SOR ANA DE LOS ANGELES
1120518,GALILEANO PERUANO ITALIANO,AREQUIPA,AREQUIPA
1699636,GOTITAS DEL CIELO,MARIANO MELGAR,AREQUIPA
1622794,NIÑO JESUS EL MESIAS,CERRO COLORADO,CERRO COLORADO
1402445,G.U.E. MARIANO MELGAR VALDIVIESO,MARIANO MELGAR,SANTA ROSA
894451,MARIA DE LA MERCED,HUNTER,HUNTER
1339647,IEP DAVID AUSUBEL,JOSE LUIS BUSTAMANTE Y RIVERO,AREQUIPA
1608439,SAINT JOSE MARIA SCHOOL,CERRO COLORADO,AREQUIPA
1031012,PEQUEÑO ARQUITECTO,PAUCARPATA,AREQUIPA
1339852,MAXWELL,JACOBO HUNTER,COOPERATIVA ANDRES AVELINO CACERES
526319,MY ANGEL SCHOOL,AREQUIPA,AREQUIPA
311514,40268 PEDRO ALFERRANO HERNANDEZ,BELLA UNION,BELLA UNION
1755883,COLEGIO SUPERIOR DE CIENCIAS NEWTON KLEIN,CERRO COLORADO,CERRO COLORADO
845297,MARIA REYNA,AREQUIPA,
1577626,EINSTEIN SCHOOL,ALTO SELVA ALEGRE,VILLA ASUNCION
1279298,INSTITUCION EDUCATIVA PARTICULAR ANGELITOS DE JESUS,SACHACA,AREQUIPA
1337864,SAN IGNACIO EDUCADOR,PAUCARPATA,AREQUIPA
1338136,DE FOMENTO ANDERS CELSIUS,MIRAFLORES,UNION EDIFICADORES MISTI
541615,INMACULADA CONCEPCION,JOSE LUIS BUSTAMANTE Y RIVERO,URB PEDRO DIEZ CANSECO
1705409,HOWARD MY TALENTS,CAYMA,CAYMA
1328608,MISERICORDIA DIVINA,ALTO SELVA ALEGRE,SELVA ALEGRE
894782,NIÑO DE JESUS DE NAZARET,MARIANO MELGAR,GENERALISIMO SAN MARTIN
1790500,LITTLE ANGELS,CERRO COLORADO,AREQUIPA
1701648,DALE CARNEGIE,CAYMA,ACEQUIA ALTA
1699248,SANTA BARBARA,TIABAYA,SAN JOSE
1239284,40686 MI DIVINO NIÑO JESUS,ALTO SELVA ALEGRE,JUAN VELAZCO ALVARADO
1642255,FUTURA SCHOOLS - SEDE JOSE LUIS BUSTAMANTE Y RIVERO,JOSE LUIS BUSTAMANTE Y RIVERO,AREQUIPA
1338532,CEDEU JULIO RODRIGUEZ ENRIQUEZ,ALTO SELVA ALEGRE,GRAFICOS
1415991,NECCETA,PAMPAMARCA,NECCETA
286690,40565,TORO,SIRINGAY
1696996,CIRCULO JOULE,AREQUIPA,AREQUIPA
216689,40562,TORO,CUPE
314138,40537,COTAHUASI,PIRO
1424522,DIVINO NIÑO JESUS,CHALA,CHALA
314161,40540,ALCA,YUMASCA
3025855,GRUPO JOULE,CHARACATO,LA HUAYLLA
1728146,DIVINA PROVIDENCIA DE JESUS,PAUCARPATA,VILLA JESÚS
1338755,JOULMER,MIRAFLORES,MIRAFLORES
1704667,BELLO HORIZONTE,PAUCARPATA,PAUCARPATA
895409,D'ANGELOUS CRISTI,ALTO SELVA ALEGRE,INDEPENDENCIA
1796192,LAS PLUMAS DEL AMAUTA,CERRO COLORADO,AREQUIPA
612440,ANDRES AVELINO CACERES,YANAQUIHUA,ISPACAS
309740,40479 MIGUEL GRAU,ISLAY,MATARANI
1755180,COLEGIO SUPERIOR DE CIENCIAS NEWTON VIANNEY,YURA,YURA
1239243,CIENCIAS ITALO PERUANO ENRICO FERMI,MOLLENDO,MOLOLENDO
612507,40531 HONOFRE BENAVIDES,TOMEPAMPA,TOMEPAMPA
1750850,JOHANNES KEPLER,CERRO COLORADO,AREQUIPA
310110,MARIA MONTESSORI,AREQUIPA,AREQUIPA
1335199,GRAN PACIFICADOR LINUS PAULING,AREQUIPA,AREQUIPA
309260,HONORIO DELGADO ESPINOZA,CAYMA,AREQUIPA
898619,BLAS PASCAL,AREQUIPA,CERCADO
589473,40320 NUESTRA SEÑORA DEL ROSARIO,HUANCARQUI,HUANCARQUI
612051,CESAR DURAN LAZARTE,TIPAN,TIPAN
309930,SAN JOSE DE AREQUIPA,AREQUIPA,AREQUIPA
891580,PIUCA,RIO GRANDE,PIUCA
1340249,LA FAYETTE,SACHACA,HUARANGUILLO
310060,DE LOS SAGRADOS CORAZONES,CERCADO,AREQUIPA
1721026,ROBERT F. KENNEDY,PAUCARPATA,INDUSTRIAL EL CAYRO
309500,FRANCISCO MOSTAJO,TIABAYA,
1030410,ALAS PERUANAS,AREQUIPA,AREQUIPA
735522,NUESTRA SEÑORA DEL CARMEN,URACA,CORIRE
613067,41511 LIBERTADORES DE AMERICA,RIO GRANDE,SAN JUAN DE CHORUNGA
1531227,AMERICO GARIBALDI,YANAHUARA,AREQUIPA
891556,40430 JOSE SIMEON TEJEDA,ANDARAY,ANDARAY
1420496,ANGELES EN EL PARAISO,MAJES,PEDREGAL
1379320,40317,CHACHAS,CHACHAS
1801430,TORRE FUERTE,JOSE LUIS BUSTAMANTE Y RIVERO,SIMON BOLIVAR
1253624,41053 SAN TARSICIO,APLAO,APLAO
309328,SAN VICENTE DE PAUL,MOLLENDO,MOLLENDO
1639087,COLEGIO MAYOR MENDEL,AREQUIPA,AREQUIPA
1369651,MADRE PEREGRINA SANTISIMA VIRGEN DE CHAPI,CERRO COLORADO,
1334150,40230 SAN ANTONIO DEL PEDREGAL,MAJES,
1618917,JUAN PABLO MAGNO,TIABAYA,AREQUIPA
569566,41037 JOSE GALVEZ,MIRAFLORES,ALTO MISTI
579516,40072,SAN JUAN DE SIGUAS,TAMBILLO
1333681,BRYCE S.A.C.,AREQUIPA,AREQUIPA
1274398,SANTA CRUZ,CHIVAY,CHIVAY
1270800,HANS CHRISTIAN ANDERSEN,PAUCARPATA,MANUEL PRADO
1721638,ADDISON,ALTO SELVA ALEGRE,VILLA ASUNCIÓN
3043015,JOSE MARIA ARGUEDAS,CERRO COLORADO,PEQUEÑOS ARTESANOS ZONA B
310417,FAUSTINO B. FRANCO,SAMUEL PASTOR,CAMANA
1627470,PERUANO BRASILERO PAULO COELHO,JOSE LUIS BUSTAMANTE Y RIVERO,AREQUIPA
895789,SANTA MARIA DE BELEN,PAUCARPATA,CESAR VALLEJO
579649,40197 FELIPE SANTIAGO SALAVERRY,SOCABAYA,PUEBLO TRADICIONAL
309245,LIBERTADOR CASTILLA,APLAO,APLAO
516963,40164 JOSE CARLOS MARIATEGUI,PAUCARPATA,MANUEL PRADO
617548,40494 JOSÉ ABELARDO QUIÑONES GONZALES,MEJIA,MEJÍA
891408,40525 SAN SANTIAGO,PUYCA,PUYCA
1344266,VALLE ARRIBA DE TAMBO,COCACHACRA,CARAQUEN
1031780,PERUANO SUIZO ALFRED WERNER,JOSE LUIS BUSTAMANTE Y RIVERO,AREQUIPA
899336,40035 V. A. BELAUNDE,CERRO COLORADO,VICTOR ANDRES BELAUNDE
1528843,SANTA CLARA DE JESUS,AREQUIPA,AREQUIPA
1379353,40309,APLAO,HUATIAPILLA
1336478,LAPLACE MOLLENDO,MOLLENDO,
1697341,LA PLACE,DEAN VALDIVIA,
579706,40161 MONSEÑOR JOSE L. DEL CARPIO,PAUCARPATA,PAUCARPATA
1406347,MARIA MAZZARELLO,CAYMA,DEAN VALDIVIA
1338243,SALOMON,MIRAFLORES,
1279132,SAN PIO X,CERRO COLORADO,UPIS MERCADO MAYORISTA
1789874,SAN JOSE SCHOOL,CHARACATO,AREQUIPA
895300,INCA GARCILAZO DE LA VEGA,MARIANO MELGAR,ALTO SAN MARTIN
1773274,SAINT MICHAEL THE ARCHANGEL,DEAN VALDIVIA,EL ARENAL
1455575,FRANCIS COLLINS SCHOOL,MIRAFLORES,AREQUIPA
579748,40200 REPUBLICA FEDERAL ALEMANA,JACOBO HUNTER,HUNTER
1236140,WALTER PEÑALOZA RAMELLA,MARIANO MELGAR,MARIANO MELGAR
1261189,40670 EL EDEN FE Y ALEGRIA 51,CERRO COLORADO,
1717461,APIPA SECTOR III,CERRO COLORADO,ASOCIACIÓN PARQUE INDUSTRIAL PORVENIR AREQUIPA
309195,DEAN VALDIVIA,MOLLENDO,MOLLENDO
1717479,11 DE MAYO,CAYMA,11 DE MAYO
591404,40446 MIGUEL GRAU,RIO GRANDE,IQUIPÍ
1767441,SANTA MARIA MAZZARELLO,SOCABAYA,SAN MARTIN DE SOCABAYA
1270768,MADRE SANTA BEATRIZ,JOSE LUIS BUSTAMANTE Y RIVERO,CIUDAD SATELITE
1755842,SABIO ALFRED BINET,CERRO COLORADO,MERCADO MAYORISTA
899211,40039 SANTA MARIA,YANAHUARA,YANAHUARA
736165,JOSE CARLOS MARIATEGUI,TUTI,TUTI
1734037,TALENTOS AREQUIPA,CERCADO,AREQUIPA
899039,40052 EL PERUANO DEL MILENIO ALMIRANTE MIGUEL GRAU,CAYMA,BUENOS AIRES
310169,FRANCISCO LOPEZ DE ROMAÑA,DEAN VALDIVIA,LA CURVA
589747,DANIEL ALCIDES CARRION,ACHOMA,ACHOMA
1759117,40684 SAN JOSE OBRERO,YANAQUIHUA,LA CENTRAL CERRO RICO
723866,JESUS MARIA SAN MARTIN DE PORRES,AREQUIPA,AREQUIPA
894915,CEP MARIA AUXILIADORA,AREQUIPA,AREQUIPA
899294,40033 SAN AGUSTIN,HUNTER,UPIS PAISAJISTA
736157,AGROPECUARIO SIBAYO,SIBAYO,SIBAYO
617464,SGTO. 1ERO. FAP LAZARO ORREGO MORALES,LA JOYA,BASE AEREA
1337740,EDWIN ALEXANDER,MARIANO MELGAR,AREQUIPA
1344639,40522 JUAN LUIS SOTO MOTTA,PAMPAMARCA,PAMPAMARCA
1334374,NIÑO JESUS EL TERREMOTITO,CAYMA,LA TOMILLA
796771,40310,APLAO,ACOY
1701655,VILLA LINARES,SAMUEL PASTOR,VILLA LINARES
1371632,GREGORY MENDEL,MAJES,EL PEDREGAL
1031640,40222 DIEGO THOMSON,ALTO SELVA ALEGRE,VILLA UNION
1239367,ITALO PERUANO SANTA MARIA MAZZARELLO,AREQUIPA,VALLECITO
3026705,SCHOOL MI PEQUEÑO PARAISO,CERRO COLORADO,
310425,CORIRE,URACA,CORIRE
1576776,DIVINA INFANCIA,MAJES,EL PEDREGAL
898007,41061  JOSE ANTONIO ENCINAS,MAJES,AREQUIPA
309252,MILITAR FRANCISCO BOLOGNESI,ALTO SELVA ALEGRE,AREQUIPA
1759968,TALENT SCHOOL,AREQUIPA,AREQUIPA
619361,40088 REYNO DE BELGICA,UCHUMAYO,UCHUMAYO
1261429,CIENCIAS SEÑOR DE LA JOYA - JUAN ORELLANA GARCIA,LA JOYA,LA JOYA
1370139,SAN CARLOS,MAJES,EL PEDREGAL
309492,JUAN PABLO VIZCARDO Y GUZMAN,JACOBO HUNTER,HUNTER
1270214,AREQUIPA,JOSE LUIS BUSTAMANTE Y RIVERO,DOLORES
1344597,40512 VIRGEN DE CHAPI,ALCA,AYAHUASI
898551,ALEXANDER FLEMING,AREQUIPA,AREQUIPA
655746,40103 LIBERTADORES DE AMERICA,CERRO COLORADO,
1333905,COLEGIO FRANCO PERUANO GUSTAVE EIFFEL,SACHACA,URBANO
310433,GLORIOSO JUAN PABLO VISCARDO Y GUZMAN,PAMPACOLCA,PAMPACOLCA
1653591,EL TRIUNFO II,LA JOYA,EL TRIUNFO II
796946,40321,TISCO,TARUCAMARCA
3043007,JARDIN DEL COLCA,YURA,JARDIN DEL COLCA
310102,SAN PEDRO,AREQUIPA,AREQUIPA
1379312,40311 JOSE RODRIGUEZ BUSTAMANTE,APLAO,COSOS
472209,40025 SANTA DOROTEA,AREQUIPA,JUVENTUD FERROVIARIA
1344464,SAN GUILLERMO DE VERCELLI,HUNTER,AREQUIPA
898676,LA RECOLETA,AREQUIPA,ANTIQUILLA
309633,NUESTRA SEÑORA DE LOURDES,AREQUIPA,TINGO
899153,40070 SANTA ISABEL DE HUNGRIA,SANTA ISABEL DE SIGUAS,CENTRO POBLADO SANTA ISABEL
518241,40165 SAN JUAN BAUTISTA DE LA SALLE,AREQUIPA,UMACOLLO
617530,40474 JOSE CARLOS MARIATEGUI,MOLLENDO,MIRAMAR
796920,40389 MIGUEL LINARES MALAGA,LLUTA,TAYA
695312,7 DE AGOSTO,JOSE LUIS BUSTAMANTE Y RIVERO,AREQUIPA
695320,EL CRUCE,LA JOYA,EL TRIUNFO
1335272,LUCIEN FREUD,AREQUIPA,
895060,ADVENTISTA EDUARDO FRANCISCO FORGA,JACOBO HUNTER,EL  CARMEN
309286,SAN LUIS GONZAGA,CHUQUIBAMBA,CHUQUIBAMBA
1744226,SOL DEL COLCA,COPORAQUE,SACSAYHUAMAN
1351642,EL BUEN MAESTRO,AREQUIPA,AREQUIPA
1327824,EL GRAN MAESTRO,SOCABAYA,HORACIO ZEBALLOS GAMEZ
892273,40382 VIRGEN DE CHAPI,COPORAQUE,COPORAQUE
1751841,INNOVA SCHOOLS - CERRO COLORADO,CERRO COLORADO,AREQUIPA
1281971,MENDEL,SACHACA,SACHACA
1415975,40526,SAYLA,SAYLA
518472,40510 CORONEL CASIMIRO PERALTA,ALCA,ALCA
1789684,INNOVA SCHOOLS - AREQUIPA MIRAFLORES,MIRAFLORES,AREQUIPA
636480,ALTO SELVA ALEGRE LINUS PAULING,ALTO SELVA ALEGRE,GRAFICOS
3046844,LA CLAVE ES JESUCRISTO,MAJES,PEDREGAL
579763,SAN JUAN BAUTISTA DE SALAMANCA,SALAMANCA,SALAMANCA
309294,MARISCAL ORBEGOSO,COTAHUASI,COTAHUASI
1279256,40040 JOSE TRINIDAD MORAN,CAYMA,
655811,LORD BYRON,CAYMA,AREQUIPA
490714,40336 SAGRADO CORAZON DE JESUS,VIRACO,VIRACO
1801216,MI DIVINO NIÑO JESUS,CAYMA,COMPLEJO HABITACIONAL DEAN VALDIVIA
589770,LUIS PONCE GARCIA,CALLALLI,CALLALLI
637306,LEÓN XIII,CAYMA,AREQUIPA
309914,SAN JERÓNIMO,AREQUIPA,UMACOLLO
1536986,SAN PABLO DE TARSO,JACOBO HUNTER,ARIAS ARAGUEZ
619312,ALMIRANTE MIGUEL GRAU,MAJES,PEDREGAL
309922,SAN FRANCISCO DE ASIS,MOLLENDO,ISLAY
898858,FRANCISCO ROJAS SCHOOL,AREQUIPA,AAREQUIPA
1768159,INNOVA SCHOOLS SACHACA,SACHACA,SACHACA
1271162,MARIANISTA,JACOBO HUNTER,HUNTER
309476,MARIANO E. RIVERO Y USTARIZ,COCACHACRA,COCACHACRA
309419,CORAZON DE MARIA,CHUQUIBAMBA,CHUQUIBAMBA
1309608,40421 JOSE OLAYA BALANDRA,TISCO,TISCO
309385,NUESTRA SEÑORA DE LA ASUNCION,PAUCARPATA,AREQUIPA
895516,40220 HEROES DEL CENEPA,PAUCARPATA,CAMPO DE MARTE
579672,40177 DIVINO CORAZON DE JESUS,PAUCARPATA,AMPLIACION PAUCARPATA
612945,GRAN PACHACUTEC,CERRO COLORADO,SEMI RURAL PACHACUTEC
1279777,ENRICO FERMI,MIRAFLORES,EDIFICADORES MISTI
589804,GRAN LIBERTADOR SIMON BOLIVAR,CAYLLOMA,CAYLLOMA
899328,40160 OBDULIO BARRIGA VIZCARRA,MOLLEBAYA,MOLLEBAYA
1260942,40202 CHARLOTTE,YURA,CIUDAD DE DIOS  CONO NORTE
695296,SAN LUIS GONZAGA,SOCABAYA,PUEBLO JOVEN 4 DE OCTUBRE
617233,NUESTRA SEÑORA DE LOURDES,PAUCARPATA,PJ MIGUEL GRAU
1672625,LUIZ FRANCISCO FONTES,CERRO COLORADO,AREQUIPA
636019,RAFAEL LOAYZA GUEVARA,MARIANO MELGAR,URBANIZACION SANTA ROSA
617456,SANTA RITA DE SIGUAS,SANTA RITA DE SIGUAS,SANTA RITA  DE SIGUAS
712778,40517 CAPITAN EVARISTO AMESQUITA,HUAYNACOTAS,HUAYNACOTAS
1653625,41062 DR. MARIO VARGAS LLOSA,MAJES,ASENTAMIENTO D4
1640507,MUNDO ECOLOGICO,JOSE LUIS BUSTAMANTE Y RIVERO,AREQUIPA
1339969,HERBERT VON BLUMER,JACOBO HUNTER,HUNTER
1308204,JOSÉ CARUANA,CAYMA,UPIS RAFEL BELAUNDE N 13 CAYMA
579615,40178 VICTOR RAUL HAYA DE LA TORRE,PAUCARPATA,MIGUEL GRAU
897728,CRISTO REY CIRCA,CERRO COLORADO,AREQUIPA
1577675,PREMIO NOBEL MARIO VARGAS LLOSA,MARIANO MELGAR,ALTO SAN  MARTIN
309518,JOSE TEOBALDO PAREDES VALDEZ,PAUCARPATA,URB 15 DE AGOSTO
310201,COLEGIO ANGLO AMERICANO PRESCOTT,AREQUIPA,AREQUIPA
569590,ADVENTISTA GENERAL JOSE DE SAN MARTIN,AREQUIPA,VALLECITO
589200,ROMEO LUNA VICTORIA,CERRO COLORADO,ZAMÁCOLA
589234,40056 HORACIO ZEVALLOS GAMEZ,CERRO COLORADO,MARISCAL CASTILLA
309211,CLARET,AREQUIPA,AREQUIPA
1117704,40030 SAN FRANCISCO DE ASIS,CAYLLOMA,JACHAÑA
1630490,JAN AMOS KOMENSKY,CAYMA,CAYMA
1567643,CORAZON DE MARIA,AREQUIPA,
1699305,INNOVA SCHOOLS,JOSE LUIS BUSTAMANTE Y RIVERO,AREQUIPA
309559,HIPOLITO SANCHEZ TRUJILLO,CABANACONDE,CABANACONDE
1777820,SANTA MARIA MADRE SCHOOL,PAUCARPATA,AREQUIPA
1532886,PINTO TALAVERA,ALTO SELVA ALEGRE,VILLA  CONFRATERNIDAD
1271212,COLEGIO SAN MARCOS DE LEON,JACOBO HUNTER,AREQUIPA
891762,40476 MERCEDES MANRIQUE FUENTES,MOLLENDO,MOLLENDO
309997,SAN FRANCISCO DE ASIS,CAYMA,AREQUIPA
1770270,NUESTRA SEÑORA DE LOS INFANTES SCHOOL,PAUCARPATA,MIGUEL GRAU
895870,FRAY MARTIN,SOCABAYA,SAN MARTIN
695254,SANTA URSULA,JOSE LUIS BUSTAMANTE Y RIVERO,AREQUIPA
695239,SAN HILARION,CERCADO,CERCADO
655787,40534 JUAN MANUEL GUILLEN BENAVIDES,TORO,TORO
695304,NIÑO DE LA PAZ,JOSE LUIS BUSTAMANTE Y RIVERO,LA PAMPILLA
1798487,ANDREW ROBERT MILLIKAN,CERRO COLORADO,CIUDAD MUNICIPAL
1739309,BRYCE MARIANO MELGAR,MARIANO MELGAR,MARIANO MELGAR
1755529,JOULE ALTO SELVA  ALEGRE,ALTO SELVA ALEGRE,SELVA ALEGRE
749366,JORGE SANJINEZ LENZ,YURA,CIUDAD DE DIOS
309435,40054 JUAN DOMINGO ZAMACOLA Y JAUREGUI,CERRO COLORADO,LA LIBERTAD
1272897,40669 DEAN VALDIVIA,CAYMA,AREQUIPAX
309989,SALESIANOS DON BOSCO,CERCADO,AREQUIPA
1437573,SANTA LUCIA,AREQUIPA,AREQUIPA
695205,SANTA MARIA,AREQUIPA,CIUDAD
309377,MICAELA BASTIDAS,CERCADO,
309955,DE LA SALLE,AREQUIPA,AREQUIPA
891168,40313 SAN IGNACIO DE LOYOLA,APLAO,ANEXO LA REAL
309336,ANDREA VALDIVIESO DE MELGAR,MARIANO MELGAR,MARIANO MELGAR
1361880,EL MERCEDARIO RVDO PADRE ELEUTERIO ALARCON BEJARANO,CAYMA,BOLOGNESI
636548,CHAMPAGNAT,YANAHUARA,YANAHUARA
579771,CIRO ALEGRIA BAZAN,DEAN VALDIVIA,EL ARENAL
1261346,PERUANO ITALIANA DOMINGO SAVIO,CERRO COLORADO,CHALLAPAMPA
1260660,BRITISH COLUMBIA,CERRO COLORADO,VICTOR RAUL HAYA DE LA TORRE
1790344,PERUANO FRANCES ANTOINE DE SAINT EXUPERY,TIABAYA,CORBACHO
1640903,FUTURA SCHOOLS TIABAYA,TIABAYA,
1794577,SANTO TORIBIO DE MOGROVEJO,YURA,APIAAR
617183,40174 PAOLA FRASSINETTI,PAUCARPATA,MIGUEL GRAU
589531,40529 VICTOR ANDRES BELAUNDE,TAURIA,TAURIA
655795,SAN BERNARDO,YURA,
1030303,MAGISTER LAGRANGE,JOSE LUIS BUSTAMANTE Y RIVERO,LOS CONQUISTADORES
3028412,DAVID AUSUBEL,CERRO COLORADO,JOSE LUIS BUSTAMANTE Y RIVERO
612176,41505,ORCOPAMPA,ORCOPAMPA
1656198,I.E.P. VIRGEN DE CHAPI DE CORIRE,URACA,CORIRE
1259985,MENDEL CERRO COLORADO,CERRO COLORADO,1
1607340,SANTISIMA VIRGEN DE CHAPI,LA JOYA,
1435288,PANAMERICANO,AREQUIPA,URBANIZACIÓN LA VICTORIA
1335033,JAMES CLERK MAXWELL,CAYMA,AREQUIPA
1238518,VALORES SCHOOL,MAJES,PEDREGAL
1756568,MARIA DE LOS ANGELES,MAJES,OEDREGAL
1315639,SAN MIGUEL,CARAVELI,CARAVELI
579623,PIO XII,MARIANO MELGAR,GENERALÍSIMO SAN MARTÍN
1673060,SHERADON BRYCE,CERRO COLORADO,AREQUIPA
1577717,SCHOOL INTERNACIONAL BLUMER,JACOBO HUNTER,SEÑOR DE LOS MILAGROS
3040623,INTERNACIONAL JOHANNES KEPLER,CERRO COLORADO,0
1734060,FUTURA SCHOOLS PAUCARPATA,PAUCARPATA,AREQUIPA
1384833,MENDEL PEDREGAL,MAJES,VILLA EL PEDREGAL
637272,ALBERTO FLORES GALINDO,ORCOPAMPA,ORCOPAMPA
712620,40432 VICTOR RAUL HAYA DE LA TORRE,CHICHAS,CHICHAS
3047818,PERUANO ISRAELÍ KEDUSHÁ,CERRO COLORADO,GRANJEROS UNIDOS
899120,40079 VICTOR NUÑEZ VALENCIA,SACHACA,HUARANGUILLO
1672591,JUILLIARD,CERRO COLORADO,ZAMACOLA
1583137,40091 ALMA MATER DE CONGATA,UCHUMAYO,CONGATA
310136,SANTA ROSA DE VITERBO,AREQUIPA,AREQUIPA
1338466,WORLD SCHOOL,YANAHUARA,AREQUIPA
1661149,JOHN G. LAKE,CAYMA,AREQUIPA
1279538,SEÑOR DE LA ESPERANZA,CERRO COLORADO,CIUDAD MUNICPAL
1254903,SAN JUAN APOSTOL,ALTO SELVA ALEGRE,SELVA ALEGRE
3043502,40316 JULIO ERNESTO LAZO DIAZ,AYO,AYO
635987,VIRGEN DE CHAPI,PAUCARPATA,NUEVO PERU
1797398,LUCERITOS DE DIOS,CERRO COLORADO,AREQUIPA
1334473,CASA DE CARIDAD ARTES Y OFICIOS,CERRO COLORADO,
1346667,SAN JUAN APOSTOL,CERRO COLORADO,VILLA CERRILLOS
1721588,JOULE DIVINO NIÑO,PAUCARPATA,PAUCARPATA
1753847,MONTESSORI SCHOOL,CERRO COLORADO,ALTO LIBERTAD
1328277,40426 JOSE OLAYA,YANAQUIHUA,LA BARRERA YAUCE
1692425,CORONEL FRANCISCO BOLOGNESI,MAJES,CIUDAD MAJES
1410935,SAN FERNANDO,LA JOYA,CERCADO
1420470,JOHANN MENDEL,HUNTER,HUNTER
517565,40065 GLORIOSO HEROES DEL CENEPA,LA JOYA,SAN ISIDRO
579656,40196 TECNICO AGROPECUARIO ARTESANAL,SAN JUAN DE TARUCANI,SAN JUAN DE TARUCANI
723486,40211 HEROES DEL PACIFICO,PAUCARPATA,ISRAEL
1354695,NUESTRA SEÑORA DE LAS MERCEDES,MAJES,EL PEDREGAL
899062,40616 CASIMIRO CUADROS I,CAYMA,AREQUIPA
515668,SANTA ROSA DE LIMA CIRCA,ALTO SELVA ALEGRE,AREQUIPA
310045,MARIA AUXILIADORA,MOLLENDO,MOLLENDO
1761667,LIFE SCHOOL,SACHACA,TAHUAYCANI
579722,40190 SANTISIMA VIRGEN DE CHAPI,POLOBAYA,
498881,40074 JOSÉ LUIS BUSTAMANTE Y RIVERO,SACHACA,SACHACA
617084,MENDEL UMACOLLO,CERCADO,AREQUIPA
579730,40092 JOSE D. ZUZUNAGA OBANDO,UCHUMAYO,CERRO VERDE
794412,SEÑOR DE LOS MILAGROS CIRCA,YURA,CIUDAD DE DIOS
1647130,40705,CERRO COLORADO,AREQUIPA
1343771,DIVINO CRISTO OBRERO,CAYMA,FRANCISCO BOLOGNESI
309641,AREQUIPA,AREQUIPA,AREQUIPA
1277102,LIBERTAD,MAJES,EL PEDREGAL
310052,NUESTRA SEÑORA  DEL ROSARIO,AREQUIPA,AREQUIPA
1030188,SAN JOSE DE CALASANZ,CAYMA,DEÁN VALDIVIA
898825,SAGRADO CORAZÓN DE JESÚS,AREQUIPA,URBANIZACIÓN MUNICIPAL
1748722,ADUNSA,LA JOYA,PUEBLO JOVEN EL TRIUNFO
579680,40175 GRAN LIBERTADOR SIMON BOLIVAR,JOSE LUIS BUSTAMANTE Y RIVERO,SIMON BOLIVAR
610683,I.E.40204 NÉSTOR CÁCERES VELÁSQUEZ,SOCABAYA,CERRO SALVERRY
3039872,BRICEÑO,CERCADO,AREQUIPA
310466,NUESTRA SEÑORA DE FATIMA,AREQUIPA,AREQUIPA
749358,40058 IGNACIO ALVAREZ THOMAS,CERRO COLORADO,ALTO LIBERTAD
3000791,CORPUS CHRISTI SCHOOL,MIRAFLORES,AREQUIPA
897819,SANTO TOMAS DE AQUINO,CERRO COLORADO,URBANIZACIÓN MARISCAL CASTILLA
1390855,LICEE JEAN BAPTISTE LAMARCK,AREQUIPA,AREQUIPA
1379387,40379,CABANACONDE,PINCHOLLO
1339050,PRINCIPE DE ASTURIAS,AREQUIPA,AREQUIPA
1624188,SAN JUAN BAUTISTA DE CHALA,CHALA,CHALA
695262,SANTA ROSA DE LIMA,PAUCARPATA,CALIFORNIA B
525725,NEPTALI VALDERRAMA AMPUERO,PAUCARPATA,AREQUIPA
1717487,ALTIPLANO,YURA,CONO NORTE
637249,40048 ANTONIO JOSE DE SUCRE,YANAHUARA,YANAHUARA
745935,ST. ANDREW,JOSE LUIS BUSTAMANTE Y RIVERO,AREQUIPA
1673102,SEÑOR DE HUANCA,CERRO COLORADO,VILLA PARAISO
492769,40038 JORGE BASADRE GROHMANN,JOSE LUIS BUSTAMANTE Y RIVERO,ALTO DE LA LUNA
899369,CRISTO MORADO,CERRO COLORADO,AREQUIPA
1032184,SAN PEDRO Y SAN PABLO - CIRCA,PAUCARPATA,JORGE CHÁVEZ
1238831,NUEVA GENERACION ESTUDIANTIL,MAJES,EL PEDREGAL
1415967,SAN JUAN MASIAS,CAYMA,AREQUIPA
617209,CORAZON  DE JESUS,MARIANO MELGAR,SANTA ROSA
750083,CARLOS JOSE ECHAVARRY OSACAR,TIABAYA,PPJJ SAN JOSE
3047768,JAMES REICH,CERRO COLORADO,PERUARBO
1239128,EL MILAGRO DE FATIMA,SACHACA,ALTO DE AMADOS
1799295,LEONARDO DA VINCI,CERRO COLORADO,CERRO COLORADO
309484,VICTOR MANUEL TORRES CACERES,PUNTA DE BOMBON,PUNTA DE BOMBON
1031525,SAN MARTIN DE PORRES,ACARI,ACARI
1653609,DR JUAN MANUEL GUILLEN BENAVIDES,MAJES,CIUDAD MAJES
1375450,SAN ANTONIO DE PADUA,PAUCARPATA,GUARDIA CIVIL
1363464,SAN JOSE DE COTTOLENGO,CERRO COLORADO,ASOCIACION ANDRES AVELINO CACERES
895904,MARIA IANUA COELI,SOCABAYA,AREQUIPA
1240126,CD CARPE DIEM,CERCADO,AREQUIPA
1117894,40185 SAN JUAN BAUTISTA DE JESUS,PAUCARPATA,URB MANCO CAPAC
898098,SANTA TERESA DE LISIEUX,MAJES,LA COLINA
1370097,MAGNUS EDUCATORIS,AREQUIPA,AREQUIPA
1255066,METROPOLITANO,AREQUIPA,SANTA ISABEL
898247,40386 TUPAC AMARU,ICHUPAMPA,ICHUPAMPA
894675,SEYMOUR BRUNER,AREQUIPA,AREQUIPA
1622745,PERCY GIBSON MOLLER,CERRO COLORADO,AREQUIPA
1274315,SHAMMAH,MARIANO MELGAR,MARIANO MELGAR
617290,40208 PADRE FRANCOIS DELATTE,SOCABAYA,BELLAPAMPA
1643246,40694 CENTRO DE INNOVACION PEDAGOGICA ISPPA,YURA,CAMINEROS EMPLEADOS
1338730,FEDERICO VILLARREAL,ALTO SELVA ALEGRE,PJ INDEPENDENCIA
1333665,SANTA MARIA DEL VALLE,UCHUMAYO,CONGATA
1770254,ALEXANDER FRIEDMAN,CERRO COLORADO,CIUDAD MUNICIPAL
1238591,ASOCIACION EDUCATIVA REY DE REYES,CAYMA,CALLE LOS ARCES
1254028,SAN MIGUEL ARCANGEL,MIRAFLORES,MIRAFLORES
1624170,ACUARELA DEL SOL,AREQUIPA,AREQUIPA
894642,WILLIAM MORRIS,ALTO SELVA ALEGRE,ALTO SELVA ALEGRE
1673086,EL NAZARENO,CERRO COLORADO,AREQUIPA
1237106,40121 EVERARDO ZAPATA SANTILLANA,JOSE LUIS BUSTAMANTE Y RIVERO,CASAPIA
749325,40046 JOSE L. CORNEJO A.,CAYMA,CAYMA
1371095,JOSE LUIS BUSTAMANTE Y RIVERO,CERRO COLORADO,JOSE LUIS BUSTAMANTE Y RIVERO
899187,40083 FRANKLIN ROOSEVELT,TIABAYA,TIABAYA
794420,JUAN DE LA CRUZ CALIENES,CERRO COLORADO,CHALLAPAMPA
1796564,JESUS DE NAZARETH,CERRO COLORADO,AREQUIPA
1116300,40049 CORONEL FRANCISCO BOLOGNESI CERVANTES,CAYMA,AREQUIPA
310128,NUESTRA SRA. DE LA MERCED,YANAHUARA,AREQUIPA
1282292,CRISTO SALVADOR DE MONTECARLO,TIABAYA,TIABAYA
1536960,CHAVES SCHOOL,AREQUIPA,AREQUIPA
1202605,40418,TAPAY,TAPAY
310193,NUESTRA SEÑORA DEL PILAR,AREQUIPA,AREQUIPA
1720564,SIR ALEXANDER FLEMING,AREQUIPA,CENTRO
579607,40129 MANUEL VERAMENDI E HIDALGO,MARIANO MELGAR,GENERALISIMO SAN MARTIN
891879,DE JESUS E.I.R.L.,CAMANA,
1341510,DIVINO REDENTOR,LA JOYA,ESTACION DE VITOR
1607225,BRYCE PEDREGAL,MAJES,PEDREGAL
1031731,JOHN WESLEY,AREQUIPA,AREQUIPA
1303759,MARIA INMACULADA,AREQUIPA,AREQUIPA
309344,PADRE DAMIAN DE LOS SAGRADOS CORAZONES,AREQUIPA,AREQUIPA
1659101,40429 JOSE GABRIEL CONDORCANQUI,CAYARANI,VISCA VISCA
750125,40139 ANDRES AVELINO CACERES DORREGARAY,MARIANO MELGAR,
679035,AGROPECUARIO YANQUE,YANQUE,YANQUE
899237,40300 MIGUEL GRAU,PAUCARPATA,
1339472,MENDEL CAYMA,CAYMA,AREQUIPA
1342567,EBENEZER,AREQUIPA,AREQUIPA
309757,JOSE MARIA MORANTE,OCOÑA,OCOÑA
1344233,JESUS DE NAZARETH,COCACHACRA,COCACHACRA
1575992,JESUS BENAVIDES MOSCOSO,VITOR,BARRIO NUEVO
1415959,SECUNDARIA,CERRO COLORADO,PACHACUTEC VIEJO
1261726,SANTISIMO NIÑO JESUS SCHOOL,SANTA RITA DE SIGUAS,SANTA RITA DE SIGUAS
1532936,LORD KARMEL,MIRAFLORES,EDIFICADORES MISTI
3000619,ESPARTA,CERCADO,AREQUIPA
3044534,MAYOR JOSE ANTONIO ENCINAS,YURA,YURA
1333137,SAGRADA FAMILIA,MAJES,EL PEDREGAL
518274,40314 NUESTRA SEÑORA DE LA ASUNCION,ANDAGUA,ANDAGUA
1642156,DENYORK SCHOOL,MARIANO MELGAR,
796953,40390 MAYTA CAPAC,MACA,MACA
899096,EL PIONERO G-2,CAYMA,ENACE
1379304,40068,LA JOYA,EL RAMAL
1354422,DIVINO NIÑO CORPAIDOS,AREQUIPA,AREQUIPA
570044,41008 MANUEL MUÑOZ NAJAR,AREQUIPA,AREQUIPA
1784115,TALENTS SCHOOL AQP,CERRO COLORADO,JOSE MARIA ARGUEDAS
695221,BEN CARSON,PAUCARPATA,
589861,40387,LARI,LARI
1764380,ABC GREGORIO MENDEL,MOLLENDO,MOLLENDO
1333178,NUESTRA SEÑORA DE LA ASUNTA,CERRO COLORADO,ZAMACOLA
745976,40096,LA JOYA,SAN CAMILO ASENTAMIENTO 5
310151,INTERNACIONAL PERUANO BRITANICO,YANAHUARA,URB VALENCIA A1
517979,SAN PEDRO DE YAUCA,YAUCA,YAUCA
1640937,FUTURA SCHOOLS CERRO COLORADO,CERRO COLORADO,AREQUIPA
570010,40029 LUDWING VAN BEETHOVEN,ALTO SELVA ALEGRE,INDEPENDENCIA
1442979,ANGEL DE LA GUARDA,SAMUEL PASTOR,
897942,40625 CORAZON DE JESUS,MAJES,070489
579565,40158 EL GRAN AMAUTA,MIRAFLORES,EDIFICADORES MISTI
310003,ORLEANS GOLEMAN,AREQUIPA,AREQUIPA
1437615,PRINCETON SCHOOL,MARIANO MELGAR,
1769603,40101 DIVINO JESUS,YURA,YURA VIEJO
1705441,JOHN KEYNES,CERRO COLORADO,
1402536,40702 ALBERTO BENAVIDES DE LA QUINTANA,ORCOPAMPA,VISTA ALEGRE
1254101,IBEROAMERICANO,MARIANO MELGAR,GENERALISIMO SAN MARTIN
679043,40399 GRAL. JUAN VELASCO ALVARADO,YANQUE,CHALHUANCA
309310,NUESTRA SEÑORA DE LOS DOLORES,CERRO COLORADO,LA LIBERTAD
1607258,SEÑOR DE LOS MILAGROS DE LA JOYA,LA JOYA,EL TRIUNFO
1749910,NUEVA JUVENTUD,SANTA RITA DE SIGUAS,SANTA RITA
309682,40024 MANUEL GONZALES PRADA,ALTO SELVA ALEGRE,PAMPAS DE POLANCO
1651868,KINDER BLESSED,CERRO COLORADO,AREQUIPA
895482,SAN MARTIN DE PORRES,ALTO SELVA ALEGRE,GRAFICOS
501486,40326 JUAN VELASCO ALVARADO,LA JOYA,SAAN CAMILO
1379338,40322 NUESTRA SEÑORA DE LA ASUNTA,MACHAGUAY,MACHAHUAY
3048592,EL PARAISO,LA JOYA,LA VICTORIA II
1747195,40137 NUESTRA SEÑORA DE LA GLORIA,LA JOYA,LA GLORIA
745968,40594 JUAN VELASCO A.,MAJES,CENTRO POBLADO
310441,40205 MANUEL BENITO LINARES A.,SOCABAYA,SOCABAYA
1717495,CHOCO,CHOCO,CHOCO
569988,40028 GUILLERMO MERCADO BARROSO,ALTO SELVA ALEGRE,AREQUIPA
1371442,INTERNACIONAL ELIM,MIRAFLORES,
498972,40388 CORAZON SAGRADO DE JESUS DE LLUTA,LLUTA,UGEL AREQUIPA NORTE
1695360,JOULE MIRAFLORES,MIRAFLORES,MIRAFLORES
579664,40193 FLORENTINO PORTUGAL,SABANDIA,SABANDIA
310037,ESCLAVAS DEL SAGRADO CORAZÓN DE JESÚS,AREQUIPA,UMACOLLO
899112,41026 MARIA MURILLO DE BERNAL,CERRO COLORADO,LA LIBERTAD
309567,FRANCISCO GARCIA CALDERON,CHIVAY,
898064,NUESTRA SRA. DE LA PAZ,MAJES,PEDREGAL
1323898,NIÑO MAGISTRAL,CAYMA,ACEQUIA ALTA
309443,ANGEL FRANCISCO ALI GUILLEN,CHARACATO,SAN COSME
309351,NUESTRA SEÑORA DE LA CANDELARIA,SAMUEL PASTOR,CAMANA
712265,40239 NICOLAS DE PIEROLA,NICOLAS DE PIEROLA,SAN GREGORIO
1334523,TRILCE AREQUIPA,AREQUIPA,AREQUIPA
1119072,LATINOAMERICANO,PAUCARPATA,AREQUIPA
1794957,41052,ATIQUIPA,SANTA ROSA
1700087,ADONAI INTERNACIONAL,PAUCARPATA,
610659,CHUCARAPI,COCACHACRA,CHUCARAPI
309229,INDEPENDENCIA AMERICANA,AREQUIPA,AREQUIPA
1031574,40458 SAN JUAN BAUTISTA,CAYARANI,CAYARANI
1395367,40677 SAN MIGUEL FEBRES CORDERO,CERRO COLORADO,VILLA LAS CANTERAS
1335025,PADRE SANTIAGO APOSTOL,CERRO COLORADO,AREQUIPA
309906,SAN PEDRO PASCUAL,AREQUIPA,AREQUIPA
1333210,40629 DIVINO NIÑO JESUS,MAJES,C2
1629682,LA INMACULADA DE LA COLINA,MAJES,SANTA MARIA DE LA COLINA
796961,40392 JOSE A. ENCINAS FRANCO,SAN ANTONIO DE CHUCA,IMATA
1663459,LA JOYA,LA JOYA,ESTACION VITOR
1518554,CIENCIAS APLICADAS SIR ISAAC NEWTON,MOLLENDO,MOLLENDO
695346,CORONEL FAP CESAR FAURA GOUBET,LA JOYA,VILLA FAP
1717628,RICARDO PALMA SORIANO,MAJES,CIUDAD MAJES  MODULO G
895813,SANTA MARIA DE LA PAZ,PAUCARPATA,NUEVA ALBORADA
1696475,LAS FLORES,CERRO COLORADO,LAS FLORES
1335074,EL UNIVERSITARIO,CERCADO,AREQUIPA
1314376,40352 BENJAMIN GOMEZ YANCAPALLO,CHILCAYMARCA,CHILCAIMARCA
617217,JUAN XXIII,PAUCARPATA,MIGUEL GRAU
898395,INDALECIO TRILLO,LOMAS,LOMAS
1577584,40216 VIRGEN DEL ROSARIO DE HUAYLLACUCHO,SAN JUAN DE TARUCANI,HUAYLLACUCHO
1625532,40459 SAN ROQUE,CAYARANI,CP UMACHULCO
3014404,JOULE SOCABAYA,CHARACATO,LA HUAYLLA
1262484,CIENCIAS APLICADAS,MAJES,EL PEDREGAL
1659812,EL GRAN PODER DE JESUS,CERRO COLORADO,ASOC CENTRO INDUSTRIAL LAS CANTERAS
1334002,CIENCIAS,MAJES,EL PEDREGAL
679001,40244 VIRGEN DE LA CANDELARIA DE QUILCA,QUILCA,QUILCA
1702943,VECTOR,JOSE LUIS BUSTAMANTE Y RIVERO,AREQUIPA
1455583,WILLIAM SHAKESPEARE,JACOBO HUNTER,VILLA SAN ISIDRO
1419415,ERNEST RUTHERFORD,SOCABAYA,HORACIO ZEBALLOS GAMEZ
1341502,CIMAS,MAJES,EL PEDREGAL
1794940,40278,QUICACHA,SIFUENTES
897751,SEÑOR DE LAS PIEDADES,CERRO COLORADO,AREQUIPA
1776129,DANIEL CHRISTIAN SCHOOL,CERRO COLORADO,LA LIBERTAD
1624196,HOWARD GARDNER,ATICO,LA FLORIDA
794438,40043 NUESTRA SEÑORA DE LA MEDALLA MILAGROSA,JACOBO HUNTER,HUNTER
1253863,NUESTRA SEÑORA DE GUADALUPE,ALTO SELVA ALEGRE,VILLA HERMOSA
895755,SOR ANA,PAUCARPATA,CIUDAD BLANCA
1271659,40353 SANTIAGO ANTUNEZ DE MAYOLO,LA JOYA,SAN CAMILO ASENTAMIENTO 7
1270537,JUAN JACOBO ROUSSEAU,PAUCARPATA,UGEL AREQUIPA SUR
1337260,40637 FERNANDO BELAUNDE TERRY,CHIGUATA,ANEXO ESPIRITU SANTO
723189,TECNICO AGROPECUARIO MADRIGAL,MADRIGAL,MADRIGAL
589382,FRANCISCO FLORES BERRUEZO,BELLA UNION,BELLA UNION
309237,SEBASTIAN BARRANCA,CAMANA,CAMANA
1799741,KAROL JOSEF WOJTYLA,SOCABAYA,HORACIO ZEVALLOS GAMEZ SUB SECTOR D
500736,CARLOS LA FUENTE LARRAURI,HUANCA,HUANCA
1343474,TOMAS MARSANO,ALTO SELVA ALEGRE,ALTO SELVA ALEGRE
1515311,SANTIAGO RAMON Y CAJAL,UCHUMAYO,CONGATA
898932,VANCOUVER,YANAHUARA,UMACOLLO
1695402,JOULE SAN PABLO,MARIANO MELGAR,AREQUIPA
1368372,SANTISIMO SALVADOR,SOCABAYA,LARA
1753235,VENN EULER,ORCOPAMPA,ORCOPAMPA
679019,FRANCISCO BOLOGNESI,ACARI,OTAPARA
309526,FRANCISCO JAVIER DE LUNA PIZARRO,MIRAFLORES,UNION EDIFICADORES MISTI
3042579,CLEMENTS MARKHAM,YURA,CIUDAD DE DIOS
1520584,INTERNACIONAL ALBERT L. LEHNINGER,AREQUIPA,AREQUIPA
3049384,SAN JOSE SANCHEZ DEL RIO,TIABAYA,SAN JOSÉ
1335355,NANTERRE,CERRO COLORADO,AREQUIPA
1631100,ARCANGEL SAN MIGUEL,JOSE LUIS BUSTAMANTE Y RIVERO,SIMON BOLIVAR
518373,JORGE BASADRE,YANAQUIHUA,YANAQUIHUA
895847,40217 VIRGEN DE LA ASUNTA,SAN JUAN DE TARUCANI,SALINAS HUITO
1260348,HIJOS DE MARIA AUXILIADORA,CERRO COLORADO,SEMI RURAL PACHACUTEC
895607,NUESTRA SEÑORA DE COPACABANA,PAUCARPATA,CIUDAD BLANCA
895722,PAMER AREQUIPA,AREQUIPA,AREQUIPA
679027,NUESTRA SEÑORA DE LAS PEÑAS,APLAO,APLAO
1380120,ALLIN YACHAYWASI,CHACHAS,TOLCONI
894824,GRAN PADRE SAN AGUSTIN,SACHACA,AREQUIPA
1525344,STANFORD MOORE,SOCABAYA,SOCABAYA
1754506,SAN CRISTÓBAL,YANAQUIHUA,SAN CRISTÓBAL
712414,VIRGEN DE COPACABANA,CAHUACHO,CAHUACHO
636217,SAN ANTONIO MARIA CLARET,JACOBO HUNTER,SAN JUAN DE DIOS
1338920,MARKKHAN,PAUCARPATA,LA COLONIAL
899419,ESPECIAL DE RAPIDO APRENDIZAJE ALFRED BINET,JOSE LUIS BUSTAMANTE Y RIVERO,EL QUINCE
1798677,LOS DINAMICOS,MAJES,PEDREGAL SUR
617191,40315 JOSE MARIA ARGUEDAS,PAUCARPATA,CIUDAD BLANCA
1271733,CARLOS NORIEGA JIMENEZ,HUANUHUANU,MOLLEHUACA
1782846,EL MIRADOR AQP,ALTO SELVA ALEGRE,INDEPENDENCIA
898122,VIRGEN DE CHAPI,MAJES,CIIUDAD MAJES
1349380,VIRGEN DE LA RECONCILIACION,CAMANA,CAMANA
579698,40163 BENIGNO BALLON FARFAN,PAUCARPATA,AREQUIPA
589440,SAN ANTONIO DE LA PIEDRA,QUICACHA,QUICACHA
1722156,NEWTON PERUARBO,CAYMA,AREQUIPA
309401,MAYTA CAPAC,CAYMA,CAYMA
1538511,ST MICHAEL'S SCHOOL,CERRO COLORADO,LA LIBERTAD
1117571,CIENCIAS LEONARD EULER,SOCABAYA,SAN MARTIN DE SOCABAYA
1032135,WOLFGANG GOETHE,JOSE LUIS BUSTAMANTE Y RIVERO,URBANIZACION VILLA ELECTRICA
1645548,SANTISIMO NIÑO DE MARIA,MIRAFLORES,22 DE AGOSTO 405
1686823,CRISTO REY DE REYES,MARIANO NICOLAS VALCARCEL,SECOCHA
1800820,VENADO,MARIANO NICOLAS VALCARCEL,VENADO DE ORO
1773712,EL BUEN PASTOR,ISLAY,AVIS BELLO HORIZONTE
1271691,40661 ISABEL KRIEGER BEATO,MAJES,ASENTAMIENTO E 3
1799303,ECOSCHOOL,PAUCARPATA,GUARDIA CIVIL
1770080,FERNANDO VARGAS RUIZ DE SOMOCURCIO,JACOBO HUNTER,
1626928,40577 CHOCÑIHUAQUI,CAYARANI,COMUNIDAD DE CHOCÑIHUAQUI
1379361,CPED 40281,SAMUEL PASTOR,
891846,41515 REINO DE ESPAÑA,OCOÑA,ANEXO LA PLANCHADA
1527001,40194,MARIANO NICOLAS VALCARCEL,SECOCHA
1797067,DE CIENCIAS Y HUMANIDADES LORD KELVIN BUSTAMANTE,PAUCARPATA,JORGE CHAVEZ
498782,40075 HORACIO MORALES DELGADO,SACHACA,
1434810,COLEGIO DE CIENCIAS PROMEDIO 21,AREQUIPA,AREQUIPA
898031,JUSTO JUEZ,MAJES,EL PEDREGAL
309724,VICTOR RAUL HAYA DE LA TORRE,VITOR,
1719772,BRYCE LA JOYA,LA JOYA,LA JOYA
891788,41041 CRISTO REY,CAMANA,CAMANA
1341320,40236 CESAR VALLEJO,MARISCAL CACERES,PUCCHUN
1370105,CRISTIANO JESUS EL MAESTRO,NICOLAS DE PIEROLA,SAN JACINTO
1278530,JOYCE,AREQUIPA,AREQUIPA
309542,CARLOS W. SUTTON,LA JOYA,LA JOYA
1371392,DIVINA PROVIDENCIA,SOCABAYA,HORACIO ZEVALLOS GAMEZ
1372390,JESUS MAESTRO,CERRO COLORADO,BENIGNO BALLÓN FARFÁN
309591,NICOLAS DE PIEROLA,ACARI,ACARI
1607498,SANTA MARIA DEL ROSARIO,MAJES,PEDREGAL
794552,40284 PEDRO PAULET MOSTAJO,MAJES,SAN JUAN EL ALTO
310219,COLEGIO PARTICULAR MIXTO SANTA CLARA,JOSE LUIS BUSTAMANTE Y RIVERO,AREQUIPA
1801901,SAN DIEGO,MAJES,PEDREGAL
309450,MONSEÑOR LEONIDAS BERNEDO MALAGA,YARABAMBA,PUEBLO TRADICIONAL DE YARABAMBA
695288,40122 MANUEL SCORZA TORRES,JOSE LUIS BUSTAMANTE Y RIVERO,CERRO JULI
1277664,SAN ANDRES,JACOBO HUNTER,JACOBO HUNTER
3029790,DEEVY COLLEGE'S,MARIANO MELGAR,ALTO SAN MARTIN
1236108,PERUANO FRANCES JEAN HARZIC,JACOBO HUNTER,HUNTER
1422468,40698 SAN JUAN BAUTISTA DE MAJES,MAJES,PEDREGAL SUR
1337039,LA VALLEJO,AREQUIPA,AREQUIPA
1420488,LUIS FELIPE DE ORLEANS,AREQUIPA,IV CENTENARIO
1031293,LOS RANGERS,AREQUIPA,AREQUIPA
723197,40395,TISCO,COTA COTA
1339555,SAGRADOS CORAZONES DE JESUS Y MARIA,ALTO SELVA ALEGRE,APURIMAC
1719780,INTERNACIONAL SAN JUAN BAUTISTA,MAJES,EL PEDREGAL
1336957,SAN SEBASTIAN,PAUCARPATA,VILLA PORONGOCHE
1622836,JOULE CAYMA,CAYMA,PUEBLO TRADICIONAL
1273655,40568,CAYARANI,ARCATA
1763176,CULTURA ORIENTAL,AREQUIPA,AREQUIPA
309583,HORTENCIA PARDO MANCEBO,CHALA,CHALA
1607191,NUESTRO SEÑOR DE LOS MILAGROS,LA JOYA,SAN CAMILO
1651488,CONO NORTE LINUS PAULING,CERRO COLORADO,URB JOSE LUIS  BUSTAMANTE Y RIVERO
1654136,PALMER,PAUCARPATA,JORGE CHAVEZ
1799857,REAL SCHOOL CAM,YURA,CIUDAD DE DIOS
1607159,40656 SAN FRANCISCO DE ASÍS,MAJES,CENTRO POBLADO E2
1636406,ANDRES DE SANTA CRUZ,CERRO COLORADO,ZAMACOLA
589838,ANDRES AVELINO CACERES,HUAMBO,HUAMBO
1532928,SAN IGNACIO,MARIANO MELGAR,PUEBLO JOVEN ATALAYA
1455047,GRAN MAESTRO JUAN ENRIQUE PESTALOZZI,JACOBO HUNTER,UGEL AREQUIPA SUR
1335231,DE CIENCIAS DIVINO NIÑO JESUS,TIABAYA,TIABAYA
891812,JULIO ERNESTO PORTUGAL,JOSE LUIS BUSTAMANTE Y RIVERO,HUACAPUY
1334663,SOLARIS,YURA,CIUDAD DE DIOS
1263441,MAXWELL SCHOOL,MAJES,EL PEDREGAL
1031707,PAULO VI,PAUCARPATA,AREQUIPA
1797919,41502,MAJES,ASENTAMIENTO D5
579573,40159 EJERCITO AREQUIPA,MIRAFLORES,AREQUIPA
636514,SANTA TERESITA DE LISIEUX,MIRAFLORES,MIRAFLORES
309302,JUANA CERVANTES DE BOLOGNESI,AREQUIPA,
1769041,HOWARD GARDNER SCHOOL,YURA,CIUDAD DE DIOS
1692060,PIEDADES DE CIUDAD DE DIOS,YURA,CIUDAD DE DIOS
309534,INDEPENDENCIA DEL PERU,CARAVELI,CARAVELÍ
1799105,SAN FRANCISCO DE SALES,CERRO COLORADO,ASOCIACION PRIMAVERA
1540947,NUESTRA SEÑORA DEL DIVINO AMOR,CERRO COLORADO,AREQUIPA
1369701,CEDEU LEONCIO PRADO,AREQUIPA,AREQUIPA
579599,40010 JULIO C TELLO,PAUCARPATA,CIUDAD BLANCA
698308,40201 TECNICO AGROPECUARIO LA COLINA,MAJES,CP SANTA MARIA LA COLINA
1801398,DOMINGO SAVIO,MARIANO NICOLAS VALCARCEL,SECOCHA
1335132,FARADAY,AREQUIPA,AREQUIPA
891937,GRUPO MEGA,CAMANA,CAMANA
1692078,VIRGEN DE COPACABANA,MARIANO NICOLAS VALCARCEL,SECOCHA
1703701,JOULE CIUDAD MUNICIPAL,CERRO COLORADO,CIUDAD MUNICIPAL
1790690,I.E.P. EDWARD NORTON,SOCABAYA,AREQUIPA
3001088,J. POINCARÉ,AREQUIPA,AREQUIPA
1607316,40097 REPUBLICA DE CANADA,MAJES,BELLO HORIZONTE
1465798,SANTO CATOLICO DON BOSCO,HUNTER,AREQUIPA
1649656,NOVA STEINER,MARIANO MELGAR,
1768506,EL EMPERADOR,CERRO COLORADO,CARLOS BACA FLOR
310177,COLEGIO PERUANO ALEMÁN MAX UHLE,SACHACA,AREQUIPA
1379379,CPED 40259,OCOÑA,PUMACOTO
1262328,CRISTIAN BARNARD,CAYMA,FRNCISCO BOLGNESI
1333426,VIRGEN DEL ROSARIO,CERRO COLORADO,AREQUIPA
1629856,SAN PEDRO DE ALCANTARA,JACOBO HUNTER,SAN JUAN DE DIOS
1773258,40234 JUAN PABLO II,MARIANO NICOLAS VALCARCEL,URASQUI
1337146,MI PEQUEÑO REYNO SAN LORENZO,MARIANO MELGAR,SAN LORENZO
1765544,ALEXANDER GRAHAM BELL,MARIANO MELGAR,MARIANO MELGAR
712745,40515 SAN SEBASTIAN,CHARCANA,CHARCANA
1364892,BRITANICO EUROPEO DUNALASTAIR,SACHACA,YANAHUARA
895763,VINCENT VAN GOGH,CERRO COLORADO,LA LIBERTAD
1470046,REICH LA PERLA,AREQUIPA,AREQUIPA
1802123,JOSE LUIS BUSTAMANTE SCHOOL,PAUCARPATA,CAMPO MARTE
1629542,40106 JUAN SANTOS ATAHUALPA,CERRO COLORADO,JOSE SANTOS ATAHUALPA
1654573,GRAN SABIO ALBERT EINSTEIN,MARIANO NICOLAS VALCARCEL,SECOCHA
1620236,I.E.40221 CORAZON DE JESUS,SOCABAYA,PUEBLO VIEJO
1790161,DEL SOLAR,PAUCARPATA,PAUCARPATA
1117456,LA CANTUTA DE AREQUIPA,MIRAFLORES,AREQUIPA
1777069,RONALD FISHER,CERRO COLORADO,PERUARBO
1253905,SAN JOSE OBRERO,ALTO SELVA ALEGRE,AREQUIPA
309716,MIGUEL GRAU,ATICO,LA FLORIDA
1756394,HOLY SCHOOLS,CERRO COLORADO,
1262120,SANTA MARIA DE FATIMA,SOCABAYA,SOCABAYA
309468,SAN MARTIN DE SOCABAYA,SOCABAYA,SOCABAYA
1203843,BALMER JESUCRISTO REY,YANAHUARA,AREQUIPA
1031582,40172,SOCABAYA,VILLA EL GOLF
695270,40256 CARLOS MANCHEGO RENDON,SOCABAYA,4 DE OCTUBRE
1764844,SAN FRANCISCO JAVIER - CIRCA,MARIANO MELGAR,
310144,SAGRADO CORAZON,CERRO COLORADO,AREQUIPA
899427,BRUNING HANS HEIMBRICH,CERRO COLORADO,
1367184,HEFZIBA,YANAHUARA,AREQUIPA
1368463,HENRY FORD,CHALA,CHALA
1116185,SAN IGNACIO DE LOYOLA,CERRO COLORADO,AREQUIPA
1628767,SAN MAXIMILIANO KOLBE,CERRO COLORADO,MONSERRAT
1572346,MILAGROSA VIRGEN DEL CARMEN,CERRO COLORADO,VILLA PARAISO
1634252,MARIA DEL REDENTOR,PAUCARPATA,MANCO CAPAC
3047594,DIOS ES AMOR,UCHUMAYO,CERRO VERDE
1443860,SAN FERNANDO,CAYMA,LA TOMILLA
1776590,MONTE CARMELO,SAMUEL PASTOR,SAMUEL PASTOR
613158,SAN FRANCISCO DE ASIS,JAQUI,JAQUI
1751056,BALMER CAYMA,CAYMA,ACEQUIA ALTA
1032234,SAN VICENTE DE PAUL,JOSE LUIS BUSTAMANTE Y RIVERO,DOLORES
501189,40127 SEÑOR DEL ESPIRITU SANTO,CHIGUATA,CHIGUATA
1237346,ANDENES DE CHILINA,ALTO SELVA ALEGRE,INDEPENDENCIA
1337872,SAN IGNACIO EDUCADOR,PAUCARPATA,AREQUIPA
1371640,CORONEL LEONCIO PRADO,MAJES,EL PEDREGAL
1694116,J.N. ANDREWS - VILLA ESPERANZA,LA JOYA,SAN JOSE
3051109,EL PACIFICADOR LINUS PAULING,CERRO COLORADO,AREQUIPA
1463694,GRAN PADRE AMADO,PAUCARPATA,NICARAGUA
1333400,ALEXANDER FLEMING,MAJES,EL PEDREGAL
1751437,DIVINO MAESTRO DE CHAPARRA,CHAPARRA,CHAPARRA
1334689,GABRIELA MISTRAL,AREQUIPA,AREQUIPA
1119247,SANTA MARIA NEW SCHOOL,CAMANA,CAMANA
1032226,JACOBO DICKSON HUNTER,JACOBO HUNTER,AREQUIPA
695213,STANFORD,AREQUIPA,AREQUIPA
899302,JESUS,LA JOYA,LA JOYA
1622778,JOHN FORBES,CERRO COLORADO,
310185,JESÚS NAZARENO,PAUCARPATA,PUEBLO TRADICIONAL
1801919,SANTISIMA VIRGEN DE CHAPI,SOCABAYA,SOCABAYA
891994,MENDEL CAMANA,CAMANA,CAMANÁ
1525245,ITALO PERUANO ALESSANDRO VOLTA,CHARACATO,CHARACATO
1278571,THOMAS M.C.,YURA,CIUDAD DE DIOS
1761675,EUROAMERICANO DIVINO NIÑO JESUS,CERRO COLORADO,MARISCAL CASTILLA
1780865,BALMER JUVENTUS,CERRO COLORADO,CERRO COLORADO
1470582,VIRGEN DEL CARMEN MILAGROSA,AREQUIPA,AREQUIPA
1338763,BENJAMIN FRANKLIN,SACHACA,PAMPAS DE CAMARONES
1761188,SAN MATEO ANGLICAN SCHOOL SEDE ALTO LIBERTAD,CERRO COLORADO,
1658194,40093 NIVEL SECUNDARIO,LA JOYA,LA CANO
892091,SIMON BOLIVAR,CHAPARRA,CHÁPARRA
1799782,40675 GRAL. VELAZCO ALVARADO,CHIGUATA,LOS PORTALES
1443795,CEDEU ALFRED BINET,AREQUIPA,AREQUIPA
1731785,VILLARREAL,SOCABAYA,SOCABAYA
1279652,SAN MATEO ANGLICAN SCHOOL SEDE ZAMACOLA,CERRO COLORADO,
1642867,SEÑOR DE LA CAÑA,CERRO COLORADO,AREQUIPA
1435528,GRUPO AMERICAN SCHOOLS,CERRO COLORADO,AREQUIPA
1662949,SAN MARCOS - AREQUIPA,CERRO COLORADO,PERUARBO
1800838,I.E.P SAN FRANCISCO DE CIUDAD DE DIOS,YURA,AREQUIPA
3020617,SAN PABLO DE AREQUIPA,AREQUIPA,CERCADO
1391929,IBEROAMERICANO,CERRO COLORADO,SEMI RURAL PACHACUTEC
1431865,BALMER,CERRO COLORADO,AREQUIPA
1720101,SAN ESTEBAN,CERRO COLORADO,AREQUIPA
3050341,JESUS MAESTRO I,CERRO COLORADO,VILLA SANTA MARIA
1338680,STELLA MARIS,JOSE LUIS BUSTAMANTE Y RIVERO,ADEPA
3050168,MATER DEI SCHOOL,CHARACATO,AREQUIPA
1339514,PADRE MARTIN,JACOBO HUNTER,JACOBO HUNTER
1120484,SAN CARLOS,JOSE LUIS BUSTAMANTE Y RIVERO,
1337088,THALES DE MILETO,SOCABAYA,AREQUIPA
1663871,ALEJANDRO BULLON PAUCAR,SOCABAYA,AREQUIPA
1253947,LEONCIO PRADO,ALTO SELVA ALEGRE,AREQUIPA
1667286,SAN FERNANDO REY,SOCABAYA,SOCABAYA
1691625,MERE DU CHRIST,MIRAFLORES,AREQUIPA
1751320,ILUMINADORA VIRGEN DEL CARMEN,CERRO COLORADO,AREQUIPA
3039377,HAPPY CHILDREN,ATICO,LA FLORIDA
1634187,GRECOS,CERRO COLORADO,GUILLERMO MERCADO
895938,SAN BENITO DE PALERMO,SOCABAYA,SAN MARTIN DE SOCABAYA
1344514,SANTILLANA,SOCABAYA,LARA TRADICIONAL
1802024,PALMER DE MARIANO MELGAR,MARIANO MELGAR,
899393,ESTADO DE SUECIA,CERRO COLORADO,12 DE OCTUBRE
896837,PABLO FREIRE,CHARACATO,CHARACATO
1254267,SAN PEDRO CHANEL,CERRO COLORADO,MERCADO MAYORISTA
1798354,MIGUEL ANGEL ASTURIAS SCHOOL,CERRO COLORADO,APIPA
1305770,THOMAS M.C. II,CAYMA,LAS MALVINAS
1402528,WOLFANG AMADEUS MOZART,JOSE LUIS BUSTAMANTE Y RIVERO,URBANA
589416,NUESTRA SEÑORA MARIA DEL PILAR,CHAPARRA,ACHANIZO
1656644,SEÑOR DEL GRAN PODER,SOCABAYA,AREQUIPA
1120526,GALILEANO PERUANO ITALIANO,AREQUIPA,AREQUIPA
723353,MARIA DE LA MERCED,JACOBO HUNTER,HUNTER
579631,40009 SAN MARTIN DE PORRES,PAUCARPATA,PAUCARPATA
1116417,MARIA REYNA,AREQUIPA,AREQUIPA
1415983,40542,HUAYNACOTAS,HUARCAYA
1749373,40667 CRISTO MORADO,MARIANO NICOLAS VALCARCEL,LA EUGENIA
1339977,JENS KNUDSEN,AREQUIPA,CERCADO
309187,G.U.E. MARIANO MELGAR VALDIVIESO,MARIANO MELGAR,AREQUIPA
1697002,CIRCULO JOULE,AREQUIPA,AREQUIPA
1642263,FUTURA SCHOOLS JOSE LUIS BUSTAMANTE Y RIVERO,JOSE LUIS BUSTAMANTE Y RIVERO,AREQUIPA
579714,INMACULADA CONCEPCION,JOSE LUIS BUSTAMANTE Y RIVERO,PEDRO DIEZ CANSECO
1679760,NUCLEO JOULE,AREQUIPA,AREQUIPA
3025863,GRUPO JOULE,CHARACATO,LA HUAYLLA
1419423,CEDEU JULIO RODRIGUEZ ENRIQUEZ,ALTO SELVA ALEGRE,GRAFICOS
1465756,JOULMER,MIRAFLORES,MIRAFLORES
1259381,LA CAMPIÑA,SOCABAYA,URB  LA CAMPIÑA
1799774,THOMAS M.C. III,CERRO COLORADO,HÉROES DE LA BREÑA
1336866,D'ANGELOUS CRISTI,ALTO SELVA ALEGRE,URB INDEPENDENCIA
