COD_MOD,CEN_EDU,DISTRITO,LOCALIDAD,AREA_CENSO,GES_DEP,NIV_MOD,P124B_NO,TOTAL_ALUMNOS,TOTAL_EQUIPOS_D01,EQUIPOS_OPERATIVOS_D02,SCORE_CARECIA,SCORE_IMPACTO,PRIORIDAD_PANEL_SOLAR
1720556,SIR ALEXANDER FLEMING,CERCADO,,1,B4,B0,2.0,300,41,41,0,0.8146870379497289,BAJA
0313890,40513 SAN MIGUEL ARCANGEL,ALCA,ANEXO DE CAHUANA,2,A1,B0,,29,31,15,1,0.462666338097585,MEDIA
1529767,COLEGIO SUPERIOR DE CIENCIAS NEWTON VIANNEY,YURA,,1,B4,B0,,207,34,34,0,0.7449482503696402,BAJA
0307819,41511 LIBERTADORES DE AMERICA,RIO GRANDE,SAN JUAN DE CHORUNGA,2,A1,B0,,201,120,90,1,0.8473385904386397,ALTA/URGENTE
0314237,40547,PAMPAMARCA,TECCA,2,A1,B0,,32,35,31,1,0.4874322326269098,MEDIA
0312611,40380,CALLALI,CALLALLI,2,A1,B0,,94,87,70,1,0.7014539181862987,ALTA/URGENTE
0637215,40582,SIBAYO,ANEXO SIOBAYO,2,A1,B0,,7,7,4,1,0.19184327254805322,MEDIA
1333285,TERESITA DE JESUS,CAYMA,DEAN VALDIVIA,1,B4,B0,,114,13,13,0,0.49704287826515525,BAJA
1203561,40681 FRAY MARTIN,MOLLENDO,BELLAVISTA,1,A1,B0,,174,33,21,0,0.7152538196155742,BAJA
0891374,41065,HUAYNACOTAS,CULYPAMPA,2,A1,B0,,5,7,3,1,0.18050763923114835,MEDIA
0612416,40501,SALAMANCA,PALCUYO,2,A1,B0,,1,11,3,1,0.1933218334154756,MEDIA
1608454,STEPHEN WILLIAM HAWKING,CERRO COLORADO,FRANCISCO GARCIA CALDDERON,1,B4,B0,,81,25,25,0,0.5422621981271563,BAJA
0219519,40144 AUGUSTO SALAZAR BONDY,MIRAFLORES,CHAPI CHICO,1,A1,B0,,351,46,46,0,0.8457368161655988,BAJA
0314120,40536 TUPAC AMARU II,TORO,ANEXO CASPI,2,A1,B0,,2,2,0,1,0.07762444553967472,MEDIA
1335181,GRAN PACIFICADOR LINUS PAULING,AREQUIPA,AREQUIPA,1,B4,B0,,139,29,29,0,0.65352390340069,BAJA
0695122,40230 SAN ANTONIO DEL PEDREGAL,MAJES,PEDREGAL,1,A1,B0,,967,0,0,0,0.5167570231641203,BAJA
0313270,40447 LA INMACULADA CONCEPCION,RIO GRANDE,PIUCA,2,A1,B0,,68,44,17,1,0.5930261212419912,MEDIA
3000908,SANTA MARGARITA KIDS,JACOBO HUNTER,,1,B4,B0,,2,3,3,0,0.09709216362740267,BAJA
0313189,40438,YANAQUIHUA,YANAQUIHUA,2,A1,B0,,46,47,47,1,0.5519960571710202,MEDIA
0313106,40430 JOSE SIMEON TEJEDA,ANDARAY,ANDARAY,2,A1,B0,,25,37,37,1,0.4740019714144899,MEDIA
1705508,SCHOOL MI PEQUEÑO PARAISO,CERRO COLORADO,,1,B4,B0,,98,17,17,0,0.5101034992607196,BAJA
1776145,LA PLACE,DEAN VALDIVIA,,1,B4,B0,,19,1,1,0,0.13294726466239526,BAJA
0845347,41053 SAN TARSICIO,APLAO,APLAO,1,A4,B0,,283,0,0,0,0.44147363233119763,BAJA
1658186,LAPLACE MOLLENDO,MOLLENDO,,1,B4,B0,,144,0,0,0,0.34216362740266143,BAJA
0612689,40569,CHOCO,ANEXO PACHAUMA,2,A1,B0,,3,2,1,1,0.08624938393297191,MEDIA
0307587,MARIA MONTESSORI,AREQUIPA,AREQUIPA,1,B4,B0,,44,2,2,0,0.21451453918186297,BAJA
1598515,JASLIN,CAYMA,EMBAJADA DE JAPON,1,B4,B0,,97,1,1,0,0.30335140463282406,BAJA
0891341,41058,HUAYNACOTAS,LLIHUA,2,A1,B0,,1,5,0,1,0.11643666830951208,MEDIA
1537851,NESTOR KIRCHNER,CERRO COLRADO,ALTO LIBERTAD,1,B4,B0,,24,31,31,0,0.44862000985707245,BAJA
0287789,41040 JOSE CARLOS MARIATEGUI,CAMANA,CAMANA,1,A1,B0,,488,33,28,0,0.838590438639724,BAJA
1271840,SANTA CRUZ,CHIVAY,CHIVAY,1,B4,B0,,26,19,19,0,0.3712419911286348,BAJA
0314039,40527,SAYLA,SAINA,2,A1,B0,,1,5,4,1,0.11643666830951208,MEDIA
1344258,CIENCIAS ITALO PERUANO ENRICO FERMI,MOLLENDO,MOLLENDO,1,B4,B0,,125,0,0,0,0.31875308033514044,BAJA
0313593,40479 MIGUEL GRAU,ISLAY,ISLAY,1,A1,B0,,362,69,68,0,0.883809758501725,BAJA
1272004,40696 SANTA MARIA,PAUCARPATA,SANTA MARIA,1,A1,B0,,140,35,30,0,0.6858058156727451,BAJA
1204163,LA FAYETTE,SACHACA,HUARANGUILLO,1,B4,B0,,92,23,23,0,0.5475603745687531,BAJA
1798495,11 DE MAYO,CAYMA,ONCE DE MAYO,1,A1,B0,,24,0,0,0,0.11742237555446032,BAJA
0313619,40481,MACHAGUAY,HUASICAC,2,A1,B0,,3,10,8,1,0.19763430261212422,MEDIA
1279496,BLAS PASCAL,AREQUIPA,CERCADO,1,B4,B0,,97,25,25,0,0.5714637752587481,BAJA
0218651,40059 ALEJANDRO SANCHEZ ARTEAGA,CERRO COLORADO,SEMI RURAL PACHACUTEC,1,A1,B0,,236,30,30,0,0.7431000492853623,BAJA
1117332,ALEXANDER FLEMING,AREQUIPA,AREQUIPA,1,B4,B0,,325,47,47,0,0.838836865450961,BAJA
1721018,ROBERT F. KENNEDY,PAUCARPATA,INDUISTRIAL EL CAYRO,1,B4,B0,,297,50,50,0,0.8337851158206013,BAJA
1618909,JUAN PABLO MAGNO,TIABAYA,NORTE,1,B4,B0,,90,9,9,0,0.4084524396254312,BAJA
0287573,41014 FORTUNATA GUTIERREZ DE BERNED,AREQUIPA,AREQUIPA,1,A1,B0,,257,55,55,0,0.8233119763430261,BAJA
0312017,40320 NUESTRA SEÑORA DEL ROSARIO,HUANCARQUI,HUANCARQUI,2,A1,B0,,65,54,54,1,0.6071956628881222,ALTA/URGENTE
0313080,40428 VIRGEN DE FATIMA,CHUQUIBAMBA,CHUQUIBAMBA,1,A1,B0,,123,27,20,0,0.6225973385904386,BAJA
0307413,SAN JOSE DE AREQUIPA,AREQUIPA,AREQUIPA,1,B4,B0,,502,43,43,0,0.8702562838836865,BAJA
0313254,40445 SAN MARTIN DE PORRAS DE YANQUE,CHICHAS,YANQUE,2,A1,B0,,1,6,5,1,0.13208477082306555,MEDIA
1333731,MADRE PEREGRINA SANTISIMA VIRGEN DE CHAPI,CERRO COLORADO,,1,B4,B0,,245,14,14,0,0.6238294726466239,BAJA
1342336,NUESTRA SEÑORA DEL CARMEN,URACA,CORIRE,1,A4,B0,,251,0,0,0,0.4255791030064071,BAJA
0218792,40073 VICTOR MANUEL PEROCHENA LUQUE,SANTA RITA DE SIGUAS,SANTA RITA DE SIGUAS,1,A1,B0,,460,139,129,0,0.954534253326762,BAJA
0307462,DE LOS SAGRADOS CORAZONES,CERCADO,AREQUIPA,1,B4,B0,,363,51,51,0,0.8595367175948743,BAJA
0312256,40344,APLAO,ANDAMAYO,2,A1,B0,,2,7,6,1,0.15524889107934944,MEDIA
0311142,40229 VIRGEN DE LA MEDALLA MILAGROSA,CAMANA,UCHUMAYO,1,A1,B0,,15,1,1,0,0.12272055199605716,BAJA
3029766,40641,TIPAN,CHUPACRA,2,A1,B0,1.0,7,5,5,2,0.16165598817151305,MEDIA
0313833,40507,COTAHUASI,CACHANA,2,A1,B0,,17,19,15,1,0.3491867915229177,MEDIA
0219741,40167 MARIA AUXILIADORA,COTAHUASI,COTAHUASI,1,A1,B0,,345,215,189,0,0.9396254312469197,BAJA
0313494,40469,SALAMANCA,MAUCALLACTA,2,A1,B0,5.0,4,22,10,1,0.32134056185312965,MEDIA
1334390,AMERICO GARIBALDI,YANAHUARA,AREQUIPA,1,B4,B0,,58,33,33,0,0.5384425825529817,BAJA
0220293,40225,YARABAMBA,SAN ANTONIO,2,A1,B0,,64,59,57,1,0.6136027599802859,ALTA/URGENTE
0477570,40506 EDUARDO LOPEZ DE ROMAÑA,PUNTA DE BOMBON,CATAS,2,A1,B0,,3,5,5,1,0.13368654509610647,MEDIA
0313320,40452 VIRGEN DE CHAPI,CHUQUIBAMBA,CUYAY,2,A1,B0,,4,10,9,1,0.2058896007885658,MEDIA
1188200,SAN VICENTE DE PAUL,MOLLENDO,MOLLENDO,1,B2,B0,,341,62,62,0,0.8681616559881715,BAJA
0307389,SAN FRANCISCO DE ASIS,MOLLENDO,,1,B2,B0,,171,33,32,0,0.7125431246919665,BAJA
0314070,40531 HONOFRE BENAVIDES,TOMEPAMPA,TOMEPAMPA,2,A1,B0,,79,27,19,1,0.5511335633316905,MEDIA
0312389,40357,URACA,TORAN,2,A1,B0,,7,10,10,1,0.22560374568753083,MEDIA
0312546,40373,VIRACO,COSTURO,2,A1,B0,3.0,2,7,6,1,0.15524889107934944,MEDIA
0844274,40650,ORCOPAMPA,CONDOYHUAYCO,2,A1,B0,1.0,5,4,4,2,0.13762937407589945,MEDIA
0639187,40576,VIRACO,UNRO,2,A1,B0,,1,2,1,1,0.06899950714637752,MEDIA
1337732,EDWIN ALEXANDER,MARIANO MELGAR,AREQUIPA,1,B4,B0,,104,7,7,0,0.41264169541646134,BAJA
1343508,GREGORY MENDEL,MAJES,EL PEDREGAL,1,B4,B0,,49,14,14,0,0.3796205027106949,BAJA
0287623,41019 REPUBLICA DE VENEZUELA,AREQUIPA,AREQUIPA,1,A1,B0,,209,113,97,0,0.8479546574667324,BAJA
0313072,40427,CHUQUIBAMBA,CARMEN ALTO,2,A1,B0,,4,7,6,1,0.17212912764908822,MEDIA
1773266,SAINT MICHAEL THE ARCHANGEL,DEAN VALDIVIA,EL ARENAL,1,B4,B0,,39,13,13,0,0.35140463282405127,BAJA
1577618,SANTA RAFAELA,MARIANO MELGAR,MARIANO MELGAR,1,B4,B0,,78,21,21,0,0.5093642188270084,BAJA
0313643,40484 VIRGEN DE FATIMA,DEAN VALDIVIA,LA CURVA,1,A1,B0,,251,105,95,0,0.865943814687038,BAJA
0220285,40224,PUYCA,ANEXO OCORURO,2,A1,B0,,36,28,19,1,0.4616806308526368,MEDIA
0312108,CESAR DURAN LAZARTE,TIPAN,TIPAN,2,A1,B0,,27,25,20,1,0.4205273533760473,MEDIA
0477604,NUESTRA SEÑORA DE LOURDES,PAUCARPATA,PJ MIGUEL GRAU,1,A4,B0,,292,110,99,0,0.889847215377033,BAJA
1339449,SAN PABLO DE TARSO,JACOBO HUNTER,HUNTER,1,B4,B0,,31,13,13,0,0.330704780680138,BAJA
1574029,TORRE FUERTE,JOSE LUIS BUSTAMANTE Y RIVERO,SIMON BOLIVAR,1,B4,B0,,199,29,29,0,0.7131591917200591,BAJA
0226795,40039 SANTA MARIA,YANAHUARA,YANAHUARA,1,A1,B0,,164,44,38,0,0.7394036471168063,BAJA
1673078,JOSE MARIA ARGUEDAS,CERRO COLORADO,PEQUEÑOS ARTESANO ZONA B,1,A1,B0,4.0,145,1,1,0,0.37050271069492363,BAJA
1278498,JOYCE,AREQUIPA,AREQUIPA,1,B4,B0,,163,44,44,0,0.7380482996550024,BAJA
0311688,40286,ACARI,HUARATO,2,A1,B0,,6,8,8,1,0.19800394282897982,MEDIA
0313478,40467,RIO GRANDE,LA CAPILLA,2,A1,B0,,16,12,6,1,0.28104977821586985,MEDIA
1030402,ALAS PERUANAS,AREQUIPA,AREQUIPA,1,B4,B0,,132,6,6,0,0.4379004435682602,BAJA
1726975,LAS GARDENIAS,MAJES,,1,A1,B0,4.0,68,1,0,0,0.24753573188762937,BAJA
0218693,40063,LA JOYA,CERRITO BUENA VISTA,2,A1,B0,,106,111,77,1,0.7354608181370133,ALTA/URGENTE
1333673,BRYCE S.A.C.,AREQUIPA,AREQUIPA,1,B4,B0,,108,26,26,0,0.5973385904386397,BAJA
3008083,ANGELES DEL SUR,CERRO COLORADO,APIPA,1,B4,B0,2.0,26,3,3,0,0.18839329719073436,BAJA
0311258,40240 LUZ A. CARNERO DONGO,OCOÑA,OCOÑA,2,A1,B0,,154,124,77,1,0.80704780680138,ALTA/URGENTE
0312322,40351,CHILCAYMARCA,CHAPACOCO,2,A1,B0,,6,15,7,1,0.27378018728437653,MEDIA
0314344,40558,QUECHUALLA,VELINGA,2,A1,B0,,5,2,1,1,0.10288319369147364,MEDIA
1270933,SANTIAGO ANTUNEZ DE MAYOLO,MARIANO MELGAR,,1,B4,B0,,14,2,2,0,0.13947757516017745,BAJA
0287508,7 DE AGOSTO,JOSE LUIS BUSTAMANTE Y RIV ERO,065672,1,A2,B0,,150,35,30,0,0.6977575160177427,BAJA
0310292,41045 CORAZON DE JESUS,CHUQUIBAMBA,CHUQUIBAMBA,1,A1,B0,,186,26,26,0,0.6880236569738788,BAJA
1116854,40670 EL EDEN FE Y ALEGRIA 51,CERRO COLORADO,,1,A4,B0,,560,0,0,0,0.5051749630359783,BAJA
0314211,40545,HUAYNACOTAS,PIRAMARCA,2,A1,B0,,6,12,8,1,0.24593395761458847,MEDIA
1607241,ANGELES EN EL PARAISO,MAJES,PEDREGAL,1,B4,B0,,57,0,0,0,0.19590931493346475,BAJA
0314245,40548 SANTA ROSA DE LIMA,PUYCA,CUSPA,2,A1,B0,,9,16,7,1,0.299162148841794,MEDIA
1030758,MADRE SANTA BEATRIZ,JOSE LUIS BUSTAMANTE Y RIVERO,AREQUIPA,1,B4,B0,,170,4,4,0,0.4531789058649581,BAJA
1371491,LICEO BLASTE MARIA,MARIANO MELGAR,SAN LORENZO,1,B4,B0,,7,4,4,0,0.14896500739280433,BAJA
1271964,40695 ESCUELA CONCERTADA SOLARIS,MARIANO MELGAR,AAHH LOS OLIVOS,1,A4,B0,,178,14,14,0,0.5815672745194678,BAJA
0314104,40534 JUAN MANUEL GUILLEN BENAVIDES,TORO,TORO,2,A1,B0,,9,7,6,1,0.2015771315919172,MEDIA
1772995,SAN JOSE SCHOOL,CHARACATO,AREQUIPA,1,B4,B0,,106,12,12,0,0.47486446525381965,BAJA
0287755,41037 JOSE GALVEZ,MIRAFLORES,EDIFICADORES MISTI,1,A1,B0,,159,14,14,0,0.5629620502710695,BAJA
0314260,40550,PUYCA,HUACTAPA,2,A1,B0,3.0,13,33,17,1,0.42952193198620015,MEDIA
0311993,40318,CHOCO,LLANCA,2,A1,B0,,3,11,6,1,0.21057171020207,MEDIA
0736033,40619,PAMPAMARCA,SECSENCAYLLA,2,A1,B0,,5,5,4,1,0.15032035485460818,MEDIA
0312363,40355,CHOCO,ANEXO DE MIÑA,2,A1,B0,,5,5,5,1,0.15032035485460818,MEDIA
0287425,40648,PUYCA,CHINCAYLLAPA,2,A1,B0,,35,27,22,1,0.4539181862986693,MEDIA
0313288,40448,YANAQUIHUA,CHARCO,2,A1,B0,4.0,15,31,28,1,0.42656481025135534,MEDIA
3029535,41519,HUAYNACOTAS,CENTRO POBLADO DE TACA,2,A1,B0,,1,0,0,1,0.022301626416954164,MEDIA
0895359,HANS CHRISTIAN ANDERSEN,PAUCARPATA,MANUEL PRADO,1,B4,B0,,79,17,17,0,0.4756037456875308,BAJA
0313965,40520 GREGORIO SEGOVIA,HUAYNACOTAS,VISBE,2,A1,B0,,19,25,25,1,0.40105963528831934,MEDIA
0312199,40338,VIRACO,PAMPACHACRA,2,A1,B0,,4,9,9,1,0.1936914736323312,MEDIA
0314096,40533 ANA DORILA BENAVIDES DE ANDIA,TOMEPAMPA,LOCRAHUANCA,2,A1,B0,,1,14,8,1,0.22412518482010843,MEDIA
1402452,HUELLITAS DE AMOR E.I.R.L.,JOSE LUIS BUSTAMANTE Y RIVERO,SIMON BOLIVAR,1,B4,B0,,68,10,10,0,0.3782651552488911,BAJA
0895268,AREQUIPA,JOSE LUIS BUSTAMANTE Y RIVERO,DOLORES,1,B4,B0,,58,7,7,0,0.322819122720552,BAJA
1117944,40679,PAMPAMARCA,RUMIHUASI,2,A1,B0,,5,8,4,1,0.1917200591424347,MEDIA
0796888,40620,CHACHAS,HUAYTAPALCA,2,A1,B0,,12,12,6,1,0.2700837851158206,MEDIA
0518670,40332,TAPAY,TOCALLO,2,A1,B0,,4,10,7,1,0.2058896007885658,MEDIA
0637181,40581,CHOCO,OJUYO,2,A1,B0,,2,10,3,1,0.18900936421882703,MEDIA
1253467,ADDISON,ALTO SELVA ALEGRE,VILLA ASUNCIÓN,1,B4,B0,,156,0,0,0,0.35694923607688517,BAJA
0314310,40555,QUECHUALLA,,2,A1,B0,1.0,3,3,3,2,0.10571710202069985,MEDIA
1645811,SAN MARTIN DE PORRAS,MARIANO NICOLAS VALCARCEL,SAN MARTIN,2,A1,B0,,70,29,26,1,0.5416461310990636,MEDIA
0311530,40270,CAHUACHO,AYROCA,2,A1,B0,,8,20,20,1,0.33169048792508626,MEDIA
0895292,CARRUSEL INFANTIL,PAUCARPATA,URBANIZACION 15 DE AGOSTO,1,B4,B0,,40,10,10,0,0.3172745194677181,BAJA
0712562,40613,CAYARANI,CHAIÑA,2,A1,B0,,12,10,4,1,0.24470182355840317,MEDIA
0891515,40468 ALEJANDRO ROJAS,RÍO GRANDE,LA HUACA,2,A1,B0,,33,26,24,1,0.4436914736323312,MEDIA
1525336,PERUANO BRASILERO PAULO COELHO,JOSE LUIS BUSTAMANTE Y RIVERO,AREQUIPA,1,B4,B0,,74,26,24,0,0.5374568753080335,BAJA
0313841,40508 LA ASUNCION,COTAHUASI,QUILLUNZA,2,A1,B0,,10,28,14,1,0.3932971907343519,MEDIA
0845289,41011,URACA,CASTILLA,2,A1,B0,1.0,4,11,9,2,0.21882700837851157,MEDIA
0311985,40317,CHACHAS,CHACHAS,2,A1,B0,,45,52,32,1,0.5590192212912765,MEDIA
0313312,40451,CHUQUIBAMBA,PAPACHACRA,2,A1,B0,,3,4,2,1,0.12099556431739773,MEDIA
1334820,TESORO DE JESUS,CERRO COLORADO,,1,B4,B0,,445,17,17,0,0.7248644652538196,BAJA
1528827,SAN JOSE SCHOOL,PAUCARPATA,AREQUIPA,1,B4,B0,,90,12,12,0,0.44603252833908325,BAJA
0218784,40072,SAN JUAN DE SIGUAS,TAMBILLO,2,A1,B0,,58,38,30,1,0.555446032528339,MEDIA
0313346,40454,CHUQUIBAMBA,PACHANA,2,A1,B0,,3,2,0,1,0.08624938393297191,MEDIA
0313239,40443 DIVINO NIÑO DE CASCONZA,IRAY,CASCONZA,2,A1,B0,,21,25,17,1,0.4052488910793494,MEDIA
0845305,BRYCE MARIANO MELGAR,MARIANO MELGAR,MARIANO MELGAR,1,B4,B0,,96,35,35,0,0.62247412518482,BAJA
1238401,40684 SAN JOSE OBRERO,YANAQUIHUA,CERRO RICO,2,A1,B0,,261,63,20,1,0.8369886643666831,ALTA/URGENTE
1351774,DIOS ES AMOR,UCHUMAYO,CERRO VERDE,1,B4,B0,,128,32,32,0,0.6583292262198127,BAJA
1271014,SANTA MARIA MAZZARELLO,SOCABAYA,SAN MARTIN DE SOCABAYA,1,B4,B0,,104,16,16,0,0.5102267126663381,BAJA
0220020,40197 FELIPE SANTIAGO SALAVERRY,SOCABAYA,SOCABAYA,1,A1,B0,,206,80,80,0,0.822819122720552,BAJA
0314013,40525 SAN SANTIAGO,PUYCA,PUYCA,2,A1,B0,,103,77,67,1,0.7052735337604732,ALTA/URGENTE
1721513,PASITOS DE ANGEL,CAYMA,ENACE,1,B4,B0,,11,5,5,0,0.1782897979300148,BAJA
0312009,40319,CHOCO,CHOCO,2,A1,B0,,11,15,5,1,0.29546574667323805,MEDIA
1657832,SEÑOR DE LOS MILAGROS,NICOLAS DE PIEROLA,SAN GREGORIO,1,B4,B0,,54,2,1,0,0.23385904386397238,BAJA
0311910,40310,APLAO,ACOY,2,A1,B0,,5,9,9,1,0.20206998521439132,MEDIA
0219683,40161 MONSEÑOR JOSE L. DEL CARPIO,PAUCARPATA,PAUCARPATA,1,A1,B0,,95,12,4,0,0.4561360275998029,BAJA
0313262,40446 MIGUEL GRAU,RÍO GRANDE,IQUIPÍ,2,A1,B0,,291,114,112,1,0.8920650566781665,ALTA/URGENTE
0314187,40542,HUAYNACOTAS,HUARCAYA,2,A1,B0,,63,40,21,1,0.5720798422868408,MEDIA
1704055,CHARACATITOS,CERRO COLORADO,SEMI RURAL PACHACÚTEC,1,B4,B0,,35,22,22,0,0.41991128634795466,BAJA
1339746,DIEGO DE SAN PEDRO,ALTO SELVA ALEGRE,EDIFICADORES,1,B4,B0,,69,16,16,0,0.44418432725480533,BAJA
0218941,40088 REYNO DE BELGICA,UCHUMAYO,UCHUMAYO,2,A1,B0,,167,244,244,1,0.8442582552981764,ALTA/URGENTE
1253301,SAN PIO X,CERRO COLORADO,UPIS MERCADO MAYORISTA,1,A4,B0,,378,12,12,0,0.6609167077378019,BAJA
1371566,SANTA CLARA DE JESUS,AREQUIPA,AREQUIPA,1,B4,B0,,8,3,3,0,0.13886150813208478,BAJA
0612382,40497,ANDARAY,ANEXO TUMPULLO,2,A1,B0,,2,7,6,1,0.15524889107934944,MEDIA
0220053,40200 REPUBLICA FEDERAL ALEMANA,JACOBO HUNTER,HUNTER,1,A1,B0,,294,0,0,0,0.4475110892065057,BAJA
0613182,41518,URACA,CANTAS,2,A1,B0,,6,9,9,1,0.20835386890093643,MEDIA
1541531,EL ALTIPLANO,YURA,EL ALTIPLANO,1,A1,B0,,515,36,36,0,0.8542385411532775,BAJA
0312421,40361 JESUS SERAPIO ABARCA CASTRO,ORCOPAMPA,MISAHUANCA,2,A1,B0,,10,25,13,1,0.37666338097585017,MEDIA
0313536,40473 JOSE EMILIO PACHECO ANTEZANA,MOLLENDO,MOLLENDO,1,A1,B0,,249,64,63,0,0.8315672745194678,BAJA
3046091,URACA,URACA,URACA,2,A1,B0,,10,2,2,1,0.1278955150320355,MEDIA
0312488,40367,TIPAN,YACMES,2,A1,B0,,2,9,9,1,0.1768112370625924,MEDIA
1031772,PERUANO SUIZO ALFRED WERNER,JOSE LUIS BUSTAMANTE Y RIVERO,AREQUIPA,1,B4,B0,,73,80,80,0,0.6559881715130607,BAJA
1728542,CHARLES PERRAULT,ALTO SELVA ALEGRE,PAMPAS DE POLANCO,1,B4,B0,,15,3,3,0,0.16153277476589453,BAJA
0894816,MUNDO MAGICO,MARIANO MELGA,SANTA ROSA,1,B4,B0,,2,1,1,0,0.0582799408575653,BAJA
0313148,40434 FRAY MARTIN DE PORRES,IRAY,IRAY,2,A1,B0,,20,26,24,1,0.40993100049285364,MEDIA
0311621,40280 NUESTRA SEÑORA DE FATIMA,YAUCA,YAUCA,2,A1,B0,,257,169,95,1,0.895884672252341,ALTA/URGENTE
0312769,40396,TUTI,TUTI,2,A1,B0,4.0,50,64,54,1,0.5866190241498275,MEDIA
1337955,SALOMON,MIRAFLORES,,1,B4,B0,,110,6,6,0,0.40746673238048303,BAJA
1622844,SABIO ALFRED BINET,CERRO COLORADO,MERCADO MAYORISTA,1,B4,B0,,209,38,38,0,0.7593642188270084,BAJA
1281930,MENDEL,SACHACA,AREQUIPA,1,B4,B0,,175,8,8,0,0.5125677673730902,BAJA
0313635,40483,COCACHACRA,LA AYANQUERA,2,A1,B0,,3,13,11,1,0.23348940364711682,MEDIA
0845370,INCA GARCILAZO DE LA VEGA,MARIANO MELGAR,ALTO SAN MARTIN,1,B4,B0,,44,23,23,0,0.4478807294233612,BAJA
0313718,"40494 JOSÉ ABELARDO,QUOÑONES GONZALES",MEJÍA,MEJÍA,2,A1,B0,,148,132,100,1,0.8026121241991129,ALTA/URGENTE
0312140,40333 SANTA ROSA DE LIMA,URACA,PUNTA COLORADA,2,A1,B0,,37,25,25,1,0.44825036964021686,MEDIA
0313197,40439 SAN JUAN BAUTISTA DE LA SALLE,YANAQUIHUA,ISPACAS,2,A1,B0,,160,110,40,1,0.8056924593395762,ALTA/URGENTE
0313163,40436,SALAMANCA,SALAMANCA,2,A1,B0,1.0,17,47,41,2,0.4791769344504682,MEDIA
0502922,40370,VIRACO,RITUY,2,A1,B0,,8,11,7,1,0.2437161163134549,MEDIA
0311480,40265,ACARI,EL MOLINO,2,A1,B0,4.0,12,21,21,1,0.35448496796451456,MEDIA
0844365,41064,ACARI,CHOCAVENTO,2,A1,B0,,7,9,7,1,0.2134056185312962,MEDIA
0226779,40038 JORGE BASADRE GROHMANN,JOSE LUIS BUSTAMANTE Y RIVERO,ALTO DE LA LUNA,1,A1,B0,,667,136,131,0,0.9691966485953671,BAJA
0736116,40621 PRIMARIA,CHACHAS,ANEXO CHUA PUCARA,2,A1,B0,4.0,3,2,2,1,0.08624938393297191,MEDIA
0314336,40557,TORO,LLALLIHUA,2,A1,B0,,3,3,1,1,0.10571710202069985,MEDIA
0472167,40398,SAN ANTONIO DE CHUCA,COLCA HUALLATA,2,A1,B0,,7,17,14,1,0.2995317890586496,MEDIA
0313460,40466 CRISTO SALVADOR,IRAY,PACAYCHACRA,2,A1,B0,,2,9,8,1,0.1768112370625924,MEDIA
0844159,41023,ORCOPAMPA,SARPANE,2,A1,B0,,4,13,13,1,0.2417447018235584,MEDIA
0313957,40519 SAN JUAN BAUTISTA,HUAYNACOTAS,TAURISMA,2,A1,B0,4.0,16,13,12,1,0.29152291769344507,MEDIA
0656082,40590,TISCO,CAYLLOMA,2,A1,B0,,1,3,2,1,0.08846722523410547,MEDIA
0723023,40609,ANDAGUS,ANEXO DE SAN ANTONIIO,2,A1,B0,,1,4,4,1,0.10374568753080335,MEDIA
0895862,SANTA MARIA DE BELEN,PAUCARPATA,CESAR VALLEJO,1,B4,B0,,90,0,0,0,0.2625677673730902,BAJA
1723923,NUEVA ESPERANZA DE LA ESPAÑOLITA,CHAPARRA,LA ESPAÑOLITA,2,A1,B0,,71,31,23,1,0.5585263676688024,MEDIA
0845115,NUESTRA SEÑORA DE LOURDES,AREQUIPA,TINGO,1,A4,B0,,313,34,27,0,0.799408575653031,BAJA
0312165,40335 VIRGEN DE CHAPI,URACA,TORETE,2,A1,B0,,31,24,24,1,0.4245933957614589,MEDIA
0895953,FRAY MARTIN,SOCABAYA,SAN MARTIN,1,B4,B0,,259,0,0,0,0.4305076392311483,BAJA
0736090,40623,CAYLLOMA,ÑEQUETA,2,A1,B0,,5,7,7,1,0.18050763923114835,MEDIA
1240241,40687 FELIX RIVAS GONZALEZ,CAYMA,01 DE JUNIO,1,A1,B0,,113,7,7,0,0.4255791030064071,BAJA
0517169,NEPTALI VALDERRAMA AMPUERO,PAUCARPATA,AREQUIPA,1,A2,B0,,451,18,18,0,0.7348447511089207,BAJA
1335264,LUCIEN FREUD,AREQUIPA,AREQUIPA,1,B4,B0,,199,20,20,0,0.6551256776737309,BAJA
0313502,40470,SALAMANCA,AYANCA,2,A1,B0,1.0,1,8,8,2,0.1578363725973386,MEDIA
1202480,MARIA MAZZARELLO,CAYMA,DEAN VALDIVIA,1,B4,B0,,167,37,37,0,0.7230162641695417,BAJA
0794198,40033  SAN AGUSTIN,HUNTER,UPIS PAISAJISTA,1,A1,B0,,156,29,24,0,0.6739773287333661,BAJA
1751833,INNOVA SCHOOLS - CERRO COLORADO,CERRO COLORADO,AREQUIPA,1,B4,B0,,702,9,9,0,0.6591917200591424,BAJA
1371517,NIÑO DIVINO,JOSE LUIS BUSTAMANTE Y RIVERO,LAS ESMERALDAS,1,B4,B0,,55,9,9,0,0.33600295712173484,BAJA
0313767,40499,COCACHACRA,SANTA MARIA,2,A1,B0,,3,5,0,1,0.13368654509610647,MEDIA
0219717,40164 JOSE CARLOS MARIATEGUI,PAUCARPATA,MANUEL PRADO,1,A1,B0,,306,108,68,0,0.8944061113849187,BAJA
1270727,FRANCIS COLLINS SCHOOL,MIRAFLORES,AREQUIPA,1,B4,B0,,159,19,19,0,0.6101527846229671,BAJA
1753862,ECOSCHOOL,PAUCARPATA,GUARDIA CIVIL,1,B4,B0,,80,36,36,0,0.5973385904386397,BAJA
0313296,40449 NUESTRA SEÑORA DEL ROSARIO,CHUQUIBAMBA,BUENA VISTA,2,A1,B0,,2,7,5,1,0.15524889107934944,MEDIA
0845131,NIÑO JESUS EL TERREMOTITO,CAYMA,LA TOMILLA,1,B4,B0,,187,30,30,0,0.7116806308526368,BAJA
1119528,WALTER PEÑALOZA RAMELLA,MARIANO MELGAR,MARIANO MELGAR,1,B4,B0,,235,32,32,0,0.7532035485460818,BAJA
0844647,40222 DIEGO THOMSON,ALTO SELVA ALEGRE,VILLA UNIÓN,1,A4,B0,,175,6,6,0,0.48681616559881713,BAJA
0312470,40366,TIPAN,TAGRE,2,A1,B0,,5,15,8,1,0.26749630359783144,MEDIA
0307777,41507,ACARI,OTAPARA,2,A1,B0,,28,32,32,1,0.4634056185312962,MEDIA
0312629,40381 SANTA ROSA DE LIMA,CAYLLOMA,CAYLLOMA,1,A1,B0,,255,230,189,0,0.9024149827501232,BAJA
0219055,40098,YANAHUARA,SUMBAY,2,A1,B0,,4,4,4,1,0.12925086249383932,MEDIA
0307298,SAN MARTIN DE PORRES,ACARI,AVARI,1,A4,B0,,188,40,40,0,0.7504928536224742,BAJA
0589622,40417,CAYLLOMA,CHINOSIRI,2,A1,B0,,4,6,6,1,0.15758994578610153,MEDIA
0314229,40546,PAMPAMARCA,CCOCHAPAMPA,2,A1,B0,4.0,6,4,4,1,0.14391325776244457,MEDIA
0312090,40328,PAMPACOLCA,SAN ANTONIO,2,A1,B0,,4,24,21,1,0.3356333169048793,MEDIA
0219113,40104,SAN JUAN DE SIGUAS,YURAMAYO,2,A1,B0,,34,4,2,1,0.2252341054706752,MEDIA
0745984,40518,COCACHACRA,EL FISCAL,2,A1,B0,,29,1,1,1,0.15882207984228683,MEDIA
0678896,40597,ANDAGUA,ANEXO DE CCALLHUA,2,A1,B0,1.0,2,5,2,2,0.12506160670280927,MEDIA
0287813,41048 CRISTO REY,COCACHACRA,COCACHACRA,1,A1,B0,,357,205,191,0,0.9423361261705274,BAJA
0311928,40311 JOSE RODRIGUEZ BUSTAMANTE,APLAO,COSOS,2,A1,B0,,45,52,45,1,0.5590192212912765,MEDIA
0219170,40110,SANTA ISABEL DE SIGUAS,TIN TIN,2,A1,B0,,5,14,10,1,0.25800887136520456,MEDIA
0307280,LA RECOLETA,AREQUIPA,ANTIQUILLA,1,B2,B0,,365,40,40,0,0.8355101034992607,BAJA
0312330,40352 BENJAMIN GOMEZ YANCAPALLO,CHILCAYMARCA,CHILCAYMARCA,2,A1,B0,,65,10,8,1,0.37259733859043864,MEDIA
0612325,40450,SALAMANCA,ANEXO CAPILLA,2,A1,B0,,2,11,8,1,0.2019467718087728,MEDIA
1117134,40672,SACHACA,VICTOR MALDONADO,1,A1,B0,,34,5,5,0,0.23792508624938394,BAJA
0617506,40492 DANIEL ALCIDES CARRION,MOLLENDO,MOLLENDO,1,A1,B0,,195,21,13,0,0.6609167077378019,BAJA
0218875,40081 MIGUEL CESAR AUGUSTO MAZEYRA ACOSTA,CAYMA,LEON XIII,1,A1,B0,,212,27,25,0,0.7119270576638739,BAJA
1759950,TALENT SCHOOL,AREQUIPA,AREQUIPA,1,B4,B0,,156,38,38,0,0.7138984721537703,BAJA
1607548,SAN CARLOS,MAJES,EL PEDREGAL,1,B4,B0,,191,29,28,0,0.7073681616559881,BAJA
0313981,40522 JUAN LUIS SOTO MOTTA,PAMPAMARCA,PAMPAMARCA,2,A1,B0,,31,16,16,1,0.3586742237555446,MEDIA
0307363,ADVENTISTA GENERAL JOSE DE SAN MARTIN,AREQUIPA,VALLECITO,1,B4,B0,,147,37,37,0,0.6999753573188763,BAJA
0226746,40034 MARIO VARGAS LLOSA,ALTO SELVA ALEGRE,,1,A1,B0,,441,105,105,0,0.9326022671266634,BAJA
0894337,40630 VIRGEN DEL CARMEN,PAUCARPATA,,1,A1,B0,,124,30,30,0,0.641695416461311,BAJA
0307561,MARIA AUXILIADORA,AREQUIPA,AREQUIPA,1,B2,B0,,203,6,6,0,0.5080088713652046,BAJA
0226928,40052 EL PERUANO DEL MILENIO ALMIRANTE MIGUEL GRAU,CAYMA,BUENOS AIRES,1,A1,B0,,274,39,36,0,0.7975603745687531,BAJA
0313379,40457 INMACULADA CONCEPCION,ANDARAY,HUASACA,2,A1,B0,,2,6,4,1,0.14070970921636275,MEDIA
0219477,40140,PAMPACOLCA,PAMPACOLCA,2,A1,B0,,163,68,68,1,0.775258748151799,ALTA/URGENTE
0312835,40403,CALLALLI,CAPILLA COLLPA,2,A1,B0,,1,3,2,1,0.08846722523410547,MEDIA
0588962,40120,YURA,PATAHUASI,2,A1,B0,4.0,7,4,4,1,0.14896500739280433,MEDIA
0312496,40368 VIRGEN DE LA FAMILIA,URACA,SARCAS,2,A1,B0,1.0,7,12,8,2,0.25098570724494823,MEDIA
1281419,KAROL WOJTYLA,CERRO COLORADO,AREQUIPA,1,B4,B0,,56,22,22,0,0.4664859536717595,BAJA
0311902,40309,APLAO,HUATIAPILLA,2,A1,B0,,30,21,21,1,0.40229176934450467,MEDIA
0307579,SAN PEDRO,AREQUIPA,AREQUIPA,1,B4,B0,,19,16,16,0,0.3275012321340562,BAJA
0313775,40500,COCACHACRA,CARRIZAL,2,A1,B0,,9,17,9,1,0.30926564810251356,MEDIA
0313759,40498,COCACHACRA,EL TORO,2,A1,B0,,20,16,16,1,0.3295958600295712,MEDIA
0844415,41061 JOSE ANTONIO ENCINAS,MAJES,AREQUIPA,2,A1,B0,,289,202,202,1,0.9154756037456875,ALTA/URGENTE
0313411,40461,CHICHAS,YACHANGUILLO,2,A1,B0,,1,8,8,1,0.1578363725973386,MEDIA
1751866,ANDREWS ROBERT MILLIKAN,CERRO COLORADO,CIUDAD MUNICIPAL,1,B4,B0,,209,4,4,0,0.4838590438639724,BAJA
0226423,40001 LUIS H BOURONCLE,AREQUIPA,AREQUIPA,1,A1,B0,,471,184,156,0,0.9662395268605224,BAJA
0898072,CIENCIAS SEÑOR DE LA JOYA - JUAN ORELLANA GARCIA,LA JOYA,LA JOYA,1,B4,B0,2.0,60,6,6,0,0.3125924100542139,BAJA
0896217,NUESTRA SRA. DE LA ASUNTA,CERRO COLORADO,ZAMACOLA,1,B4,B0,,255,24,14,0,0.7156234598324298,BAJA
0619320,ADVENTISTA EDUARDO FRANCISCO FORGA,JACOBO HUNTER,JACOBO HUNTER,1,B4,B0,,210,11,11,0,0.5742976835879744,BAJA
0313544,40474 JOSE CARLOS MARIATEGUI,MOLLENDO,MIRAMAR,1,A1,B0,,232,90,75,0,0.848324297683588,BAJA
1236066,MARIANISTA,JACOBO HUNTER,HUNTER,1,B4,B0,,269,12,12,0,0.6189009364218827,BAJA
0313882,40512 VIRGEN DE CHAPI,ALCA,AYAHUASI,2,A1,B0,,78,49,39,1,0.6245687530803352,ALTA/URGENTE
0895649,CHARLOTTE BUHLER,JOSE LUIS BUSTAMANTE Y RIVERO,PUERTA VERDE,1,B4,B0,,84,24,24,0,0.5393050763923115,BAJA
0287821,41049 EVERARDO ZAPATA SANTILLANA,PUNTA DE BOMBON,LA PUNTA,1,A1,B0,,238,115,115,0,0.8668063085263678,BAJA
0313650,40485 RUBEN LINARES LINARES,DEAN VALDIVIA,EL ARENAL,1,A1,B0,,154,89,77,0,0.7856086742237556,BAJA
0219386,40131 NIÑO JESUS DE PRAGA,MARIANO MELGAR,URBANIZACION SANTA ROSA,1,A1,B0,,113,20,10,0,0.5602513553474617,BAJA
0678847,DE JESUS E.I.R.L.,CAMANÁ,CAMANÁ,1,B4,B0,,148,16,16,0,0.5689995071463775,BAJA
1789676,INNOVA SCHOOLS - AREQUIPA MIRAFLORES,MIRAFLORES,AREQUIPA,1,B4,B0,,361,78,78,0,0.8918186298669295,BAJA
0844688,40119,MAJES,ASENTAMIENTO D,2,A1,B0,,8,5,5,1,0.1668309512074914,MEDIA
0311274,40242,OCOÑA,PESCADORES,2,A1,B0,4.0,22,26,18,1,0.4152291769344505,MEDIA
0307751,41505,ORCOPAMPA,ORCOPAMPA,1,B5,B0,,146,32,30,0,0.6798915722030556,BAJA
0226654,40025 SANTA DOROTEA,AREQUIPA,JUVENTUD FERROVIARIA,1,A1,B0,,168,52,19,0,0.75837851158206,BAJA
0312058,40324 JOSE MIGUEL MORALES DASSO,ORCOPAMPA,ORCOPAMPA,1,A1,B0,,305,261,261,0,0.9284130113356333,BAJA
1270248,PARAISO INFANTIL,PAUCARPATA,UGEL AREQUIPA SUR,1,B4,B0,,19,3,3,0,0.17175948743223263,BAJA
0312504,40369,URACA,EL DIQUE,2,A1,B0,1.0,4,7,5,2,0.17212912764908822,MEDIA
0219766,40169 SAN ISIDRO LABRADOR DE PUCCRO,HUANCA,PUCCRO,2,A1,B0,,2,1,1,1,0.0582799408575653,MEDIA
0313973,40521,HUAYNACOTAS,ANEXO DE ANTABAMBA,2,A1,B0,3.0,2,6,5,1,0.14070970921636275,MEDIA
0897850,40663,LLUTA,HATUMPATA,2,A1,B0,,2,6,6,1,0.14070970921636275,MEDIA
0219105,40103 LIBERTADORES DE AMERICA,CERRO COLORADO,RÍO SECO,1,A1,B0,,588,61,39,0,0.909561360275998,BAJA
0844233,40321,TISCO,TARUCAMARCA,2,A1,B0,,7,29,12,1,0.3845490389354362,MEDIA
0312884,40408 SAN BASILIO MAGNO,HUANCA,SAN BASILIO,2,A1,B0,,2,1,1,1,0.0582799408575653,MEDIA
0313064,40426 JOSE OLAYA,YANAQUIHUA,YAUCE LA BARRERA,2,A1,B0,,68,36,23,1,0.5722030556924593,MEDIA
0287409,40644,ORCOPAMPA,HUANCARAMA,2,A1,B0,,22,30,20,1,0.43753080335140465,MEDIA
0307231,SANTA ROSA DE LIMA Y LAS AMERICAS,ALTO SELVA AELGRE,ALTO SELVA AELGRE,1,A4,B0,,203,56,37,0,0.795465746673238,BAJA
0845172,FRANCISCO ROJAS SCHOOL,AREQUIPA,AREQUIPA,1,B4,B0,,89,6,6,0,0.3693937900443568,BAJA
0313809,40503 JOSE OLAYA,DEAN VALDIVIA,EL BOQUERÓN,2,A1,B0,,3,26,16,1,0.34179398718580584,MEDIA
0312991,40419,TAPAY,SAN JUAN DE CHUCCHO,2,A1,B0,,3,7,5,1,0.16387382947264664,MEDIA
0723155,40611,YANQUE,,2,A1,B0,,2,3,1,1,0.09709216362740267,MEDIA
1659119,EL SEÑOR JESUCRISTO,LA JOYA,ESTACION VITOR,1,B4,B0,4.0,63,6,6,0,0.3196155741744702,BAJA
0219972,40192,QUEQUEÑA,QUEQUEÑA,2,A1,B0,,34,63,54,1,0.5489157220305569,MEDIA
0312157,40334,URACA,EL PEDREGAL,2,A1,B0,,12,38,38,1,0.4435682602267127,MEDIA
0311167,40231,JOSE MARIA QUIMPER,EL CARDO,2,A1,B0,,14,21,20,1,0.3606456382454411,MEDIA
1761659,LINUXS SCHOOL,YANAHUARA,AREQUIPA,1,B4,B0,,44,2,2,0,0.21451453918186297,BAJA
0314351,40559,SAYLA,YANAYA,2,A1,B0,1.0,3,1,1,2,0.0669048792508625,MEDIA
1775774,JARDIN DEL COLCA,YURA,JARDIN DEL COLCA,2,A1,B0,1.0,106,0,0,2,0.2913997042878265,MEDIA
1642107,COLLEGE TALENTOS,PAUCARPATA,,1,B4,B0,,71,17,17,0,0.45933957614588466,BAJA
0313171,40437,TAPAY,TAPAY,2,A1,B0,,12,8,8,1,0.22215377033021194,MEDIA
0311944,40313 SAN IGNACIO DE LOYOLA,APLAO,ANEXO LA REAL,2,A1,B0,,55,43,43,1,0.5596352883193692,MEDIA
1673094,MI DIVINO NIÑO JESUS,CAYMA,COMPLEJO HABITACIONAL DEAN VALDIVIA,1,A1,B0,,141,3,3,0,0.4047560374568753,BAJA
1730878,M. GANDHI,CERRO COLORADO,AREQUIPA,1,B4,B0,,69,14,11,0,0.42410054213898474,BAJA
1369602,SAN JOSE MARIA E.B.,CERRO COLORADO,ALTO LIBERTAD,1,B4,B0,,83,15,14,0,0.4615574174470183,BAJA
0655779,40202 CHARLOTTE,YURA,CIUDAD DE DIOS,1,A1,B0,,661,17,17,0,0.7438393297190734,BAJA
1344456,SAN GUILLERMO DE VERCELLI,HUNTER,AREQUIPA,1,B4,B0,,97,30,30,0,0.6005421389847215,BAJA
1263086,JOHANN MENDEL,JACOBO HUNTER,HUNTER,1,B4,B0,,125,8,8,0,0.4542878265155249,BAJA
0314021,40526,SAYLA,SAYLA,2,A1,B0,1.0,15,2,2,2,0.1420650566781666,MEDIA
0313387,40458 SAN JUAN BAUTISTA,CAYARANI,CAYARANI,2,A1,B0,4.0,129,82,32,1,0.7493839329719074,ALTA/URGENTE
0226753,IE VAB 40035,CERRO COLORADO,AREQUIPA,1,A1,B0,,618,150,142,0,0.9714144898965007,BAJA
0541813,40165 SAN JUAN BAUTISTA DE LA SALLE,AREQUIPA,UMACOLLO,1,A4,B0,,577,279,267,0,0.9833661902414983,BAJA
1031442,ALMIRANTE MIGUEL GRAU,MAJES,PEDREGAL,1,A1,B0,,529,50,47,0,0.8882454411039922,BAJA
1119999,SANTA MARIA MADRE,JOSE LUIS BUSTAMANTE Y RIVERO,AREQUIPA,1,B4,B0,,190,22,22,0,0.6632577624445539,BAJA
0844332,40607,CHACHAS,CHECOTAÑA,2,A1,B0,,23,17,2,1,0.3473385904386397,MEDIA
0312983,40418,TAPAY,CAYLLOMA,2,A1,B0,,7,7,7,1,0.19184327254805322,MEDIA
1768142,INNOVA SCHOOLS SACHACA,SACHACA,SACHACA,1,B4,B0,,345,157,157,0,0.9308772794480039,BAJA
1351634,EL BUEN MAESTRO,AREQUIPA,AREQUIPA,1,B4,B0,,54,6,6,0,0.2969443075406604,BAJA
1672617,LUIZ FRANCISCO FONTES,CERRO COLORADO,AREQUIPA,1,B4,B0,,44,16,16,0,0.3897240019714145,BAJA
0219840,40178 VICTOR RAUL HAYA DE LA TORRE,PAUCARPATA,MIGUEL GRAU,1,A1,B0,,154,21,20,0,0.6218580581567275,BAJA
0312694,40389 MIGUEL LINARES MALAGA,LLUTA,CENTRO POBLADO DE TAYA,2,A1,B0,,8,11,11,1,0.2437161163134549,MEDIA
1663095,ALTO SELVA ALEGRE LINUS PAULING,ALTO SELVA ALEGRE,GRAFICOS,1,B4,B0,,82,24,24,0,0.5364711680630853,BAJA
0314047,40528,SAYLA,SURUPAMPA,2,A1,B0,,9,3,2,1,0.14342040413997043,MEDIA
0218834,40078 SAGRADO CORAZON DE JESUS DE SACHACA,SACHACA,TIO CHICO,1,A1,B0,,60,23,16,0,0.4828733366190241,BAJA
0219808,40174 PAOLA FRASSINETTI,PAUCARPATA,MIGUEL GRAU,1,A4,B0,,545,138,134,0,0.9625431246919665,BAJA
0226704,40030 SAN FRANCISCO DE ASIS,CAYLLOMA,JACHAÑA,2,A1,B0,,41,15,15,1,0.37272055199605714,MEDIA
0723460,ST. ANDREW,JOSE LUIS BUSTAMANTE Y RIVERO,AREQUIPA,1,B4,B0,,265,83,81,0,0.860152784622967,BAJA
0312728,40392 JOSE A. ENCINAS FRANCO,SAN ANTONIO DE CHUCA,IMATA,2,A1,B0,,73,53,20,1,0.6243223262690981,ALTA/URGENTE
0313577,40477 HILDA CANDIOTTI DE BORGER,MOLLENDO,MOLLENDO,1,A1,B0,,50,32,4,0,0.5151552488910793,BAJA
0542613,40238 NUESTRA SEÑORA DEL CARMEN,SAMUEL PASTOR,EL CARMEN,1,A1,B0,,187,34,33,0,0.7313947757516017,BAJA
1760305,COLEGIO MAYOR MENDEL,AREQUIPA,,1,B4,B0,,194,10,10,0,0.5501478560867423,BAJA
1116094,40674,PAMPAMARCA,LARCCO,2,A1,B0,5.0,3,1,1,1,0.0669048792508625,MEDIA
0844712,41059,PAMPAMARCA,SANTA ROSA,2,A1,B0,2.0,4,1,1,1,0.07516017742730409,MEDIA
1639442,ALAS DORADAS,MAJES,CIUDAD MAJES,1,B4,B0,4.0,60,5,5,0,0.2969443075406604,BAJA
1385152,SOR ANA DE LOS ANGELES DE MONTEAGUDO,CERRO COLORADO,SOR ANA DE LOS ÁNGELES,1,A1,B0,,50,3,2,0,0.24593395761458847,BAJA
0312173,40336 SAGRADO CORAZON DE JESUS,VIRACO,VIRACO,2,A1,B0,,77,56,42,1,0.6371365204534254,ALTA/URGENTE
1798669,JOSE ABELARDO QUIÑONEZ,YURA,AREQUIPA,1,A1,B0,,37,7,7,0,0.2771069492360769,BAJA
0313676,40488 ERNESTO DE OLAZABAL LLOSA,PUNTA DE BOMBÓN,LA PUNTA,1,A1,B0,,181,38,35,0,0.7392804337111878,BAJA
0612747,40571,CAYLLOMA,CORAZA,2,A1,B0,3.0,1,7,4,1,0.14662395268605224,MEDIA
1750843,JOHANNES KEPLER,CERRO COLORADO,AREQUIPA,1,B4,B0,,205,6,6,0,0.5092410054213898,BAJA
0312603,40379,CABANACONDE,PINCHOLLO,2,A1,B0,,28,19,5,1,0.37703302119270576,MEDIA
0312744,40394,TAPAY,COSÑIRHUA,2,A1,B0,,7,7,7,1,0.19184327254805322,MEDIA
0219949,40189,POCSI,PIACA,2,A1,B0,1.0,3,9,4,2,0.1854361754558896,MEDIA
1203967,ITALO PERUANO SANTA MARIA MAZZARELLO,AREQUIPA,VALLECITO,1,B4,B0,,26,18,4,0,0.36274026614095617,BAJA
1726983,NUEVA AREQUIPA,MAJES,NUEVA AREQUIPA,1,A1,B0,,70,0,0,0,0.22461803844258255,BAJA
1577642,MUNDO ECOLOGICO,JOSE LUIS BUSTAMANTE Y RIVERO,AREQUIPA,1,B4,B0,,140,7,7,0,0.46180384425825527,BAJA
0312587,40377 JORGE AURELIO ABRIL FLORES,CABANACONDE,CABANACONDE,2,A1,B0,,67,75,48,1,0.6355347461803844,ALTA/URGENTE
0312926,40412 ARQUITECTO FERNANDO BELAUNDE TERRY,LLUTA,SAN PEDRO DE QUERQUE,2,A1,B0,1.0,8,11,2,2,0.2437161163134549,MEDIA
0312637,40382 VIRGEN DE CHAPI,COPORAQUE,COPORAQUE,2,A1,B0,,61,35,30,1,0.553597831444061,MEDIA
0794248,40040 JOSE TRINIDAD MORAN,CAYMA,,1,A1,B0,,243,34,33,0,0.7655248891079349,BAJA
1341312,ANGEL DE LA GUARDA,SAMUEL PASTOR,LA PAMPA,1,A4,B0,,545,101,101,0,0.9433218334154756,BAJA
1337286,CHAVEZ DE LA ROSA,AREQUIPA,AV LA PAZ 502,1,A4,B0,,127,0,0,0,0.3215869886643667,BAJA
0314278,40551 MICAELA BASTIDAS,PUYCA,MAGHUANCA,2,A1,B0,3.0,12,2,2,1,0.13331690487925085,MEDIA
1203926,SAN LUIS GONZAGA,SOCABAYA,PUEBLO JOVEN 4 DE OCTUBRE,1,A4,B0,,318,0,0,0,0.45699852143913255,BAJA
1734854,COLEGIO WALDORF AREQUIPA EL COLIBRI,JOSE LUIS BUSTAMANTE Y RIVERO,,1,B4,B0,,58,0,0,0,0.1984967964514539,BAJA
0313866,40510 CORONEL CASIMIRO PERALTA,ALCA,ALCA,2,A1,B0,5.0,79,71,49,1,0.6564810251355347,ALTA/URGENTE
1239169,SANTA MARIA DEL VALLE,UCHUMAYO,CONGATA,1,B4,B0,,142,29,29,0,0.6568506653523903,BAJA
0313338,40453,CHUQUIBAMBA,CHIRINGAY,2,A1,B0,,1,5,5,1,0.11643666830951208,MEDIA
1276385,SAN JUAN APOSTOL,CERROCOLORADO,AREQUIPA,1,B2,B0,,397,32,32,0,0.817028092656481,BAJA
0312124,40331 MARIA AUXILIADORA,URACA,CORIRE,1,A1,B0,,228,85,52,0,0.8408082799408576,BAJA
0541516,40211 HEROES DEL PACIFICO,PAUCARPATA,AREQUIPA,1,A1,B0,,239,56,43,0,0.8172745194677181,BAJA
1454545,SANTA ROSA DE LAS AMERICAS,MARIANO MELGAR,AREQUIPA,1,B4,B0,,21,17,17,0,0.3417939871858058,BAJA
0735498,40642,ORCOPAMPA,TINTAYMARCA,2,A1,B0,,9,13,13,1,0.2711927057663874,MEDIA
0311209,40235,MARISCAL CACERES,SAN JOSE,2,A1,B0,,44,20,10,1,0.4268112370625924,MEDIA
0314252,40549 SANTISIMA VIRGEN DE LA ASUNTA,PUYCA,CHURCA,2,A1,B0,3.0,28,3,3,1,0.19418432725480533,MEDIA
1607183,SAN FERNANDO,LA JOYA,CERCADO,1,B4,B0,,106,16,16,0,0.5133070478068014,BAJA
0844803,SAN JERONIMO,AREQUIPA,UMACOO,1,B4,B0,,351,73,67,0,0.884056185312962,BAJA
0612861,40574,CALLALLI,CHICHAS,2,A1,B0,,12,12,7,1,0.2700837851158206,MEDIA
0314195,40543,HUAYNACOTAS,LUICHO,2,A1,B0,,3,6,5,1,0.14933464760965995,MEDIA
0286641,40560,TOMEPAMPA,ACHAMBI,2,A1,B0,,4,5,5,1,0.14194184327254805,MEDIA
0307835,41513 SAGRADO CORAZON DE JESUS,COCACHACRA,CHUCARAPI,2,A1,B0,,107,99,86,1,0.7311483489403647,ALTA/URGENTE
0313015,40421 JOSE OLAYA BALANDRA,TISCO,TISCO,2,A1,B0,,31,48,23,1,0.5179891572203056,MEDIA
1279736,ENRICO FERMI,MIRAFLORES,EDIFICADORES MISTI,1,B4,B0,,141,6,6,0,0.4483735830458354,BAJA
1253186,40688 JESUCRISTO EL SALVADOR,CERRO COLORADO,UPIS EL SALVADOR,1,A1,B0,,154,1,1,0,0.3813454903893544,BAJA
0313528,40472 CARLOS M. FEBRES,MOLLENDO,MOLLENDO,1,A1,B0,,405,123,123,0,0.9372843765401675,BAJA
0220244,40220 HEROES DEL CENEPA,PAUCARPATA,CAMPO DE MARTE,1,A1,B0,,84,12,9,0,0.43494332183341544,BAJA
0219733,40166 BELGICA,JOSE LUIS BUSTAMANTE Y RIVERO,URBANIZACION 3 DE OCTUBRE,1,A1,B0,,143,24,22,0,0.6287580088713652,BAJA
1120088,COLEGIO FRANCO PERUANO GUSTAVE EIFFEL,SACHACA,URBANO,1,B4,B0,,122,20,20,0,0.5719566288812223,BAJA
0313627,40482 SAN MARTIN DE PORRES,COCACHACRA,COCACHACRA,1,A1,B0,,249,22,6,0,0.6982503696402169,BAJA
0219675,40160 OBDULIO BARRIGA VIZCARRA,MOLLEBAYA,MOLLEBAYA,2,A1,B0,,99,126,110,1,0.7336126170527353,ALTA/URGENTE
0219709,40163 BENIGNO BALLON FARFAN,PAUCARPATA,AREQUIPA,1,A1,B0,,366,56,56,0,0.8708723509117793,BAJA
1436369,JUBILEO,AREQUIPA,TINGO,1,B4,B0,,79,9,9,0,0.38947757516017745,BAJA
0218883,40082 MARIANO J. VALDIVIA,TIABAYA,TIABAYA,1,A1,B0,,390,72,67,0,0.8941596845736817,BAJA
0313858,40509 NUESTRA SEÑORA DEL CARMEN,COTAHUASI,CHAUCAVILCA,2,A1,B0,3.0,9,1,1,1,0.10460818137013307,MEDIA
0794461,SANTA MARIA DE LOS ANGELES,SOCABAYA,AREQUIPA,1,A4,B0,,208,44,44,0,0.7742730409068507,BAJA
0307249,NUESTRA SEÑORA DE GUADALUPE,ALTO SELVA ALEGRE,,1,A4,B0,,232,0,0,0,0.4159684573681616,BAJA
0845461,40056 HORACIO ZEBALLOS GAMEZ,CERRO COLORADO,,1,A1,B0,,351,53,42,0,0.8599063578117299,BAJA
1333129,SAGRADA FAMILIA,MAJES,EL PEDREGAL,1,B4,B0,,176,30,30,0,0.7031789058649581,BAJA
1031004,40669 DEAN VALDIVIA,CAYMA,AREQUIPA,1,A1,B0,,255,33,24,0,0.7677427304090685,BAJA
0612804,40573,CHACHAS,ANEXO HUARACOPALCA,2,A1,B0,1.0,28,19,7,2,0.37703302119270576,MEDIA
0313932,40517 CAPITAN EVARISTO AMESQUITA,HUAYNACOTAS,HUAYNACOTAS,2,A1,B0,3.0,56,6,6,1,0.30273533760473137,MEDIA
1261304,ALFEREZ FAP RAUL J. LEGUIA DRAGO,AREQUIPA,VALLECITO,1,A2,B0,,94,7,7,0,0.39539181862986694,BAJA
0313205,40440 CORAZON DE FATIMA,APLAO,APLAO,1,A1,B0,,260,56,38,0,0.8283637259733859,BAJA
0312553,40374 ELIAS CACERES LOZADA,CHIVAY,CHIVAY,1,A1,B0,,431,35,35,0,0.838344011828487,BAJA
1261387,SANTA CATALINA DE SIENA,CERRO COLORADO,SEMI RURAL PACHACUTEC,1,A4,B0,,151,53,53,0,0.7414982750123214,BAJA
1338672,AMIGOS DE JESÚS,MIRAFLORES,CERCADO,1,B4,B0,,38,0,0,0,0.15561853129620504,BAJA
1337658,SANTA SOFIA,JACOBO HUNTER,JACOBO HUNTER,1,B4,B0,,54,9,6,0,0.3330458353868901,BAJA
0312272,40346,APLAO,MAMAS,2,A1,B0,,8,9,7,1,0.21858058156727453,MEDIA
0226829,40042 REPUBLICA DE FRANCIA,AREQUIPA,AREQUIPA,1,A1,B0,,71,20,17,0,0.48632331197634304,BAJA
1535640,MARIA DE LOS ANGELES,MAJES,PEDREGAL,1,B4,B0,,129,2,2,0,0.3712419911286348,BAJA
1369917,MAGISTER LUX DE VALORES HUMANOS,TIABAYA,TIABAYA,1,B4,B0,,57,5,5,0,0.2900443568260227,BAJA
3047750,JAMES REICH,CERRO COLORADO,PERUARBO,1,B4,B0,4.0,112,11,11,0,0.470551996057171,BAJA
0313791,40502,COCACHACRA,LA PASCANA,2,A1,B0,,4,10,7,1,0.2058896007885658,MEDIA
0312116,40330,UÑON,UÑON,2,A1,B0,,3,10,10,1,0.19763430261212422,MEDIA
1722180,JESUS EL BUEN MAESTRO,MAJES,,1,B4,B0,,82,9,9,0,0.3945293247905372,BAJA
1339951,HERBERT VON BLUMER,JACOBO HUNTER,HUNTER,1,B4,B0,,55,14,14,0,0.39194184327254805,BAJA
0678961,40605,PAMPAMARCA,LAXA,2,A1,B0,3.0,4,1,1,1,0.07516017742730409,MEDIA
1272855,JORGE SANJINEZ LENZ,YURA,CIUDAD DE DIOS,1,A1,B0,,358,63,63,0,0.8764169541646132,BAJA
0220111,40207 MARIANO MELGAR VALDIVIESO,JACOBO DICKSON HUNTER,SAN JUAN DE DIOS,1,A1,B0,,810,190,180,0,0.9844751108920651,BAJA
0845107,LEON XIII CIRCA,CAYMA,FRANCISCO BOLOGNESI,1,A4,B0,,383,13,13,0,0.6724987678659438,BAJA
1699297,INNOVA SCHOOLS,JOSE LUIS BUSTAMANTE Y RIVERO,AREQUIPA,1,B4,B0,,615,10,10,0,0.6669541646131099,BAJA
0307710,ANGLOAMERICANO PRESCOTT,AREQUIPA,AREQUIPA,1,B4,B0,,631,301,301,0,0.9879250862493839,BAJA
0845701,CRISTO REY CIRCA,CERRO COLORADO,AREQUIPA,1,A4,B0,,279,10,8,0,0.5980778708723509,BAJA
1622760,JAM AMOS KOMENSKY,CAYMA,CAYMA,1,B4,B0,,22,9,9,0,0.25887136520453424,BAJA
0897553,PERUANO - ITALIANA DOMINGO SAVIO,CERRO COLORADO,CHALLAPAMPA,1,B4,B0,,367,1,1,0,0.5012321340561853,BAJA
1574052,PREMIO NOBEL MARIO VARGAS LLOSA,MARIANO MELGAR,ALTO SAN MARTIN,1,B4,B0,,61,17,17,0,0.43728437654016755,BAJA
1567635,CORAZON DE MARIA,AREQUIPA,,1,B4,B0,,151,30,30,0,0.6750862493839329,BAJA
0313247,40444,CAYARANI,COMUNIDAD CHALLA,2,A1,B0,,19,2,1,1,0.15229176934450467,MEDIA
0636589,40579,CHOCO,PAMPUYO,2,A1,B0,1.0,1,6,6,2,0.13208477082306555,MEDIA
0311886,40307 ANGELA RENDON DE SANCHEZ,APLAO,APLAO,1,A1,B0,,172,27,17,0,0.681123706259241,BAJA
0226951,ROMEO LUNA VICTORIA,CERRO COLORADO,ZAMÁCOLA,1,A1,B0,,372,41,34,0,0.840438639724002,BAJA
1253269,SANTO TORIBIO DE MOGROVEJO,YURA,APIAAR,1,A4,B0,,213,9,7,0,0.5513799901429276,BAJA
0844928,SAN BERNARDO,YURA,,1,A4,B0,,393,47,47,0,0.8600295712173485,BAJA
0844449,41062 DR. MARIO VARGAS LLOSA,MAJES,ASENTAMIENTO D4,2,A1,B0,,176,127,103,1,0.8329226219812715,ALTA/URGENTE
0287565,CLARET,AREQUIPA,AREQUIPA,1,B4,B0,,220,36,36,0,0.7613356333169048,BAJA
0219436,40136,SAN JUAN DE SIGUAS,YURAMAYO,2,A1,B0,,46,97,92,1,0.6096599310004929,ALTA/URGENTE
0312231,40342,APLAO,LA CENTRAL,2,A1,B0,,46,33,22,1,0.5129374075899458,MEDIA
0307397,MARIA AUXILIADORA,MOLLENDO,MOLLENDO,1,B4,B0,,53,8,8,0,0.3204780680137999,BAJA
0307637,SANTA ROSA DE VITERBO,AREQUIPA,AREQUIPA,1,B2,B0,,459,22,22,0,0.7688516510596353,BAJA
0312264,40345 EL ROSARIO,APLAO,COCHATE,2,A1,B0,4.0,11,24,20,1,0.371981271562346,MEDIA
1672583,JUILLIARD,CERRO COLORADO,ZAMACOLA,1,B4,B0,,332,25,25,0,0.7572695909314933,BAJA
1420454,DIVINO NIÑO DE BELEN,SOCABAYA,AMPLIACIÓN SOCABAYA,1,B4,B0,,99,21,21,0,0.5478068013799902,BAJA
0313569,40476 MERCEDES MANRIQUE FUENTES,MOLLENDO,MOLLENDO,1,A1,B0,,164,37,37,0,0.7206752094627895,BAJA
1402494,NUESTRA SEÑORA DE LA ESPERANZA MACARENA,ALTO SELVA ALEGRE,GRAFICOS,1,B4,B0,,69,18,18,0,0.46278955150320356,BAJA
1441757,REICH LA PERLA,AREQUIPA,AREQUIPA,1,B4,B0,,72,8,8,0,0.36594381468703796,BAJA
1273861,LIFE SCHOOL,SACHACA,TAHUAYCANI,1,B4,B0,,124,45,45,0,0.6925825529817644,BAJA
0219162,40109,SANTA ISABEL DE SIGUAS,LLUCLLA PITAY,2,A1,B0,,3,6,6,1,0.14933464760965995,MEDIA
0311316,40246 SEÑOR DE LOS MILAGROS,SAMUEL PASTOR,EL MONTE,2,A1,B0,,19,22,22,1,0.37912764908822083,MEDIA
0844829,AMANECER,PAUCARPATA,CAMPO DE MARTE,1,B4,B0,,86,6,6,0,0.3645884672252341,BAJA
1343490,PINTO TALAVERA,ALTO SELVA ALEGRE,VILLA  CONFRATERNIDAD,1,A1,B0,,213,36,36,0,0.7575160177427305,BAJA
0528901,SAN HILARION,CERCADO,CERCADO,1,B4,B0,,11,3,2,0,0.15032035485460818,BAJA
0637397,40491,COCACHACRA,QUELGUA GRANDE,2,A1,B0,,4,7,5,1,0.17212912764908822,MEDIA
0656165,40044 SAN MARTIN DE PORRES,CERRO COLORADO,CIUDAD MUNICIPAL,1,A1,B0,,650,6,5,0,0.6206259241005422,BAJA
1770247,ALEXANDER FRIEDMAN,CERRO COLORADO,CIUDAD MUNICIPAL,1,B4,B0,,196,0,0,0,0.39366683095120747,BAJA
1238245,PRIMARIA,APLAO,,1,B4,B0,3.0,27,10,10,0,0.2831444061113849,BAJA
1422534,CORONEL FRANCISCO BOLOGNESI,MAJES,CIUDAD MAJES,1,A1,B0,,405,47,47,0,0.8639724001971414,BAJA
0655852,SANTA URSULA,JOSE LUIS BUSTAMANTE Y RIVERO,AREQUIPA,1,B4,B0,,386,13,13,0,0.6732380482996551,BAJA
0313817,40504 LUISA BEGAZO DE DEL CARPIO,DEAN VALDIVIA,ALTO ENSENADA,2,A1,B0,,72,25,12,1,0.5258748151798915,MEDIA
1333004,SEÑOR DE LOS MILAGROS DE LA JOYA,LA JOYA,EL TRIUNFO,1,B4,B0,,72,3,3,0,0.29657466732380483,BAJA
1263409,MAXWELL SCHOOL,MAJES,PEDREGAL,1,B4,B0,,99,26,26,0,0.5821833415475604,BAJA
1368430,SAN JUAN BAUTISTA DE CHALA,CHALA,CHALA,1,B4,B0,,161,21,21,0,0.6312222769837359,BAJA
0894246,SANTA LUCIA,AREQUIPA,AREQUIPA,1,B4,B0,,146,19,19,0,0.5935189748644653,BAJA
0312314,40350,CHACHAS,NAHUIRA,2,A1,B0,,8,5,5,1,0.1668309512074914,MEDIA
0516666,SOR ANA,PAUCARPATA,CIUDAD BLANCA,1,A4,B0,,405,27,27,0,0.7925086249383932,BAJA
0723270,40616 CASIMIRO CUADROS I,CAYMA,AREQUIPA,1,A1,B0,,424,16,16,0,0.7104484967964515,BAJA
0307454,NUESTRA SEÑORA DEL ROSARIO,AREQUIPA,AREQUIPA,1,B4,B0,,114,6,6,0,0.41288812222769833,BAJA
0312041,40323,MACHAGUAY,ACOPALLPA,2,A1,B0,,2,10,9,1,0.18900936421882703,MEDIA
0287698,41030 EDUARDO LOPEZ DE ROMAÑA,MARIANO MELGAR,MARIANO MELGAR,1,A1,B0,,335,29,26,0,0.7805569245933958,BAJA
1119718,AREQUIPA,AREQUIPA,AREQUIPA,1,A1,B0,,131,49,34,0,0.7099556431739773,BAJA
0226860,40046 JOSE L. CORNEJO A.,CAYMA,ACEQUIA ALTA,1,A1,B0,,218,50,49,0,0.793371118777723,BAJA
1770437,PERUANO ISRAELI KEDUSHA,CERRO COLORADO,GRANJEROS UNIDOS,1,B4,B0,,7,2,2,0,0.11421882700837852,BAJA
0314054,40529 VICTOR ANDRES BELAUNDE,TAURIA,TAURIA,2,A1,B0,,42,31,31,1,0.4945786101527846,MEDIA
0312082,40327,PAMPACOLCA,PISCOPAMPA,2,A1,B0,,9,7,6,1,0.2015771315919172,MEDIA
0794289,SANTA MARIA,AREQUIPA,CIUDAD,1,B4,B0,,46,12,12,0,0.356456382454411,BAJA
0311977,40316 JULIO ERNESTO LAZO DIAZ,AYO,AYO,2,A1,B0,,13,14,14,1,0.2913997042878265,MEDIA
0898049,SEÑOR DE LOS MILAGROS CIRCA,YURA,CIUDAD DE DIOS,1,A4,B0,,328,44,44,0,0.8335386890093641,BAJA
0219469,40139 ANDRES AVELINO CACERES DORREGARAY,MARIANO MELGAR,,1,A1,B0,,162,36,36,0,0.7161163134549039,BAJA
1270578,I.E.P DE CIENCIAS JESUCITO,SOCABAYA,LA CAMPIÑA,1,B4,B0,,51,13,13,0,0.3761705273533761,BAJA
3042769,LAS ESTRELLITAS,COTAHUASI,COTAHUASI,1,A1,B0,,17,0,0,0,0.10017249876786594,BAJA
1260629,BRITISH COLUMBIA,CERRO COLORADO,VICTOR RAUL HAYA DE LA TORRE,1,B4,B0,,124,18,18,0,0.5576638738294727,BAJA
0219956,40190 SANTISIMA VIRGEN DE CHAPI,POLOBAYA,,2,A1,B0,,46,18,18,1,0.413504189255791,MEDIA
0313825,40505,PUNTA DE BOMBÓN,BOMBÓN,2,A1,B0,,17,11,10,1,0.2711927057663874,MEDIA
0307447,DE LA SALLE,AREQUIPA,AREQUIPA,1,B4,B0,,590,38,38,0,0.8642188270083785,BAJA
0219121,40105,TISCO,CCASCCA,2,A1,B0,3.0,9,5,1,1,0.17138984721537703,MEDIA
1783653,INTERNACIONAL JOHANNES KEPLER,CERRO COLORADO,0,1,B4,B0,3.0,101,19,19,0,0.531789058649581,BAJA
1315589,DIDASCALIO SAN JOSE,MARIANO MELGAR,AREQUIPA,1,B4,B0,,100,0,0,0,0.28129620502710695,BAJA
1637370,PERUANO FRANCES ANTOINE DE SAINT EXUPERY,TIABAYA,CORBACHO,1,B4,B0,,269,12,12,0,0.6189009364218827,BAJA
1365162,VILLA MAGISTERIAL,CERRO COLORADO,VILLA MAGISTERIAL,1,A1,B0,,159,19,14,0,0.6101527846229671,BAJA
0220087,I.E. 40204 NESTOR CACERES VELASQUEZ,SOCABAYA,CERRO SALAVERRY,1,A1,B0,,184,14,14,0,0.5856333169048793,BAJA
0226894,40049 CORONEL FRANCISCO BOLOGNESI CERVANTES,CAYMA,AREQUIPA,1,A1,B0,,368,23,12,0,0.75418925579103,BAJA
1333061,EL MERCEDARIO RVDO PADRE ELEUTERIO ALARCON BEJARANO,CAYMA,BOLOGNESI,1,B4,B0,,250,61,61,0,0.8277476589452932,BAJA
0844134,40624,ACHOMA,PACHACHACA,2,A1,B0,,5,1,1,1,0.08353868900936422,MEDIA
0845164,40050 EL GRAN HÉROE ANDRÉS AVELINO CÁCERES,CAYMA,ASOCIACIÓN ANDRÉS AVELINO CÁCERES,1,A1,B0,,43,5,5,0,0.2593642188270084,BAJA
0723288,40618 MONSEÑOR JOSE DE PIRO D'AMICO INGUANEZ,CAYMA,,1,A1,B0,,238,3,3,0,0.48570724494825035,BAJA
1030295,MAGISTER LAGRANGE,JOSE LUIS BUSTAMANTE Y RIVERO,LOS CONQUISTADORES,1,B4,B0,,127,0,0,0,0.3215869886643667,BAJA
1665348,SANTISIMA VIRGEN DE COPACABANA,SOCABAYA,SOCABAYA,1,B4,B0,,2,2,2,0,0.07762444553967472,BAJA
1434836,VIRGEN DE CHAPI DE CORIRE,URACA,CORIRE,1,B4,B0,,69,0,0,0,0.22227698373583046,BAJA
1622802,DAVID AUSUBEL,CERRO COLORADO,JOSE LUIS BUSTAMANTE Y RIVERO,1,B4,B0,,130,18,18,0,0.5664120256283884,BAJA
1753185,NUESTRA SEÑORA DE LOS INFANTES SCHOOL,PAUCARPATA,MIGUEL GRAU,1,B4,B0,,41,0,0,0,0.16140956136027598,BAJA
1769496,DE CIENCIAS JHON DALTON,CERRO COLORADO,PASAJE,1,B4,B0,,10,12,12,0,0.26466239526860524,BAJA
1734052,FUTURA SCHOOLS SEDE PAUCARPATA,PAUCARPATA,AREQUIPA,1,B4,B0,,217,18,18,0,0.6479793001478561,BAJA
1755511,JOULE ALTO SELVA ALEGRE,ALTO SELVA ALEGRE,ALTO SELVA ALEGRE,1,B4,B0,,85,4,4,0,0.3342779694430754,BAJA
0541714,NIÑO DE LA PAZ,JOSE LUIS BUSTAMANTE Y RIVERO,LA PAMPILLA,1,B4,B0,,63,17,17,0,0.4418432725480532,BAJA
0612887,40141,CERRO COLORADO,CIUDAD MUNICIPAL,1,A1,B0,,156,39,31,0,0.7168555938886151,BAJA
0694976,MENDEL CERRO COLORADO,CERRO COLORADO,1,1,B4,B0,,181,49,49,0,0.7654016757023164,BAJA
0678755,40606 SEUL,CAYMA,CASIMIRO CUADROS II,1,A1,B0,,264,43,41,0,0.8029817644159685,BAJA
1527035,VILLA DON JORGE,SAMUEL PASTOR,,1,A1,B0,,283,25,25,0,0.7369393790044356,BAJA
0311365,40251 VIRGEN DE GUADALUPE,NICOLAS DE PIEROLA,HACIENDA EL MEDIO,1,A1,B0,,71,2,2,0,0.27402661409561363,BAJA
1607332,SANTISIMA VIRGEN DE CHAPI,LA JOYA,,1,B4,B0,,158,15,15,0,0.570970921636274,BAJA
0218974,40091 ALMA MATER DE CONGATA,UCHUMAYO,CONGATA,1,A1,B0,,254,33,33,0,0.7670034499753573,BAJA
1339043,PRINCIPE DE ASTURIAS,AREQUIPA,AREQUIPA,1,B4,B0,,36,13,13,0,0.34351897486446525,BAJA
0312207,40339 MARIO VARGAS LLOSA,VIRACO,HUAMI,2,A1,B0,,4,18,9,1,0.2883193691473633,MEDIA
1202167,JAMES CLERK MAXWELL,CAYMA,AREQUIPA,1,B4,B0,,547,23,23,0,0.7849926071956629,BAJA
1238484,VALORES SCHOOL,MAJES,PEDREGAL,1,B4,B0,,181,4,4,0,0.46377525874815184,BAJA
0312223,40341,APLAO,ONGORO,2,A1,B0,,6,2,2,1,0.10916707737801873,MEDIA
1633387,LAS PLUMAS DEL AMAUTA,CERRO COLORADO,AREQUIPA,1,B4,B0,,318,6,6,0,0.5667816658452439,BAJA
0612713,40570,TAPAY,ANEXO PUNACHICA,2,A1,B0,4.0,19,13,9,1,0.2995317890586496,MEDIA
0898338,SAN RAFAEL,PUNTA DE BOMBON,PUNTA DE BOMBON,1,B4,B0,,56,11,11,0,0.36397240019714144,BAJA
1577709,SCHOOL INTERNACIONAL BLUMER,JACOBO HUNTER,SEÑOR DE LOS MILAGROS,1,B4,B0,,26,14,14,0,0.3240512567767373,BAJA
0307074,PIO XII,MARIANO MELGAR,GENERALÍSIMO SAN MARTÍN,1,A4,B0,,413,9,9,0,0.6320847708230656,BAJA
1791169,SHERADON BRYCE,CERRO COLORADO,AREQUIPA,1,B4,B0,,91,6,6,0,0.37530803351404635,BAJA
0313692,40490 SEÑOR DE LOS DESAMPARADOS,PUNTA DE BOMBON,LA PUNTA,1,A1,B0,,151,34,18,0,0.694800394282898,BAJA
0312249,40343,APLAO,FUNDO EL CASTILLO,2,A1,B0,,18,4,4,1,0.1843272548053228,MEDIA
0218933,40087 JESUS MANUEL LOAYZA DEZA,SACHACA,SACHACA,1,A1,B0,,47,12,12,0,0.35842779694430754,BAJA
1335256,IBEROAMERICANO,CERRO COLORADO,SEMI RURAL PACHACUTEC,1,B4,B0,,72,29,29,0,0.5474371611631346,BAJA
1116771,41069,ORCOPMPA,RUMIHUASI,2,A1,B0,,4,3,3,1,0.11397240019714144,MEDIA
0636373,40575,UÑON,PIRAUCHO,2,A1,B0,,6,6,6,1,0.17225234105470677,MEDIA
0307256,SAN MIGUEL,CARAVELI,CARAVELI,1,A4,B0,4.0,233,0,0,0,0.4165845243962543,BAJA
0845206,SAGRADO CORAZÓN DE JESÚS,AREQUIPA,URBANIZACIÓN MUNICIPAL,1,B4,B0,,139,0,0,0,0.336495810744209,BAJA
1341551,MENDEL PEDREGAL,MAJES,VILLA PEDREGAL,1,B4,B0,,155,60,60,0,0.7573928043371119,BAJA
0770040,41050 DIVINO MAESTRO,MOLLENDO,MOLLENDO,1,A1,B0,,89,28,23,0,0.5717102020699851,BAJA
0226852,40045 LIVIA BERNAL DE BALTAZAR,CAYMA,,1,A1,B0,,209,26,26,0,0.7046574667323805,BAJA
1338318,ANDRE BRETON,JOSE LUIS BUSTAMANTE Y RIVERO,JOSE LUIS BUSTAMANTE Y RIVERO,1,B4,B0,,129,26,26,0,0.6267865943814688,BAJA
0845248,40018 PEDRO VILLENA HIDALGO,JACOBO HUNTER,,1,A1,B0,,118,26,25,0,0.6108920650566783,BAJA
0845180,COLEGIO SAN MARCOS DE LEON,JACOBO HUNTER,AREQUIPA,1,B4,B0,,16,3,3,0,0.1637506160670281,BAJA
1334952,SAN JUAN MASIAS,CAYMA,AREQUIPA,1,B4,B0,,139,30,30,0,0.6610399211434204,BAJA
1699503,SANTISIMA TRINIDAD,CERRO COLORADO,AREQUIPA,1,B4,B0,,27,1,1,0,0.15241498275012322,BAJA
0219865,40181 ALTO JESUS,PAUCARPATA,ALTO JESÚS,1,A1,B0,,114,19,19,0,0.5521192705766387,BAJA
1607589,DIVINO REDENTOR,LA JOYA,ESTACION DE VITOR,1,B4,B0,,169,4,4,0,0.45219319862000984,BAJA
0219097,40102 NUESTRA SEÑORA DEL CARMEN PATRONA DE YURA,YURA,LA ESTACION,2,A1,B0,,32,72,68,1,0.55285855101035,MEDIA
0313122,40432 VICTOR RAUL HAYA DE LA TORRE,CHICHAS,CHICHAS,2,A1,B0,,26,17,16,1,0.35423854115327746,MEDIA
1635598,INNOVA KIDS II,CERRO COLORADO,VILLA CERRILLOS,1,B4,B0,,55,15,15,0,0.40142927550517493,BAJA
1390848,LICEE JEAN BAPTISTE LAMARCK,AREQUIPA,AREQUIPA,1,B4,B0,,116,34,34,0,0.6501971414489897,BAJA
1116813,40671,CERRO COLORADO,VILLA SAN JUAN,1,A1,B0,,194,18,5,0,0.6325776244455397,BAJA
0736108,40622,CAYLLOMA,TINTAYANI,2,A1,B0,,3,3,3,1,0.10571710202069985,MEDIA
1532860,VECTOR,JOSSE LUIS BUSTAMANTE Y RIVERO,AREQUIPA,1,B4,B0,,129,18,18,0,0.5650566781665846,BAJA
0845271,AMERICA,MARIANO MELGAR,MARIANO MELGAR,1,B4,B0,,71,16,16,0,0.4492360768851651,BAJA
1371483,LA MEDALLA MILAGROSA,PAUCARPATA,,1,B4,B0,,50,7,7,0,0.30409068506653525,BAJA
1030394,JOHN WESLEY,AREQUIPA,AREQUIPA,1,B4,B0,,66,1,1,0,0.24383932971907343,BAJA
0844340,40261 TOMAS GUZMAN GOMEZ,ALTO SELVA ALEGRE,LEONES DEL MISTI,1,A1,B0,,90,34,27,0,0.6068260226712666,BAJA
1238849,ANGELUS,CERRO COLORADO,CERRO COLORADO,1,B4,B0,,148,18,18,0,0.5876047313947758,BAJA
1734029,TALENTOS AREQUIPA,CERCADO,,1,B4,B0,,36,10,10,0,0.3076638738294727,BAJA
1333194,JOHN G. LAKE,CAYMA,AREQUIPA,1,A4,B0,,231,1,1,0,0.4425825529817644,BAJA
0226464,40005,UCHUMAYO,EL CURAL,2,A1,B0,,46,63,60,1,0.5781172991621488,MEDIA
1698786,MATER MARIA SCHOOL,JOSE LUIS BUSTAMANTE Y RIVERO,CERRO JULI,1,B4,B0,,23,6,6,0,0.2251108920650567,BAJA
1615541,WORLD SCHOOL,YANAHUARA,AREQUIPA,1,B4,B0,,138,7,7,0,0.4594627895515032,BAJA
0226555,40015 VALLECITO,AREQUIPA,AREQUIPA,1,A1,B0,,156,39,31,0,0.7168555938886151,BAJA
0898437,SEÑOR DE LA ESPERANZA,CERRO COLORADO,CIUDAD MUNICIPAL,1,B4,B0,,97,2,2,0,0.32269590931493347,BAJA
0219907,40185 SAN JUAN BAUTISTA DE JESUS,PAUCARPATA,URB MANCO CAPAC,1,A1,B0,,106,6,6,0,0.40118284869393794,BAJA
0723858,41006 JORGE POLAR,JOSÉ LUIS BUSTAMANTE Y RIVERO,LA MELGARIANA,1,A1,B0,,422,77,77,0,0.9067274519467718,BAJA
1368356,NIÑO SALVADOR,PAUCARPATA,JORGE CHAVEZ,1,B4,B0,,25,1,1,0,0.1472400197141449,BAJA
0895680,SAN ANTONIO DE PADUA,PAUCARPATA,GUARDIA CIVIL,1,B4,B0,,90,0,0,0,0.2625677673730902,BAJA
1281294,DIVINO CRISTO OBRERO,CAYMA,FRANCISCO BOLOGNESI,1,B4,B0,,88,24,24,0,0.5458353868900937,BAJA
1731355,LUCERITOS DE DIOS,CERRO COLORADO,AREQUIPA,1,A1,B0,,159,6,5,0,0.4709216362740266,BAJA
0472233,VIRGEN DE CHAPI,PAUCARPATA,NUEVO PERU,1,A4,B0,,156,6,6,0,0.4667323804829966,BAJA
1518562,ESPIRITU SANTO,ISLAY,MATARANI,1,B4,B0,,113,4,4,0,0.38270083785115816,BAJA
1757186,ADALID,MARIANO MELGAR,,1,B4,B0,,36,3,3,0,0.2157466732380483,BAJA
1334960,PARAISO,CAYMA,ACEQUIA ALTA,1,B4,B0,,21,8,8,0,0.24531789058649583,BAJA
0895920,STELLA MARIS,JOSÉ LUIS BUSTAMATE Y RIVERO,ADEPA,1,B4,B0,,92,6,6,0,0.37727944800394286,BAJA
0311407,40255,OCOÑA,HUANTAY,2,A1,B0,,3,10,4,1,0.19763430261212422,MEDIA
0218842,40079 VICTOR NUÑEZ VALENCIA,SACHACA,HUARANGUILLO,1,A1,B0,,245,54,49,0,0.8146870379497289,BAJA
0218750,40069 SAN AGUSTIN,LA JOYA,SEGUNDO  ASENTAMIENTO,2,A1,B0,,70,56,41,1,0.6218580581567275,ALTA/URGENTE
1768696,MONTESSORI SCHOOL,CERRO COLORADO,ALTO LIBERTAD,1,B4,B0,,246,14,14,0,0.6249383932971907,BAJA
0307066,EL MILAGRO DE FATIMA,SACHACA,ALTO DE AMADOS,1,A4,B0,,194,12,6,0,0.5755298176441597,BAJA
1598531,LACORDAIRE SCHOOL,AREQUIPA,AREQUIPA,1,B4,B0,,13,1,1,0,0.11692952193198619,BAJA
0477695,40094,VITOR,TACAR,2,A1,B0,1.0,5,6,6,2,0.16596845736816165,MEDIA
0845149,MENDEL UMACOLLO,CERCADO,AREQUIPA,1,B4,B0,,144,7,7,0,0.4664859536717595,BAJA
1620186,SAN JOSE,MAJES,CIUDAD MAJES,1,B4,B0,,108,12,12,0,0.4785608674223756,BAJA
0844290,40625 CORAZON DE JESUS,MAJES,ASENTAMIENTO B1,2,A1,B0,,299,206,198,1,0.92114342040414,ALTA/URGENTE
0892034,40626 NUESTRA SEÑORA DEL PILAR,MAJES,ASENTAMIENTO C 3,2,A1,B0,,68,68,65,1,0.6302365697387875,ALTA/URGENTE
1333046,NUESTRA SEÑORA DE LAS MERCEDES,MAJES,EL PEDREGAL,1,B4,B0,1.0,29,0,0,1,0.13146870379497289,MEDIA
0226944,40054 JUAN DOMINGO ZAMACOLA Y JAUREGUI,CERRO COLORADO,LA LIBERTAD,1,A1,B0,,398,68,53,0,0.8923114834894037,BAJA
1436435,ABC GREGORIO MENDEL,MOLLENDO,MOLLENDO,1,B4,B0,,44,18,18,0,0.4083292262198127,BAJA
0219360,40129 MANUEL VERAMENDI E HIDALGO,MARIANO MELGAR,GENERALISIMO SAN MARTIN,1,A1,B0,,231,8,8,0,0.5507639231148349,BAJA
0220152,40196 TECNICO AGROPECUARIO ARTESANAL,SAN JUAN DE TARUCANI,SAN JUAN DE TARUCANI,2,A1,B0,,14,39,39,1,0.452686052242484,MEDIA
0844902,PADRE ELOY ARRIBAS LAZARO,MIRAFLORES,TOMASA TITO CONDEMAYTA,1,A4,B0,,119,23,16,0,0.5900689995071464,BAJA
1721570,JOULE DIVINO NIÑO,PAUCARPATA,COOPERATIVA PORONGOCHE,1,B4,B0,,166,19,19,0,0.6166830951207491,BAJA
0218800,40074 JOSE LUIS BUSTAMANTE Y RIVERO,SACHACA,SACHACA,1,A1,B0,,199,23,23,0,0.6761951700344997,BAJA
0218719,40065 GLORIOSO HEROES DEL CENEPA,LA JOYA,SAN ISIDRO,2,A1,B0,,179,134,86,1,0.8369886643666831,ALTA/URGENTE
0218982,40092 JOSE D. ZUZUNAGA OBANDO,UCHUMAYO,CERRO VERDE,1,A1,B0,,354,65,65,0,0.877772301626417,BAJA
0844456,41056 DANIEL ALCIDES CARRION,HUANUHUANU,MOLLEHUACA,2,A1,B0,,268,120,60,1,0.8849186791522918,ALTA/URGENTE
0307421,COLEGIO PERUANO ALEMÁN MAX UHLE,SACHACA,AREQUIPA,1,B4,B0,,504,54,54,0,0.8936668309512075,BAJA
0845529,SANTO TOMAS DE AQUINO,CERRO COLORADO,URBANIZACIÓN MARISCAL CASTILLA,1,A4,B0,,348,32,32,0,0.8027353376047315,BAJA
1278977,40705,CERRO COLORADO,AREQUIPA,1,A1,B0,,359,0,0,0,0.4716609167077378,BAJA
1030659,CAMINO AL SABER,MARIANO MELGAR,ALTO SAN MARTIN,1,B4,B0,,80,6,6,0,0.3551010349926072,BAJA
1277060,LIBERTAD,MAJES,EL PEDREGAL,1,B4,B0,,30,8,8,0,0.2699605717102021,BAJA
1254861,SANTISIMO CRISTO REDENTOR,PAUCARPATA,VILLA MARIA DEL TRIUNFO,1,B4,B0,,109,21,21,0,0.5645638245441105,BAJA
1334499,ALBERTO HIDALGO,TIABAYA,TIABAYA,1,B4,B0,,141,8,8,0,0.47412518482010846,BAJA
1700079,VIRGEN DE LOS REMEDIOS,AMPLIACION SOCABAYA,SOCABAYA,1,B4,B0,,26,1,1,0,0.149581074420897,BAJA
1032465,NUESTRA SEÑORA DE FATIMA,AREQUIPA,AREQUIPA,1,B2,B0,,586,56,56,0,0.9038935436175456,BAJA
1334945,IEP MIGUEL ANGEL CORNEJO ROSADO,CERRO COLORADO,LA LIBERTAD,1,B4,B0,,52,16,16,0,0.40574174470182356,BAJA
0844753,JESUS DE NAZARETH,COCACHACRA,COCACHACRA,1,B4,B0,,115,25,21,0,0.6000492853622474,BAJA
0311803,40299 JOSE ALFREDO MOLINA,LOMAS,LOMAS,2,A1,B0,,176,154,135,1,0.84228684080828,ALTA/URGENTE
1536952,CHAVES SCHOOL,AREQUIPA,AREQUIPA,1,B4,B0,,48,22,22,0,0.4499753573188763,BAJA
0287706,41031 MADRE DEL DIVINO AMOR,MARIANO MELGAR,MARIANO MELGAR,1,A1,B0,,431,115,114,0,0.9372843765401676,BAJA
0219816,40175 GRAN LIBERTADOR SIMON BOLIVAR,JOSE LUIS BUSTAMANTE Y RIVERO,SIMON BOLIVAR,1,A1,B0,,347,29,29,0,0.7840068999507146,BAJA
0678771,JUAN DE LA CRUZ CALIENES,CERRO COLORADO,CHALLAPAMPA,1,B4,B0,,261,45,45,0,0.807294233612617,BAJA
0898908,CHAMPAGNAT,YANAHUARA,YANAHUARA,1,B4,B0,,51,27,27,0,0.48977328733366193,BAJA
1370089,MAGNUS EDUCATORIS,AREQUIPA,AREQUIPA,1,B4,B0,,41,17,17,0,0.39342040413997037,BAJA
0898486,40654,CAYMA,VIRGEN DE CHAPI,1,A1,B0,,185,28,25,0,0.6966485953671759,BAJA
3028677,CORPUS CHRISTI SCHOOL,MIRAFLORES,AREQUIPA,1,B4,B0,4.0,8,19,19,0,0.32171020206998524,BAJA
0656157,40591 SAN FRANCISCO DE CCASAO,LLUTA,CCASAO,2,A1,B0,4.0,1,5,5,1,0.11643666830951208,MEDIA
0218727,40066,LA JOYA,,2,A1,B0,4.0,5,10,8,1,0.21426811237062593,MEDIA
0226605,40020 ESCUELA ECOLOGICA URBANA,AREQUIPA,SAN LAZARO,1,A1,B0,,274,115,109,0,0.8849186791522918,BAJA
0220103,40206,JACOBO HUNTER,URBANIZACION MILAGROS,1,A1,B0,,386,43,43,0,0.8488171513060621,BAJA
0678920,40600 CLOTILDE FRANCISCA ODICIO ZUÑIGA,CABANCONDE,CABANACONDE,2,A1,B0,,63,53,36,1,0.6007885657959586,ALTA/URGENTE
1335348,ADUNSA LA JOYA,LA JOYA,PJ EL TRIUNFO,1,B4,B0,4.0,100,3,3,0,0.3474618038442583,BAJA
1720739,FERNANDO STAHL AREQUIPA,CERRO C0LORADO,PERUARBO,1,B4,B0,,75,2,2,0,0.28339083292262196,BAJA
1763697,ESTRELLITAS DE AMOR,CERRO COLORADO,APIPA,1,A1,B0,4.0,235,6,1,0,0.527599802858551,BAJA
0220046,40199,SOCABAYA,CIUDAD MI TRABAJO,1,A1,B0,,470,83,47,0,0.9231148348940365,BAJA
0218917,CARLOS JOSE ECHAVARRY OSACAR,TIABAYA,PAMPAS NUEVAS,1,A1,B0,,380,69,63,0,0.8892311483489403,BAJA
0307173,SAN PEDRO Y SAN PABLO - CIRCA,PAUCARPATA,JORGE CHÁVEZ,1,A4,B0,,289,0,0,0,0.4440611138491868,BAJA
0844316,40029 LUDWING VAN BEETHOVEN,ALTO SELVA ALEGRE,URB INDEPENDENCIA,1,A1,B0,,633,63,63,0,0.9152291769344505,BAJA
1640895,FUTURA SCHOOLS TIABAYA,TIABAYA,AREQUIPA,1,B4,B0,,123,1,1,0,0.3424100542138985,BAJA
0311969,40315 JOSE MARIA ARGUEDAS,PAUCARPATA,CIUDAD BLANCA,1,A1,B0,,166,47,47,0,0.7466732380482997,BAJA
0219659,40158 EL GRAN AMAUTA,MIRAFLORES,EDIFICADORES MISTI,1,A1,B0,,239,62,57,0,0.8235584031542632,BAJA
0307330,ORLEANS GOLEMAN,AREQUIPA,AREQUIPA,1,B4,B0,,175,0,0,0,0.37703302119270576,BAJA
0845552,EL PIONERO G-2,CAYMA,ENACE,1,A4,B0,,178,6,6,0,0.4895268605224249,BAJA
1371434,INTERNACIONAL ELIM,MIRAFLORES,,1,B4,B0,,178,24,24,0,0.6675702316412027,BAJA
0307876,41517,ACARI,MACHAYNIOC,2,A1,B0,1.0,5,6,6,2,0.16596845736816165,MEDIA
0307132,PADRE DAMIÁN DE LOS SAGRADOS CORAZONES,AREQUIPA,AREQUIPA,1,B2,B0,,624,56,51,0,0.9066042385411532,BAJA
1334465,PANAMERICANO,AREQUIPA,URBANIZACIÓN LA VICTORIA,1,B4,B0,,180,33,33,0,0.7214144898965007,BAJA
1202449,SEÑOR DE HUANCA,CERRO COLORADO,VILLA PARAISO,1,A4,B0,,181,15,15,0,0.5936421882700837,BAJA
0226431,40002 AL AIRE LIBRE,AREQUIPA,AREQUIPA,1,A1,B0,,270,47,39,0,0.8149334647609661,BAJA
0307371,INTERNACIONAL PERUANO BRITANICO,YANAHUARA,URB VALENCIA A1,1,B4,B0,,537,30,30,0,0.8287333661902415,BAJA
1339274,THE PROVIDENCE SCHOOL,ALTO SELVA ALEGRE,AREQUIPA,1,B4,B0,,28,11,11,0,0.29903893543617543,BAJA
0307140,NUESTRA SEÑORA DEL PILAR,AREQUIPA,AREQUIPA,1,B4,B0,,420,12,12,0,0.6708969935929029,BAJA
1334903,PERCY GIBSON MOLLER,CERRO COLORADO,AREQUIPA,1,B4,B0,,125,29,29,0,0.6357811729916214,BAJA
1705060,CASA DE CARIDAD ARTES Y OFICIOS,CERRO COLORADO,,1,A4,B0,,179,0,0,0,0.38060620995564315,BAJA
0218768,40070 SANTA ISABEL DE HUNGRIA,SANTA ISABEL DE SIGUAS,CENTRO POBLADO SANTA ISABEL,2,A1,B0,,21,17,14,1,0.3417939871858058,MEDIA
1117738,SEÑOR DE LUREN,SOCABAYA,SOCABAYA,1,B4,B0,,1,2,2,0,0.06899950714637752,BAJA
1732429,VIRGENCITA DE FATIMA,CERRO COLORADO,HERNAN BEDOYA I ETAPA,1,B4,B0,,95,0,0,0,0.27267126663380975,BAJA
1751411,INTERNACIONAL ROOSEVELT,SOCABAYA,SOCABAYA,1,B4,B0,,21,2,2,0,0.15648102513553475,BAJA
0218891,400083 FRANKLIN ROOSEVELT,TIABAYA,TIABAYA,1,A1,B0,,374,34,32,0,0.8204780680138,BAJA
0656173,LORD BYRON,CAYMA,AREQUIPA,1,B4,B0,,345,63,63,0,0.8714884179398719,BAJA
0895581,SEYMOUR BRUNER,AREQUIPA,AREQUIPA,1,B4,B0,,69,19,19,0,0.4712912764908822,BAJA
0307116,CORAZON DE JESUS,MARIANO MELGAR,SANTA ROSA,1,A4,B0,,209,5,4,0,0.49655002464268116,BAJA
1526854,AMOR DE DIOS,SACHACA,MARCARANI,1,B4,B0,,25,5,5,0,0.21402168555938889,BAJA
1203405,NUEVA GENERACION ESTUDIANTIL,MAJES,EL PEDREGAL,1,B4,B0,,18,23,23,0,0.38294726466239526,BAJA
0307165,JUAN XXIII,PAUCARPATA,MIGUEL GRAU,1,A4,B0,,232,24,2,0,0.7037949728930508,BAJA
1030485,IE MARIA ANUA COELI,SOCABAYA,AREQUIPA,1,B4,B0,,76,32,31,0,0.5739280433711188,BAJA
1260264,CRISTO SALVADOR DE MONTECARLO,TIABAYA,TIABAYA,1,B4,B0,,105,38,38,0,0.6463775258748152,BAJA
0678904,40532,CAYLLOMA,TALTA HUARAHUARCO,2,A1,B0,,11,9,6,1,0.23003942828979793,MEDIA
1239524,AMIGOS DE CRISTO,PAUCARPATA,URBANIZACION CALIFORNIA,1,B4,B0,,73,26,26,0,0.5356086742237556,BAJA
0307090,SAN ANTONIO MARIA CLARET,JACOBO HUNTER,,1,A4,B0,,387,13,13,0,0.6737309019221291,BAJA
1794346,JESUS REDENTOR SCHOOL,CERRO COLORADO,CIUDAD MUNICIPAL,1,B4,B0,4.0,30,5,5,0,0.22856086742237558,BAJA
0226688,40028 GUILLERMO MERCADO BARROSO,AREQUIPA,AREQUIPA,1,A1,B0,,259,42,40,0,0.7979300147856087,BAJA
1720309,MAPLE BEAR AREQUIPA,AREQUIPA,AREQUIPA,1,B4,B0,,137,35,35,0,0.6823558403154263,BAJA
3048287,JESUS SACRAMENTADO,CAYMA,CAYMA,1,B4,B0,1.0,14,3,3,1,0.15894529324790538,MEDIA
1674340,SOR ANA - B,CERRO COLORADO,AREQUIPA,1,A1,B0,,162,12,12,0,0.5475603745687531,BAJA
1574946,KINDER BLESSED,CERRO COLORADO,AREQUIPA,1,B4,B0,4.0,199,14,14,0,0.5979546574667324,BAJA
0307553,SAN FRANCISCO DE ASIS,CAYMA,AREQUIPA,1,B4,B0,,390,13,13,0,0.6743469689502218,BAJA
0312660,40386 TUPAC AMARU,ICHUPAMPA,ICHUPAMPA,2,A1,B0,,33,29,22,1,0.45847708230655493,MEDIA
1338722,FEDERICO VILLARREAL,ALTO SELVA ALEGRE,PJ INDEPENDENCIA,1,B4,B0,,44,3,3,0,0.23398225726959093,BAJA
1271618,40694 CENTRO DE INNOVACION PEDAGOGICA ISPPA,YURA,CAMINEROS EMPLEADOS,1,A4,B0,,441,19,5,0,0.7412518482010844,BAJA
0219832,40177 DIVINO CORAZON DE JESUS,PAUCARPATA,AMPLIACIÓN PAUCARPATA,1,A1,B0,,126,4,4,0,0.4017989157220305,BAJA
1698307,ALAS DEL PROGRESO SCHOOL,SACHACA,,1,B4,B0,,78,0,0,0,0.24149827501232135,BAJA
0219188,40111,LA JOYA,LA JOYA,2,A1,B0,,38,42,42,1,0.5230409068506654,MEDIA
1755867,DIVINO NIÑO ALTO LIBERTAD,CERRO COLORADO,ALTO LIBERTAD,1,A1,B0,,287,34,31,0,0.7874568753080335,BAJA
0218743,40068,LA JOYA,EL RAMAL,2,A1,B0,,172,122,34,1,0.8250369640216855,ALTA/URGENTE
0311779,40296 VIRGEN DEL ROSARIO,HUANUHUANU,HUANUHUANU,2,A1,B0,,5,7,6,1,0.18050763923114835,MEDIA
1273176,SAN JOSE DE COTTOLENGO,CERRO COLORADO,ASOCIACION ANDRES AVELINO CACERES,1,A4,B0,,349,12,12,0,0.6514292755051749,BAJA
0226936,40053 MANUEL A. TAPIA FUENTES,CERRO COLORADO,ZAMACOLA,1,A1,B0,,407,12,12,0,0.6691720059142434,BAJA
1328251,ACUAREL DEL SOL,AREQUIPA,AREQUIPA,1,B4,B0,,86,7,7,0,0.37912764908822083,BAJA
0845198,41024 MANUEL GALLEGOS SANZ,CAYMA,BUENOS AIRES,1,A1,B0,,193,20,20,0,0.6501971414489897,BAJA
0219287,40121 EVERARDO ZAPATA SANTILLANA,JOSE LUIS BUSTAMANTE Y RIVERO,CASAPIA,1,A1,B0,,266,11,11,0,0.6054706752094627,BAJA
0219964,40191 SANTISIMO CORAZON DE JESUS,POLOBAYA,POLOBAYA CHICO,2,A1,B0,,5,12,11,1,0.23965007392804336,MEDIA
1757756,SAN ALFONSO MARIA LIGROIO,CERRO COLORADO,ASOCIACION URBANIZADORA JOSE LUIS BUSTAMANTE Y RIVERO,1,A1,B0,,128,3,3,0,0.38910793494332185,BAJA
1333202,KENNETH E. HAGIN,CAYMA,DEAN VALDIVIA ENACE,1,A4,B0,,174,1,1,0,0.4026614095613603,BAJA
0844969,SAN MIGUEL ARCANGEL,MIRAFLORES,MIRAFLORES,1,B4,B0,,146,41,41,0,0.7095860029571217,BAJA
0844431,SAN JUAN APOSTOL,ALTO SELVA ALEGRE,SELVA ALEGRE,1,B4,B0,,79,16,16,0,0.4655002464268112,BAJA
0218735,40067,LA JOYA,LA CURVA,2,A1,B0,,110,46,39,1,0.6744701823558403,ALTA/URGENTE
0312074,40326 UAN VELASCO ALVARADO,LA JOYA,SAN CAMILO,2,A1,B0,,227,91,66,1,0.8453671759487432,ALTA/URGENTE
1031376,DE CIENCIAS PITAGORAS,CERRO COLORADO,CERRO COLORADO,1,B4,B0,4.0,57,2,2,0,0.24260719566288813,BAJA
0898312,EL NAZARENO,CERRO COLORADO,EL NAZARENO,1,A4,B0,,150,6,5,0,0.4592163627402661,BAJA
1774116,SAN BERNARDO DE CLARAVAL,JOSE LUIS BUSTAMANTE Y RIBERO,AVENIDA DOLORES,1,B4,B0,,2,6,6,0,0.14070970921636275,BAJA
1598564,SAN FELIPE NERI,CERRO COLORADO,CIUDAD MUNICIPAL,1,B4,B0,,36,19,19,0,0.3985953671759488,BAJA
0219980,40193 FLORENTINO PORTUGAL,SABANDIA,SABANDÍA,1,A1,B0,,372,0,0,0,0.47535731887629373,BAJA
1202241,LEONARDO DA VINCI,CERRO COLORADO,JOSE LUIS BUSTAMANTE Y RIVERO,1,B4,B0,,102,19,19,0,0.5335140463282405,BAJA
0219923,40187,SANTA ISABEL DE SIGUAS,ANEXO LA QUEBRADA,2,A1,B0,,4,11,10,1,0.21882700837851157,MEDIA
0287524,41008 MANUEL MUÑOZ NAJAR,AREQUIPA,AREQUIPA,1,A1,B0,,349,52,37,0,0.856456382454411,BAJA
1342294,40702 ALBERTO BENAVIDES DE LA QUINTANA,ORCOPAMPA,VISTA ALEGRE,1,A1,B0,,148,120,105,0,0.7971907343518975,BAJA
1031608,40662,CHUQUIBAMBA,CRISTALPUQUIO,2,A1,B0,,3,3,2,1,0.10571710202069985,MEDIA
1752609,JESUS DE NAZARETH,CERRO COLORADO,AREQUIPA,1,A4,B0,,396,0,0,0,0.48127156234598323,BAJA
0844423,41052 MANUEL ALVA CABRERA,ATIQUIPA,SANTA ROSA,2,A1,B0,,34,20,18,1,0.4027846229669788,MEDIA
1032044,JOSE CADALSO,ALTO SELVA ALEGRE,ALTO SELVA ALEGRE,1,B4,B0,,85,10,10,0,0.41091670773780187,BAJA
0312652,40384,HUANCA,HUANCA,2,A1,B0,4.0,68,42,40,1,0.5876047313947758,MEDIA
0844175,40651,HUAMBO,CHININI,2,A1,B0,,4,0,0,1,0.047806801379990146,MEDIA
1118173,MENDEL CAYMA,CAYMA,MICAELA BASTIDAS,1,B4,B0,,198,8,8,0,0.5306801379990143,BAJA
1030170,SAN JOSE DE CALASANZ,CAYMA,DEÁN VALDIVIA,1,A4,B0,,187,46,45,0,0.7639231148348941,BAJA
0312181,40337,MACHAGUAY,COTANAY,2,A1,B0,,2,9,8,1,0.1768112370625924,MEDIA
1756220,MAYOR JOSE ANTONIO ENCINA,YURA,YURA,1,B4,B0,,36,10,10,0,0.3076638738294727,BAJA
1334440,DIVINO NIÑO CORPAIDOS,AREQUIPA,AREQUIPA,1,B4,B0,,80,17,17,0,0.4773287333661902,BAJA
0218925,40086,TIABAYA,PATASAGUA,2,A1,B0,,71,47,39,1,0.6063331690487925,ALTA/URGENTE
0655761,40530,AYO,SUBNA,2,A1,B0,,3,4,1,1,0.12099556431739773,MEDIA
1253749,40690,PUYCA,CCALLA,2,A1,B0,3.0,11,1,1,1,0.11150813208477081,MEDIA
0844746,41060 HERMANA CLOTILDE DEMUND CAMINADA,PUYCA,SAYROSA,2,A1,B0,,10,4,4,1,0.1626416954164613,MEDIA
0220137,40209 HEROES DE YARABAMBA,YARABAMBA,YARABAMBA,2,A1,B0,,398,157,145,1,0.9467718087727945,ALTA/URGENTE
0307322,SAN PEDRO PASCUAL,AREQUIPA,AREQUIPA,1,B4,B0,,449,16,16,0,0.7157466732380483,BAJA
1767136,SAN JUAN MASIAS - EL PEDREGAL,MAJES,EL PIONERO,1,B4,B0,,40,8,8,0,0.29472646623952686,BAJA
1339878,LORD KARMEL,MIRAFLORES,EDIFICADORES MISTI,1,B4,B0,,82,1,1,0,0.2759980285855101,BAJA
0612291,40429 JOSE GABRIEL CONDORCANQUI,CAYARANI,VISCA VISCA,2,A1,B0,,44,48,30,1,0.5490389354361754,MEDIA
1575505,MUNDO MAGICO,MAJES,PEDREGAL,1,B4,B0,,2,1,1,0,0.0582799408575653,BAJA
1341528,SAN DIEGO,MAJES,PEDREGAL,1,B4,B0,,84,21,21,0,0.5193445046821095,BAJA
1120559,SOLARIS,YURA,CIUDAD DE DIOS,1,B4,B0,,188,24,24,0,0.6760719566288813,BAJA
0307595,NUESTRA SRA. DE LA MERCED,YANAHUARA,AREQUIPA,1,B4,B0,,262,41,41,0,0.7975603745687531,BAJA
0219089,40101 DIVINO JESUS,YURA,YURA VIEJO,2,A1,B0,,41,46,33,1,0.5381961557417447,MEDIA
0897678,REY DE REYES,CERRO COLORADO,AVENIDA CHALLAPAMPA,1,B4,B0,,254,15,15,0,0.6383686545096107,BAJA
1470616,JESUS BENAVIDES MOSCOSO,VITOR,BARRIO NUEVO,2,B4,B0,3.0,105,12,12,1,0.4728930507639231,MEDIA
1784107,TALENT SCHOOL AQP,CERRO COLORADO,JOSE MARIA ARGUEDAS,1,B4,B0,,103,0,0,0,0.2865943814687038,BAJA
1118132,40677 SAN MIGUEL FEBRES CORDERO,CERRO COLORADO,VILLA LAS CANTERAS,1,A1,B0,,315,0,0,0,0.4557663873829473,BAJA
1261684,SANTISIMO NIÑO JESUS SCHOOL,SANTARITA DE SIGUAS,SANTA RITA DE SIGUAS,1,B4,B0,3.0,28,4,4,0,0.20946278955150321,BAJA
1705433,JOHN KEYNES,CERRO COLORADO,,1,B4,B0,,230,30,30,0,0.7386643666830951,BAJA
0312520,40371,VIRACO,YASO,2,A1,B0,,3,7,6,1,0.16387382947264664,MEDIA
0226886,40048 ANTONIO JOSE DE SUCRE,YANAHUARA,YANAHUARA,1,A1,B0,,397,35,35,0,0.8299655002464268,BAJA
0844597,SANTA TERESA DE LISIEUX,MAJES,LA COLINA,1,B4,B0,,86,8,8,0,0.39034006899950713,BAJA
0312777,40397 SAN ANTONIO DE PADUA,YANQUE,YANQUE,2,A1,B0,,146,109,109,1,0.7869640216855593,ALTA/URGENTE
1277227,DE LA VIDA Y DE LA PAZ,CERRO COLORADO,PACHACUTEC VIEJO,1,B4,B0,,17,2,2,0,0.14687037949728932,BAJA
0312710,40391,MADRIGAL,MADRIGAL,2,A1,B0,,29,48,48,1,0.5126909807787088,MEDIA
0312298,40348,ANDAGUA,AREQUIPA,2,A1,B0,,6,5,5,1,0.1566042385411533,MEDIA
1642149,DENYORK SCHOOL,MARIANO MELGAR,,1,B4,B0,,44,0,0,0,0.16781665845243962,BAJA
1337369,EBENEZER,AREQUIPA,AREQUIPA,1,B4,B0,,119,29,29,0,0.6270330211927058,BAJA
1780857,BALMER JUVENTUS,CERRO COLORADO,CERRO COLORADO,1,B4,B0,4.0,138,0,0,0,0.3351404632824051,BAJA
0312702,40390 MAYTA CAPAC,MACA,MACA,2,A1,B0,,42,33,21,1,0.5033267619517003,MEDIA
0542811,40645,PAMPACOLCA,AREQUIPA,2,A1,B0,,1,1,1,1,0.049655002464268114,MEDIA
0312686,40388 CORAZON SAGRADO DE JESUS DE LLUTA,LLUTA,LLUTA,2,A1,B0,,33,28,28,1,0.45354854608181366,MEDIA
1334614,40699 ESCUELA CONCERTADA SOLARIS,CERRO COLORADO,CERRO COLORADO,1,A4,B0,,322,49,49,0,0.8414243469689502,BAJA
1337468,LOS DELFINES,MARIANO MELGARX,,1,B4,B0,,67,18,18,0,0.4589699359290291,BAJA
1333236,40698 SAN JUAN BAUTISTA DE MAJES,MAJES,PEDREGAL SUR,1,A1,B0,,212,5,5,0,0.4985214391325776,BAJA
0311845,40303 MARGARITA VILLA DE MARQUEZ,QUICACHA,TIRUQUE,2,A1,B0,,16,27,18,1,0.4051256776737309,MEDIA
0311811,40300 MIGUEL GRAU,PAUCARPATA,PJ MIGUEL GRAU,1,A1,B0,,218,31,30,0,0.7392804337111878,BAJA
1341379,ANGELITOS DE JESUS,NICOLAS DE PIEROLA,SAN GREGORIO,1,B4,B0,,49,11,11,0,0.34881715130606206,BAJA
1787407,NUESTRA SEÑORA DE LA ESPERANZA,LA JOYA,SAN JOSE,2,A1,B0,,98,11,8,1,0.4491128634795466,MEDIA
0218669,40060 ELIAS AGUIRRE,LA JOYA,X,2,A1,B0,,54,47,43,1,0.5661655988171513,MEDIA
1753227,VENN EULER,ORCOPAPA,ORCOPAPA,1,B4,B0,,87,6,6,0,0.36655988171513065,BAJA
1694991,EL BUEN PASTOR,ISLAY,AVIS BELLO HORIZONTE,1,A1,B0,,135,0,0,0,0.33144406111384916,BAJA
0899179,41063,LA JOYA,IRRIGACIÓN LA CANO,2,A1,B0,,5,14,5,1,0.25800887136520456,MEDIA
0312678,40387,LARI,LARI,2,A1,B0,,67,166,103,1,0.6846968950221785,ALTA/URGENTE
0617407,40137 NUESTRA SEÑORA DE LA GLORIA,LA JOYA,AAHH LA GLORIA,1,A1,B0,,281,106,84,0,0.88171513060621,BAJA
1240118,CD CARPE DIEM,CERCADO,AREQUIPA,1,B4,B0,,16,4,4,0,0.17902907836372597,BAJA
0569749,PAULO VI,PAUCARPATA,AREQUIPA,1,A4,B0,,109,0,0,0,0.2966978807294234,BAJA
0311951,40314 NUESTRA SEÑORA DE LA ASUNCION,ANDAGUA,ANDAGUA,2,A1,B0,,86,40,20,1,0.6170527353376047,ALTA/URGENTE
0226647,40024 MANUEL GONZALES PRADA,ALTO SELVA ALEGRE,GRAFICOS,1,A1,B0,,134,31,10,0,0.6615327747658946,BAJA
0287656,41025 200 MILLAS PERUANAS,CERRO COLORADO,LA LIBERTAD,1,A1,B0,,259,66,47,0,0.8389600788565796,BAJA
0219014,40096,LA JOYA,SAN CAMILO ASENTAMIENTO 5,2,A1,B0,,104,6,6,1,0.3981025135534746,MEDIA
1030204,FREINETT,CERCADO,CIUDAD MUNICIPAL,1,B4,B0,3.0,18,8,8,0,0.23841793987185805,BAJA
1369628,TRILCE AREQUIPA,YANAHUARA,AREQUIPA,1,B4,B0,,195,16,16,0,0.6149581074420897,BAJA
0723452,40617,CHIGUATA,CACAYACO,2,A1,B0,,5,4,3,1,0.13762937407589945,MEDIA
0313445,40464 DIVINO NIÑO JESUS,CHICHAS,CHANCHALLAY,2,A1,B0,4.0,1,12,8,1,0.20576638738294725,MEDIA
1695352,JOULE MIRAFLORES,MIRAFLORES,AREQUIPA,1,B4,B0,,72,3,3,0,0.29657466732380483,BAJA
0219410,40134,MARIANO MELGAR,GENERALISIMO DON JOSÉ DE SAN MARTIN,1,A1,B0,,536,139,139,0,0.9627895515032036,BAJA
1626530,THOMAS JEFFERSON,JA JOYA,CRUCE,1,B4,B0,4.0,5,2,2,0,0.10288319369147364,BAJA
0844563,NUESTRA SRA. DE LA PAZ,MAJES,PEDREGAL,2,B2,B0,,152,18,18,1,0.5917939871858058,MEDIA
0312736,40393,SIBAYO,SIBAYO,2,A1,B0,,50,60,60,1,0.5816904879250863,MEDIA
0313361,40456 TUPAC AMARU II,ANDARAY,HUARANGUIL,2,A1,B0,,4,6,5,1,0.15758994578610153,MEDIA
0312868,40406,CAYLLOMA,CUCHO CAPILLA,2,A1,B0,3.0,2,6,1,1,0.14070970921636275,MEDIA
0311498,40266 ENMANUEL,ATICO,ATICO CAPITAL,2,A1,B0,,41,19,15,1,0.4104238541153278,MEDIA
0312751,40395,TISCO,COTA COTA,2,A1,B0,,22,41,41,1,0.47806801379990144,MEDIA
0312033,40322 NUESTRA SEÑORA DE LA ASUNTA,MACHAHUAY,MACHAHUAY,2,A1,B0,,22,25,17,1,0.40845243962543126,MEDIA
0894667,IBEROAMERICANO,MARIANO MELGAR,GENERALISIMO SAN MARTIN,1,B4,B0,,56,6,6,0,0.30273533760473137,BAJA
1776137,DIVINO CORAZON DE MARIA,CERRO COLORADO,VILLA PARAISO,1,B4,B0,,1,0,0,0,0.022301626416954164,BAJA
1663749,BELEN KIDS,CERRO COLORADO,AREQUIPA,1,B4,B0,,63,0,0,0,0.2098324297683588,BAJA
0899351,40664,CHOCO,SIHUINCHA,2,A1,B0,,5,7,6,1,0.18050763923114835,MEDIA
1373380,ALITAS DORADAS SCHOOL,JOSE LUIS BUSTAMANTE Y RIVERO,JOSE LUIS BUSTAMANTE Y RIVERO,1,B4,B0,,6,2,2,0,0.10916707737801873,BAJA
1589282,NUEVA JUVENTUD,SANTA RITA DE SIGUAS,SANTA RITA,1,A1,B0,,374,15,15,0,0.6875308033514047,BAJA
1031400,40666 ANTONIO RAYMONDI,MAJES,ASENTAMIENTO C1,2,A1,B0,,82,64,51,1,0.6554953178905865,ALTA/URGENTE
1273945,ADOLFO KOLPING,ALTO SELVA ALEGRE,ALTO SELVA ALEGRE,1,B4,B0,,69,2,2,0,0.2689748644652538,BAJA
1660497,JEAN PIAGET,ORCOPAMPA,ORCOPAMPA,1,B4,B0,,13,1,1,0,0.11692952193198619,BAJA
0312579,40376,ACHOMA,ACHOMA,2,A1,B0,,64,47,31,1,0.5915475603745688,MEDIA
0312793,40399 GRAL. JUAN VELASCO ALVARADO,YANQUE,CHALHUANCA,2,A1,B0,,28,52,34,1,0.5165105963528832,MEDIA
1271576,40693,MAJES,CENTRO DE SERVICIOS,2,A1,B0,,9,18,14,1,0.31776737309019226,MEDIA
0844357,40628 WADE NEWBEGIN,MAJES,ASENTAMIENTO B4,2,A1,B0,,40,31,28,1,0.49038935436175457,MEDIA
0312801,40400 EUSEBIO VELASQUEZ CONDORI,CHIVAY,CENTRO POBLADO DE CANOCOTA,2,A1,B0,,8,9,6,1,0.21858058156727453,MEDIA
1335017,PADRE SANTIAGO APOSTOL,CERRO COLORADO,AREQUIPA,1,B4,B0,,101,6,6,0,0.3925579103006407,BAJA
1749894,ASPEIN,MAJES,ASOCIACIÓN ASPEIN,1,A1,B0,,36,0,0,0,0.149581074420897,BAJA
0307223,SAN MARTIN DE PORRES,ALTO SELVA ALEGRE,GRAFICOS,1,A4,B0,,283,30,30,0,0.7660177427304091,BAJA
1769769,SANDRO MARIATEGUI CHIAPPE,MAJES,CIUDAD MAJES,1,A1,B0,,175,0,0,0,0.37703302119270576,BAJA
0472118,40277,JAQUI,JAQUI,2,A1,B0,,174,96,67,1,0.8113602759980286,ALTA/URGENTE
0699900,SANTA MARIA DE LA PAZ,PAUCARPATA,NUEVA ALBORADA,1,A4,B0,,333,33,21,0,0.8022424839822573,BAJA
0219501,40143,AREQUIPA,URB PABLO VI,1,A1,B0,,194,27,27,0,0.6996057171020207,BAJA
0541912,ESCLAVAS DEL SAGRADO CORAZÓN DE JESÚS,AREQUIPA,,1,B4,B0,,403,28,28,0,0.7959586002957122,BAJA
0220095,40205 MANUEL BENITO LINARES A.,SOCABAYA,URBANIZACION SAN MARTIN,1,A1,B0,,512,123,123,0,0.9537949728930508,BAJA
1435577,LA INMACULADA DE LA COLINA,MAJES,SANTA MARIA DE LA COLINA,1,B4,B0,,91,1,1,0,0.2928782651552489,BAJA
1653617,MARIANO LORENZO MELGAR VALDIVIESO,MAJES,MAJES,1,A1,B0,,273,26,24,0,0.7391572203055692,BAJA
1783083,NUESTRA SEÑORA DE LA SOLIDARIDAD,PAUCARPATA,CIUDAD BLANCA,1,A4,B0,,174,0,0,0,0.37530803351404635,BAJA
0656074,40589,CAYLLOMA,APACHETA RAJADA,2,A1,B0,3.0,1,5,4,1,0.11643666830951208,MEDIA
1656206,SAN FELIPE DE NERI,APLAO,APLAO,1,B4,B0,,29,3,3,0,0.1976343026121242,BAJA
1117936,40680 HORACIO ZEBALLOS GAMEZ,SOCABAYA,HORACIO ZEBALLOS GAMEZ,1,A1,B0,,343,95,93,0,0.9001971414489897,BAJA
0287466,40652,CAYLLOMA,ANEXO PUSA PUSA,2,A1,B0,,5,10,7,1,0.21426811237062593,MEDIA
1788843,UPIS LOS MILAGROS ZONA 1,YURA,AREQUIPA,1,A1,B0,,166,2,2,0,0.41436668309512076,BAJA
0307157,JESUS OBRERO - CIRCA,PAUCARPATA,15 DE AGOSTO,1,A4,B0,,136,32,31,0,0.6681862986692952,BAJA
1780220,EL UNIVERSITARIO,AREQUIPA,AREQUIPA,1,B4,B0,,3,0,0,0,0.03955150320354855,BAJA
0287664,41026 MARIA MURILLO DE BERNAL,CERRO COLORADO,AREQUIPA,1,A1,B0,,688,73,48,0,0.9276737309019221,BAJA
0694950,BEN CARSON,PAUCARPATA,,1,B4,B0,,63,16,16,0,0.4317397732873337,BAJA
0307520,SANTA TERESITA DE LISIEUX,MIRAFLORES,MIRAFLORES,1,B4,B0,,50,15,15,0,0.3910793494332183,BAJA
0307850,41515 REINO DE ESPAÑA,OCOÑA,CENTRO POBLADO LA PLANCHADA,2,A1,B0,,90,78,78,1,0.6822326269098078,ALTA/URGENTE
1653633,BLANCA VARELA GONZALES,MAJES,EL PEDREGAL,1,A1,B0,,297,45,40,0,0.8239280433711187,BAJA
1253228,ALFREDO RODRÍGUEZ BALLÓN,CERRO COLORADO,AREQUIPA,1,A1,B0,,157,7,7,0,0.4828733366190242,BAJA
0226761,40037 HUMBERTO LEON GARCIA,LA JOYA,LA JOYA,1,A1,B0,,353,248,248,0,0.9452932479053722,BAJA
1371608,WILLIAM SHAKESPEARE,JACOBO HUNTER,VILLA SAN ISIDRO,1,B4,B0,,72,10,10,0,0.38849186791522916,BAJA
1621101,LA JOYA,LA JOYA,LA JOYA,1,B4,B0,,31,1,1,0,0.1641202562838837,BAJA
1334630,NIÑO MAGISTRAL,CAYMA,FRANCISCO BOLOGNESI,1,B4,B0,,421,11,11,0,0.6586988664366683,BAJA
1719764,BRYCE LA JOYA,MAJES,PEDREGAL,1,B4,B0,,187,16,16,0,0.6090438639724002,BAJA
0219048,40099,YANAHUARA,FATIMA,1,A1,B0,,130,1,0,0,0.35325283390832923,BAJA
1341536,JOSE A. QUIÑONES GONZALES,MAJES,EL PEDREGAL,1,B4,B0,,122,13,12,0,0.5068999507146378,BAJA
0844977,LATINOAMERICANO,PAUCARPATA,AREQUIPA,1,B4,B0,,431,19,19,0,0.7390340068999508,BAJA
1607563,DIVINA INFANCIA,MAJES,EL PEDREGAL,1,B4,B0,,62,7,7,0,0.33181370133070476,BAJA
1031483,40668,HUANUHUANU,EL POZO,2,A1,B0,,118,44,18,1,0.6814933464760966,ALTA/URGENTE
0695023,40604,POLOBAYA,,2,A1,B0,,3,4,2,1,0.12099556431739773,MEDIA
1339605,AMERICANO GERMANO CHRISTUS REX,ALTO SELA ALEGRE,ALTO SELA ALEGRE,1,B4,B0,,124,26,26,0,0.6193937900443569,BAJA
1761428,TUPAC AMARU II,MAJES,EL PEDREGAL,1,A1,B0,,101,0,0,0,0.2827747658945293,BAJA
1419399,ADONAI INTERNACIONAL,PAUCARPATA,,1,B4,B0,,81,31,31,0,0.5779940857565303,BAJA
0698761,40655 NUESTRA SEÑORA DEL CARMEN,MAJES,ASENTAMIENTO E1,2,A1,B0,,94,48,42,1,0.6522917693445047,ALTA/URGENTE
1749506,EL PARAISO,LA JOYA,LA VICTORIA II,1,A1,B0,,139,44,44,0,0.7093395761458847,BAJA
0844571,41043,OCOÑA,PANARCANA,2,A1,B0,4.0,5,7,7,1,0.18050763923114835,MEDIA
0844472,41501 FRIED KRIEGER,MAJES,ASENTAMIENTO D3,2,A1,B0,,18,25,24,1,0.3983489403647117,MEDIA
0311696,40287 MALCO,ACARI,MALCO,2,A1,B0,,6,10,10,1,0.22055199605717102,MEDIA
0898544,40660 DOMINIC WILLIAMS,SACHACA,,1,A1,B0,,29,3,3,0,0.1976343026121242,BAJA
0311340,40249,NICOLÁS DE PIÉROLA,SONAY,2,A1,B0,,8,3,3,1,0.13886150813208478,MEDIA
0844266,40629 DIVINO NIÑO JESUS,MAJES,C2,2,A1,B0,,141,6,6,1,0.4483735830458354,MEDIA
1795210,LAS FLORES,CERRO COLORADO,LAS FLORES,1,A1,B0,,159,0,0,0,0.36113849186791525,BAJA
0218818,40075 HORACIO MORALES DELGADO,SACHACA,PAMPA DE CAMARONES,1,A1,B0,,203,48,46,0,0.779448003942829,BAJA
1662360,CIENCIAS APLICADAS SIR ISAAC NEWTON,MOLLENDO,MOLLENDO,1,B4,B0,,246,2,2,0,0.46981271562345983,BAJA
1240001,AGUEDA VIGNES,PAUCARPATA,COOPERATIVA CRISTO REY,1,B4,B0,,72,20,19,0,0.4894036471168063,BAJA
0220210,40217 VIRGEN DE LA ASUNTA,SAN JUAN DE TARUCANI,SALINAS HUITO,2,A1,B0,,36,53,53,1,0.5405372104484968,MEDIA
0219147,40107 JUAN DE MATA RIVAS OVIEDO,LA JOYA,SAN JOSE,1,A1,B0,,92,54,52,0,0.6601774273040907,BAJA
1351196,MADRE AUXILIADORA,CERRO COLORADO,VILLA LAS CANTERAS,1,B4,B0,,45,4,4,0,0.25197141448989646,BAJA
0314302,40554,QUECHUALLA,QUECHUALLA,2,A1,B0,,3,1,1,1,0.0669048792508625,MEDIA
0894543,ANA FRANK,MARIANO MELGAR,AREQUIPA,1,B4,B0,,228,12,12,0,0.5963528831936915,BAJA
1752880,CRISTO OBRERO,MIRAFLORES,EDIFICADORES MISTI,1,A4,B0,,135,3,3,0,0.3976096599310005,BAJA
1576792,DIVINA INFANCIA CIUDAD DE MAJES,MAJES,,1,B4,B0,,2,2,2,0,0.07762444553967472,BAJA
0218685,40062 SEÑORA DE FATIMA,LA JOYA,PUEBLO TRADICIONAL LA JOYA,1,A1,B0,,513,315,315,0,0.9802858551010349,BAJA
1371533,PRINCETON SCHOOL,MARIANO MELGAR,,1,B4,B0,,32,11,11,0,0.31012814194184324,BAJA
0218701,40064 CAP. FAP RAUL VERA C.,LA JOYA,LA JOYA,1,A1,B0,,592,318,296,0,0.9864465253819615,BAJA
0312348,40353 SANTIAGO ANTUNEZ DE MAYOLO,LA JOYA,SAN CAMILO,2,A1,B0,,96,28,18,1,0.5862493839329719,MEDIA
0226480,40007 GILBERTO OCHOA GALDOS,AREQUIPA,LAMBRAMANI,1,A1,B0,,105,19,19,0,0.5384425825529817,BAJA
0287417,40647 VIRGEN DE LA CANDELARIA,TORO,HUACHUY,2,A1,B0,,4,7,5,1,0.17212912764908822,MEDIA
0695148,40285,VICTOR,PUEBLO VIEJO,2,A1,B0,,135,133,95,1,0.7874568753080335,ALTA/URGENTE
0656132,40278,QUICACHA,SIFUENTES,2,A1,B0,,12,14,13,1,0.2884425825529818,MEDIA
0844514,40433,YANAQUIHUA,ARIRAHUA,2,A1,B0,,13,12,11,1,0.27304090685066534,MEDIA
0844985,CORONEL FAP CESAR FAURA GOUBET,LA JOYA,VILLA FAP,2,A2,B0,,118,79,79,1,0.7294233612617054,ALTA/URGENTE
1654128,PALMER,PAUCARPATA,JORGE CHAVEZ,1,B4,B0,,39,3,3,0,0.22363233119763432,BAJA
0220301,40226 SANTA ROSA DE LIMA,CAMANA,CAMANA,1,A1,B0,,205,95,75,0,0.8345243962543125,BAJA
0794222,LITTLE ANGELS SCHOOL,CERRO COLORADO,BENIGNO BALLON FARFAN,1,B4,B0,4.0,24,0,0,0,0.11742237555446032,BAJA
0226977,40057 SANTISIMA VIRGEN DEL ROSARIO,CERRO COLORADO,CERRO VIEJO,1,A1,B0,,130,23,21,0,0.6059635288319369,BAJA
1342351,40706,ANDAGUA,ORAHUASTO,2,A1,B0,1.0,2,3,2,2,0.09709216362740267,MEDIA
3014412,JOULE SOCABAYA,CHARACATO,HORACIO ZEBALLOS GAMEZ,1,B4,B0,,98,1,1,0,0.30544603252833913,BAJA
0220202,40216 VIRGEN DEL ROSARIO DE HUAYLLACUCHO,SAN JUAN DE TARUCANI,HUAYLLACUCHO,2,A1,B0,,9,8,6,1,0.21278955150320356,MEDIA
0219634,40156 NUESTRA SEÑORA DEL CARMEN,MIRAFLORES,,1,A1,B0,,224,71,36,0,0.8240512567767373,BAJA
0897884,41055,MAJES,CENTRO DE SERVICIOS DE LA D 2,2,A1,B0,,60,83,67,1,0.6290044356826022,ALTA/URGENTE
1633247,EL EMPERADOR,CERRO COLORADO,CARLOS BACA FLOR,1,B4,B0,,89,0,0,0,0.25961064563824543,BAJA
0219550,40148 GERARDO IQUIRA PIZARRO,MIRAFLORES,ALTO MISTI,1,A1,B0,,128,38,33,0,0.6798915722030556,BAJA
1634203,SAN CRISTÓBAL,YANAQUIHUA,CONDESUYOS,2,A1,B0,,106,59,58,1,0.6924593395761459,ALTA/URGENTE
0287482,41003 ALMIRANTE MIGUEL GRAU,AREQUIPA,LAS ORQUIDEAS,1,A1,B0,,146,24,23,0,0.6323311976343027,BAJA
1626522,NIÑITOS DE JESUS,SACHACA,PUEBLO TRADICIONAL TIO CHICO,1,B4,B0,,58,1,1,0,0.22585017249876785,BAJA
0311613,40279 NUESTRA SEÑORA DEL PERPETUO SOCORRO,QUICACHA,QUICACHA,2,A1,B0,,153,156,124,1,0.8162888122227698,ALTA/URGENTE
1304468,DIVINA INFANCIA DE JESÚS,SACHACA,HUARANGUILLO,1,B4,B0,,91,18,18,0,0.5060374568753081,BAJA
1118884,CEDEU PITAGORAS SCHOOL,SACHACA,PUEBLO TRADICIONAL TIO CHICO,1,B4,B0,,29,0,0,0,0.13146870379497289,BAJA
1698158,CESAR VALLEJO,CHAPARRA,PUERTO VIEJO,2,A1,B0,,6,21,18,1,0.3303351404632824,MEDIA
0287763,IE. 41038 JOSE OLAYA BALANDRA,JOSE LUIS BUSTAMANTE Y RIVERO,13 DE ENERO,1,A1,B0,,185,49,49,0,0.76761951700345,BAJA
0695155,40594 JUAN VELASCO A.,CAYLLOMA,MAJES,1,A1,B0,,434,80,80,0,0.9138738294726466,BAJA
1532878,MI AMIGO NIÑO JESUS,SOCABAYA,UGEL AREQUIPA SUR,1,B4,B0,,154,8,8,0,0.4895268605224249,BAJA
3017183,40219 JOSE ABELARDO QUIÑONES,SAN JUAN DE TARUCANI,PATI,2,A1,B0,1.0,2,1,0,2,0.0582799408575653,MEDIA
0313395,40459 SAN ROQUE,CAYARANI,CP UMACHULCO,2,A1,B0,,45,48,48,1,0.5517496303597831,MEDIA
0894550,JUAN JACOBO ROUSSEAU,PAUCARPATA,UGEL AREQUIPA SUR,1,B4,B0,,43,8,8,0,0.3007639231148349,BAJA
1598499,DANIEL CHRISTIAN SCHOOL,CERRO COLORADO,LA LIBERTAD,1,B4,B0,,39,16,16,0,0.3793740758994579,BAJA
1262443,CIENCIAS APLICADAS,MAJES,EL PEDREGAL,1,B4,B0,,263,20,20,0,0.6919664859536718,BAJA
0542712,40308,ACARÍ,VIJOTO,2,A1,B0,,25,11,11,1,0.2909068506653524,MEDIA
1333863,EL GRAN PODER DE JESUS,CERRO COLORADO,ASOC CENTRO INDUSTRIAL LAS CANTERAS,1,B4,B0,,120,31,31,0,0.6425579103006407,BAJA
0895201,ALMIRANTE GRAU,PAUCARPATA,MIGUEL GRAU,1,B4,B0,,57,6,6,0,0.3056924593395761,BAJA
1665330,MILAGROS DE JESUS,CERRO COLORADO,AREQUIPA,1,B4,B0,,11,11,11,0,0.2551749630359783,BAJA
0311548,40271,CAHUACHO,CAHUACHO,2,A1,B0,4.0,15,17,17,1,0.32737801872843764,MEDIA
0844837,VANCOUVER,YANAHUARA,UMACOLLO,1,B4,B0,,186,35,35,0,0.7341054706752095,BAJA
1340280,TOMAS MARSANO,ALTO SELVA ALEGRE,ALTO SELVA ALEGRE,1,B4,B0,,158,41,41,0,0.724741251848201,BAJA
0313056,40425 SAN MARTIN DE PORRES,CHUQUIBAMBA,BELEN,1,A1,B0,,87,27,21,0,0.5643173977328734,BAJA
1649649,NOVA STEINER,MARIANO MELGAR,,1,B4,B0,,87,28,28,0,0.568876293740759,BAJA
0656116,40282,MARIANO NICOLAS VALCARCEL,SURITA,2,A1,B0,,4,6,6,1,0.15758994578610153,MEDIA
1341494,CIMAS,MAJES,EL PEDREGAL,1,B4,B0,,113,15,15,0,0.5125677673730902,BAJA
1239201,40685,LA JOYA,PROGRESO KM 48,2,A1,B0,,46,43,35,1,0.5425086249383932,MEDIA
1520576,INTERNACIONAL ALBERT L. LEHNINGER,AREQUIPA,AREQUIPA,1,B4,B0,,71,0,0,0,0.22732873336619025,BAJA
0219931,40188,POCSI,POCSI,2,A1,B0,1.0,3,9,2,2,0.1854361754558896,MEDIA
0656066,40588,CAYLLOMA,ANEXO SOTOCAYA,2,A1,B0,,3,2,2,1,0.08624938393297191,MEDIA
0678953,40599,SAN ANTONIO DE CHUCA,PILLONE,2,A1,B0,,7,6,2,1,0.17730409068506653,MEDIA
0218826,40077,TIABAYA,EL CURAL,2,A1,B0,,7,16,5,1,0.28942828979793,MEDIA
0898460,SEÑOR DE LAS PIEDADES,CERRO COLORADO,AREQUIPA,1,B4,B0,,125,17,17,0,0.5507639231148349,BAJA
1640929,FUTURA SCHOOLS CERRO COLORADO,CERRO COLORADO,AREQUIPA,1,B4,B0,,317,11,11,0,0.6276490882207983,BAJA
3039914,VIRGEN DEL ROSARIO ALTO MOLINO,RIO GRANDE,ALTO MOLINO,2,B4,B0,,91,0,0,1,0.265524889107935,MEDIA
0612853,40173 DIVINO NIÑO JESUS,CERRO COLORADO,HERNAN BEDOYA FORGA,1,A1,B0,4.0,163,7,6,0,0.4895268605224249,BAJA
1339779,ANGELITOS DE LA ESPERANZA,ALTO SELVA ALEGRE,LEONES DEL MISTI,1,B4,B0,,90,11,11,0,0.4335879743716116,BAJA
1772961,CLEMENTS MARKHAM,YURA,CIUDAD DE DIOS,1,B4,B0,,90,11,11,0,0.4335879743716116,BAJA
0307512,SANTA ROSA DE LIMA,PAUCARPATA,CALIFORNIA B,1,A4,B0,,430,9,9,0,0.6350418925579103,BAJA
1695048,SAN PABLO MISIONERO,CAYMA,EMBAJADA DE JAPON,1,B4,B0,,10,3,3,0,0.14736323311976343,BAJA
0472100,40290,ATIQUIPA,AGUA SALADA,2,A1,B0,,24,29,27,1,0.43445046821094135,MEDIA
1238286,40683 ROLF LAUMER,MARISCAL CACERES,ROLF LAUMER,1,A1,B0,,77,12,10,0,0.42336126170527355,BAJA
1368455,HOWARD GARDNER,ATICO,LA FLORIDA,1,B4,B0,,47,9,9,0,0.3208477082306555,BAJA
1700095,MADRE SANTA CECILIA,PAUCARPATA,PAUCARPATA,1,B4,B0,,18,2,2,0,0.149581074420897,BAJA
0226837,40043 NUESTRA SEÑORA DE LA MEDALLA MILAGROSA,JACOBO HUNTER,HUNTER,1,A1,B0,,357,65,65,0,0.8785115820601281,BAJA
0894584,ESPECIAL DE RAPIDO APRENDIZAJE,CALLE COLO SIN NUMERO,AREQUIPA,1,A1,B0,,143,31,29,0,0.6721291276490882,BAJA
0612770,40572 JOSÉ QUIÑONES,COPORAQUE,PPJJ SOL DE SACSAYHUAMAN,1,A1,B0,,97,11,11,0,0.44701823558403153,BAJA
1120310,MI PEQUEÑO REYNO SAN LORENZO,MARIANO MELGAR,SAN LORENZO,1,B4,B0,,143,23,23,0,0.6209955643173977,BAJA
0311217,40236 CESAR VALLEJO,MARISCAL CACERES,066802,1,A1,B0,,383,0,0,0,0.4785608674223755,BAJA
0656058,40587,TISCO,MARCALLA,2,A1,B0,,1,0,0,1,0.022301626416954164,MEDIA
0569772,40212,CHIGUATA,ARENALES,2,A1,B0,,5,15,11,1,0.26749630359783144,MEDIA
1371509,MARIA DE SALES BRIGNOLE,ALTO SELVA ALEGRE,VILLA CHACHAS,1,B4,B0,,116,3,3,0,0.37210448496796455,BAJA
0745919,40637 FERNANDO BELAUNDE TERRY,CHIGUATA,ANEXO ESPIRITU SANTO,2,A1,B0,,48,4,4,1,0.257885657959586,MEDIA
1030246,GRAN PADRE SAN AGUSTIN,SACHACA,,1,B4,B0,,94,55,55,0,0.6655988171513061,BAJA
1642289,KAROL JOSEF WOJTYLA,SOCABAYA,HORACIO ZEBALLOS GAMEZ SUB SECTOR D,1,B4,B0,,125,20,20,0,0.5777476589452932,BAJA
0312876,40407,CALLALLI,PACHACHACA,2,A1,B0,,7,2,1,1,0.11421882700837852,MEDIA
0219667,40159 EJERCITO AREQUIPA,MIRAFLORES,AREQUIPA,1,A2,B0,,434,104,102,0,0.931123706259241,BAJA
1748714,ABRAHAM LINCOLN SCHOOL,LA JOYA,EL TRIUNFO,1,B4,B0,,35,8,8,0,0.28191227205519964,BAJA
0570101,401240 MARIA AUXILIADORA,PAUCARPATA,CIUDAD BLANCA COMITÉ 24,1,A1,B0,,122,16,16,0,0.5348693937900444,BAJA
1030469,CORAZON DE ORO,SOCABAYA,URBANIZACION LARA,1,B4,B0,,75,16,16,0,0.4586002957121735,BAJA
0313429,40462,CHICHAS,ACCHAPUNA,2,A1,B0,1.0,1,0,0,2,0.022301626416954164,MEDIA
0894378,SANTA MARIA DE LA MERCED,MIRAFLORES,UNION EDIFICADORES MISTI,1,B4,B0,,109,12,12,0,0.48016264169541645,BAJA
1368208,SANTISIMO SALVADOR,SOCABAYA,LARA,1,B4,B0,,374,55,55,0,0.8707491375061607,BAJA
3044633,NIÑO JESUS DE VILLA TAMBO,YURA,VILLA TAMBO,2,A1,B0,,22,0,0,1,0.1129866929521932,MEDIA
1515303,SANTIAGO RAMON Y CAJAL,UCHUMAYO,CONGATA,1,B4,B0,,115,1,1,0,0.3319369147363233,BAJA
0529008,40283DIVINO MAESTRO,MARIANO MELGAR,,1,A1,B0,,91,18,17,0,0.5060374568753081,BAJA
0656041,40586,TISCO,CHALLUTA,2,A1,B0,,13,9,6,1,0.2354608181370133,MEDIA
1655109,VILLA INFANTIL CASA CHAPI,CHIVAY,TRAPICHE,2,A4,B0,,71,2,2,1,0.27402661409561363,MEDIA
1695394,JOULE SAN PABLO,MARIANO MELGAR,AREQUIPA,1,B4,B0,,72,3,3,0,0.29657466732380483,BAJA
1371368,ARCANGEL SAN MIGUEL,JOSE LUIS BUSTAMANTE Y RIVERO,SIMÓN BOLÍVAR,1,B4,B0,,123,6,6,0,0.4248398225726959,BAJA
1628213,NUEVOS HORIZONTES,CERRO COLORADO,SEMI RURAL PACHACUTEC,1,B4,B0,,33,0,0,0,0.14144898965007394,BAJA
1271006,ERNEST RUTHERFORD,SOCABAYA,HORACIO ZEBALLOS GAMEZ,1,B4,B0,,96,10,10,0,0.4322326269098078,BAJA
0311126,40227 EDUARDO PORTUGAL,CAMANÁ,CAMANÁ,1,A1,B0,,357,151,146,0,0.9332183341547561,BAJA
3049376,SAN JOSE SANCHEZ DEL RIO,TIABAYA,SAN JOSÉ,1,B4,B0,4.0,6,1,1,0,0.08982257269590932,BAJA
1607217,BRYCE PEDREGAL,MAJES,PEDREGAL,1,B4,B0,,103,16,16,0,0.5085017249876786,BAJA
1271535,40692,MAJES,ASENTAMIENTO E 4,2,A1,B0,,119,22,22,1,0.5835386890093642,MEDIA
0219154,40108,SANTA ISABEL DE SIGUAS,SONDOR,2,A1,B0,,2,10,10,1,0.18900936421882703,MEDIA
0845032,PAMER AREQUIPA,AREQUIPA,AREQUIPA,1,B4,B0,,127,25,25,0,0.6170527353376047,BAJA
1624709,GIBBOR,AREQUIPA,AREQUIPA,1,B4,B0,,4,1,1,0,0.07516017742730409,BAJA
0898965,ST MICHAEL'S SCHOOL,CERRO COLORADO,LA LIBERTAD,1,B4,B0,,16,15,15,0,0.30889600788565796,BAJA
1202365,TERESA GONZALES DE FANNING,SOCABAYA,SOCABAYA,1,B4,B0,,21,2,2,0,0.15648102513553475,BAJA
1731132,MARIA GUADALUPE,SOCABAYA,UGEL AREQUIPA SUR,1,B4,B0,,15,8,8,0,0.23090192212912766,BAJA
0312645,40383 JUAN PABLO II,HUAMBO,HUAMBO,2,A1,B0,,38,44,44,1,0.5284622966978807,MEDIA
1368414,STANFORD MOORE,SOCABAYA,SOCABAYA,1,B4,B0,,104,16,16,0,0.5102267126663381,BAJA
1784487,AMADEUS MOZART SCHOOL,MARIANOMELGAR,MARIANO MELGAR,1,B4,B0,,27,2,2,0,0.17175948743223263,BAJA
0311571,40274 SEÑOR DE LOS MILAGROS,CHÁPARRA,ACHANIZO,2,A1,B0,,41,37,30,1,0.5155248891079349,MEDIA
1338185,TERESA DE CALCUTA,PAUCARPATA,CAMPO DE MARTE,1,B4,B0,,29,8,8,0,0.2670034499753573,BAJA
1339829,EL ESPIRITU SANTO,ALTO SELVA ALEGRE,AREQUIPA,1,B4,B0,,22,5,5,0,0.2071217348447511,BAJA
1757228,HEIMER SCHOOL,ALTO SELVA ALEGRE,VILLA ECOLOGICA,1,B4,B0,,59,4,4,0,0.28215869886643663,BAJA
0311183,40233 JOSE MARIA QUIMPER Y CABALLERO,JOSE MARIA QUIMPER,HUACAPUY,1,A1,B0,,115,27,15,0,0.6121241991128634,BAJA
1346857,JOSE MARIA ARGUEDAS,MARIANO NICOLAS VALCARCEL,POSCO MISKI,2,A1,B0,,60,1,1,1,0.23016264169541645,MEDIA
0311175,40232 VIRGEN DEL ROSARIO,JOSE MARIA QUIMPER,EL PUENTE,1,A1,B0,,57,12,5,0,0.3793740758994578,BAJA
1335389,MAYTA CAPAC,CAYMA,CAYMA,1,A1,B0,,160,9,9,0,0.5083785115820602,BAJA
1749902,LOS DINAMICOS,MAJES,PEDREGAL SUR,1,A1,B0,,192,54,43,0,0.783390832922622,BAJA
1664242,LOS HERALDOS DE JESUS,JOSE LUIS BUSTAMANTE Y RIVERO,URB LOS HERALDOS,1,B4,B0,,4,4,4,0,0.12925086249383932,BAJA
0311308,40245 JOSE PASTOR CAMPOS,SAMUEL PASTOR,LA PAMPA,1,A1,B0,,30,17,17,0,0.36643666830951205,BAJA
0845586,HIJOS DE MARIA AUXILIADORA,CERRO COLORADO,SEMI RURAL PACHACUTEC,1,B4,B0,,69,15,15,0,0.4335879743716117,BAJA
0895623,PEDRO ALVAREZ CABRAL,JOSE LUIS BUSTAMANTE Y RIVERO,AREQUIPA,1,B4,B0,,65,8,8,0,0.35004928536224744,BAJA
0895797,MARIAM ROSSE,JOSE LUIS BUSTAMANTE Y RIVERO,UGEL AREQUIPA SUR,1,B4,B0,,51,2,2,0,0.22893050763923117,BAJA
1337831,ELOHIM,MARIANO MELGAR,HEROES DEL CENEPA,1,B4,B0,,74,9,9,0,0.3810990635781173,BAJA
0844506,41502,MAJES,ASENTAMIENTO D5,2,A1,B0,,143,85,85,1,0.7688516510596353,ALTA/URGENTE
0311761,40295,HUANUHUANU,HUANCARIRE,2,A1,B0,,4,4,3,1,0.12925086249383932,MEDIA
1693266,EL MIRADOR AQP,ALTO SELVA ALEGRE,INDEPENDENCIA,1,A4,B0,,167,20,20,0,0.6278955150320356,BAJA
1349372,VIRGEN DE LA RECONCILIACION,CAMANA,CAMANA,1,B4,B0,4.0,132,25,25,0,0.6235830458353868,BAJA
0311712,40289,ATIQUIPA,ATIQUIPA,2,A1,B0,,9,14,13,1,0.2790783637259734,MEDIA
0845016,ALEXANDER FLEMING,MAJES,EL PEDREGAL,1,B4,B0,,28,10,10,0,0.28610152784622966,BAJA
0844381,VIRGEN DE CHAPI,MAJES,CIUDAD MAJES,1,B4,B0,,18,8,8,0,0.23841793987185805,BAJA
0219691,40162 TRIBUNO FRANCISCO MOSTAJO,PAUCARPATA,URBANIZACION FRANCISCO MOSTAJO,1,A1,B0,,164,40,37,0,0.7288072942336126,BAJA
0226282,EL AVE MARIA,CAYMA,CERCADO,1,A4,B0,,153,12,12,0,0.5357318876293741,BAJA
0219303,40123 SAN JUAN BAUTISTA,CHARACATO,CHARACATO,1,A1,B0,,343,24,24,0,0.7529571217348447,BAJA
1645530,SANTISIMO NIÑO DE MARIA,MIRAFLORES,22 DE AGOSTO 405,1,B4,B0,,113,24,24,0,0.5890832922621981,BAJA
1118843,JORGE LUIS BORGES,PAUCARPATA,PAUCARPATA,1,B4,B0,,117,2,2,0,0.35386890093642187,BAJA
0695130,40284 PEDRO PAULET MOSTAJO,MAJES,SAN JUAN EL ALTO,2,A1,B0,,323,103,97,1,0.8983489403647116,ALTA/URGENTE
0752998,NUESTRA SEÑORA DE LA PAZ,JOSE LUIS BUSTAMANTE Y RIVERO,AREQUIPA,1,B4,B0,,14,14,14,0,0.2946032528339083,BAJA
0897702,FAUSTINO DOMINGO SARMIENTO,SACHACA,AREQUIPA,1,B4,B0,,59,6,6,0,0.31049778215869883,BAJA
0313684,40489,CAHUACHO,PAUCARAY,2,A1,B0,,4,10,5,1,0.2058896007885658,MEDIA
3029782,DEEVY COLLEGE'S,MARIANO MELGAR,ALTO SAN MARTIN,1,B4,B0,,73,4,4,0,0.31481025135534746,BAJA
1722149,NEWTON PERUARBO,CAYMA,AREQUIPA,1,B4,B0,,4,6,6,0,0.15758994578610153,BAJA
0220178,40213,POCSI,TUCTUMPAYA,2,A1,B0,,6,10,7,1,0.22055199605717102,MEDIA
1335223,DE CIENCIAS DIVINO NIÑO JESUS,TIABAYA,TIABAYA,1,B4,B0,,185,8,8,0,0.5200837851158207,BAJA
1117530,CIENCIAS LEONARD EULER,SOCABAYA,SAN MARTIN DE SOCABAYA,1,B4,B0,,106,16,16,0,0.5133070478068014,BAJA
1640515,CRISTO REY DE REYES,MARIANO NICOLAS VALCARCEL,SECOCHA,1,B4,B0,,320,30,30,0,0.7824051256776737,BAJA
1371103,CARLOS BACA FLOR,CERRO COLORADO,LA LIBERTAD,1,B4,B0,,43,12,12,0,0.34869393790044356,BAJA
0899021,40661 ISABEL KRIEGER BEATO,MAJES,,2,A1,B0,,265,187,175,1,0.9034006899950715,ALTA/URGENTE
1422518,BELAUNDE TERRY,PEDREGAL,CIUDAD MAJES,1,A1,B0,,299,24,24,0,0.7369393790044357,BAJA
0311787,40297 JUAN BAUTISTA DE TOCOTA,HUANUHUANU,TOCOTA,2,A1,B0,,47,33,33,1,0.5149088220798423,MEDIA
0311860,40305 NIÑO BELEN DE TONCO,QUICACHA,ANEXO DE TONCO,2,A1,B0,,17,11,5,1,0.2711927057663874,MEDIA
0477646,41041 CRISTO REY,CAMANA,CERCADO,1,A1,B0,,933,193,184,0,0.9864465253819615,BAJA
0219998,40194,MARIANO NICOLAS VARCALCEL,066741,1,A1,B0,,652,21,21,0,0.7789551503203549,BAJA
1117977,40676  LA MANSIÓN DE SOCABAYA,SOCABAYA,AAHH MANSION 1 M1,1,A1,B0,,226,40,33,0,0.7739034006899951,BAJA
0312306,40349 GRAN NOBEL MARIO VARGAS LLOSA,CHACHAS,CENTRO POBLADO DE TOLCONI,2,A1,B0,,41,49,5,1,0.5444800394282898,MEDIA
1749456,SANTA MARIA GORETTI I,YURA,URBANIZADORA CIUDAD DE DIOS,1,B4,B0,,54,4,4,0,0.2686052242483982,BAJA
0899054,40656 SAN FRANCISCO DE ASIS,MAJES,CENTRO POBLADO E2,2,A1,B0,,220,118,98,1,0.8584277969443075,ALTA/URGENTE
0656124,40281,SAMUEL PASTOR,ALTO HUARANGAL,1,A1,B0,,61,6,6,0,0.31505667816658456,BAJA
1631126,FERNANDO VARGAS RUIZ DE SOMOCURCIO,JACOBO HUNTER,,1,B4,B0,4.0,81,30,30,0,0.5713405618531296,BAJA
0311456,40262 JOSE SEBASTIAN BARRANCA Y LOVERA,ACARI,ACARI,1,A1,B0,,398,94,87,0,0.9165845243962543,BAJA
0844530,JUSTO JUEZ,MAJES,PEDREGAL,1,B4,B0,,128,23,23,0,0.6030064070970922,BAJA
1270883,JESUS MAESTRO,CERRO COLORADO,BENIGNO BALLON FARFAN,1,B4,B0,,135,13,13,0,0.5253819615574175,BAJA
1790997,COLOREANDO,CHARACATO,CHARACATO,1,B4,B0,,61,2,2,0,0.2519714144898965,BAJA
0311837,40302,QUICACHA,TAMBO,2,A1,B0,,8,6,0,1,0.18247905372104486,MEDIA
1607480,SANTA MARIA DEL ROSARIO,MAJES,PEDREGAL,1,B4,B0,,73,2,1,0,0.2800640709709216,BAJA
1457878,CRISTIANO JESUS EL MAESTRO,NICOLAS DE PIEROLA,SAN JACINTO,1,B4,B0,,111,27,27,0,0.6060867422375555,BAJA
0636977,40577 CHOCÑIHUAQUI,CAYARANI,COMUNIDAD DE CHOCÑIHUAQUI,2,A1,B0,,14,5,5,1,0.186914736323312,MEDIA
0311290,40244 VIRGEN DE LA CANDELARIA DE QUILCA,QUILCA,QUILCA,2,A1,B0,,107,42,28,1,0.6609167077378019,ALTA/URGENTE
0894279,WOLFGANG GOETHE,JOSE LUIS BUSTAMANTE Y RIVERO,URBANIZACION VILLA ELECTRICA,1,B4,B0,,136,35,35,0,0.681123706259241,BAJA
1782853,VENADO,MARIANO NICOLAS VALCARCEL,VENADO,2,A1,B0,,45,4,4,1,0.25197141448989646,MEDIA
0894311,JOSE ANTONIO ENCINAS,SOCABAYA,SAN MARTIN,1,B4,B0,,144,7,7,0,0.4664859536717595,BAJA
1777077,PEDRO PAULET MOSTAJO,ALTO SELVA ALEGRE,ASOCIACION DE VIVIENDA SAN LUIS GONZAGA,1,A1,B0,,57,0,0,0,0.19590931493346475,BAJA
3043858,TRASCENDER SCHOOLS,CERRO COLORADO,PERUARBO,1,B4,B0,5.0,1,2,2,0,0.06899950714637752,BAJA
1769215,DE CIENCIAS Y HUMANIDADES LOR KELVIN BUSTAMANTE,PAUCARPATA,JORGE CHAVEZ,1,B4,B0,,54,3,3,0,0.25332676195170034,BAJA
1645001,ASOCIACION DE VIVIENDA LOS ROSALES,LA JOYA,LOS ROSALES,1,A1,B0,,183,92,92,0,0.817028092656481,BAJA
1769181,JOSE LUIS BUSTAMANTE SCHOOL,PAUCARPATA,CAMPO MARTE,1,B4,B0,,129,19,19,0,0.5735584031542632,BAJA
1337021,ABBA PADRE,MIRAFLORES,AREQUIPA,1,B4,B0,,15,1,1,0,0.12272055199605716,BAJA
0656140,40592,CAYARANI,SULPUMAYO,2,A1,B0,1.0,8,0,0,2,0.07269590931493347,MEDIA
0311225,40237,NICOLAS DE PIEROLA,SAN JACINTO,1,A1,B0,,106,9,6,0,0.4372843765401676,BAJA
0219238,40116,VÍTOR,LA CALETA,2,A1,B0,,8,7,6,1,0.19701823558403156,MEDIA
1694603,ADVENTISTA DE MAJES,MAJES,EL PEDREGAL,1,B4,B0,,85,14,14,0,0.4546574667323805,BAJA
0844589,CATHERINE SCHOOL,CAYMA,RAFAEL BELAUNDE,1,B4,B0,,25,6,6,0,0.22966978807294236,BAJA
0311134,40228,CAMANA,LA DEHEZA,2,A1,B0,,4,7,5,1,0.17212912764908822,MEDIA
1697333,JESUS MAESTRO I,CERRO COLORADO,VILLA SANTA MARIA,1,B4,B0,5.0,89,13,12,0,0.4535485460818137,BAJA
1422492,ASENTAMIENTO E - 7,MAJES,PEDREGAL ASENTAMIENTO E7,2,A1,B0,1.0,72,23,21,2,0.5104731394775751,MEDIA
1796275,MANSION DEL GRAN SABER,SOCABAYA,LA MANSION II,1,B4,B0,,16,7,7,0,0.22190734351897487,BAJA
0895771,SAN SEBASTIAN,PAUCARPATA,VILLA PORONGOCHE,1,B4,B0,,133,35,35,0,0.6776737309019221,BAJA
1337062,DIVINA PROVIDENCIA,SOCABAYA,HORACIO ZEBALLOS GAMEZ,1,A4,B0,,310,9,8,0,0.5999260719566288,BAJA
1030550,JACOBO DICKSON HUNTER,JACOBO HUNTER,AREQUIPA,1,B4,B0,,45,17,17,0,0.4025381961557417,BAJA
0219642,40157 JORGE LUIS BORGES,MIRAFLORES,ALTO MISTI,1,A1,B0,,254,0,0,0,0.4270576638738295,BAJA
1564145,SAN PEDRO DE ALCANTARA,JACOBO HUNTER,SAN JUAN DE DIOS,1,B4,B0,,80,23,23,0,0.5253819615574175,BAJA
0219295,40122 MANUEL SCORZA TORRES,JOSE LUIS BUSTAMANTE Y RIVERO,CERRO JULI,1,A1,B0,,301,80,80,0,0.8728437654016757,BAJA
0226506,40010 JULIO C TELLO,PAUCARPATA,CIUDAD BLANCA,1,A1,B0,,172,29,29,0,0.6906111384918678,BAJA
0219071,40100,YURA,,2,A1,B0,1.0,11,0,0,2,0.08415475603745687,MEDIA
0612655,40568,CAYARANI,ARCATA,2,A1,B0,4.0,24,12,10,1,0.3008871365204534,MEDIA
1277623,SAN ANDRES,JACOBO  HUNTER,JACOBO HUNTER,1,B4,B0,,123,10,10,0,0.47313947757516017,BAJA
0311241,40239 NICOLAS DE PIEROLA,NICOLAS DE PIEROLA,SAN GREGORIO,1,A1,B0,,301,30,30,0,0.7747658945293248,BAJA
0845040,VIRGEN DEL PILAR,SANTA RITA DE SIGUAS,SANTA RITA,1,B4,B0,,36,8,7,0,0.28511582060128143,BAJA
1790104,INTERNATIONAL SCHOOL SAN DIEGO,PAUCARPATA,PAUCARPATA,1,B4,B0,,52,8,8,0,0.31936914736323313,BAJA
0636464,IE 40273 CORONEL ALFONSO UGARTE,ATICO,CHORRILLOS,2,A1,B0,,32,17,17,1,0.37111877772301627,MEDIA
0894485,PERUANO FRANCES JEAN HARZIC,JACOBO HUNTER,HUNTER,1,B4,B0,,96,30,30,0,0.5986939379004436,BAJA
1337211,40701,SOCABAYA,,1,A1,B0,,147,19,19,0,0.5948743223262691,BAJA
1337898,LA VALLEJO,AREQUIPA,AREQUIPA,1,B4,B0,,13,2,2,0,0.1362740266140956,BAJA
1031285,LOS RANGERS,AREQUIPA,AREQUIPA,1,B4,B0,,2,2,2,0,0.07762444553967472,BAJA
0219899,40184,PAUCARPATA,15 DE AGOSTO,1,A1,B0,,41,14,5,0,0.36323311976343026,BAJA
1544337,PUERI DEI SCHOOL,PAUCARPATA,GUARDIA CIVIL,1,B4,B0,3.0,10,4,4,0,0.1626416954164613,BAJA
0891572,41044,SAMUEL PASTOR,LA PUNTA,2,A1,B0,3.0,12,12,9,1,0.2700837851158206,MEDIA
0845362,SAN IGNACIO,MARIANO MELGAR,PUEBLO JOVEN ATALAYA,1,A4,B0,,145,6,6,0,0.452932479053721,BAJA
0311738,40292 MARIA AUXILIADORA,CAHUACHO,SONDOR,2,A1,B0,3.0,2,6,6,1,0.14070970921636275,MEDIA
1270693,ANGLO FRANCES KINDERLAND,PAUCARPATA,GUARDIA CIVIL,1,B4,B0,,120,12,12,0,0.4948250369640217,BAJA
1764315,APIPA SECTOR III,CERRO COLORADO,ASOCIACIÓN PARQUE INDUSTRIAL PORVENIR AREQUIPA,1,A1,B0,,126,0,0,0,0.32035485460818136,BAJA
0845339,NIÑA MARIA - SAINT JHON'S,MARIANO MELGAR,AREQUIPA,1,B4,B0,,118,30,30,0,0.6331936914736324,BAJA
1546415,INTERNACIONAL SAN JUAN BAUTISTA,MAJES,EL PEDREGAL,1,B4,B0,,36,10,10,0,0.3076638738294727,BAJA
1120443,SAGRADOS CORAZONES DE JESUS Y MARIA,ALTOS SELVA ALEGRE,APURIMAC,1,B4,B0,,95,6,6,0,0.38245441103992117,BAJA
1651470,CONO NORTE LINUS PAULING,CERRO COLORADO,JOSE LUIS BUSTAMANTE Y RIVERO,1,B4,B0,,219,0,0,0,0.4086988664366683,BAJA
1274273,SHAMMAH,MARIANO MELGAR,MARIANO MELGAR,1,B4,B0,,79,0,0,0,0.24359290290783636,BAJA
1279058,CONSUELITO,AREQUIPA,AREQUIPA,1,B4,B0,,72,0,0,0,0.23040906850665352,BAJA
1755172,REAL SCHOOL C.A.M,YURA,CIUDAD DE DIOS,1,B4,B0,,106,0,0,0,0.2913997042878265,BAJA
1622828,JOULE CAYMA,CAYMA,PUEBLO TRADICIONAL,1,B4,B0,,97,0,0,0,0.2759980285855101,BAJA
1338003,40704 VILLA SANTA ROSA DE CHIGUATA,PAUCARPATA,VILLA SANTA ROSA,1,A1,B0,,33,4,4,0,0.22289305076392313,BAJA
1262161,NANTERRE,CERRO COLORADO,CERRO COLORADO,1,B4,B0,,90,0,0,0,0.2625677673730902,BAJA
0797191,40250 ENRIQUE ZAPATA MARTINEAU,CHAPARRA,ARASQUI,2,A1,B0,4.0,22,29,23,1,0.43001478560867423,MEDIA
1576438,CULTURA ORIENTAL,AREQUIPA,AREQUIPA,1,B4,B0,,10,5,5,0,0.17533267619517004,BAJA
0678839,40516 JUAN PABLO VIZCARDO Y GUZMAN,SAMUEL PASTOR,JUAN PABLO VIZCARDO Y GUZMÁN,1,A1,B0,,29,6,5,0,0.24125184820108428,BAJA
0311332,40248,OCOÑA,SANTA RITA CENICEROS,2,A1,B0,,14,11,11,1,0.2637999014292755,MEDIA
1255025,METROPOLITANO,AREQUIPA,SANTA ISABEL,1,B4,B0,,9,1,1,0,0.10460818137013307,BAJA
0518076,40269 ISMAEL CONTRERAS YAÑEZ,BELLA UNIÓN,BELLA UNIÓN,1,A1,B0,,131,16,12,0,0.5487925086249384,BAJA
1337781,GRAN MAESTRO JUAN ENRIQUE PESTALOZZI,JACOBO HUNTER,UGEL AREQUIPA SUR,1,B4,B0,,180,33,33,0,0.7214144898965007,BAJA
1763382,HAPPY CHILDREN,ATICO,LA FLORIDA,1,B4,B0,,136,24,24,0,0.6206259241005422,BAJA
1669936,YAHVEH NISSI,MIRAFLORES,MIRAFLORES,1,B4,B0,,14,5,4,0,0.186914736323312,BAJA
0891754,BELEN,OCOÑA,OCOÑA,2,B4,B0,,36,15,15,1,0.36089206505667815,MEDIA
1338797,GALO PERUANA,SOCABAYA,LARA,1,A4,B0,,114,11,11,0,0.4741251848201084,BAJA
0678813,I.E. 40259,OCOÑA,OCOÑA,2,A1,B0,,43,25,22,1,0.4606949236076885,MEDIA
1333483,NUESTRO SEÑOR DE LOS MILAGROS,LA JOYA,SAN CAMILO,2,B4,B0,1.0,27,4,4,2,0.20650566781665847,MEDIA
0313908,40514 SAN PEDRO,ALCA,HUILLAC,2,A1,B0,,17,30,21,1,0.4247166091670774,MEDIA
1777051,RONALD FISHER,CERRO COLORADO,PERUARBO,1,B4,B0,,33,5,5,0,0.23558403154263186,BAJA
1316587,LUIS FELIPE DE ORLEANS,AREQUIPA,IV CENTENARIO,1,B4,B0,,59,12,12,0,0.38417939871858053,BAJA
1698570,SINAI,YURA,CIUDAD DE DIOS,1,B4,B0,4.0,123,6,6,0,0.4248398225726959,BAJA
0844373,WILLIAM MORRIS,ALTO SELVA ALEGRE,AREQUIPA,1,B4,B0,,101,3,3,0,0.34894036471168066,BAJA
0314286,40552 TUPAC AMARU,PUYCA,PETTCCE,2,A1,B0,3.0,14,2,2,1,0.13947757516017745,MEDIA
0311878,40306,BELLA UNIÓN,CHAVIÑA,2,A1,B0,,25,27,20,1,0.4274273040906851,MEDIA
1658525,SAN FRANCISCO DE SALES,CERRO COLORADO,ASOCIACION PRIMAVERA,2,B4,B0,,161,3,3,1,0.42952193198620015,MEDIA
1639178,HOWARD GARDNER SCHOOL,YURA,CIUDAD DE DIOS,1,B4,B0,,134,21,21,0,0.5982010842779695,BAJA
0311555,40272 JOSE OLAYA BALANDRA,CHALA,CHALA,1,A1,B0,,1051,126,115,0,0.9711680630852637,BAJA
1333848,THOMAS M.C.,YURA,CIUDAD DE DIOS,1,B4,B0,,213,30,30,0,0.730039428289798,BAJA
0311506,40267 SAGRADO CORAZON DE JESUS,ATICO,LA FLORIDA,1,A1,B0,,401,26,21,0,0.7856086742237556,BAJA
1031475,40667 CRISTO MORADO,MARIANO NICOLAS VALCARCEL,LA EUGENIA,2,A1,B0,,122,63,59,1,0.7180877279448004,ALTA/URGENTE
0220004,40195,SABANDÍA,YUMINA,2,A1,B0,,31,12,12,1,0.3202316412025628,MEDIA
1692052,PIEDADES DE CIUDAD DE DIOS,YURA,CIUDAD DE DIOS,1,B4,B0,,93,13,13,0,0.46315919172005915,BAJA
0311852,40304 ESTAUROFILA NEGRETE,QUICACHA,EL MOLINO,2,A1,B0,,17,26,26,1,0.4024149827501232,MEDIA
1281211,ANDRES DE SANTA CRUZ,CERRO COLORADO,ZAMACOLA,1,B4,B0,,40,9,9,0,0.3050763923114835,BAJA
0542019,40089,HUNTER,BELLAVISTA,1,A1,B0,,4,1,1,0,0.07516017742730409,BAJA
1337401,ALEXANDER GRAHAM BELL,MARIANO MELGAR,MARIANO MELGAR,1,B4,B0,,58,10,10,0,0.3565795958600296,BAJA
1631670,INTERNACIONAL SCHOOL,LA JOYA,SAN LUIS LA CANO,1,B4,B0,,47,0,0,0,0.17496303597831445,BAJA
1466218,ALMA MATER,CAYMA,,1,B4,B0,,72,18,18,0,0.4709216362740266,BAJA
1344381,JOHN ANDREWS,CERRO COLORADO,,1,B4,B0,3.0,33,11,11,0,0.31246919664859535,BAJA
0314294,40553 SAN ANTONIO DE PADUA,PUYCA,SUNI,2,A1,B0,,19,24,24,1,0.3934204041399705,MEDIA
1334804,NUESTRA SEÑORA DEL DIVINO AMOR,CERRO COLORADO,AREQUIPA,1,A4,B0,,327,50,50,0,0.8456136027599803,BAJA
1639749,VIRGEN DE COPACABANA,MARIANO NICOLAS VALCARCEL,SECOCHA,1,B4,B0,,179,15,15,0,0.5919172005914244,BAJA
3042678,VIRGEN DE LAS MARAVILLAS,CERRO COLORADO,AS0C VIRGEN DE COPACABANA,1,A4,B0,,173,3,3,0,0.44048792508624934,BAJA
0695015,40263,MOLLEBAYA,MACHAHUAY,1,A1,B0,,38,14,14,0,0.3574420896993593,BAJA
1419456,SANTO CATOLICO DON BOSCO,HUNTER,AREQUIPA,1,B4,B0,,86,21,21,0,0.5226712666338098,BAJA
0891697,GRUPO MEGA,CAMANA,CAMANA,1,B4,B0,,190,6,6,0,0.4995071463775259,BAJA
1802016,PALMER DE MARIANO MELGAR,MARIANO MELGAR,MARIANO MELGAR,1,B4,B0,,58,1,1,0,0.22585017249876785,BAJA
0844654,40201 TECNICO AGROPECUARIO LA COLINA,MAJES,SANTA MARIA DE LA COLINA,1,A1,B0,,382,178,178,0,0.946402168555939,BAJA
0219220,40115 AURORA CASAS CASTRO,VITOR,PIE DE LA CUESTA,2,A1,B0,,8,19,14,1,0.32171020206998524,MEDIA
1335124,FARADAY,AREQUIPA,AREQUIPA,1,B4,B0,,186,35,35,0,0.7341054706752095,BAJA
0678789,BRUNING HANS HEIMBRICH,CERRO COLORADO,,1,B4,B0,,59,26,26,0,0.5029571217348447,BAJA
0287490,41005 HEROES DE ANGAMOS,AREQUIPA,URBANIZACION OBANDO,1,A1,B0,,94,27,17,0,0.578610152784623,BAJA
1371111,DIVINA MISERICORDIA,CERRO COLORADO,ALTO LIBERTAD,1,B4,B0,,66,3,3,0,0.28265155248891083,BAJA
1608413,PACIFICO SCHOOL,CAYMA,ACEQUIA ALTA,1,B4,B0,,169,5,5,0,0.4648841793987186,BAJA
0219857,40180,PAUCARPATA,JESUS MARIA,1,A1,B0,,246,58,37,0,0.8229423361261705,BAJA
0796862,40097 REPUBLICA DE CANADA,MAJES,BELLO HORIZONTE,2,A1,B0,,123,42,38,1,0.6824790537210448,ALTA/URGENTE
0313916,40515 SAN SEBASTIAN,CHARCANA,CHARCANA,2,A1,B0,3.0,50,5,5,1,0.2739034006899951,MEDIA
0312561,40375 MARIA AUXILIADORA,CHIVAY,CHIVAY,1,A1,B0,,290,41,27,0,0.8098817151306061,BAJA
0219402,40133 CIRIACO VERA PEREA,MIRAFLORES,EDIFICADORES MISTI,1,A1,B0,,166,33,33,0,0.7076145884672252,BAJA
1119874,CRISTIAN BARNARD,CAYMA,FRANCISCO BOLOGNESI,1,B4,B0,4.0,50,16,16,0,0.40167570231641203,BAJA
1338110,THOMAS A. EDISON SCHOOL,PAUCARPATA,PAUCARPATA,1,B4,B0,,10,2,2,0,0.1278955150320355,BAJA
1339381,EDWARD NORTON,SOCABAYA,AREQUIPA,1,B4,B0,,180,32,32,0,0.7168555938886151,BAJA
0898528,VIRGEN DEL ROSARIO,CERRO COLORADO,AREQUIPA,1,B4,B0,,82,22,22,0,0.5221784130113356,BAJA
0307629,COLEGIO PARTICULAR MIXTO SANTA CLARA,JOSE LUIS BUSTAMANTE Y RIVERO,AREQUIPA,1,B4,B0,,404,85,85,0,0.9122720551996057,BAJA
0311191,40234 JUAN PABLO II,MARIANO NICOLÁS VALCÁRCEL,URASQUI,2,A1,B0,,227,122,120,1,0.8637259733859044,ALTA/URGENTE
0472191,40076,MARIANO MELGAR,MARIANO BUSTAMANTE,1,A1,B0,1.0,133,20,14,1,0.588344011828487,MEDIA
0472282,40256 CARLOS MANCHEGO RENDON,SOCABAYA,4 DE OCTUBRE,1,A1,B0,,123,6,6,0,0.4248398225726959,BAJA
1654581,MONTE CARMELO,SAMUEL PASTOR,SAMUEL PASTOR,1,B4,B0,,222,1,1,0,0.4377772301626417,BAJA
1032333,STANFORD,AREQUIPA,AREQUIPA,1,B4,B0,,148,14,14,0,0.5489157220305569,BAJA
0286674,40563,TORO,CHAUCALLA,2,A1,B0,3.0,1,1,1,1,0.049655002464268114,MEDIA
0307124,JESUS NAZARENO,PAUCARPATA,PUEBLO TRADICIONAL,1,A4,B0,,143,10,9,0,0.49901429275505177,BAJA
0589085,40106 JUAN SANTOS ATAHUALPA,CERRO COLORADO,JOSE SANTOS ATAHUALPA,1,A1,B0,,197,11,11,0,0.56542631838344,BAJA
1703693,JOULE CIUDAD MUNICIPAL,CERRO COLORADO,AREQUIPA,1,B4,B0,,18,0,0,0,0.10288319369147363,BAJA
0314179,40541 SANTA ROSA DE LIMA,CHARCANA,ANDAMARCA,2,A1,B0,3.0,6,1,1,1,0.08982257269590932,MEDIA
0313999,40523 JUAN LUIS SOTO MOTTA,PAMPAMARCA,MUNGUI,2,A1,B0,,7,14,11,1,0.2693445046821094,MEDIA
1202795,VINCENT VAN GOGH,CERRO COLORADO,LA LIBERTAD,1,B4,B0,,24,1,1,0,0.14477575160177428,BAJA
1781244,SAN PABLO GM,MARIANO MELGAR,GENERALISIMO SAN MARTIN,1,B4,B0,,21,0,0,0,0.10978314440611138,BAJA
0897744,SAMUEL ORTON,AREQUIPA,GENERALISIMO SAN MARTIN,1,B4,B0,,4,0,0,0,0.047806801379990146,BAJA
1761170,SAN MATEO ANGLICAN SCHOOL SEDE ALTO LIBERTAD,CERRO COLORADO,,1,B4,B0,,75,23,23,0,0.5167570231641202,BAJA
1548981,JOHN FORBES,CERRO COLORADO,,1,B4,B0,,329,21,21,0,0.7289305076392312,BAJA
0619387,JESUS,LA JOYA,LA JOYA,1,B2,B0,,190,18,18,0,0.6302365697387876,BAJA
1767755,SAGRADA FAMILIA DE APIPA,CERRO COLORADO,,1,B4,B0,,75,23,23,0,0.5167570231641202,BAJA
1354851,AMERICAN SCHOOL,PAUCARPATA,PAUCARPATA,1,B4,B0,,8,2,2,0,0.11939379004435682,BAJA
0220251,I.E.40221 CORAZON DE JESUS,SOCABAYA,PUEBLO VIEJO,1,A1,B0,,154,30,30,0,0.6785362247412519,BAJA
0219782,40171 SANTISIMA VIRGEN DE FATIMA,JOSE LUIS BUSTAMANTE Y RIVERO,COOPERATIVA 58,1,A1,B0,,66,31,31,0,0.5476835879743716,BAJA
1311661,CORONEL LEONCIO PRADO,MAJES,EL PEDREGAL,1,B4,B0,3.0,43,0,0,0,0.16522917693445047,BAJA
1721547,INTEGRAL SAN MIGUEL ARCANGEL,CERRO COLORADO,SANTA ROSA,1,B4,B0,,2,0,0,0,0.030926564810251356,BAJA
0844761,40639,SOCABAYA,LA CAMPIÑA,1,A1,B0,,135,31,31,0,0.6626416954164613,BAJA
0678805,40203 TUPAC AMARU,SAMUEL PASTOR LA PAMPA,AA HH TUPAC AMARU,1,A1,B0,,78,11,11,0,0.4125184820108428,BAJA
1642115,DEL SOLAR,PAUCARPATA,PAUCARPATA,1,B4,B0,,84,6,6,0,0.36126170527353374,BAJA
0307215,SAN JOSE OBRERO,ALTO SELVA ALEGRE,URB VILLA HERMOSA,1,A4,B0,,126,2,2,0,0.36705273533760474,BAJA
1770858,POMU,CERRO COLORADO,JOSE LUIS BUSTAMANTE Y RIVERO,1,B4,B0,,30,2,2,0,0.181123706259241,BAJA
1569482,DIVINO JESUS DE SOCABAYA,SOCABAYA,AREQUIPA,1,B4,B0,,50,3,3,0,0.24593395761458847,BAJA
1654565,GRAN SABIO ALBERT EINSTEIN,MARIANO NICOLAS VALCARCEL,SECOCHA,1,B4,B0,,287,20,19,0,0.7021931986200098,BAJA
1786052,LARA - PAZ PERU,SOCABAYA,AREQUIPA,1,A4,B0,,51,2,2,0,0.22893050763923117,BAJA
0314146,40538,COTAHUASI,REYPARTE,2,A1,B0,,9,0,0,1,0.07725480532281913,MEDIA
1371376,TALENTUS SCHOOL,JOSE LUIS BUSTAMANTE Y RIVERO,AREQUIPA,1,B4,B0,,38,6,6,0,0.26540167570231643,BAJA
1346659,SAN FERNANDO,CAYMA,LA TOMILLA,1,B4,B0,,31,12,12,0,0.3202316412025628,BAJA
1766765,JESUS DE NAZARETH,ALTO SELVA ALEGRE,LEONES DEL MISTI,1,B4,B0,,3,2,2,0,0.08624938393297191,BAJA
1119080,SANTA MARIA DE FATIMA,SOCABAYA,SOCABAYA,1,B4,B0,,15,10,10,0,0.2534499753573189,BAJA
1336833,SAN IGNACIO DE LOYOLA AREQUIPA,PAUCARPATA,UGEL AREQUIPA SUR,1,B4,B0,,50,15,15,0,0.3910793494332183,BAJA
0656090,DOMINGO SAVIO,MARIANO NICOLAS VALCARCEL,SECOCHA,1,B4,B0,,194,1,1,0,0.41941843272548057,BAJA
1262807,SANTA IMELDA,CERRO COLORADO,LA BUGANVILLAS,1,B4,B0,,43,13,13,0,0.35916707737801873,BAJA
1281534,LEONCIO PRADO,YURA,CIUDAD DE DIOS,1,B4,B0,,32,0,0,0,0.13910793494332183,BAJA
1338425,GRAN PADRE AMADO,PAUCARPATA,PPJJ NICARAGUA,1,B4,B0,,136,23,23,0,0.6128634795465746,BAJA
1770692,MAGIS SCHOOL,PAUCARPATA,UGEL AREQUIPA SUR,1,B4,B0,,71,15,15,0,0.43863972400197143,BAJA
1237304,ANDENES DE CHILINA,ALTO SELVA ALEGRE,INDEPENDENCIA,1,B4,B0,,328,16,16,0,0.6826022671266634,BAJA
1337187,SAN MIGUEL ARCANGEL,YURA,CONO NORTE,1,B4,B0,,9,1,1,0,0.10460818137013307,BAJA
0220194,40215,POLOBAYA,POLOBAYA,2,A1,B0,,7,6,5,1,0.17730409068506653,MEDIA
1364991,BRITANICO EUROPEO DUNALASTAIR,SACHACA,YANAHUARA,1,B4,B0,,221,31,31,0,0.7411286347954658,BAJA
1694108,J.N. ANDREWS - VILLA ESPERANZA,LA JOYA,SAN JOSE,1,B4,B0,,117,27,27,0,0.6147116806308526,BAJA
0635920,40186,POLOBAYA,TOTORANI,2,A1,B0,,5,5,5,1,0.15032035485460818,MEDIA
1697796,MARICHRIS,MIRAFLORES,AREQUIPA,1,B4,B0,1.0,20,0,0,1,0.10768851651059635,MEDIA
1572338,MILAGROSA VIRGEN DEL CARMEN,CERRO COLORADO,VILLA PARAISO,1,B4,B0,,68,17,15,0,0.45219319862000984,BAJA
0307603,SAGRADO CORAZON,CERRO COLORADO,AREQUIPA,1,B4,B0,,324,10,10,0,0.6174223755544603,BAJA
1339001,ABRAHAM LINCOLN,CERRO COLORADO,CERRO COLORADO,1,B4,B0,,17,9,9,0,0.246057171020207,BAJA
1693886,SAN FRANCISCO DE SALES - AREQUIPA NORTE,CERRO COLORADO,CERRO COLORADO,1,B4,B0,,63,4,4,0,0.291276490882208,BAJA
1562867,GRECOS,CERRO COLORADO,GUILLERMO MERCADO,1,B4,B0,,98,2,2,0,0.32479053721044854,BAJA
1337344,MARIA DEL REDENTOR,PAUCARPATA,MANCO CAPAC,1,A4,B0,,37,2,2,0,0.1994825036964022,BAJA
0219428,40135 TENIENTE FERRE,MARIANO MELGAR,URBANIZACION SANTA ROSA,1,A1,B0,,115,14,12,0,0.5064070970921636,BAJA
3041225,SEMBRANDO TALENTOS,YURA,AREQUIPA,1,B4,B0,,32,3,3,0,0.20527353376047314,BAJA
0845123,SAN IGNACIO DE LOYOLA,CERRO COLORADO,AREQUIPA,1,B4,B0,,96,3,3,0,0.3403154263183834,BAJA
1791110,BABY HOUSE,CAYMA,CAYMA,1,B4,B0,3.0,35,5,5,0,0.2405125677673731,BAJA
1798362,SAN IGNACIO DE LOYOLA,CERRO COLORADO,AREQUIPA,1,B4,B0,,27,3,3,0,0.19122720551996059,BAJA
1631092,MAGISTERIAL,SELVA ALEGRE,AREQUIPA,1,B4,B0,,31,3,3,0,0.20293247905372103,BAJA
1340272,PROMEDIO 21,PAUCARPATA,MIGUEL GRAU,1,B4,B0,,73,4,4,0,0.31481025135534746,BAJA
1331693,SAN MARCOS - AREQUIPA,CERRO COLORADO,PERUARBO,1,B4,B0,,53,8,8,0,0.3204780680137999,BAJA
1367176,HEFZIBA,YANAHUARA,AREQUIPA,1,B4,B0,,67,3,3,0,0.2846229669788073,BAJA
1239482,INTERAMERICANO,JOSE LUIS BUSTAMANTE Y RIVERO,JOSE LUIS BUSTAMANTE Y RIVERO,1,B4,B0,,1,2,2,0,0.06899950714637752,BAJA
0569806,40172,SOCABAYA,VILLA EL GOLF,1,A1,B0,,263,1,1,0,0.46032528339083295,BAJA
1392950,SAN MAXIMILIANO,CERRO COLORADO,MONSERRAT,1,B4,B0,2.0,128,22,22,0,0.59647609659931,BAJA
1369719,CEDEU LEONCIO PRADO,AREQUIPA,AREQUIPA,1,B4,B0,,21,15,15,0,0.32109413504189255,BAJA
0891721,SANTA MARIA NEW SCHOOL,CAMANA,CAMANA,1,B4,B0,,97,21,21,0,0.5438639724001971,BAJA
0310268,41042  PEDRO  JOSE TORDOYA  MONTOYA,CARAVELI,CARAVELI,1,A1,B0,,568,0,0,0,0.5056678166584525,BAJA
1666650,SAN FRANCISCO JAVIER - CIRCA,MARIANO MELGAR,BERLIN,1,A4,B0,,210,0,0,0,0.40327747658945295,BAJA
1720028,HOLY SCHOOLS,CERRO COLORADO,AREQUIPA,1,B4,B0,,286,23,23,0,0.7228930507639231,BAJA
0219345,40127 SEÑOR DEL ESPIRITU SANTO,CHIGUATA,CHIGUATA,2,A1,B0,,57,41,39,1,0.5609906357811729,MEDIA
1751049,BALMER CAYMA,CAYMA,AREQUIPA,1,B4,B0,,101,3,3,0,0.34894036471168066,BAJA
1569524,MACITEC,JACOBO HUNTER,JACOBO HUNTER,1,B4,B0,,63,17,17,0,0.4418432725480532,BAJA
1784461,SUDAMERICANO,CERRO COLORADO,URB TUPAC AMARU,1,B4,B0,,52,17,17,0,0.4158452439625431,BAJA
3051091,EL PACIFICADOR LINUS PAULING,CERRO COLORADO,ALDO MORO,1,B4,B0,,76,0,0,0,0.23854115327747658,BAJA
1770569,EL CIMARRONCITO DE CHAPI,PAUCARPATA,URB JOSE CARLOS MARIATEGUI,1,B4,B0,,1,4,4,0,0.10374568753080335,BAJA
0517573,40117,VITOR,SOTILLO,2,A1,B0,,15,12,11,1,0.2788319369147363,MEDIA
1642305,LEON NEIL COOPER,CERRO COLORADO,SOR ANA DE LOS ANGELES,1,B4,B0,1.0,33,0,0,1,0.14144898965007394,MEDIA
1335413,SAGRADA FAMILIA SKARHOLMEN,CERRO COLORADO,CERRO COLORADO,1,B4,B0,,4,0,0,0,0.047806801379990146,BAJA
1363456,SAN ESTEBAN,CERRO COLORADO,AREQUIPA,1,B4,B0,,93,17,17,0,0.5012321340561853,BAJA
0313668,40486,JAQUI,MOCHICA,2,A1,B0,,20,13,13,1,0.3016264169541646,MEDIA
0312850,40405,CALLALLI,PAMPA BLANCA,2,A1,B0,1.0,2,5,1,2,0.12506160670280927,MEDIA
1558840,DIVINO MAESTRO,CHAPARRA,CHAPARRA,2,B4,B0,,59,6,6,1,0.31049778215869883,MEDIA
0845354,LA CANTUTA DE AREQUIPA,MIRAFLORES,AREQUIPA,1,B4,B0,,230,34,34,0,0.75837851158206,BAJA
0286658,40561,TORO,ANCARO,2,A1,B0,3.0,1,1,1,1,0.049655002464268114,MEDIA
0895805,SAN VICENTE DE PAUL,JOSE LUIS BUSTAMANTE Y RIVERO,DOLORES,1,B4,B0,,56,24,24,0,0.48077870872350914,BAJA
0770065,41057,HUAYNACOTAS,AGUAS CALIENTES,2,A1,B0,3.0,6,1,1,1,0.08982257269590932,MEDIA
1774009,SANTISIMA VIRGEN DE CHAPI,SOCABAYA,SOCABAYA,1,B4,B0,,61,10,10,0,0.3633563331690488,BAJA
0219873,40182,PAUCARPATA,PROGRESISTA,1,A1,B0,,235,44,38,0,0.7906604238541153,BAJA
1238328,MENDEL CAMANA,CAMANA,CAMANA,1,B4,B0,,102,25,25,0,0.5799655002464268,BAJA
3018751,SANTISIMA INFANTA MARIA,OCOÑA,OCOÑA,2,B4,B0,,47,0,0,1,0.17496303597831445,MEDIA
0897983,BALMER JESUCRISTO REY,YANAHUARA,AREQUIPA,1,B4,B0,,14,2,2,0,0.13947757516017745,BAJA
1031673,GABRIELA MISTRAL,AREQUIPA,AREQUIPA,1,B4,B0,,90,5,5,0,0.3567028092656481,BAJA
0218990,40093,LA JOYA,LA CANO,2,A1,B0,,323,59,55,1,0.8599063578117299,ALTA/URGENTE
1344472,ITALO PERUANO ALESSANDRO VOLTA,CHARACATO,ASOVICH,1,B4,B0,,110,26,25,0,0.5999260719566288,BAJA
1436427,SEÑOR DE LA CAÑA,CERRO COLORADO,AREQUIPA,1,B4,B0,,121,21,21,0,0.5800887136520454,BAJA
0287599,I.E. REPUBLICA ARGENTINA,MIRAFLORES,MIRAFLORES,1,A1,B0,,186,11,11,0,0.556801379990143,BAJA
1790732,WAYNE DYER,MAJES,PEDREGAL SUR,1,B4,B0,,2,1,1,0,0.0582799408575653,BAJA
0226498,40009 SAN MARTIN DE PORRES,PAUCARPATA,PAUCARPATA,1,A4,B0,,186,24,24,0,0.6736076885165106,BAJA
1333541,EUROAMERICANO DIVINO NIÑO JESUS,CERRO COLORADO,MARISCAL CASTILLA,1,B4,B0,,42,20,20,0,0.42237555446032526,BAJA
1262609,SEÑOR DE LUREN,CAYMA,AREQUIPA,1,B4,B0,,40,1,1,0,0.18654509610645637,BAJA
0287730,41035 NICANOR RIVERA CACERES,ALTO SELVA ALEGRE,URBANIZACIÓN GRÁFICOS,1,A1,B0,,196,58,50,0,0.7934943321833415,BAJA
1719749,SAN ANTONIO DE PADUA SCHOOL,CERRO COLORADO,AREQUIPA,1,B4,B0,,44,10,10,0,0.32589945786101526,BAJA
1372366,BENJAMIN FRANKLIN,SACHACA,PAMPAS DE CAMARONES,1,B4,B0,,39,0,0,0,0.157466732380483,BAJA
0220129,40208 PADRE FRANCOIS DELATTE,SOCABAYA,BELLAPAMPA,1,A4,B0,,337,109,108,0,0.9066042385411532,BAJA
0845065,PADRE PEREZ DE GUEREÑU,PAUCARPATA,CIUDAD BLANCA,1,A1,B0,,460,41,26,0,0.8607688516510597,BAJA
0311597,40276  MARIANO MELGAR VALDIVIESO,CHAPARRA,CHAPARRA,2,A1,B0,,212,132,119,1,0.8599063578117299,ALTA/URGENTE
1764364,SANTA PAULA SCHOOL,HUNTER,CCACALLINCA,1,B4,B0,,214,21,21,0,0.6744701823558403,BAJA
1339985,SEÑOR JUSTO JUEZ,ALTO SELVA ALEGRE,URB APURIMAC,1,B4,B0,,35,12,12,0,0.3298422868408083,BAJA
1723196,PROCERES DE MIRAFLORES,MIRAFLORES,LA GALAXIA,1,A1,B0,1.0,1,0,0,1,0.022301626416954164,MEDIA
0895342,40657,ALTO SELVA ALEGRE,VILLA INDEPENDIENTE,1,A1,B0,,86,5,2,0,0.34894036471168066,BAJA
1118017,40675 GRAL. VELAZCO ALVARADO,CHIGUATA,LOS PORTALES,1,A1,B0,,77,49,47,0,0.6229669788072942,BAJA
1697853,MINNE MARTE,SOCABAYA,HORACIO ZEBALLOS GAMEZ,1,B4,B0,,106,0,0,0,0.2913997042878265,BAJA
1338235,PADRE MARTIN,JACOBO HUNTER,JACOBO HUNTER,1,B4,B0,,220,28,28,0,0.7214144898965007,BAJA
0619056,PABLO FREIRE,CHARACATO,CHARACATO,1,B4,B0,,70,2,2,0,0.2713159191720059,BAJA
1339803,VILLARREAL,SOCABAYA,SOCABAYA,1,B4,B0,,19,10,10,0,0.26367668802365696,BAJA
1443787,CEDEU ALFRED BINET,AREQUIPA,AREQUIPA,1,B4,B0,,63,30,30,0,0.5343765401675702,BAJA
1254663,CESAR VALLEJO,ALTO SELVA ALEGRE,AUGUSTO SALAZAR BONDY,1,B4,B0,,70,10,10,0,0.3827008378511582,BAJA
1636083,MARIA DE JESUS,PAUCARPATA,AREQUIPA,1,B4,B0,,64,16,16,0,0.43445046821094135,BAJA
0845404,BELEN DEL NIÑO JESUS,MARIANO MELGAR,MARIANO MELGAR,1,B4,B0,,73,8,8,0,0.3689009364218827,BAJA
1119916,BALMER,CERRO COLORADO,AREQUIPA,1,B4,B0,,113,1,1,0,0.32861015278462297,BAJA
0314005,40524,PAMPAMARCA,HUARHUA,2,A1,B0,3.0,5,1,1,1,0.08353868900936422,MEDIA
1260546,SAN MATEO ANGLICAN SCHOOL SEDE ZAMACOLA,CERRO COLORADO,,1,B4,B0,,75,23,23,0,0.5167570231641202,BAJA
1435510,GRUPO AMERICAN SCHOOLS,CERRO COLORADO,AREQUIPA,1,B4,B0,4.0,145,16,16,0,0.5650566781665846,BAJA
1414234,JUAN DE LA TORRE CÁRCAMO,CHAPARRA,ANEXO PAMPAHUARA,2,A1,B0,,117,6,6,1,0.41695416461310986,MEDIA
1120476,SAN CARLOS,JOSE LUIS BUSTAMANTE Y RIVERO,,1,B4,B0,,100,0,0,0,0.28129620502710695,BAJA
1702661,JESUS MI SALVADOR,CERRO COLORADO,ASOC JORGE CHAVEZ,1,B4,B0,,55,11,11,0,0.36113849186791525,BAJA
0220228,40218,SAN JUAN DE TARUCANI,CONDORÍ,2,A1,B0,3.0,4,5,0,1,0.14194184327254805,MEDIA
1637107,I.E.P SAN FRANCISCO DE CIUDAD DE DIOS,YURA,AREQUIPA,1,B4,B0,,67,22,22,0,0.49199112863479544,BAJA
3050150,MATER DEI SCHOOL,PAUCARPATA,AREQUIPA,1,B4,B0,,5,0,0,0,0.056185312962050274,BAJA
0844852,40631 JUAN PABLO II,JOSE LUIS BUSTAMANTE Y RIVERO,LAS ESMERALDAS,1,A1,B0,,168,86,80,0,0.7992853622474125,BAJA
3020609,SAN PABLO DE AREQUIPA,AREQUIPA,CERCADO,1,B4,B0,,1,10,10,0,0.18038442582552983,BAJA
1315571,JUAN NAPOLEON,ALTO SELVA ALEGRE,ALTO SELVA ALEGRE,1,B4,B0,,34,2,2,0,0.1904879250862494,BAJA
1624162,JENS KNUDSEN,AREQUIPA,CERCADO,1,B4,B0,,51,12,12,0,0.36569738787580086,BAJA
1336767,DOMINUS IESUS,PAUCARPATA,15 DE AGOSTO,1,B4,B0,,5,1,1,0,0.08353868900936422,BAJA
1117779,LEONCIO PRADO,ALTO SELVA ALEGRE,AREQUIPA,1,B4,B0,,108,10,10,0,0.4531789058649581,BAJA
0895490,KING'S WORLD,ALTO SELVA ALEGRE,ALTO SELVA ALEGRE,1,B4,B0,,8,2,2,0,0.11939379004435682,BAJA
1404375,DIVINO MAESTRO DEL SABER,JOSE LUIS BUSTAMANTE Y RIVERO,SIMON BOLIVAR,1,B4,B0,,30,10,10,0,0.2925086249383933,BAJA
1117654,THALES DE MILETO,SOCABAYA,AREQUIPA,1,B4,B0,,170,25,25,0,0.667200591424347,BAJA
1202399,ROSARIO GONZALES ALVAREZ,SOCABAYA,LA CAMPIÑA,1,A1,B0,,168,12,12,0,0.5533514046328241,BAJA
1338169,INTERNACIONAL INCA GARCILAZO DE LA VEGA S.A.,SOCABAYA,LA PAMPA,1,B4,B0,,125,27,27,0,0.6262937407589946,BAJA
1344506,SANTILLANA,SOCABAYA,LARA TRADICIONAL,1,B4,B0,,72,23,23,0,0.5104731394775751,BAJA
1458918,ALEJANDRO BULLON PAUCAR,SOCABAYA,AREQUIPA,1,B4,B0,4.0,60,3,3,0,0.2689748644652538,BAJA
1118959,MAERE DU CHRIST,MIRAFLORES,AREQUIPA,1,B4,B0,,123,8,8,0,0.45059142434696897,BAJA
1371467,JULIETTE HARMAN,ALTO SELVA ALEGRE,ALTO SELVA ALEGRE,1,B4,B0,,46,2,2,0,0.21968950221784128,BAJA
1338979,WOLFANG AMADEUS MOZART,JOSE LUIS BUSTAMANTE Y RIVERO,URBANA,1,B4,B0,,153,0,0,0,0.35226712666338095,BAJA
0712711,40615,PAMPAMARCA,LANCAROYA,2,A1,B0,,6,0,0,1,0.06246919664859536,MEDIA
1763507,MILLENIUM SCHOOL LOS PORTALES,CHIGUATA,LOS PORTALES,1,B4,B0,,55,10,10,0,0.3482010842779695,BAJA
1700574,SCHOOL DAVID KOLB,YURA,CIUDAD DE DIOS,1,B4,B0,,81,5,5,0,0.3409314933464761,BAJA
1751312,ILUMINADORA VIRGEN DEL CARMEN,CERRO COLORADO,AREQUIPA,1,B4,B0,4.0,90,9,9,0,0.4084524396254312,BAJA
1567759,SEÑOR DEL GRAN PODER,SOCABAYA,AREQUIPA,1,B4,B0,,86,7,7,0,0.37912764908822083,BAJA
1748516,NIÑO JESUS EL CIMARRONCITO,CAYMA,FRANCISCO BOLOGNESI,1,B4,B0,,4,3,2,0,0.11397240019714144,BAJA
1789387,JUANITO BOSCO,MARIANO MELGAR,MARIANO MELGAR,1,B4,B0,,37,3,3,0,0.21895022178413012,BAJA
0844670,SAN BENITO DE PALERMO,SOCABAYA,SAN MARTIN DE SOCABAYA,1,B4,B0,,99,31,31,0,0.6111384918679152,BAJA
0517367,ESTADO DE SUECIA,CERRO COLORADO,12 DE OCTUBRE,1,A1,B0,,163,29,29,0,0.6822326269098078,BAJA
1754498,THOMAS M.C. III,CERRO COLORADO,HÉROES DE LA BREÑA,1,B4,B0,,98,30,30,0,0.6026367668802366,BAJA
1254226,SAN PEDRO CHANEL,CERRO COLORADO,MERCADO MAYORISTA,1,B4,B0,,193,20,20,0,0.6501971414489897,BAJA
0219584,40151 CAP FAP JOSE ABELARDO QUIÑONES,MIRAFLORES,CHAPI CHICO,1,A1,B0,,154,4,2,0,0.43543617545588964,BAJA
1624691,MIGUEL ANGEL ASTURIAS SCHOOL,CERRO COLORADO,APIPA,1,B4,B0,,132,17,17,0,0.5601281419418432,BAJA
1305762,THOMAS M.C. II,CAYMA,LAS MALVINAS,1,B4,B0,,94,20,20,0,0.5300640709709217,BAJA
1273770,HENRY FORD,CHALA,CHALA,1,B4,B0,,203,24,24,0,0.6860522424839823,BAJA
1699313,JUAN KEPLER,PAUCARPATA,PAUCARPATA,1,B4,B0,,2,2,2,0,0.07762444553967472,BAJA
3042520,DIVINO NIÑO MAESTRO JESUS,CERRO COLORADO,SOR ANA DE LOS ANGELES,1,B4,B0,,2,5,5,0,0.12506160670280927,BAJA
1120518,GALILEANO PERUANO ITALIANO,AREQUIPA,AREQUIPA,1,B4,B0,,59,20,20,0,0.45970921636274026,BAJA
1699636,GOTITAS DEL CIELO,MARIANO MELGAR,AREQUIPA,1,B4,B0,,37,12,12,0,0.3362493839329719,BAJA
1622794,NIÑO JESUS EL MESIAS,CERRO COLORADO,CERRO COLORADO,1,B4,B0,5.0,89,11,11,0,0.43063085263676687,BAJA
1402445,G.U.E. MARIANO MELGAR VALDIVIESO,MARIANO MELGAR,SANTA ROSA,1,A1,B0,,344,113,113,0,0.911163134549039,BAJA
0894451,MARIA DE LA MERCED,HUNTER,HUNTER,1,A4,B0,,161,12,12,0,0.5468210941350419,BAJA
1339647,IEP DAVID AUSUBEL,JOSE LUIS BUSTAMANTE Y RIVERO,AREQUIPA,1,B4,B0,,21,12,12,0,0.2932479053721045,BAJA
1608439,SAINT JOSE MARIA SCHOOL,CERRO COLORADO,AREQUIPA,1,B4,B0,,119,1,1,0,0.3373583045835387,BAJA
1031012,PEQUEÑO ARQUITECTO,PAUCARPATA,AREQUIPA,1,B4,B0,,26,2,2,0,0.16892557910300643,BAJA
1339852,MAXWELL,JACOBO HUNTER,COOPERATIVA ANDRES AVELINO CACERES,1,B4,B0,,40,0,0,0,0.15919172005914242,BAJA
0526319,MY ANGEL SCHOOL,AREQUIPA,AREQUIPA,1,B4,B0,,42,3,3,0,0.2295465746673238,BAJA
0311514,40268 PEDRO ALFERRANO HERNANDEZ,BELLA UNION,BELLA UNION,1,A1,B0,,205,50,35,0,0.7847461803844258,BAJA
1755883,COLEGIO SUPERIOR DE CIENCIAS NEWTON KLEIN,CERRO COLORADO,CERRO COLORADO,1,B4,B0,,62,21,21,0,0.47535731887629373,BAJA
0845297,MARIA REYNA,AREUIPA,,1,B4,B0,,82,0,0,0,0.24864465253819615,BAJA
1577626,EINSTEIN SCHOOL,ALTO SELVA ALEGRE,VILLA ASUNCION,1,B4,B0,,63,2,2,0,0.2565303104977822,BAJA
1279298,INSTITUCION EDUCATIVA PARTICULAR ANGELITOS DE JESUS,SACHACA,AREQUIPA,1,B4,B0,,3,5,5,0,0.13368654509610647,BAJA
1337864,SAN IGNACIO EDUCADOR,PAUCARPATA,AREQUIPA,1,B4,B0,,38,12,12,0,0.33908329226219813,BAJA
1338136,DE FOMENTO ANDERS CELSIUS,MIRAFLORES,UNION EDIFICADORES MISTI,1,B4,B0,,153,4,4,0,0.43371118777723017,BAJA
0541615,INMACULADA CONCEPCION,JOSE LUIS BUSTAMANTE Y RIVERO,URB PEDRO DIEZ CANSECO,1,A1,B0,,370,124,122,0,0.9275505174963036,BAJA
1705409,HOWARD MY TALENTS,CAYMA,CAYMA,1,B4,B0,1.0,7,1,1,1,0.0948743223262691,MEDIA
1328608,MISERICORDIA DIVINA,ALTO SELVA ALEGRE,SELVA ALEGRE,1,B4,B0,,5,0,0,0,0.056185312962050274,BAJA
0894782,NIÑO DE JESUS DE NAZARET,MARIANO MELGAR,GENERALISIMO SAN MARTIN,1,B4,B0,,4,18,18,0,0.2883193691473633,BAJA
1790500,LITTLE ANGELS,CERRO COLORADO,AREQUIPA,1,B4,B0,3.0,24,3,3,0,0.18358797437161162,BAJA
1701648,DALE CARNEGIE,CAYMA,ACEQUIA ALTA,1,B4,B0,,24,10,10,0,0.275505174963036,BAJA
1699248,SANTA BARBARA,TIABAYA,SAN JOSE,1,B4,B0,,64,1,1,0,0.23989650073928043,BAJA
1239284,40686 MI DIVINO NIÑO JESUS,ALTO SELVA ALEGRE,JUAN VELAZCO ALVARADO,1,A1,B0,,107,7,1,0,0.41781665845243965,BAJA
1642255,FUTURA SCHOOLS - SEDE JOSE LUIS BUSTAMANTE Y RIVERO,JOSE LUIS BUSTAMANTE Y RIVERP,AREQUIPA,1,B4,B0,,358,18,18,0,0.7118038442582553,BAJA
1338532,CEDEU JULIO RODRIGUEZ ENRIQUEZ,ALTO SELVA ALEGRE,GRAFICOS,1,B4,B0,,10,15,15,0,0.2925086249383933,BAJA
1415991,NECCETA,PAMPAMARCA,NECCETA,2,A1,B0,,5,8,3,1,0.1917200591424347,MEDIA
0286690,40565,TORO,SIRINGAY,2,A1,B0,,3,3,3,1,0.10571710202069985,MEDIA
1696996,CIRCULO JOULE,AREQUIPA,AREQUIPA,1,B4,B0,,66,20,20,0,0.4754805322819123,BAJA
0216689,40562,TORO,CUPE,2,A1,B0,3.0,1,1,1,1,0.049655002464268114,MEDIA
0314138,40537,COTAHUASI,PIRO,2,A1,B0,3.0,5,1,1,1,0.08353868900936422,MEDIA
1424522,DIVINO NIÑO JESUS,CHALA,CHALA,1,B4,B0,,86,11,11,0,0.42582552981764416,BAJA
0314161,40540,ALCA,YUMASCA,2,A1,B0,1.0,2,3,3,2,0.09709216362740267,MEDIA
3025855,GRUPO JOULE,CHARACATO,LA HUAYLLA,2,B4,B0,,84,1,1,1,0.27883193691473634,MEDIA
1728146,DIVINA PROVIDENCIA DE JESUS,PAUCARPATA,VILLA JESÚS,1,B4,B0,,120,27,27,0,0.6189009364218827,BAJA
1338755,JOULMER,MIRAFLORES,MIRAFLORES,1,B4,B0,,61,10,10,0,0.3633563331690488,BAJA
1704667,BELLO HORIZONTE,PAUCARPATA,PAUCARPATA,1,B4,B0,,14,1,1,0,0.12013307047806801,BAJA
0895409,D'ANGELOUS CRISTI,ALTO SELVA ALEGRE,INDEPENDENCIA,1,B4,B0,,16,11,11,0,0.2686052242483982,BAJA
1796192,LAS PLUMAS DEL AMAUTA,CERRO COLORADO,AREQUIPA,1,B4,F0,,153,23,23,0,0.6323311976343026,BAJA
0612440,ANDRES AVELINO CACERES,YANAQUIHUA,ISPACAS,2,A1,F0,,108,140,128,1,0.7549285362247413,ALTA/URGENTE
0309740,40479 MIGUEL GRAU,ISLAY,MATARANI,1,A1,F0,,319,139,139,0,0.9162148841793987,BAJA
1755180,COLEGIO SUPERIOR DE CIENCIAS NEWTON VIANNEY,YURA,YURA,1,B4,F0,,257,1,1,0,0.4561360275998029,BAJA
1239243,CIENCIAS ITALO PERUANO ENRICO FERMI,MOLLENDO,MOLOLENDO,1,B4,F0,,131,19,17,0,0.5758994578610153,BAJA
0612507,40531 HONOFRE BENAVIDES,TOMEPAMPA,TOMEPAMPA,2,A1,F0,,153,288,174,1,0.8298422868408082,ALTA/URGENTE
1750850,JOHANNES KEPLER,CERRO COLORADO,AREQUIPA,1,B4,F0,,276,23,23,0,0.718703794972893,BAJA
0310110,MARIA MONTESSORI,AREQUIPA,AREQUIPA,1,B4,F0,,64,1,1,0,0.23989650073928043,BAJA
1335199,GRAN PACIFICADOR LINUS PAULING,AREQUIPA,AREQUIPA,1,B4,F0,,230,31,31,0,0.7453178905864958,BAJA
0309260,HONORIO DELGADO ESPINOZA,CAYMA,AREQUIPA,1,A1,F0,,1193,121,120,0,0.9688270083785115,BAJA
0898619,BLAS PASCAL,AREQUIPA,CERCADO,1,B4,F0,,231,25,25,0,0.7106949236076885,BAJA
0589473,40320 NUESTRA SEÑORA DEL ROSARIO,HUANCARQUI,HUANCARQUI,2,A1,F0,,56,94,92,1,0.6272794480039428,ALTA/URGENTE
0612051,CESAR DURAN LAZARTE,TIPAN,TIPAN,2,A1,F0,,32,47,41,1,0.5181123706259241,MEDIA
0309930,SAN JOSE DE AREQUIPA,AREQUIPA,AREQUIPA,1,B4,F0,,400,107,107,0,0.9241005421389847,BAJA
0891580,PIUCA,RIO GRANDE,PIUCA,2,A1,F0,,144,99,74,1,0.7798176441596846,ALTA/URGENTE
1340249,LA FAYETTE,SACHACA,HUARANGUILLO,1,B4,F0,,83,23,23,0,0.5303104977821587,BAJA
0310060,DE LOS SAGRADOS CORAZONES,CERCADO,AREQUIPA,1,B4,F0,,297,85,85,0,0.8764169541646132,BAJA
1721026,ROBERT F. KENNEDY,PAUCARPATA,INDUSTRIAL EL CAYRO,1,B4,F0,,351,50,50,0,0.8542385411532775,BAJA
0309500,FRANCISCO MOSTAJO,TIABAYA,,1,A1,F0,,424,86,70,0,0.9179398718580583,BAJA
1030410,ALAS PERUANAS,AREQUIPA,AREQUIPA,1,B4,F0,,138,50,50,0,0.7204287826515525,BAJA
0735522,NUESTRA SEÑORA DEL CARMEN,URACA,CORIRE,1,A4,F0,,233,16,16,0,0.6384918679152292,BAJA
0613067,41511 LIBERTADORES DE AMERICA,RIO GRANDE,SAN JUAN DE CHORUNGA,2,A1,F0,,199,168,121,1,0.8627402661409562,ALTA/URGENTE
1531227,AMERICO GARIBALDI,YANAHUARA,AREQUIPA,1,B4,F0,,52,33,33,0,0.5237801872843766,BAJA
0891556,40430 JOSE SIMEON TEJEDA,ANDARAY,ANDARAY,2,A1,F0,,19,37,37,1,0.4597092163627403,MEDIA
1420496,ANGELES EN EL PARAISO,MAJES,PEDREGAL,1,B4,F0,,29,0,0,0,0.13146870379497289,BAJA
1379320,40317,CHACHAS,CHACHAS,2,A1,F0,,43,52,37,1,0.5537210448496797,MEDIA
1801430,TORRE FUERTE,JOSE LUIS BUSTAMANTE Y RIVERO,SIMON BOLIVAR,1,B4,F0,,192,27,27,0,0.6982503696402169,BAJA
1253624,41053 SAN TARSICIO,APLAO,APLAO,1,A4,F0,,226,53,53,0,0.8026121241991129,BAJA
0309328,SAN VICENTE DE PAUL,MOLLENDO,MOLLENDO,1,A4,F0,,344,152,140,0,0.9286594381468704,BAJA
1639087,COLEGIO MAYOR MENDEL,AREQUIPA,AREQUIPA,1,B4,F0,,695,21,21,0,0.7809265648102514,BAJA
1369651,MADRE PEREGRINA SANTISIMA VIRGEN DE CHAPI,CERRO COLORADO,,1,B4,F0,,211,14,14,0,0.6055938886150813,BAJA
1334150,40230 SAN ANTONIO DEL PEDREGAL,MAJES,,1,A1,F0,,530,0,0,0,0.5033267619517003,BAJA
1618917,JUAN PABLO MAGNO,TIABAYA,AREQUIPA,1,B4,F0,,21,7,7,0,0.23410547067520948,BAJA
0569566,41037 JOSE GALVEZ,MIRAFLORES,ALTO MISTI,1,A1,F0,,236,26,19,0,0.7207984228684081,BAJA
0579516,40072,SAN JUAN DE SIGUAS,TAMBILLO,2,A1,F0,,76,85,63,1,0.6664613109906358,ALTA/URGENTE
1333681,BRYCE S.A.C.,AREQUIPA,AREQUIPA,1,B4,F0,,241,26,26,0,0.7228930507639231,BAJA
1274398,SANTA CRUZ,CHIVAY,CHIVAY,1,B4,F0,,27,19,19,0,0.374075899457861,BAJA
1270800,HANS CHRISTIAN ANDERSEN,PUACARPATA,MANUEL PRADO,1,B4,F0,,43,16,16,0,0.38713652045342534,BAJA
1721638,ADDISON,ALTO SELVA ALEGRE,VILLA ASUNCIÓN,1,B4,F0,,235,0,0,0,0.41781665845243965,BAJA
3043015,JOSE MARIA ARGUEDAS,CERRO COLORADO,PEQUEÑOS ARTESANOS ZONA B,1,A1,F0,4.0,27,0,0,0,0.12506160670280927,BAJA
0310417,FAUSTINO B. FRANCO,SAMUEL PASTOR,CAMANA,1,A1,F0,,411,73,73,0,0.9010596352883193,BAJA
1627470,PERUANO BRASILERO PAULO COELHO,JOSE LUIS BUSTAMANTE Y RIVERO,AREQUIPA,1,B4,F0,,63,24,23,0,0.49765894529324795,BAJA
0895789,SANTA MARIA DE BELEN,PAUCARPATA,CESAR VALLEJO,1,B4,F0,,48,21,21,0,0.4443075406604239,BAJA
0579649,40197 FELIPE SANTIAGO SALAVERRY,SOCABAYA,PUEBLO TRADICIONAL,1,A1,F0,,247,85,80,0,0.8517742730409068,BAJA
0309245,LIBERTADOR CASTILLA,APLAO,APLAO,1,A1,F0,,312,92,62,0,0.8883686545096106,BAJA
0516963,40164 JOSE CARLOS MARIATEGUI,PAUCARPATA,MANUEL PRADO,1,A1,F0,,498,95,95,0,0.935312962050271,BAJA
0617548,40494 JOSÉ ABELARDO QUIÑONES GONZALES,MEJIA,MEJÍA,2,A1,F0,,142,252,235,1,0.8157959586002957,ALTA/URGENTE
0891408,40525 SAN SANTIAGO,PUYCA,PUYCA,2,A1,F0,,200,169,115,1,0.86409561360276,ALTA/URGENTE
1344266,VALLE ARRIBA DE TAMBO,COCACHACRA,CARAQUEN,2,A1,F0,,35,69,57,1,0.5577870872350912,MEDIA
1031780,PERUANO SUIZO ALFRED WERNER,JOSE LUIS BUSTAMANTE Y RIVERO,AREQUIPA,1,B4,F0,,107,80,80,0,0.7161163134549039,BAJA
0899336,40035 V. A. BELAUNDE,CERRO COLORADO,VICTOR ANDRES BELAUNDE,1,A1,F0,,692,29,28,0,0.8298422868408083,BAJA
1528843,SANTA CLARA DE JESUS,AREQUIPA,AREQUIPA,1,B4,F0,,5,3,3,0,0.12235091177920157,BAJA
1379353,40309,APLAO,HUATIAPILLA,2,A1,F0,,40,62,52,1,0.5627156234598324,MEDIA
1336478,LAPLACE MOLLENDO,MOLLENDO,,1,B4,F0,,184,0,0,0,0.383809758501725,BAJA
1697341,LA PLACE,DEAN VALDIVIA,,1,B4,F0,,159,0,0,0,0.36113849186791525,BAJA
0579706,40161 MONSEÑOR JOSE L. DEL CARPIO,PAUCARPATA,PAUCARPATA,1,A1,F0,,82,10,5,0,0.40672745194677185,BAJA
1406347,MARIA MAZZARELLO,CAYMA,DEAN VALDIVIA,1,B4,F0,,123,36,36,0,0.6670773780187285,BAJA
1338243,SALOMON,MIRAFLORES,,1,B4,F0,,114,16,16,0,0.5250123213405619,BAJA
1279132,SAN PIO X,CERRO COLORADO,UPIS MERCADO MAYORISTA,1,A4,F0,,332,14,14,0,0.6636274026614095,BAJA
1789874,SAN JOSE SCHOOL,CHARACATO,AREQUIPA,1,B4,F0,,64,12,12,0,0.3960078856579596,BAJA
0895300,INCA GARCILAZO DE LA VEGA,MARIANO MELGAR,ALTO SAN MARTIN,1,B4,F0,,35,23,23,0,0.4264415968457368,BAJA
1773274,SAINT MICHAEL THE ARCHANGEL,DEAN VALDIVIA,EL ARENAL,1,B4,F0,,17,13,13,0,0.2941103992114342,BAJA
1455575,FRANCIS COLLINS SCHOOL,MIRAFLORES,AREQUIPA,1,B4,F0,,91,19,19,0,0.5145391818629867,BAJA
0579748,40200 REPUBLICA FEDERAL ALEMANA,JACOBO HUNTER,HUNTER,1,A1,F0,,294,23,23,0,0.7275751601774273,BAJA
1236140,WALTER PEÑALOZA RAMELLA,MARIANO MELGAR,MARIANO MELGAR,1,B4,F0,,295,8,8,0,0.5835386890093642,BAJA
1261189,40670 EL EDEN FE Y ALEGRIA 51,CERRO COLORADO,,1,A4,F0,,486,152,102,0,0.9613109906357812,BAJA
1717461,APIPA SECTOR III,CERRO COLORADO,ASOCIACIÓN PARQUE INDUSTRIAL PORVENIR AREQUIPA,1,A1,F0,,106,5,5,0,0.3855347461803844,BAJA
0309195,DEAN VALDIVIA,MOLLENDO,MOLLENDO,1,A1,F0,,603,218,218,0,0.9815179891572203,BAJA
1717479,11 DE MAYO,CAYMA,11 DE MAYO,1,A1,F0,,61,13,10,0,0.39921143420404137,BAJA
0591404,40446 MIGUEL GRAU,RÍO GRANDE,IQUIPÍ,2,A1,F0,,167,114,112,1,0.815179891572203,ALTA/URGENTE
1767441,SANTA MARIA MAZZARELLO,SOCABAY,SAN MARTIN DE SOCABAYA,1,B4,F0,,48,16,16,0,0.3983489403647117,BAJA
1270768,MADRE SANTA BEATRIZ,JOSE LUIS BUSTAMANTE Y RIVERO,CIUDAD SATELITE,1,B4,F0,,119,7,7,0,0.43432725480532286,BAJA
1755842,SABIO ALFRED BINET,CERRO COLORADO,MERCADO MAYORISTA,1,B4,F0,,203,32,32,0,0.7336126170527353,BAJA
0899211,40039 SANTA MARIA,YANAHUARA,YANAHUARA,1,A1,F0,,129,43,41,0,0.6940611138491868,BAJA
0736165,JOSE CARLOS MARIATEGUI,TUTI,TUTI,2,A1,F0,,40,85,75,1,0.5871118777723017,MEDIA
1734037,TALENTOS AREQUIPA,CERCADO,AREQUIPA,1,B4,F0,,113,9,9,0,0.44714144898965,BAJA
0899039,40052 EL PERUANO DEL MILENIO ALMIRANTE MIGUEL GRAU,CAYMA,BUENOS AIRES,1,A1,F0,,356,123,111,0,0.9224987678659438,BAJA
0310169,FRANCISCO LOPEZ DE ROMAÑA,DEAN VALDIVIA,LA CURVA,1,A1,F0,,252,121,104,0,0.8771562345983244,BAJA
0589747,DANIEL ALCIDES CARRION,ACHOMA,ACHOMA,2,A1,F0,,49,108,11,1,0.6196402168555939,ALTA/URGENTE
1759117,40684 SAN JOSE OBRERO,YANAQUIHUA,LA CENTRAL CERRO RICO,2,A1,F0,,150,66,25,1,0.7578856579595861,ALTA/URGENTE
0723866,JESUS MARIA SAN MARTIN DE PORRES,AREQUIPA,AREQUIPA,1,B2,F0,,197,74,74,0,0.8106209955643173,BAJA
0894915,CEP MARIA AUXILIADORA,AREQUIPA,AREQUIPA,1,B4,F0,,137,8,8,0,0.46956628881222273,BAJA
0899294,40033 SAN AGUSTIN,HUNTER,UPIS PAISAJISTA,1,A1,F0,,213,119,70,0,0.8549778215869888,BAJA
0736157,AGROPECUARIO SIBAYO,SIBAYO,SIBAYO,2,A1,F0,,53,88,53,1,0.6160670280926565,ALTA/URGENTE
0617464,SGTO. 1ERO. FAP LAZARO ORREGO MORALES,LA JOYA,BASE AEREA,2,A2,F0,,108,123,103,1,0.7474125184820108,ALTA/URGENTE
1337740,EDWIN ALEXANDER,MARIANO MELGAR,AREQUIPA,1,B4,F0,,86,6,6,0,0.3645884672252341,BAJA
1344639,40522 JUAN LUIS SOTO MOTTA,PAMPAMARCA,PAMPAMARCA,2,A1,F0,,98,137,65,1,0.7355840315426319,ALTA/URGENTE
1334374,NIÑO JESUS EL TERREMOTITO,CAYMA,LA TOMILLA,1,B4,F0,,143,29,29,0,0.6579595860029571,BAJA
0796771,40310,APLAO,ACOY,2,A1,F0,,24,33,33,1,0.4573681616559882,MEDIA
1701655,VILLA LINARES,SAMUEL PASTOR,VILLA LINARES,1,A1,F0,,291,56,56,0,0.8430261212419912,BAJA
1371632,GREGORY MENDEL,MAJES,EL PEDREGAL,1,B4,F0,,46,12,12,0,0.356456382454411,BAJA
1031640,40222 DIEGO THOMSON,ALTO SELVA ALEGRE,VILLA UNION,1,A4,F0,,325,126,79,0,0.913504189255791,BAJA
1239367,ITALO PERUANO SANTA MARIA MAZZARELLO,AREQUIPA,VALLECITO,1,B4,F0,,27,8,8,0,0.2605963528831937,BAJA
3026705,SCHOOL MI PEQUEÑO PARAISO,CERRO COLORADO,,1,B4,F0,,54,16,16,0,0.4090685066535239,BAJA
0310425,CORIRE,URACA,CORIRE,1,A1,F0,,320,58,58,0,0.8576885165105963,BAJA
1576776,DIVINA INFANCIA,MAJES,EL PEDREGAL,1,B4,F0,,69,7,7,0,0.34659931000492855,BAJA
0898007,41061  JOSE ANTONIO ENCINAS,MAJES,AREQUIPA,2,A1,F0,,311,513,463,1,0.9349433218334154,ALTA/URGENTE
0309252,MILITAR FRANCISCO BOLOGNESI,ALTO SELVA ALEGRE,AREQUIPA,1,A1,F0,,561,182,182,0,0.9741251848201085,BAJA
1759968,TALENT SCHOOL,AREQUIPA,AREQUIPA,1,B4,F0,,185,38,38,0,0.7414982750123214,BAJA
0619361,40088 REYNO DE BELGICA,UCHUMAYO,UCHUMAYO,2,A1,F0,,133,173,165,1,0.7969443075406604,ALTA/URGENTE
1261429,CIENCIAS SEÑOR DE LA JOYA - JUAN ORELLANA GARCIA,LA JOYA,LA JOYA,1,B4,F0,4.0,60,2,2,0,0.24950714637752586,BAJA
1370139,SAN CARLOS,MAJES,EL PEDREGAL,1,B4,F0,,132,25,25,0,0.6235830458353868,BAJA
0309492,JUAN PABLO VIZCARDO Y GUZMAN,JACOBO HUNTER,HUNTER,1,A1,F0,,956,112,106,0,0.9610645638245441,BAJA
1270214,AREQUIPA,JOSE LUIS BUSTAMANTE Y RIVERO,DOLORES,1,B4,F0,,29,16,16,0,0.3533760473139478,BAJA
1344597,40512 VIRGEN DE CHAPI,ALCA,AYAHUASI,2,A1,F0,,67,78,72,1,0.6381222276983736,ALTA/URGENTE
0898551,ALEXANDER FLEMING,AREQUIPA,AREQUIPA,1,B4,F0,,491,20,20,0,0.7580088713652046,BAJA
0655746,40103 LIBERTADORES DE AMERICA,CERRO COLORADO,,1,A1,F0,,581,114,113,0,0.952686052242484,BAJA
1333905,COLEGIO FRANCO PERUANO GUSTAVE EIFFEL,SACHACA,URBANO,1,B4,F0,,111,29,29,0,0.6155741744701824,BAJA
0310433,GLORIOSO JUAN PABLO VISCARDO Y GUZMAN,PAMPACOLCA,PAMPACOLCA,2,A1,F0,,156,269,241,1,0.8337851158206013,ALTA/URGENTE
1653591,EL TRIUNFO II,LA JOYA,EL TRIUNFO II,1,A1,F0,,171,44,36,0,0.7454411039921143,BAJA
0796946,40321,TISCO,TARUCAMARCA,2,A1,F0,,13,29,12,1,0.40660423854115324,MEDIA
3043007,JARDIN DEL COLCA,YURA,JARDIN DEL COLCA,2,A1,F0,1.0,21,0,0,2,0.10978314440611138,MEDIA
0310102,SAN PEDRO,AREQUIPA,AREQUIPA,1,B4,F0,,13,16,16,0,0.3114834894036471,BAJA
1379312,40311 JOSE RODRIGUEZ BUSTAMANTE,APLAO,COSOS,2,A1,F0,,35,74,66,1,0.5625924100542139,MEDIA
0472209,40025 SANTA DOROTEA,AREQUIPA,JUVENTUD FERROVIARIA,1,A1,F0,,154,52,19,0,0.7424839822572695,BAJA
1344464,SAN GUILLERMO DE VERCELLI,HUNTER,AREQUIPA,1,B4,F0,,90,21,21,0,0.5304337111877773,BAJA
0898676,LA RECOLETA,AREQUIPA,ANTIQUILLA,1,B2,F0,,305,30,30,0,0.7763676688023657,BAJA
0309633,NUESTRA SEÑORA DE LOURDES,AREQUIPA,TINGO,1,A4,F0,,230,139,139,0,0.8729669788072942,BAJA
0899153,40070 SANTA ISABEL DE HUNGRIA,SANTA ISABEL DE SIGUAS,CENTRO POBLADO SANTA ISABEL,2,A1,F0,,36,89,70,1,0.5811976343026122,MEDIA
0518241,40165 SAN JUAN BAUTISTA DE LA SALLE,AREQUIPA,UMACOLLO,1,A4,F0,,511,279,267,0,0.978437654016757,BAJA
0617530,40474 JOSE CARLOS MARIATEGUI,MOLLENDO,MIRAMAR,1,A1,F0,,272,165,92,0,0.9025381961557417,BAJA
0796920,40389 MIGUEL LINARES MALAGA,LLUTA,TAYA,2,A1,F0,,7,50,26,1,0.45280926564810253,MEDIA
0695312,7 DE AGOSTO,JOSE LUIS BUSTAMANTE Y RIVERO,AREQUIPA,1,A2,F0,,230,113,101,0,0.8596599310004929,BAJA
0695320,EL CRUCE,LA JOYA,EL TRIUNFO,1,A1,F0,,610,778,680,0,0.9901429275505176,BAJA
1335272,LUCIEN FREUD,AREQUIPA,,1,B4,F0,,500,23,23,0,0.7805569245933958,BAJA
0895060,ADVENTISTA EDUARDO FRANCISCO FORGA,JACOBO HUNTER,EL  CARMEN,1,B4,F0,,241,42,42,0,0.7880729423361261,BAJA
0309286,SAN LUIS GONZAGA,CHUQUIBAMBA,CHUQUIBAMBA,1,A1,F0,,241,96,78,0,0.8567028092656481,BAJA
1744226,SOL DEL COLCA,COPORAQUE,SACSAYHUAMAN,1,A1,F0,,125,13,2,0,0.5126909807787087,BAJA
1351642,EL BUEN MAESTRO,AREQUIPA,AREQUIPA,1,B4,F0,,100,20,20,0,0.5402907836372597,BAJA
1327824,EL GRAN MAESTRO,SACABAYA,HORACIO ZEBALLOS GAMEZ,1,A1,F0,,463,154,142,0,0.9599556431739773,BAJA
0892273,40382 VIRGEN DE CHAPI,COPORAQUE,COPORAQUE,2,A1,F0,,54,96,82,1,0.6232134056185313,ALTA/URGENTE
1751841,INNOVA SCHOOLS - CERRO COLORADO,CERRO COLORADO,AREQUIPA,1,B4,F0,,573,9,9,0,0.6517989157220305,BAJA
1281971,MENDEL,SACHACA,SACHACA,1,B4,F0,,332,50,45,0,0.8470921636274027,BAJA
1415975,40526,SAYLA,SAYLA,2,A1,F0,3.0,23,5,5,1,0.20946278955150321,MEDIA
0518472,40510 CORONEL CASIMIRO PERALTA,ALCA,ALCA,2,A1,F0,,118,135,92,1,0.7654016757023164,ALTA/URGENTE
1789684,INNOVA SCHOOLS - AREQUIPA MIRAFLORES,MIRAFLORES,AREQUIPA,1,B4,F0,,293,224,224,0,0.92114342040414,BAJA
0636480,ALTO SELVA ALEGRE LINUS PAULING,ALTO SELVA ALEGRE,GRAFICOS,1,B4,F0,,89,23,23,0,0.5396747166091671,BAJA
3046844,LA CLAVE ES JESUCRISTO,MAJES,PEDREGAL,1,B4,F0,4.0,28,11,11,0,0.29903893543617543,BAJA
0579763,SAN JUAN BAUTISTA DE SALAMANCA,SALAMANCA,SALAMANCA,2,A1,F0,,12,82,57,1,0.5114588467225234,MEDIA
0309294,MARISCAL ORBEGOSO,COTAHUASI,COTAHUASI,1,A1,F0,,371,518,380,0,0.9556431739773288,BAJA
1279256,40040 JOSE TRINIDAD MORAN,CAYMA,,1,A1,F0,,213,34,33,0,0.749753573188763,BAJA
0655811,LORD BYRON,CAYMA,AREQUIPA,1,B4,F0,,312,63,63,0,0.8599063578117299,BAJA
0490714,40336 SAGRADO CORAZON DE JESUS,VIRACO,VIRACO,2,A1,F0,,70,105,94,1,0.6649827501232134,ALTA/URGENTE
1801216,MI DIVINO NIÑO JESUS,CAYMA,COMPLEJO HABITACIONAL DEAN VALDIVIA,1,A1,F0,,8,0,0,0,0.07269590931493347,BAJA
0589770,LUIS PONCE GARCIA,CALLALLI,CALLALLI,2,A1,F0,,93,82,45,1,0.6940611138491868,ALTA/URGENTE
0637306,LEÓN XIII,CAYMA,AREQUIPA,1,A4,F0,,514,140,100,0,0.9618038442582553,BAJA
0309914,SAN JERÓNIMO,AREQUIPA,UMACOLLO,1,B4,F0,,345,62,55,0,0.8698866436668309,BAJA
1536986,SAN PABLO DE TARSO,JACOBO HUNTER,ARIAS ARAGUEZ,1,B4,F0,,21,11,11,0,0.2808033514046328,BAJA
0619312,ALMIRANTE MIGUEL GRAU,MAJES,PEDREGAL,1,A1,F0,,740,130,114,0,0.9691966485953671,BAJA
0309922,SAN FRANCISCO DE ASIS,MOLLENDO,ISLAY,1,B2,F0,,246,33,32,0,0.7630606209955644,BAJA
0898858,FRANCISCO ROJAS SCHOOL,AREQUIPA,AAREQUIPA,1,B4,F0,,112,5,5,0,0.39366683095120747,BAJA
1768159,INNOVA SCHOOLS SACHACA,SACHACA,SACHACA,1,B4,F0,,306,157,157,0,0.9170773780187285,BAJA
1271162,MARIANISTA,JACOBO HUNTER,HUNTER,1,B4,F0,,308,25,25,0,0.7486446525381962,BAJA
0309476,MARIANO E. RIVERO Y USTARIZ,COCACHACRA,COCACHACRA,1,A1,F0,,349,148,94,0,0.9297683587974372,BAJA
0309419,CORAZON DE MARIA,CHUQUIBAMBA,CHUQUIBAMBA,1,A1,F0,,169,163,162,0,0.836495810744209,BAJA
1309608,40421 JOSE OLAYA BALANDRA,TISCO,TISCO,2,A1,F0,,29,75,30,1,0.5485460818137013,MEDIA
0309385,NUESTRA SEÑORA DE LA ASUNCION,PAUCARPATA,AREQUIPA,1,A4,F0,,607,532,507,0,0.9891572203055692,BAJA
0895516,40220 HEROES DEL CENEPA,PAUCARPATA,CAMPO DE MARTE,1,A1,F0,,125,42,29,0,0.6861754558896007,BAJA
0579672,40177 DIVINO CORAZON DE JESUS,PAUCARPATA,AMPLIACION PAUCARPATA,1,A1,F0,,160,98,63,0,0.799408575653031,BAJA
0612945,GRAN PACHACUTEC,CERRO COLORADO,SEMI RURAL PACHACUTEC,1,A1,F0,,234,128,72,0,0.8718580581567275,BAJA
1279777,ENRICO FERMI,MIRAFLORES,EDIFICADORES MISTI,1,B4,F0,,141,15,15,0,0.5499014292755051,BAJA
0589804,GRAN LIBERTADOR SIMON BOLIVAR,CAYLLOMA,CAYLLOMA,1,A1,F0,,227,307,300,0,0.8905864958107441,BAJA
0899328,40160 OBDULIO BARRIGA VIZCARRA,MOLLEBAYA,MOLLEBAYA,2,A1,F0,,79,82,80,1,0.6684327254805322,ALTA/URGENTE
1260942,40202 CHARLOTTE,YURA,CIUDAD DE DIOS  CONO NORTE,1,A1,F0,,495,18,18,0,0.7402661409561361,BAJA
0695296,SAN LUIS GONZAGA,SOCABAYA,PUEBLO JOVEN 4 DE OCTUBRE,1,A4,F0,,289,6,6,0,0.5538442582552981,BAJA
0617233,NUESTRA SEÑORA DE LOURDES,PAUCARPATA,PJ MIGUEL GRAU,1,A4,F0,,197,38,15,0,0.7513553474618038,BAJA
1672625,LUIZ FRANCISCO FONTES,CERRO COLORADO,AREQUIPA,1,B4,F0,,68,16,16,0,0.4420896993592903,BAJA
0636019,RAFAEL LOAYZA GUEVARA,MARIANO MELGAR,URBANIZACION SANTA ROSA,1,A1,F0,,969,319,233,0,0.996057171020207,BAJA
0617456,SANTA RITA DE SIGUAS,SANTA RITA DE SIGUAS,SANTA RITA  DE SIGUAS,1,A1,F0,,401,77,72,0,0.9020453425332676,BAJA
0712778,40517 CAPITAN EVARISTO AMESQUITA,HUAYNACOTAS,HUAYNACOTAS,2,A1,F0,3.0,86,5,5,1,0.34894036471168066,MEDIA
1653625,41062 DR. MARIO VARGAS LLOSA,MAJES,ASENTAMIENTO D4,2,A1,F0,,139,178,159,1,0.8048299655002464,ALTA/URGENTE
1640507,MUNDO ECOLOGICO,MUNDO ECOLOGICO,AREQUIPA,1,B4,F0,,60,24,24,0,0.49063578117299167,BAJA
1339969,HERBERT VON BLUMER,JACOBO HUNTER,HUNTER,1,B4,F0,,46,13,13,0,0.3669295219319862,BAJA
1308204,JOSÉ CARUANA,CAYMA,UPIS RAFEL BELAUNDE N 13 CAYMA,1,A4,F0,,175,40,40,0,0.7392804337111878,BAJA
0579615,40178 VICTOR RAUL HAYA DE LA TORRE,PAUCARPATA,MIGUEL GRAU,1,A1,F0,,149,44,38,0,0.7211680630852637,BAJA
0897728,CRISTO REY CIRCA,CERRO COLORADO,AREQUIPA,1,A4,F0,,277,54,46,0,0.8318137013307048,BAJA
1577675,PREMIO NOBEL MARIO VARGAS LLOSA,MARIANO MELGAR,ALTO SAN  MARTIN,1,B4,F0,,109,17,17,0,0.5287087235091178,BAJA
0309518,JOSE TEOBALDO PAREDES VALDEZ,PAUCARPATA,URB 15 DE AGOSTO,1,A1,F0,,159,40,31,0,0.7233859043863973,BAJA
0310201,COLEGIO ANGLO AMERICANO PRESCOTT,AREQUIPA,AREQUIPA,1,B4,F0,,475,197,197,0,0.968703794972893,BAJA
0569590,ADVENTISTA GENERAL JOSE DE SAN MARTIN,AREQUIPA,VALLECITO,1,B4,F0,,169,38,38,0,0.7276983735830458,BAJA
0589200,ROMEO LUNA VICTORIA,CERRO COLORADO,ZAMÁCOLA,1,A1,F0,,636,115,88,0,0.9576145884672252,BAJA
0589234,40056 HORACIO ZEVALLOS GAMEZ,CERRO COLORADO,MARISCAL CASTILLA,1,A1,F0,,330,128,79,0,0.9160916707737802,BAJA
0309211,CLARET,AREQUIPA,AREQUIPA,1,B4,F0,,175,36,36,0,0.7290537210448497,BAJA
1117704,40030 SAN FRANCISCO DE ASIS,CAYLLOMA,JACHAÑA,2,A1,F0,,54,41,37,1,0.5522424839822573,MEDIA
1630490,JAN AMOS KOMENSKY,CAYMA,CAYMA,1,B4,F0,,24,9,9,0,0.26330704780680136,BAJA
1567643,CORAZON DE MARIA,AREQUIPA,,1,B4,F0,,113,30,30,0,0.6258008871365204,BAJA
1699305,INNOVA SCHOOLS,JOSE LUIS BUSTAMANTE Y RIVERO,AREQUIPA,1,B4,F0,,530,10,10,0,0.661409561360276,BAJA
0309559,HIPOLITO SANCHEZ TRUJILLO,CABANACONDE,CABANACONDE,2,A1,F0,,94,189,147,1,0.7407589945786102,ALTA/URGENTE
1777820,SANTA MARIA MADRE SCHOOL,PAUCARPATA,AREQUIPA,1,B4,F0,,116,25,25,0,0.6014046328240512,BAJA
1532886,PINTO TALAVERA,ALTO  SELVA  ALEGRE,VILLA  CONFRATERNIDAD,1,A1,F0,,155,39,39,0,0.7153770330211927,BAJA
1271212,COLEGIO SAN MARCOS DE LEON,JACOBO HUNTER,AREQUIPA,1,B4,F0,,22,3,3,0,0.1791522917693445,BAJA
0891762,40476 MERCEDES MANRIQUE FUENTES,MOLLENDO,MOLLENDO,1,A1,F0,,208,86,85,0,0.8308279940857566,BAJA
0309997,SAN FRANCISCO DE ASIS,CAYMA,AREQUIPA,1,B4,F0,,334,16,16,0,0.6846968950221785,BAJA
1770270,NUESTRA SEÑORA DE LOS INFANTES SCHOOL,PAUCARPATA,MIGUEL GRAU,1,B4,F0,,10,8,8,0,0.21673238048299656,BAJA
0895870,FRAY MARTIN,SOCABAYA,SAN MARTIN,1,B4,F0,,126,28,28,0,0.6324544110399211,BAJA
0695254,SANTA URSULA,JOSE LUIS BUSTAMATE Y RIVERO,AREQUIPA,1,B4,F0,,284,87,87,0,0.8725973385904386,BAJA
0695239,SAN HILARION,CERCADO,CERCADO,1,B4,F0,,7,3,2,0,0.13368654509610645,BAJA
0655787,40534 JUAN MANUEL GUILLEN BENAVIDES,TORO,TORO,2,A1,F0,,10,52,32,1,0.4696895022178413,MEDIA
0695304,NIÑO DE LA PAZ,JOSE LUIS BUSTAMANTE Y RIVERO,LA PAMPILLA,1,B4,F0,,71,15,15,0,0.43863972400197143,BAJA
1798487,ANDREW ROBERT MILLIKAN,CERRO COLORADO,CIUDAD MUNICIPAL,1,B4,F0,,172,4,4,0,0.4550271069492361,BAJA
1739309,BRYCE MARIANO MELGAR,MARIANO MELGAR,MARIANO MELGAR,1,B4,F0,,141,35,35,0,0.6869147363233119,BAJA
1755529,JOULE ALTO SELVA  ALEGRE,ALTO SELVA ALEGRE,SELVA ALEGRE,1,B4,F0,,158,3,3,0,0.4258255298176442,BAJA
0749366,JORGE SANJINEZ LENZ,YURA,CIUDAD DE DIOS,1,A1,F0,,323,116,113,0,0.9070970921636274,BAJA
0309435,40054 JUAN DOMINGO ZAMACOLA Y JAUREGUI,CERRO COLORADO,LA LIBERTAD,1,A1,F0,,654,88,88,0,0.9424593395761459,BAJA
1272897,40669 DEAN VALDIVIA,CAYMA,AREQUIPAX,1,A1,F0,,290,56,56,0,0.8420404139970429,BAJA
0309989,SALESIANOS DON BOSCO,CERCADO DE AREQUIPA,AREQUIPA,1,B2,F0,,729,72,72,0,0.9275505174963037,BAJA
1437573,SANTA LUCIA,AREQUIPA,AREQUIPA,1,B4,F0,,151,19,19,0,0.5995564317397732,BAJA
0695205,SANTA MARIA,AREQUIPA,CIUDAD,1,B4,F0,,54,12,12,0,0.3706259241005421,BAJA
0309377,MICAELA BASTIDAS,CERCADO,,1,A1,F0,,808,118,114,0,0.9634056185312962,BAJA
0309955,DE LA SALLE,AREQUIPA,AREQUIPA,1,B4,F0,,590,38,38,0,0.8642188270083785,BAJA
0891168,40313 SAN IGNACIO DE LOYOLA,APLAO,ANEXO LA REAL,2,A1,F0,,62,100,80,1,0.645884672252341,ALTA/URGENTE
0309336,ANDREA VALDIVIESO DE MELGAR,MARIANO MELGAR,MARIANO MELGAR,1,A1,F0,,363,231,208,0,0.9476343026121242,BAJA
1361880,EL MERCEDARIO RVDO PADRE ELEUTERIO ALARCON BEJARANO,CAYMA,BOLOGNESI,1,B4,F0,,229,31,31,0,0.7444553967471661,BAJA
0636548,CHAMPAGNAT,YANAHUARA,YANAHUARA,1,B4,F0,,58,27,27,0,0.5060374568753081,BAJA
0579771,CIRO ALEGRIA BAZAN,DEAN VALDIVA,EL ARENAL,1,A1,F0,,205,111,109,0,0.8435189748644653,BAJA
1261346,PERUANO ITALIANA DOMINGO SAVIO,CERRO COLORADO,CHALLAPAMPA,1,B4,F0,,308,43,43,0,0.8226959093149335,BAJA
1260660,BRITISH COLUMBIA,CERRO COLORADO,VICTOR RAUL HAYA DE LA TORRE,1,B4,F0,,83,18,18,0,0.49075899457861016,BAJA
1790344,PERUANO FRANCES ANTOINE DE SAINT EXUPERY,TIABAYA,CORBACHO,1,B4,F0,,145,18,18,0,0.5836619024149827,BAJA
1640903,FUTURA SCHOOLS TIABAYA,TIABAYA,,1,B4,F0,,130,5,5,0,0.4200344997535732,BAJA
1794577,SANTO TORIBIO DE MOGROVEJO,YURA,APIAAR,1,A4,F0,,146,8,8,0,0.48003942828979795,BAJA
0617183,40174 PAOLA FRASSINETTI,PAUCARPATA,MIGUEL GRAU,1,A4,F0,,648,82,82,0,0.9354361754558896,BAJA
0589531,40529 VICTOR ANDRES BELAUNDE,TAURIA,TAURIA,2,A1,F0,,30,46,46,1,0.5112124199112864,MEDIA
0655795,SAN BERNARDO,YURA,,1,A4,F0,,310,57,57,0,0.8530064070970922,BAJA
1030303,MAGISTER LAGRANGE,JOSE LUIS BUSTAMENTE Y RIVERO,LOS CONQUISTADORES,1,B4,F0,,149,3,3,0,0.4144898965007393,BAJA
3028412,DAVID AUSUBEL,CERRO COLORADO,JOSE LUIS BUSTAMANTE Y RIVERO,1,B4,F0,,55,18,18,0,0.4306308526367669,BAJA
0612176,41505,ORCOPAMPA,ORCOPAMPA,1,B5,F0,,109,32,30,0,0.6320847708230656,BAJA
1656198,I.E.P. VIRGEN DE CHAPI DE CORIRE,URACA,CORIRE,1,B4,F0,,34,0,0,0,0.14379004435682602,BAJA
1259985,MENDEL CERRO COLORADO,CERRO COLORADO,1,1,B4,F0,,435,40,40,0,0.8538689009364219,BAJA
1607340,SANTISIMA VIRGEN DE CHAPI,LA JOYA,,1,B4,F0,,73,10,10,0,0.3914489896500739,BAJA
1435288,PANAMERICANO,AREQUIPA,URBANIZACIÓN LA VICTORIA,1,B4,F0,,122,35,35,0,0.6612863479546575,BAJA
1335033,JAMES CLERK MAXWELL,CAYMA,AREQUIPA,1,B4,F0,,449,23,23,0,0.773903400689995,BAJA
1238518,VALORES SCHOOL,MAJES,PEDREGAL,1,B4,F0,,80,2,2,0,0.29201577131591916,BAJA
1756568,MARIA DE LOS ANGELES,MAJES,OEDREGAL,1,B4,F0,,65,15,15,0,0.42582552981764416,BAJA
1315639,SAN MIGUEL,CARAVELI,CARAVELI,1,A4,F0,,147,15,15,0,0.5571710202069986,BAJA
0579623,PIO XII,MARIANO MELGAR,GENERALÍSIMO SAN MARTÍN,1,A4,F0,,608,69,65,0,0.9197880729423361,BAJA
1673060,SHERADON BRYCE,CERRO COLORADO,AREQUIPA,1,B4,F0,,88,23,23,0,0.5380729423361261,BAJA
1577717,SCHOOL INTERNACIONAL BLUMER,JACOBO HUNTER,SEÑOR DE LOS MILAGROS,1,B4,F0,,38,11,11,0,0.32663873829472645,BAJA
3040623,INTERNACIONAL JOHANNES KEPLER,CERRO COLORADO,0,1,B4,F0,3.0,27,20,20,0,0.38405618531296204,BAJA
1734060,FUTURA SCHOOLS PAUCARPATA,PAUCARPATA,AREQUIPA,1,B4,F0,,171,11,11,0,0.54361754558896,BAJA
1384833,MENDEL PEDREGAL,MAJES,VILLA EL PEDREGAL,1,B4,F0,,182,60,60,0,0.7849926071956629,BAJA
0637272,ALBERTO FLORES GALINDO,ORCOPAMPA,ORCOPAMPA,1,A1,F0,,375,99,64,0,0.9144898965007393,BAJA
0712620,40432 VICTOR RAUL HAYA DE LA TORRE,CHICHAS,CHICHAS,2,A1,F0,,33,55,40,1,0.5359783144406112,MEDIA
3047818,PERUANO ISRAELÍ KEDUSHÁ,CERRO COLORADO,GRANJEROS UNIDOS,1,B4,F0,,2,3,3,0,0.09709216362740267,BAJA
0899120,40079 VICTOR NUÑEZ VALENCIA,SACHACA,HUARANGUILLO,1,A1,F0,,230,43,40,0,0.783637259733859,BAJA
1672591,JUILLIARD,CERRO COLORADO,ZAMACOLA,1,B4,F0,,374,25,25,0,0.7716855593888615,BAJA
1583137,40091 ALMA MATER DE CONGATA,UCHUMAYO,CONGATA,1,A1,F0,,188,33,33,0,0.72819122720552,BAJA
0310136,SANTA ROSA DE VITERBO,AREQUIPA,AREQUIPA,1,B2,F0,,470,30,30,0,0.8214637752587481,BAJA
1338466,WORLD SCHOOL,YANAHUARA,AREQUIPA,1,B4,F0,,75,5,5,0,0.3308279940857565,BAJA
1661149,JOHN G. LAKE,CAYMA,AREQUIPA,1,A4,F0,,189,2,2,0,0.4356826022671267,BAJA
1279538,SEÑOR DE LA ESPERANZA,CERRO COLORADO,CIUDAD MUNICPAL,1,B4,F0,,92,2,2,0,0.3141941843272548,BAJA
1254903,SAN JUAN APOSTOL,ALTO SELVA ALEGRE,SELVA ALEGRE,1,B4,F0,,81,15,15,0,0.45810744208969933,BAJA
3043502,40316 JULIO ERNESTO LAZO DIAZ,AYO,AYO,2,A1,F0,,7,5,5,1,0.16165598817151305,MEDIA
0635987,VIRGEN DE CHAPI,PAURCAPATA,NUEVO PERU,1,A4,F0,,159,12,8,0,0.5446032528339083,BAJA
1797398,LUCERITOS DE DIOS,CERRO COLORADO,AREQUIPA,1,A1,F0,,108,11,5,0,0.4661163134549039,BAJA
1334473,CASA DE CARIDAD ARTES Y OFICIOS,CERRO COLORADO,,1,A4,F0,,341,122,96,0,0.9160916707737802,BAJA
1346667,SAN JUAN APOSTOL,CERRO COLORADO,VILLA CERRILLOS,1,B2,F0,,316,38,38,0,0.8132084770823065,BAJA
1721588,JOULE DIVINO NIÑO,PAUCARPATA,PAUCARPATA,1,B4,F0,,207,19,19,0,0.6497042878265156,BAJA
1753847,MONTESSORI SCHOOL,CERRO COLORADO,ALTO LIBERTAD,1,B4,F0,,131,10,10,0,0.4849679645145392,BAJA
1328277,40426 JOSE OLAYA,YANAQUIHUA,LA BARRERA YAUCE,2,A1,F0,,56,80,48,1,0.6155741744701824,ALTA/URGENTE
1692425,CORONEL FRANCISCO BOLOGNESI,MAJES,CIUDAD MAJES,1,A1,F0,,389,3,3,0,0.5462050271069493,BAJA
1410935,SAN FERNANDO,LA JOYA,CERCADO,1,B4,F0,,85,15,15,0,0.46414489896500744,BAJA
1420470,JOHANN MENDEL,HUNTER,HUNTER,1,B4,F0,,186,44,44,0,0.7586249383932973,BAJA
0517565,40065 GLORIOSO HEROES DEL CENEPA,LA JOYA,SAN ISIDRO,2,A1,F0,,258,369,261,1,0.9098077870872351,ALTA/URGENTE
0579656,40196 TECNICO AGROPECUARIO ARTESANAL,SAN JUAN DE TARUCANI,SAN JUAN DE TARUCANI,2,A1,F0,,22,39,39,1,0.47289305076392313,MEDIA
0723486,40211 HEROES DEL PACIFICO,PAUCARPATA,ISRAEL,1,A1,F0,,219,140,68,0,0.8685312962050271,BAJA
1354695,NUESTRA SEÑORA DE LAS MERCEDES,MAJES,EL PEDREGAL,1,B4,F0,1.0,35,0,0,1,0.14637752587481517,MEDIA
0899062,40616 CASIMIRO CUADROS I,CAYMA,AREQUIPA,1,A1,F0,,461,20,18,0,0.7550517496303598,BAJA
0515668,SANTA ROSA DE LIMA CIRCA,ALTO SELVA ALEGRE,AREQUIPA,1,A4,F0,,308,117,117,0,0.9019221291276491,BAJA
0310045,MARIA AUXILIADORA,MOLLENDO,MOLLENDO,1,B4,F0,,83,8,8,0,0.3857811729916215,BAJA
1761667,LIFE SCHOOL,SACHACA,TAHUAYCANI,1,B4,F0,,120,44,44,0,0.6842040413997043,BAJA
0579722,40190 SANTISIMA VIRGEN DE CHAPI,POLOBAYA,,2,A1,F0,,46,79,58,1,0.5937654016757024,MEDIA
0498881,40074 JOSÉ LUIS BUSTAMANTE Y RIVERO,SACHACA,SACHACA,1,A1,F0,,237,103,92,0,0.8585510103499261,BAJA
0617084,MENDEL UMACOLLO,CERCADO,AREQUIPA,1,B4,F0,,245,8,8,0,0.5575406604238541,BAJA
0579730,40092 JOSE D. ZUZUNAGA OBANDO,UCHUMAYO,CERRO VERDE,1,A1,F0,,351,201,52,0,0.9401182848693937,BAJA
0794412,SEÑOR DE LOS MILAGROS CIRCA,YURA,CIUDAD DE DIOS,1,A4,F0,,268,116,71,0,0.8830704780680139,BAJA
1647130,40705,CERRO COLORADO,AREQUIPA,1,A1,F0,,274,18,15,0,0.6781665845243963,BAJA
1343771,DIVINO CRISTO OBRERO,CAYMA,FRANCISCO BOLOGNESI,1,B4,F0,,37,20,20,0,0.4117792015771316,BAJA
0309641,AREQUIPA,AREQUIPA,AREQUIPA,1,A1,F0,,392,85,81,0,0.9086988664366684,BAJA
1277102,LIBERTAD,MAJES,EL PEDREGAL,1,B4,F0,,29,7,7,0,0.255791030064071,BAJA
0310052,NUESTRA SEÑORA  DEL ROSARIO,AREQUIPA,AREQUIPA,1,B4,F0,,100,4,4,0,0.3627402661409561,BAJA
1030188,SAN JOSE DE CALASANZ,CAYMA,DEÁN VALDIVIA,1,A4,F0,,170,135,135,0,0.8284869393790044,BAJA
0898825,SAGRADO CORAZÓN DE JESÚS,AREQUIPA,URBANIZACIÓN MUNICIPAL,1,B4,F0,,161,15,15,0,0.57466732380483,BAJA
1748722,ADUNSA,LA JOYA,PUEBLO JOVEN EL TRIUNFO,1,B4,F0,4.0,94,7,7,0,0.39539181862986694,BAJA
0579680,40175 GRAN LIBERTADOR SIMON BOLIVAR,JOSE LUIS BUSTAMANTE Y RIVERO,SIMON BOLIVAR,1,A1,F0,,400,32,30,0,0.8182602267126664,BAJA
0610683,I.E.40204 NÉSTOR CÁCERES VELÁSQUEZ,SOCABAYA,CERRO SALVERRY,1,A1,F0,,106,20,20,0,0.5503942828979793,BAJA
3039872,BRICEÑO,CERCADO,AREQUIPA,1,B4,F0,,217,6,6,0,0.5172498767865944,BAJA
0310466,NUESTRA SEÑORA DE FATIMA,AREQUIPA,AREQUIPA,1,B2,F0,,448,75,75,0,0.9104238541153278,BAJA
0749358,40058 IGNACIO ALVAREZ THOMAS,CERRO COLORADO,ALTO LIBERTAD,1,A1,F0,,246,162,68,0,0.8886150813208478,BAJA
3000791,CORPUS CHRISTI SCHOOL,MIRAFLORES,AREQUIPA,1,B4,F0,4.0,116,19,19,0,0.554953178905865,BAJA
0897819,SANTO TOMAS DE AQUINO,CERRO COLORADO,URBANIZACIÓN MARISCAL CASTILLA,1,A4,F0,,334,143,115,0,0.9236076885165105,BAJA
1390855,LICEE JEAN BAPTISTE LAMARCK,AREQUIPA,AREQUIPA,1,B4,F0,,157,35,35,0,0.7068753080335141,BAJA
1379387,40379,CABANACONDE,PINCHOLLO,2,A1,F0,,35,58,41,1,0.5462050271069492,MEDIA
1339050,PRINCIPE DE ASTURIAS,AREQUIPA,AREQUIPA,1,B4,F0,,31,13,13,0,0.330704780680138,BAJA
1624188,SAN JUAN BAUTISTA DE CHALA,CHALA,CHALA,1,B4,F0,,176,17,17,0,0.610645638245441,BAJA
0695262,SANTA ROSA DE LIMA,PAUCARPATA,CALIFORNIA B,1,A4,F0,,495,168,129,0,0.966362740266141,BAJA
0525725,NEPTALI VALDERRAMA AMPUERO,PAUCARPATA,AREQUIPA,1,A2,F0,,422,15,15,0,0.6993592902907837,BAJA
1717487,ALTIPLANO,YURA,CONO NORTE,1,A1,F0,,320,18,18,0,0.6983735830458354,BAJA
0637249,40048 ANTONIO JOSE DE SUCRE,YANAHUARA,YANAHUARA,1,A1,F0,,449,40,40,0,0.8560867422375554,BAJA
0745935,ST. ANDREW,JOSE LUIS BUSTAMANTE Y RIVERO,AREQUIPA,1,B4,F0,,223,52,52,0,0.7992853622474125,BAJA
1673102,SEÑOR DE HUANCA,CERRO COLORADO,VILLA PARAISO,1,A4,F0,,157,5,5,0,0.45268605224248404,BAJA
0492769,40038 JORGE BASADRE GROHMANN,JOSE LUIS BUSTAMANTE Y RIVERO,ALTO DE LA LUNA,1,A1,F0,,827,210,208,0,0.9874322326269098,BAJA
0899369,CRISTO MORADO,CERRO COLORADO,AREQUIPA,1,A1,F0,,305,144,136,0,0.9130113356333169,BAJA
1032184,SAN PEDRO Y SAN PABLO - CIRCA,PAUCARPATA,JORGE CHÁVEZ,1,A4,F0,,301,68,68,0,0.8602759980285855,BAJA
1238831,NUEVA GENERACION ESTUDIANTIL,MAJES,EL PEDREGAL,1,B4,F0,,78,24,24,0,0.5293247905372105,BAJA
1415967,SAN JUAN MASIAS,CAYMA,AREQUIPA,1,B4,F0,,120,30,30,0,0.63590438639724,BAJA
0617209,CORAZON  DE JESUS,MARIANO MELGAR,SANTA ROSA,1,A4,F0,,274,111,105,0,0.8817151306062099,BAJA
0750083,CARLOS JOSE ECHAVARRY OSACAR,TIABAYA,PPJJ SAN JOSE,1,A1,F0,,294,116,101,0,0.8957614588467225,BAJA
3047768,JAMES REICH,CERRO COLORADO,PERUARBO,1,B4,F0,4.0,103,12,12,0,0.47005914243469693,BAJA
1239128,EL MILAGRO DE FATIMA,SACHACA,ALTO DE AMADOS,1,A4,F0,,166,41,4,0,0.7327501232134056,BAJA
1799295,LEONARDO DA VINCI,CERRO COLORADO,CERRO COLORADO,1,B4,F0,,27,19,19,0,0.374075899457861,BAJA
0309484,VICTOR MANUEL TORRES CACERES,PUNTA DE BOMBON,PUNTA DE BOMBON,1,A1,F0,,458,195,178,0,0.9657466732380483,BAJA
1031525,SAN MARTIN DE PORRES,ACARI,ACARI,1,A4,F0,,216,13,13,0,0.6010349926071956,BAJA
1653609,DR JUAN MANUEL GUILLEN BENAVIDES,MAJES,CIUDAD MAJES,1,A1,F0,,383,56,7,0,0.8758008871365204,BAJA
1375450,SAN ANTONIO DE PADUA,PAUCARPATA,GUARDIA CIVIL,1,B4,F0,,76,0,0,0,0.23854115327747658,BAJA
1363464,SAN JOSE DE COTTOLENGO,CERRO COLORADO,ASOCIACION ANDRES AVELINO CACERES,1,A4,F0,,372,35,35,0,0.8236816165598817,BAJA
0895904,MARIA IANUA COELI,SOCABAYA,AREQUIPA,1,B4,F0,,65,36,31,0,0.5665352390340068,BAJA
1240126,CD CARPE DIEM,CERCADO,AREQUIPA,1,B4,F0,,55,2,2,0,0.23681616559881713,BAJA
1117894,40185 SAN JUAN BAUTISTA DE JESUS,PAUCARPATA,URB MANCO CAPAC,1,A1,F0,,128,9,9,0,0.46882700837851154,BAJA
0898098,SANTA TERESA DE LISIEUX,MAJES,LA COLINA,1,B4,F0,,66,8,8,0,0.3520206998521439,BAJA
1370097,MAGNUS EDUCATORIS,AREQUIPA,AREQUIPA,1,B4,F0,,23,17,17,0,0.3473385904386397,BAJA
1255066,METROPOLITANO,AREQUIPA,SANTA ISABEL,1,B4,F0,,5,1,1,0,0.08353868900936422,BAJA
0898247,40386 TUPAC AMARU,ICHUPAMPA,ICHUPAMPA,2,A1,F0,,31,32,25,1,0.47215377033021194,MEDIA
0894675,SEYMOUR BRUNER,AREQUIPA,AREQUIPA,1,B4,F0,,221,19,19,0,0.6589452932479054,BAJA
1622745,PERCY GIBSON MOLLER,CERRO COLORADO,AREQUIPA,1,B4,F0,,80,29,29,0,0.5623459832429768,BAJA
1274315,SHAMMAH,MARIANO MELGAR,MARIANO MELGAR,1,B4,F0,,73,21,21,0,0.5012321340561853,BAJA
0617290,40208 PADRE FRANCOIS DELATTE,SOCABAYA,BELLAPAMPA,1,A4,F0,,419,87,80,0,0.9173238048299655,BAJA
1643246,40694 CENTRO DE INNOVACION PEDAGOGICA ISPPA,YURA,CAMINEROS EMPLEADOS,1,A4,F0,,348,0,0,0,0.4673484475110892,BAJA
1338730,FEDERICO VILLARREAL,ALTO SELVA ALEGRE,PJ INDEPENDENCIA,1,B4,F0,,37,3,3,0,0.21895022178413012,BAJA
1333665,SANTA MARIA DEL VALLE,UCHUMAYO,CONGATA,1,B4,F0,,113,29,29,0,0.61828486939379,BAJA
1770254,ALEXANDER FRIEDMAN,CERRO COLORADO,CIUDAD MUNICIPAL,1,B4,F0,,174,2,2,0,0.4220059142434697,BAJA
1238591,ASOCIACION EDUCATIVA REY DE REYES,CAYMA,CALLE LOS ARCES,1,B4,F0,,207,14,14,0,0.602513553474618,BAJA
1254028,SAN MIGUEL ARCANGEL,MIRAFLORES,MIRAFLORES,1,B4,F0,,93,43,43,0,0.6387382947264661,BAJA
1624170,ACUARELA DEL SOL,AREQUIPA,AREQUIPA,1,B4,F0,,63,7,7,0,0.3341547560374569,BAJA
0894642,WILLIAM MORRIS,ALTO SELVA ALEGRE,ALTO SELVA ALEGRE,1,B4,F0,,90,6,6,0,0.37235091177920154,BAJA
1673086,EL NAZARENO,CERRO COLORADO,AREQUIPA,1,A4,F0,4.0,152,0,0,0,0.3512814194184327,BAJA
1237106,40121 EVERARDO ZAPATA SANTILLANA,JOSE LUIS BUSTAMANTE Y RIVERO,CASAPIA,1,A1,F0,,261,39,39,0,0.7917693445046821,BAJA
0749325,40046 JOSE L. CORNEJO A.,CAYMA,CAYMA,1,A1,F0,,325,33,20,0,0.7997782158698867,BAJA
1371095,JOSE LUIS BUSTAMANTE Y RIVERO,CERRO COLORADO,JOSE LUIS BUSTAMANTE Y RIVERO,1,A1,F0,,658,84,48,0,0.9383932971907343,BAJA
0899187,40083 FRANKLIN ROOSEVELT,TIABAYA,TIABAYA,1,A1,F0,,309,79,76,0,0.8744455396747166,BAJA
0794420,JUAN DE LA CRUZ CALIENES,CERRO COLORADO,CHALLAPAMPA,1,B4,F0,,252,50,50,0,0.8116067028092657,BAJA
1796564,JESUS DE NAZARETH,CERRO COLORADO,AREQUIPA,1,A4,F0,,156,0,0,0,0.35694923607688517,BAJA
1116300,40049 CORONEL FRANCISCO BOLOGNESI CERVANTES,CAYMA,AREQUIPA,1,A1,F0,,404,20,10,0,0.7433464760965993,BAJA
0310128,NUESTRA SRA. DE LA MERCED,YANAHUARA,AREQUIPA,1,B4,F0,,280,52,52,0,0.8289797930014786,BAJA
1282292,CRISTO SALVADOR DE MONTECARLO,TIABAYA,TIABAYA,1,B4,F0,,57,34,34,0,0.5401675702316412,BAJA
1536960,CHAVES SCHOOL,AREQUIPA,AREQUIPA,1,B4,F0,,61,23,23,0,0.48533760473139476,BAJA
1202605,40418,TAPAY,TAPAY,2,A1,F0,,24,38,36,1,0.4743716116313455,MEDIA
0310193,NUESTRA SEÑORA DEL PILAR,AREQUIPA,AREQUIPA,1,B4,F0,,365,144,144,0,0.9344504682109414,BAJA
1720564,SIR ALEXANDER FLEMING,AREQUIPA,CENTRO,1,B4,F0,3.0,862,0,0,0,0.5155248891079349,BAJA
0579607,40129 MANUEL VERAMENDI E HIDALGO,MARIANO MELGAR,GENERALISIMO SAN MARTIN,1,A1,F0,,370,46,46,0,0.8512814194184327,BAJA
0891879,DE JESUS E.I.R.L.,CAMANÁ,,1,B4,F0,,113,15,15,0,0.5125677673730902,BAJA
1341510,DIVINO REDENTOR,LA JOYA,ESTACION DE VITOR,1,B4,F0,,118,3,3,0,0.3748151798915722,BAJA
1607225,BRYCE PEDREGAL,MAJES,PEDREGAL,1,B4,F0,,93,0,0,0,0.26922129127649086,BAJA
1031731,JOHN WESLEY,AREQUIPA,AREQUIPA,1,B4,F0,,89,27,27,0,0.5671513060620996,BAJA
1303759,MARIA INMACULADA,AREQUIPA,AREQUIPA,1,A4,F0,4.0,82,10,10,0,0.40672745194677185,BAJA
0309344,PADRE DAMIAN DE LOS SAGRADOS CORAZONES,AREQUIPA,AREQUIPA,1,B2,F0,,493,49,49,0,0.8823311976343027,BAJA
1659101,40429 JOSE GABRIEL CONDORCANQUI,CAYARANI,VISCA VISCA,2,A1,F0,,44,45,30,1,0.5432479053721044,MEDIA
0750125,40139 ANDRES AVELINO CACERES DORREGARAY,MARIANO MELGAR,,1,A1,F0,,157,58,58,0,0.7583785115820602,BAJA
0679035,AGROPECUARIO YANQUE,YANQUE,YANQUE,2,A1,F0,,96,176,145,1,0.7421143420404139,ALTA/URGENTE
0899237,40300 MIGUEL GRAU,PAUCARPATA,,1,A1,F0,,176,90,90,0,0.810990635781173,BAJA
1339472,MENDEL CAYMA,CAYMA,AREQUIPA,1,B4,F0,,335,11,11,0,0.6345490389354362,BAJA
1342567,EBENEZER,AREQUIPA,AREQUIPA,1,B4,F0,,92,23,23,0,0.5475603745687531,BAJA
0309757,JOSE MARIA MORANTE,OCOÑA,OCOÑA,2,A1,F0,,163,242,130,1,0.8403154263183834,ALTA/URGENTE
1344233,JESUS DE NAZARETH,COCCHACRA,COCACHACRA,1,B4,F0,,70,20,17,0,0.48361261705273534,BAJA
1575992,JESUS BENAVIDES MOSCOSO,VITOR,BARRIO NUEVO,2,B4,F0,3.0,23,12,12,1,0.2987925086249384,MEDIA
1415959,SECUNDARIA,CERRO COLORADO,PACHACUTEC VIEJO,1,B4,F0,,11,2,2,0,0.13085263676688025,BAJA
1261726,SANTISIMO NIÑO JESUS SCHOOL,SANTA RITA DE SIGUAS,SANTA RITA DE SIGUAS,1,B4,F0,3.0,16,2,2,0,0.14428289797930016,BAJA
1532936,LORD KARMEL,MIRAFLORES,EDIFICADORES MISTI,1,B4,F0,,112,1,1,0,0.32688516510596355,BAJA
3000619,ESPARTA,CERCADO,AREQUIPA,1,B4,F0,,386,20,18,0,0.7382947264662396,BAJA
3044534,MAYOR JOSE ANTONIO ENCINAS,YURA,YURA,1,B4,F0,,18,0,0,0,0.10288319369147363,BAJA
1333137,SAGRADA FAMILIA,MAJES,EL PEDREGAL,1,B4,F0,,132,30,30,0,0.6526614095613603,BAJA
0518274,40314 NUESTRA SEÑORA DE LA ASUNCION,ANDAGUA,ANDAGUA,2,A1,F0,,69,83,59,1,0.6484721537703302,ALTA/URGENTE
1642156,DENYORK SCHOOL,MARIANO MELGAR,,1,B4,F0,,98,22,22,0,0.5516264169541647,BAJA
0796953,40390 MAYTA CAPAC,MACA,MACA,2,A1,F0,,19,80,41,1,0.5282158698866437,MEDIA
0899096,EL PIONERO G-2,CAYMA,ENACE,1,A4,F0,,190,65,58,0,0.7975603745687531,BAJA
1379304,40068,LA JOYA,EL RAMAL,2,A1,F0,,149,6,3,1,0.45810744208969933,MEDIA
1354422,DIVINO NIÑO CORPAIDOS,AREQUIPA,AREQUIPA,1,B4,F0,,76,17,17,0,0.470551996057171,BAJA
0570044,41008 MANUEL MUÑOZ NAJAR,AREQUIPA,AREQUIPA,1,A1,F0,,431,18,18,0,0.7305322819122722,BAJA
1784115,TALENTS SCHOOL AQP,CERRO COLORADO,JOSE MARIA ARGUEDAS,1,B4,F0,,107,0,0,0,0.29349433218334153,BAJA
0695221,BEN CARSON,PAUCARPATA,,1,B4,F0,,56,15,15,0,0.4042631838344012,BAJA
0589861,40387,LARI,LARI,2,A1,F0,,66,152,89,1,0.6795219319862,ALTA/URGENTE
1764380,ABC GREGORIO MENDEL,MOLLENDO,MOLLENDO,1,B4,F0,,34,20,20,0,0.4027846229669788,BAJA
1333178,NUESTRA SEÑORA DE LA ASUNTA,CERRO COLORADO,ZAMACOLA,1,B4,F0,,222,20,20,0,0.6694184327254805,BAJA
0745976,40096,LA JOYA,SAN CAMILO ASENTAMIENTO 5,2,A1,F0,,88,102,31,1,0.69714144898965,ALTA/URGENTE
0310151,INTERNACIONAL PERUANO BRITANICO,YANAHUARA,URB VALENCIA A1,1,B4,F0,,444,52,52,0,0.8810990635781173,BAJA
0517979,SAN PEDRO DE YAUCA,YAUCA,YAUCA,2,A1,F0,,208,295,221,1,0.8792508624938393,ALTA/URGENTE
1640937,FUTURA SCHOOLS CERRO COLORADO,CERRO COLORADO,AREQUIPA,1,B4,F0,,263,13,13,0,0.6269098077870873,BAJA
0570010,40029 LUDWING VAN BEETHOVEN,ALTO SELVA ALEGRE,INDEPENDENCIA,1,A1,F0,,674,185,125,0,0.9815179891572203,BAJA
1442979,ANGEL DE LA GUARDA,SAMUEL PASTOR,,1,A4,F0,,291,68,66,0,0.8558403154263183,BAJA
0897942,40625 CORAZON DE JESUS,MAJES,070489,2,A1,F0,,314,252,252,1,0.9313701330704781,ALTA/URGENTE
0579565,40158 EL GRAN AMAUTA,MIRAFLORES,EDIFICADORES MISTI,1,A1,F0,,257,79,60,0,0.8495564317397732,BAJA
0310003,ORLEANS GOLEMAN,AREQUIPA,AREQUIPA,1,B4,F0,,337,2,2,0,0.5108427796944307,BAJA
1437615,PRINCETON SCHOOL,MARIANO MELGAR,,1,B4,F0,,49,11,11,0,0.34881715130606206,BAJA
1769603,40101 DIVINO JESUS,YURA,YURA VIEJO,2,A1,F0,,59,75,64,1,0.6177920157713159,ALTA/URGENTE
1705441,JOHN KEYNES,CERRO COLORADO,,1,B4,F0,,105,30,30,0,0.6139724001971414,BAJA
1402536,40702 ALBERTO BENAVIDES DE LA QUINTANA,ORCOPAMPA,VISTA ALEGRE,1,A1,F0,,132,108,108,0,0.769960571710202,BAJA
1254101,IBEROAMERICANO,MARIANO MELGAR,GENERALISIMO SAN MARTIN,1,B4,F0,,56,17,15,0,0.4249630359783144,BAJA
0679043,40399 GRAL. JUAN VELASCO ALVARADO,YANQUE,CHALHUANCA,2,A1,F0,,42,52,34,1,0.5518728437654017,MEDIA
0309310,NUESTRA SEÑORA DE LOS DOLORES,CERRO COLORADO,LA LIBERTAD,1,A1,F0,,495,41,38,0,0.8648348940364712,BAJA
1607258,SEÑOR DE LOS MILAGROS DE LA JOYA,LA JOYA,EL TRIUNFO,1,B4,F0,,51,44,44,0,0.5550763923114834,BAJA
1749910,NUEVA JUVENTUD,SANTA RITA DE SIGUAS,SANTA RITA,1,A1,F0,,276,35,35,0,0.7869640216855593,BAJA
0309682,40024 MANUEL GONZALES PRADA,ALTO SELVA ALEGRE,PAMPAS DE POLANCO,1,A1,F0,,248,64,64,0,0.8310744208969936,BAJA
1651868,KINDER BLESSED,CERRO COLORADO,AREQUIPA,1,B4,F0,,17,14,14,0,0.3019960571710202,BAJA
0895482,SAN MARTIN DE PORRES,ALTO SELVA ALEGRE,GRAFICOS,1,A4,F0,,469,107,107,0,0.9377772301626417,BAJA
0501486,40326 JUAN VELASCO ALVARADO,LA JOYA,SAAN CAMILO,2,A1,F0,,251,191,129,1,0.8957614588467225,ALTA/URGENTE
1379338,40322 NUESTRA SEÑORA DE LA ASUNTA,MACHAHUAY,MACHAHUAY,2,A1,F0,,40,70,63,1,0.5714637752587481,MEDIA
3048592,EL PARAISO,LA JOYA,LA VICTORIA II,1,A1,F0,,20,2,2,0,0.15438639724001973,BAJA
1747195,40137 NUESTRA SEÑORA DE LA GLORIA,LA JOYA,LA GLORIA,1,A1,F0,,172,138,135,0,0.8315672745194678,BAJA
0745968,40594 JUAN VELASCO A.,MAJES,CENTRO POBLADO,1,A1,F0,,454,142,87,0,0.9551503203548546,BAJA
0310441,40205 MANUEL BENITO LINARES A.,SOCABAYA,SOCABAYA,1,A1,F0,,425,67,67,0,0.8978560867422376,BAJA
1717495,CHOCO,CHOCO,CHOCO,2,A1,F0,,29,72,48,1,0.545219319862001,MEDIA
0569988,40028 GUILLERMO MERCADO BARROSO,ALTO SELVA ALEGRE,AREQUIPA,1,A1,F0,,378,79,76,0,0.8982257269590932,BAJA
1371442,INTERNACIONAL ELIM,MIRAFLORES,,1,B4,F0,,188,32,32,0,0.7236323311976343,BAJA
0498972,40388 CORAZON SAGRADO DE JESUS DE LLUTA,LLUTA,UGEL AREQUIPA NORTE,2,A1,F0,1.0,35,67,67,2,0.5553228191227205,MEDIA
1695360,JOULE MIRAFLORES,MIRAFLORES,MIRAFLORES,1,B4,F0,,96,3,3,0,0.3403154263183834,BAJA
0579664,40193 FLORENTINO PORTUGAL,SABANDIA,SABANDIA,1,A1,F0,,243,24,10,0,0.7090931493346476,BAJA
0310037,ESCLAVAS DEL SAGRADO CORAZÓN DE JESÚS,AREQUIPA,UMACOLLO,1,B4,F0,,305,33,33,0,0.7917693445046821,BAJA
0899112,41026 MARIA MURILLO DE BERNAL,CERRO COLORADO,LA LIBERTAD,1,A1,F0,,406,93,93,0,0.9194184327254805,BAJA
0309567,FRANCISCO GARCIA CALDERON,CHIVAY,,1,A1,F0,,534,159,159,0,0.9689502217841302,BAJA
0898064,NUESTRA SRA. DE LA PAZ,MAJES,PEDREGAL,2,B2,F0,,136,18,18,1,0.5733119763430261,MEDIA
1323898,NIÑO MAGISTRAL,CAYMA,ACEQUIA ALTA,1,B4,F0,,403,12,12,0,0.6673238048299655,BAJA
0309443,ANGEL FRANCISCO ALI GUILLEN,CHARACATO,SAN COSME,1,A1,F0,,432,112,101,0,0.9356826022671266,BAJA
0309351,NUESTRA SEÑORA DE LA CANDELARIA,SAMUEL PASTOR,CAMANA,1,A4,F0,,527,80,70,0,0.9253326761951701,BAJA
0712265,40239 NICOLAS DE PIEROLA,NICOLAS DE PIEROLA,SAN GREGORIO,1,A1,F0,,195,37,34,0,0.7471660916707739,BAJA
1334523,TRILCE AREQUIPA,AREQUIPA,AREQUIPA,1,B4,F0,,288,31,31,0,0.7747658945293248,BAJA
1119072,LATINOAMERICANO,PAUCARPATA,AREQUIPA,1,B4,F0,,335,14,14,0,0.665352390340069,BAJA
1794957,41052,ATIQUIPA,SANTA ROSA,2,A1,F0,,32,20,18,1,0.3981025135534746,MEDIA
1700087,ADONAI INTERNACIONAL,PAUCARPATA,,1,B4,F0,,75,25,25,0,0.5321586988664366,BAJA
0610659,CHUCARAPI,COCACHACRA,CHUCARAPI,2,A1,F0,,150,206,188,1,0.8214637752587481,ALTA/URGENTE
0309229,INDEPENDENCIA AMERICANA,AREQUIPA,AREQUIPA,1,A1,F0,,1280,573,568,0,0.9995071463775258,BAJA
1031574,40458 SAN JUAN BAUTISTA,CAYARANI,CAYARANI,2,A1,F0,,155,82,62,1,0.7803104977821587,ALTA/URGENTE
1395367,40677 SAN MIGUEL FEBRES CORDERO,CERRO COLORADO,VILLA LAS CANTERAS,1,A1,F0,,291,0,0,0,0.4457861015278462,BAJA
1335025,PADRE SANTIAGO APOSTOL,CERRO COLORADO,AREQUIPA,1,B4,F0,,99,24,24,0,0.5677673730901922,BAJA
0309906,SAN PEDRO PASCUAL,AREQUIPA,AREQUIPA,1,B4,F0,,440,15,15,0,0.7031789058649581,BAJA
1333210,40629 DIVINO NIÑO JESUS,MAJES,C2,2,A1,F0,,258,222,129,1,0.9036471168063085,ALTA/URGENTE
1629682,LA INMACULADA DE LA COLINA,MAJES,SANTA MARIA DE LA COLINA,1,B4,F0,,78,3,3,0,0.3076638738294727,BAJA
0796961,40392 JOSE A. ENCINAS FRANCO,SAN ANTONIO DE CHUCA,IMATA,2,A1,F0,,62,73,46,1,0.6225973385904386,ALTA/URGENTE
1663459,LA JOYA,LA JOYA,ESTACION VITOR,1,B4,F0,,35,2,2,0,0.19307540660423855,BAJA
1518554,CIENCIAS APLICADAS SIR ISAAC NEWTON,MOLLENDO,MOLLENDO,1,B4,F0,,146,2,2,0,0.39120256283883686,BAJA
0695346,CORONEL FAP CESAR FAURA GOUBET,LA JOYA,VILLA FAP,2,A2,F0,,74,70,70,1,0.647486446525382,ALTA/URGENTE
1717628,RICARDO PALMA SORIANO,MAJES,CIUDAD MAJES  MODULO G,1,A1,F0,,302,56,56,0,0.8480778708723509,BAJA
0895813,SANTA MARIA DE LA PAZ,PAUCARPATA,NUEVA ALBORADA,1,A4,F0,,292,44,34,0,0.8194923607688516,BAJA
1696475,LAS FLORES,CERRO COLORADO,LAS FLORES,1,A1,F0,,291,127,124,0,0.9000739280433712,BAJA
1335074,EL UNIVERSITARIO,CERCADO,AREQUIPA,1,B4,F0,,13,0,0,0,0.08957614588467225,BAJA
1314376,40352 BENJAMIN GOMEZ YANCAPALLO,CHILCAIMARCA,CHILCAIMARCA,2,A1,F0,,78,139,99,1,0.7003449975357319,ALTA/URGENTE
0617217,JUAN XXIII,PAUCARPATA,MIGUEL GRAU,1,A4,F0,,205,101,101,0,0.8382207984228685,BAJA
0898395,INDALECIO TRILLO,LOMAS,LOMAS,2,A1,F0,,134,90,88,1,0.7626909807787088,ALTA/URGENTE
1577584,40216 VIRGEN DEL ROSARIO DE HUAYLLACUCHO,SAN JUAN DE TARUCANI,HUAYLLACUCHO,2,A1,F0,,8,25,18,1,0.3681616559881715,MEDIA
1625532,40459 SAN ROQUE,CAYARANI,CP UMACHULCO,2,A1,F0,,37,73,69,1,0.5678905864958108,MEDIA
3014404,JOULE SOCABAYA,CHARACATO,LA HUAYLLA,1,B4,F0,,92,1,1,0,0.2948496796451454,BAJA
1262484,CIENCIAS APLICADAS,MAJES,EL PEDREGAL,1,B4,F0,,31,20,20,0,0.39576145884672254,BAJA
1659812,EL GRAN PODER DE JESUS,CERRO COLORADO,ASOC CENTRO INDUSTRIAL LAS CANTERAS,1,B4,F0,,78,30,30,0,0.5660423854115328,BAJA
1334002,CIENCIAS,MAJES,EL PEDREGAL,1,B4,F0,,234,20,20,0,0.6760719566288813,BAJA
0679001,40244 VIRGEN DE LA CANDELARIA DE QUILCA,QUILCA,QUILCA,2,A1,F0,,88,44,33,1,0.6308526367668802,ALTA/URGENTE
1702943,VECTOR,JOSE LUIS BUSTAMENTE Y RIVERO,AREQUIPA,1,B4,F0,,90,18,18,0,0.5030803351404634,BAJA
1455583,WILLIAM SHAKESPEARE,JACOBO HUNTER,VILLA SAN ISIDRO,1,B4,F0,,66,19,19,0,0.46550024642681126,BAJA
1419415,ERNEST RUTHERFORD,SOCABAYA,HORACIO ZEBALLOS GAMEZ,1,B4,F0,,37,10,10,0,0.3108674223755545,BAJA
1341502,CIMAS,MAJES,EL PEDREGAL,1,B4,F0,,89,15,15,0,0.4709216362740266,BAJA
1794940,40278,QUICACHA,SIFUENTES,2,A1,F0,,28,14,13,1,0.3298422868408083,MEDIA
0897751,SEÑOR DE LAS PIEDADES,CERRO COLORADO,AREQUIPA,1,B4,F0,,103,17,17,0,0.5186052242483983,BAJA
1776129,DANIEL CHRISTIAN SCHOOL,CERRO COLORADO,LA LIBERTAD,1,B4,F0,,54,19,19,0,0.4361754558896008,BAJA
1624196,HOWARD GARDNER,ATICO,LA FLORIDA,1,B4,F0,,19,9,9,0,0.2514785608674224,BAJA
0794438,40043 NUESTRA SEÑORA DE LA MEDALLA MILAGROSA,JACOBO HUNTER,HUNTER,1,A1,F0,,278,0,0,0,0.4395022178413011,BAJA
1253863,NUESTRA SEÑORA DE GUADALUPE,ALTO SELVA ALEGRE,VILLA HERMOSA,1,A4,F0,,197,72,57,0,0.8081567274519468,BAJA
0895755,SOR ANA,PAUCARPATA,CIUDAD BLANCA,1,A4,F0,,419,55,55,0,0.8814687037949729,BAJA
1271659,40353 SANTIAGO ANTUNEZ DE MAYOLO,LA JOYA,SAN CAMILO ASENTAMIENTO 7,2,A1,F0,,78,77,67,1,0.6601774273040907,ALTA/URGENTE
1270537,JUAN JACOBO ROUSSEAU,PAUCARPATA,UGEL AREQUIPA SUR,1,B4,F0,,37,3,3,0,0.21895022178413012,BAJA
1337260,40637 FERNANDO BELAUNDE TERRY,CHIGUATA,ANEXO ESPIRITU SANTO,2,A1,F0,,44,56,35,1,0.5650566781665846,MEDIA
0723189,TECNICO AGROPECUARIO MADRIGAL,MADRIGAL,MADRIGAL,2,A1,F0,,30,23,23,1,0.41448989650073925,MEDIA
0589382,FRANCISCO FLORES BERRUEZO,BELLA UNION,BELLA UNION,1,A1,F0,,300,99,92,0,0.8872597338590438,BAJA
0309237,SEBASTIAN BARRANCA,CAMANA,CAMANA,1,A1,F0,,1059,51,36,0,0.9045096106456383,BAJA
1799741,KAROL JOSEF WOJTYLA,SOCABAYA,HORACIO ZEVALLOS GAMEZ SUB SECTOR D,1,B4,F0,,42,20,20,0,0.42237555446032526,BAJA
0500736,CARLOS LA FUENTE LARRAURI,HUANCA,HUANCA,2,A1,F0,4.0,64,80,54,1,0.6351651059635288,ALTA/URGENTE
1343474,TOMAS MARSANO,ALTO SELVA ALEGRE,ALTO SELVA ALEGRE,1,B4,F0,,123,40,40,0,0.6773040906850665,BAJA
1515311,SANTIAGO RAMON Y CAJAL,UCHUMAYO,CONGATA,1,B4,F0,,170,3,3,0,0.4379004435682602,BAJA
0898932,VANCOUVER,YANAHUARA,UMACOLLO,1,B4,F0,,123,35,35,0,0.6633809758501725,BAJA
1695402,JOULE SAN PABLO,MARIANO MELGAR,AREQUIPA,1,B4,F0,,126,5,5,0,0.4144898965007393,BAJA
1368372,SANTISIMO SALVADOR,SOCABAYA,LARA,1,B4,F0,,303,61,61,0,0.8538689009364219,BAJA
1753235,VENN EULER,ORCOPAMPA,ORCOPAMPA,1,B4,F0,,55,5,5,0,0.2842533267619517,BAJA
0679019,FRANCISCO BOLOGNESI,ACARI,OTAPARA,2,A1,F0,,45,73,38,1,0.5856333169048793,MEDIA
0309526,FRANCISCO JAVIER DE LUNA PIZARRO,MIRAFLORES,UNION EDIFICADORES MISTI,1,A1,F0,,455,141,131,0,0.9551503203548546,BAJA
3042579,CLEMENTS MARKHAM,YURA,CIUDAD DE DIOS,1,B4,F0,,35,11,11,0,0.3173977328733366,BAJA
1520584,INTERNACIONAL ALBERT L. LEHNINGER,AREQUIPA,AREQUIPA,1,B4,F0,,137,15,15,0,0.5453425332676195,BAJA
3049384,SAN JOSE SANCHEZ DEL RIO,TIABAYA,SAN JOSÉ,1,B4,F0,4.0,2,0,0,0,0.030926564810251356,BAJA
1335355,NANTERRE,CERRO COLORADO,AREQUIPA,1,B4,F0,,91,28,28,0,0.5776244455396747,BAJA
1631100,ARCANGEL SAN MIGUEL,JOSE LUIS BUSTAMANTE Y RIVERO,SIMON BOLIVAR,1,B4,F0,,108,19,19,0,0.5441103992114342,BAJA
0518373,JORGE BASADRE,YANAQUIHUA,YANAQUIHUA,2,A1,F0,,51,147,143,1,0.6437900443568261,ALTA/URGENTE
0895847,40217 VIRGEN DE LA ASUNTA,SAN JUAN DE TARUCANI,SALINAS HUITO,2,A1,F0,,26,53,53,1,0.5131838344011829,MEDIA
1260348,HIJOS DE MARIA AUXILIADORA,CERRO COLORADO,SEMI RURAL PACHACUTEC,1,B4,F0,,58,17,17,0,0.4305076392311483,BAJA
0895607,NUESTRA SEÑORA DE COPACABANA,PAUCARPATA,CIUDAD BLANCA,1,A4,F0,,257,0,0,0,0.4287826515524889,BAJA
0895722,PAMER AREQUIPA,AREQUIPA,AREQUIPA,1,B4,F0,,218,25,25,0,0.7035485460818137,BAJA
0679027,NUESTRA SEÑORA DE LAS PEÑAS,APLAO,APLAO,1,A4,F0,,283,173,63,0,0.9090685066535239,BAJA
1380120,ALLIN YACHAYWASI,CHACHAS,TOLCONI,2,A1,F0,1.0,117,77,31,2,0.7258501724987678,ALTA/URGENTE
0894824,GRAN PADRE SAN AGUSTIN,SACHACA,AREQUIPA,1,B4,F0,,79,58,58,0,0.6434204041399705,BAJA
1525344,STANFORD MOORE,SOCABAYA,SOCABAYA,1,B4,F0,,102,21,21,0,0.5523656973878758,BAJA
1754506,SAN CRISTÓBAL,YANAQUIHUA,SAN CRISTÓBAL,2,A1,F0,,66,59,58,1,0.6175455889600789,ALTA/URGENTE
0712414,VIRGEN DE COPACABANA,CAHUACHO,CAHUACHO,2,A1,F0,,25,36,27,1,0.47190734351897484,MEDIA
0636217,SAN ANTONIO MARIA CLARET,JACOBO HUNTER,SAN JUAN DE DIOS,1,A4,F0,,526,120,96,0,0.9525628388368654,BAJA
1338920,MARKKHAN,PAUCARPATA,LA COLONIAL,1,B4,F0,,85,5,5,0,0.34696895022178414,BAJA
0899419,ESPECIAL DE RAPIDO APRENDIZAJE ALFRED BINET,JOSE LUIS BUSTAMANTE Y RIVERO,EL QUINCE,1,A1,F0,,120,12,8,0,0.4948250369640217,BAJA
1798677,LOS DINAMICOS,MAJES,PEDREGAL SUR,1,A1,F0,,94,0,0,0,0.2710694923607688,BAJA
0617191,40315 JOSE MARIA ARGUEDAS,PAUCARPATA,CIUDAD BLANCA,1,A1,F0,,150,63,63,0,0.7545588960078857,BAJA
1271733,CARLOS NORIEGA JIMENEZ,HUANUHUANU,MOLLEHUACA,2,A1,F0,,260,137,58,1,0.8886150813208478,ALTA/URGENTE
1782846,EL MIRADOR AQP,ALTO SELVA ALEGRE,INDEPENDENCIA,1,A4,F0,,136,90,90,0,0.7651552488910793,BAJA
0898122,VIRGEN DE CHAPI,MAJES,CIIUDAD MAJES,1,B4,F0,,13,8,8,0,0.2251108920650567,BAJA
1349380,VIRGEN DE LA RECONCILIACION,CAMANA,CAMANA,1,B4,F0,,88,23,23,0,0.5380729423361261,BAJA
0579698,40163 BENIGNO BALLON FARFAN,PAUCARPATA,AREQUIPA,1,A1,F0,,431,215,183,0,0.9632824051256776,BAJA
0589440,SAN ANTONIO DE LA PIEDRA,QUICACHA,QUICACHA,2,A1,F0,,187,210,149,1,0.8597831444061114,ALTA/URGENTE
1722156,NEWTON PERUARBO,CAYMA,AREQUIPA,1,B4,F0,,13,23,23,0,0.3696402168555939,BAJA
0309401,MAYTA CAPAC,CAYMA,CAYMA,1,A1,F0,,419,82,55,0,0.9117792015771315,BAJA
1538511,ST MICHAEL'S SCHOOL,CERRO COLORADO,LA LIBERTAD,1,B4,F0,,9,15,15,0,0.2885657959586003,BAJA
1117571,CIENCIAS LEONARD EULER,SOCABAYA,SAN MARTIN DE SOCABAYA,1,B4,F0,,117,3,3,0,0.37333661902414983,BAJA
1032135,WOLFGANG GOETHE,JOSE LUIS BUSTAMANTE Y RIVERO,URBANIZACION VILLA ELECTRICA,1,B4,F0,,100,35,35,0,0.6296205027106949,BAJA
1645548,SANTISIMO NIÑO DE MARIA,MIRAFLORES,22 DE AGOSTO 405,1,B4,F0,,58,25,25,0,0.49396254312469196,BAJA
1686823,CRISTO REY DE REYES,MARIANO NICOLAS VALCARCEL,SECOCHA,1,B4,F0,,155,30,30,0,0.6800147856086742,BAJA
1800820,VENADO,MARIANO NICOLAS VALCARCEL,VENADO DE ORO,2,A1,F0,,13,3,3,1,0.15574174470182356,MEDIA
1773712,EL BUEN PASTOR,ISLAY,AVIS BELLO HORIZONTE,1,A1,F0,,103,6,6,0,0.39637752587481523,BAJA
1271691,40661 ISABEL KRIEGER BEATO,MAJES,ASENTAMIENTO E 3,2,A1,F0,,274,254,217,1,0.9139970428782651,ALTA/URGENTE
1799303,ECOSCHOOL,PAUCARAPATA,GUARDIA CIVIL,1,B4,F0,,9,13,13,0,0.2711927057663874,BAJA
1770080,FERNANDO VARGAS RUIZ DE SOMOCURCIO,JACOBO HUNTER,,1,B4,F0,,54,30,30,0,0.5117052735337605,BAJA
1626928,40577 CHOCÑIHUAQUI,CAYARANI,COMUNIDAD DE CHOCÑIHUAQUI,2,A1,F0,,11,10,5,1,0.24223755544603254,MEDIA
1379361,CPED 40281,SAMUEL PASTOR,,1,A1,F0,,71,23,5,0,0.5073928043371119,BAJA
0891846,41515 REINO DE ESPAÑA,OCOÑA,ANEXO LA PLANCHADA,2,A1,F0,,86,86,86,1,0.6842040413997044,ALTA/URGENTE
1527001,40194,MARIANO NICOLAS VALCARCEL,SECOCHA,1,A1,F0,,474,46,44,0,0.8743223262690981,BAJA
1797067,DE CIENCIAS Y HUMANIDADES LORD KELVIN BUSTAMANTE,PAUCARPATA,JORGE CHAVEZ,1,B4,F0,,124,2,2,0,0.36384918679152295,BAJA
0498782,40075 HORACIO MORALES DELGADO,SACHACA,,1,A1,F0,,316,110,74,0,0.8994578610152785,BAJA
1434810,COLEGIO DE CIENCIAS PROMEDIO 21,AREQUIPA,AREQUIPA,1,B4,F0,,115,4,4,0,0.3860275998028585,BAJA
0898031,JUSTO JUEZ,MAJES,EL PEDREGAL,1,B4,F0,,139,16,16,0,0.5584031542631839,BAJA
0309724,VICTOR RAUL HAYA DE LA TORRE,VITOR,,2,A1,F0,,265,361,331,1,0.9137506160670281,ALTA/URGENTE
1719772,BRYCE LA JOYA,LA JOYA,LA JOYA,1,B4,F0,,174,17,17,0,0.6073188762937407,BAJA
0891788,41041 CRISTO REY,CAMANA,CAMANA,1,A1,F0,,625,76,69,0,0.9274273040906851,BAJA
1341320,40236 CESAR VALLEJO,MARISCAL CACERES,PUCCHUN,1,A1,F0,,248,55,31,0,0.8187530803351404,BAJA
1370105,CRISTIANO JESUS EL MAESTRO,NICOLAS DE PIEROLA,SAN JACINTO,1,B4,F0,,91,27,27,0,0.5730655495317891,BAJA
1278530,JOYCE,AREQUIPA,AREQUIPA,1,B4,F0,,290,44,44,0,0.8176441596845736,BAJA
0309542,CARLOS W. SUTTON,LA JOYA,LA JOYA,1,A1,F0,,850,1017,1017,0,0.9970428782651553,BAJA
1371392,DIVINA PROVIDENCIA,SOCABAYA,HORACIO ZEVALLOS GAMEZ,1,A4,F0,,276,29,23,0,0.7556678166584525,BAJA
1372390,JESUS MAESTRO,CERRO COLORADO,BENIGNO BALLÓN FARFÁN,1,B4,F0,,164,14,14,0,0.5683834401182849,BAJA
0309591,NICOLAS DE PIEROLA,ACARI,ACARI,1,A1,F0,,272,81,29,0,0.8603992114342041,BAJA
1607498,SANTA MARIA DEL ROSARIO,MAJES,PEDREGAL,1,B4,F0,,45,0,0,0,0.1705273533760473,BAJA
0794552,40284 PEDRO PAULET MOSTAJO,MAJES,SAN JUAN EL ALTO,2,A1,F0,,334,402,334,1,0.9430754066042386,ALTA/URGENTE
0310219,COLEGIO PARTICULAR MIXTO SANTA CLARA,JOSE LUIS BUSTAMANTE Y RIVERO,AREQUIPA,1,B4,F0,,446,87,87,0,0.923484475110892,BAJA
1801901,SAN DIEGO,MAJES,PEDREGAL,1,B4,F0,,28,20,20,0,0.3870133070478068,BAJA
0309450,MONSEÑOR LEONIDAS BERNEDO MALAGA,YARABAMBA,PUEBLO TRADICIONAL DE YARABAMBA,2,A1,F0,,271,343,321,1,0.9157220305569246,ALTA/URGENTE
0695288,40122 MANUEL SCORZA TORRES,JOSE LUIS BUSTAMANTE Y RIVERO,CERRO JULI,1,A1,F0,,278,133,91,0,0.8955150320354854,BAJA
1277664,SAN ANDRES,JACOBO HUNTER,JACOBO HUNTER,1,B4,F0,,84,0,0,0,0.2514785608674224,BAJA
3029790,DEEVY COLLEGE'S,MARIANO MELGAR,ALTO SAN MARTIN,1,B4,F0,,61,4,4,0,0.28671759487432236,BAJA
1236108,PERUANO FRANCES JEAN HARZIC,JACOBO HUNTER,HUNTER,1,B4,F0,,74,0,0,0,0.23521439132577623,BAJA
1422468,40698 SAN JUAN BAUTISTA DE MAJES,MAJES,PEDREGAL SUR,1,A1,F0,,237,35,25,0,0.7673730901922129,BAJA
1337039,LA VALLEJO,AREQUIPA,AREQUIPA,1,B4,F0,,33,2,2,0,0.1881468703794973,BAJA
1420488,LUIS FELIPE DE ORLEANS,AREQUIPA,IV CENTENARIO,1,B4,F0,,62,12,12,0,0.3909561360275998,BAJA
1031293,LOS RANGERS,AREQUIPA,AREQUIPA,1,B4,F0,,5,2,2,0,0.10288319369147364,BAJA
0723197,40395,TISCO,COTA COTA,2,A1,F0,,22,55,15,1,0.5075160177427304,MEDIA
1339555,SAGRADOS CORAZONES DE JESUS Y MARIA,ALTO SELVA ALEGRE,APURIMAC,1,B4,F0,,70,14,14,0,0.4264415968457368,BAJA
1719780,INTERNACIONAL SAN JUAN BAUTISTA,MAJES,EL PEDREGAL,1,B4,F0,,6,10,10,0,0.22055199605717102,BAJA
1336957,SAN SEBASTIAN,PAUCARPATA,VILLA PORONGOCHE,1,B4,F0,,102,30,30,0,0.6090438639724002,BAJA
1622836,JOULE CAYMA,CAYMA,PUEBLO TRADICIONAL,1,B4,F0,,111,0,0,0,0.29854608181370135,BAJA
1273655,40568,CAYARANI,ARCATA,2,A1,F0,1.0,37,19,19,2,0.4017989157220306,MEDIA
1763176,CULTURA ORIENTAL,AREQUIPA,AREQUIPA,1,B4,F0,,7,3,3,0,0.13368654509610645,BAJA
0309583,HORTENCIA PARDO MANCEBO,CHALA,CHALA,1,A1,F0,,870,149,99,0,0.9778215869886644,BAJA
1607191,NUESTRO SEÑOR DE LOS MILAGROS,LA JOYA,SAN CAMILO,2,B4,F0,1.0,10,4,4,2,0.1626416954164613,MEDIA
1651488,CONO NORTE LINUS PAULING,CERRO COLORADO,URB JOSE LUIS  BUSTAMANTE Y RIVERO,1,B4,F0,,163,15,15,0,0.576515524889108,BAJA
1654136,PALMER,PAUCARPATA,JORGE CHAVEZ,1,B4,F0,,62,3,3,0,0.273656973878758,BAJA
1799857,REAL SCHOOL CAM,YURA,CIUDAD DE DIOS,1,B4,F0,,51,15,15,0,0.393543617545589,BAJA
1607159,40656 SAN FRANCISCO DE ASÍS,MAJES,CENTRO POBLADO E2,2,A1,F0,,302,226,217,1,0.9252094627895515,ALTA/URGENTE
1636406,ANDRES DE SANTA CRUZ,CERRO COLORADO,ZAMACOLA,1,B4,F0,,22,9,9,0,0.25887136520453424,BAJA
0589838,ANDRES AVELINO CACERES,HUAMBO,HUAMBO,2,A1,F0,,36,74,53,1,0.5657959586002957,MEDIA
1532928,SAN IGNACIO,MARIANO MELGAR,PUEBLO JOVEN ATALAYA,1,A4,F0,,111,68,48,0,0.7086002957121735,BAJA
1455047,GRAN MAESTRO JUAN ENRIQUE PESTALOZZI,JACOBO HUNTER,UGEL AREQUIPA SUR,1,B4,F0,,179,3,3,0,0.44677180877279443,BAJA
1335231,DE CIENCIAS DIVINO NIÑO JESUS,TIABAYA,TIABAYA,1,B4,F0,,95,25,25,0,0.5681370133070478,BAJA
0891812,JULIO ERNESTO PORTUGAL,JULIO ERNESTO PORTUGAL ESCOBEDO,HUACAPUY,1,A1,F0,,98,27,21,0,0.5856333169048793,BAJA
1334663,SOLARIS,YURA,CIUDAD DE DIOS,1,B4,F0,,133,25,25,0,0.6248151798915722,BAJA
1263441,MAXWELL SCHOOL,MAJES,EL PEDREGAL,1,B4,F0,,101,19,19,0,0.531789058649581,BAJA
1031707,PAULO VI,PAUCARPATA,AREQUIPA,1,A4,F0,,102,8,0,0,0.4200344997535732,BAJA
1797919,41502,MAJES,ASENTAMIENTO D5,2,A1,F0,,73,0,0,1,0.23336619024149827,MEDIA
0579573,40159 EJERCITO AREQUIPA,MIRAFLORES,AREQUIPA,1,A2,F0,,485,30,30,0,0.8225726959093149,BAJA
0636514,SANTA TERESITA DE LISIEUX,MIRAFLORES,MIRAFLORES,1,B4,F0,,62,15,15,0,0.4188023656973879,BAJA
0309302,JUANA CERVANTES DE BOLOGNESI,AREQUIPA,,1,A1,F0,,833,210,210,0,0.9876786594381468,BAJA
1769041,HOWARD GARDNER SCHOOL,YURA,CIUDAD DE DIOS,1,B4,F0,,102,21,21,0,0.5523656973878758,BAJA
1692060,PIEDADES DE CIUDAD DE DIOS,YURA,CIUDAD DE DIOS,1,B4,F0,,70,13,13,0,0.41855593888615084,BAJA
0309534,INDEPENDENCIA DEL PERU,CARAVELÍ,CARAVELÍ,1,A1,F0,,377,115,115,0,0.9243469689502217,BAJA
1799105,SAN FRANCISCO DE SALES,CERRO COLORADO,ASOCIACION PRIMAVERA,2,B4,F0,,90,3,3,1,0.3287333661902415,MEDIA
1540947,NUESTRA SEÑORA DEL DIVINO AMOR,CERRO COLORADO,AREQUIPA,1,A4,F0,,224,55,55,0,0.8056924593395761,BAJA
1369701,CEDEU LEONCIO PRADO,AREQUIPA,AREQUIPA,1,B4,F0,,38,16,16,0,0.3775258748151799,BAJA
0579599,40010 JULIO C TELLO,PAUCARPATA,CIUDAD BLANCA,1,A1,F0,,214,95,81,0,0.8416707737801873,BAJA
0698308,40201 TECNICO AGROPECUARIO LA COLINA,MAJES,CP SANTA MARIA LA COLINA,1,A1,F0,,416,112,28,0,0.9312469196648595,BAJA
1801398,DOMINGO SAVIO,MARIANO NICOLAS VALCARCEL,SECOCHA,1,B4,F0,,41,8,8,0,0.2969443075406604,BAJA
1335132,FARADAY,AREQUIPA,AREQUIPA,1,B4,F0,,431,20,20,0,0.7490142927550518,BAJA
0891937,GRUPO MEGA,CAMANA,CAMANA,1,B4,F0,,285,18,18,0,0.6830951207491376,BAJA
1692078,VIRGEN DE COPACABANA,MARIANO NICOLAS VALCARCEL,SECOCHA,1,B4,F0,,71,17,17,0,0.45933957614588466,BAJA
1703701,JOULE CIUDAD MUNICIPAL,CERRO COLORADO,CIUDAD MUNICIPAL,1,B4,F0,,29,0,0,0,0.13146870379497289,BAJA
1790690,I.E.P. EDWARD NORTON,SOCABAYA,AREQUIPA,1,B4,F0,,157,34,34,0,0.7028092656481025,BAJA
3001088,J. POINCARÉ,AREQUIPA,AREQUIPA,1,B4,F0,,48,0,0,0,0.17644159684573682,BAJA
1607316,40097 REPUBLICA DE CANADA,MAJES,BELLO HORIZONTE,2,A1,F0,,189,79,73,1,0.8097585017249878,ALTA/URGENTE
1465798,SANTO CATOLICO DON BOSCO,HUNTER,AREQUIPA,1,B4,F0,,56,21,21,0,0.46081813701330704,BAJA
1649656,NOVA STEINER,MARIANO MELGAR,,1,B4,F0,,115,28,28,0,0.6166830951207491,BAJA
1768506,EL EMPERADOR,CERRO COLORADO,CARLOS BACA FLOR,1,B4,F0,,60,0,0,0,0.2028092656481025,BAJA
0310177,COLEGIO PERUANO ALEMÁN MAX UHLE,SACHACA,AREQUIPA,1,B4,F0,,360,68,68,0,0.881961557417447,BAJA
1379379,CPED 40259,OCOÑA,PUMACOTO,2,A1,F0,,61,64,64,1,0.6121241991128634,ALTA/URGENTE
1262328,CRISTIAN BARNARD,CAYMA,FRNCISCO BOLGNESI,1,B4,F0,4.0,48,15,15,0,0.387752587481518,BAJA
1333426,VIRGEN DEL ROSARIO,CERRO COLORADO,AREQUIPA,1,B4,F0,,93,21,21,0,0.537087235091178,BAJA
1629856,SAN PEDRO DE ALCANTARA,JACOBO HUNTER,SAN JUAN DE DIOS,1,B4,F0,,56,23,23,0,0.4730162641695416,BAJA
1773258,40234 JUAN PABLO II,MARIANO NICOLAS VALCARCEL,URASQUI,2,A1,F0,,176,76,73,1,0.7964514539181864,ALTA/URGENTE
1337146,MI PEQUEÑO REYNO SAN LORENZO,MARIANO MELGAR,SAN LORENZO,1,B4,F0,,64,22,22,0,0.48607688516510594,BAJA
1765544,ALEXANDER GRAHAM BELL,MARIANO MELGAR,MARIANO MELGAR,1,B4,F0,,37,0,0,0,0.1527846229669788,BAJA
0712745,40515 SAN SEBASTIAN,CHARCANA,CHARCANA,2,A1,F0,3.0,61,5,5,1,0.29940857565303103,MEDIA
1364892,BRITANICO EUROPEO DUNALASTAIR,SACHACA,YANAHUARA,1,B4,F0,,279,31,31,0,0.7711927057663874,BAJA
0895763,VINCENT VAN GOGH,CERRO COLORADO,LA LIBERTAD,1,B4,F0,,9,1,1,0,0.10460818137013307,BAJA
1470046,REICH LA PERLA,AREQUIPA,AREQUIPA,1,B4,F0,,137,8,8,0,0.46956628881222273,BAJA
1802123,JOSE LUIS BUSTAMANTE SCHOOL,PAUCARPATA,CAMPO MARTE,1,B4,F0,,38,14,14,0,0.3574420896993593,BAJA
1629542,40106 JUAN SANTOS ATAHUALPA,CERRO COLORADO,JOSE SANTOS ATAHUALPA,1,A1,F0,,211,43,43,0,0.7732873336619024,BAJA
1654573,GRAN SABIO ALBERT EINSTEIN,MARIANO NICOLAS VALCARCEL,SECOCHA,1,B4,F0,,138,20,19,0,0.594135041892558,BAJA
1620236,I.E.40221 CORAZON DE JESUS,SOCABAYA,PUEBLO VIEJO,1,A1,F0,,134,15,15,0,0.5416461310990636,BAJA
1790161,DEL SOLAR,PAUCARPATA,PAUCARPATA,1,B4,F0,,90,5,5,0,0.3567028092656481,BAJA
1117456,LA CANTUTA DE AREQUIPA,MIRAFLORES,AREQUIPA,1,B4,F0,,198,33,33,0,0.7350911779201577,BAJA
1777069,RONALD FISHER,CERRO COLORADO,PERUARBO,1,B4,F0,,24,4,4,0,0.1988664366683095,BAJA
1253905,SAN JOSE OBRERO,ALTO SELVA LEGRE,AREQUIPA,1,A4,F0,,112,55,39,0,0.6940611138491868,BAJA
0309716,MIGUEL GRAU,ATICO,LA FLORIDA,1,A1,F0,,488,99,98,0,0.9362986692952193,BAJA
1756394,HOLY SCHOOLS,CERRO COLORADO,,1,B4,F0,,163,28,28,0,0.6773040906850665,BAJA
1262120,SANTA MARIA DE FATIMA,SOCABAYA,SOCABAYA,1,B4,F0,,28,0,0,0,0.12801872843765402,BAJA
0309468,SAN MARTIN DE SOCABAYA,SOCABAYA,SOCABAYA,1,A1,F0,,957,96,76,0,0.9525628388368654,BAJA
1203843,BALMER JESUCRISTO REY,YANAHUARA,AREQUIPA,1,B4,F0,,25,2,2,0,0.16658452439625432,BAJA
1031582,40172,SOCABAYA,VILLA EL GOLF,1,A1,F0,,245,4,4,0,0.5034499753573188,BAJA
0695270,40256 CARLOS MANCHEGO RENDON,SOCABAYA,4 DE OCTUBRE,1,A1,F0,,103,8,8,0,0.4221291276490883,BAJA
1764844,SAN FRANCISCO JAVIER - CIRCA,MARIANO MELGAR,,1,A4,F0,,149,0,0,0,0.34832429768358797,BAJA
0310144,SAGRADO CORAZON,CERRO COLORADO,AREQUIPA,1,B4,F0,,261,10,10,0,0.5899457861015278,BAJA
0899427,BRUNING HANS HEIMBRICH,CERRO COLORADO,,1,B4,F0,,57,30,30,0,0.5204534253326762,BAJA
1367184,HEFZIBA,YANAHUARA,AREQUIPA,1,B4,F0,,82,4,4,0,0.33008871365204534,BAJA
1368463,HENRY FORD,CHALA,CHALA,1,B4,F0,,182,24,24,0,0.670896993592903,BAJA
1116185,SAN IGNACIO DE LOYOLA,CERRO COLORADO,AREQUIPA,1,B4,F0,,87,4,4,0,0.33822079842286845,BAJA
1628767,SAN MAXIMILIANO KOLBE,CERRO COLORADO,MONSERRAT,1,B4,F0,4.0,66,21,21,0,0.4843518974864465,BAJA
1572346,MILAGROSA VIRGEN DEL CARMEN,CERRO COLORADO,VILLA PARAISO,1,B4,F0,,70,16,14,0,0.44652538196155744,BAJA
1634252,MARIA DEL REDENTOR,PAUCARPATA,MANCO CAPAC,1,A4,F0,,27,0,0,0,0.12506160670280927,BAJA
3047594,DIOS ES AMOR,UCHUMAYO,CERRO VERDE,1,B4,F0,,10,16,16,0,0.30310497782158696,BAJA
1443860,SAN FERNANDO,CAYMA,LA TOMILLA,1,B4,F0,,7,10,10,0,0.22560374568753083,BAJA
1776590,MONTE CARMELO,SAMUEL PASTOR,SAMUEL PASTOR,1,B4,F0,,98,21,21,0,0.5459586002957122,BAJA
0613158,SAN FRANCISCO DE ASIS,JAQUI,JAQUI,2,A1,F0,,142,158,94,1,0.8048299655002464,ALTA/URGENTE
1751056,BALMER CAYMA,CAYMA,ACEQUIA ALTA,1,B4,F0,,174,0,0,0,0.37530803351404635,BAJA
1032234,SAN VICENTE DE PAUL,JOSE LUIS BUSTAMANTE Y RIVERO,DOLORES,1,B4,F0,,44,19,19,0,0.41683095120749136,BAJA
0501189,40127 SEÑOR DEL ESPIRITU SANTO,CHIGUATA,CHIGUATA,2,A1,F0,,56,91,78,1,0.6260473139477576,ALTA/URGENTE
1237346,ANDENES DE CHILINA,ALTO SELVA ALGRE,INDEPENDENCIA,1,B4,F0,,202,0,0,0,0.39748644652538195,BAJA
1337872,SAN IGNACIO EDUCADOR,PAUCARPATA,AREQUIPA,1,B4,F0,,37,11,11,0,0.32380482996550025,BAJA
1371640,CORONEL LEONCIO PRADO,MAJES,EL PEDREGAL,1,B4,F0,,22,0,0,0,0.1129866929521932,BAJA
1694116,J.N. ANDREWS - VILLA ESPERANZA,LA JOYA,SAN JOSE,1,B4,F0,,92,28,26,0,0.5795958600295712,BAJA
3051109,EL PACIFICADOR LINUS PAULING,CERRO COLORADO,AREQUIPA,1,B4,F0,4.0,65,6,6,0,0.3242976835879744,BAJA
1463694,GRAN PADRE AMADO,PAUCARPATA,NICARAGUA,1,B4,F0,,127,20,20,0,0.5805815672745195,BAJA
1333400,ALEXANDER FLEMING,MAJES,EL PEDREGAL,1,B4,F0,,42,10,10,0,0.32146377525874814,BAJA
1751437,DIVINO MAESTRO DE CHAPARRA,CHAPARRA,CHAPARRA,2,B4,F0,,22,2,2,1,0.15968457368161657,MEDIA
1334689,GABRIELA MISTRAL,AREQUIPA,AREQUIPA,1,B4,F0,,66,17,17,0,0.4484967964514539,BAJA
1119247,SANTA MARIA NEW SCHOOL,CAMANA,CAMANA,1,B4,F0,,76,16,16,0,0.46044849679645145,BAJA
1032226,JACOBO DICKSON HUNTER,JACOBO HUNTER,AREQUIPA,1,B4,F0,,53,17,17,0,0.41695416461310986,BAJA
0695213,STANFORD,AREQUIPA,AREQUIPA,1,B4,F0,,138,17,17,0,0.5671513060620995,BAJA
0899302,JESUS,LA JOYA,LA JOYA,1,B2,F0,,148,15,15,0,0.5584031542631838,BAJA
1622778,JOHN FORBES,CERRO COLORADO,,1,B4,F0,,252,2,2,0,0.4730162641695417,BAJA
0310185,JESÚS NAZARENO,PAUCARPATA,PUEBLO TRADICIONAL,1,A4,F0,,103,38,30,0,0.643543617545589,BAJA
1801919,SANTISIMA VIRGEN DE CHAPI,SOCABAYA,SOCABAYA,1,B4,F0,,14,0,0,0,0.09277969443075407,BAJA
0891994,MENDEL CAMANA,CAMANÁ,CAMANÁ,1,B4,F0,,147,25,25,0,0.6413257762444554,BAJA
1525245,ITALO PERUANO ALESSANDRO VOLTA,CHARACATO,CHARACATO,1,B4,F0,,54,25,25,0,0.4826269098077871,BAJA
1278571,THOMAS M.C.,YURA,CIUDAD DE DIOS,1,B4,F0,,199,25,25,0,0.6915968457368162,BAJA
1761675,EUROAMERICANO DIVINO NIÑO JESUS,CERRO COLORADO,MARISCAL CASTILLA,1,B4,F0,,6,20,20,0,0.32146377525874814,BAJA
1780865,BALMER JUVENTUS,CERRO COLORADO,CERRO COLORADO,1,B4,F0,,213,0,0,0,0.4054953178905865,BAJA
1470582,VIRGEN DEL CARMEN MILAGROSA,AREQUIPA,AREQUIPA,1,B4,F0,,45,12,12,0,0.35399211434204036,BAJA
1338763,BENJAMIN FRANKLIN,SACHACA,PAMPAS DE CAMARONES,1,B4,F0,,26,0,0,0,0.12222769837358305,BAJA
1761188,SAN MATEO ANGLICAN SCHOOL SEDE ALTO LIBERTAD,CERRO COLORADO,,1,B4,F0,,57,14,14,0,0.397732873336619,BAJA
1658194,40093 NIVEL SECUNDARIO,LA JOYA,LA CANO,2,A1,F0,,284,0,0,1,0.4422129127649088,MEDIA
0892091,SIMON BOLIVAR,CHÁPARRA,CHÁPARRA,2,A1,F0,,269,321,274,1,0.9147363233119763,ALTA/URGENTE
1799782,40675 GRAL. VELAZCO ALVARADO,CHIGUATA,LOS PORTALES,1,A1,F0,,18,2,2,0,0.149581074420897,BAJA
1443795,CEDEU ALFRED BINET,AREQUIPA,AREQUIPA,1,B4,F0,,103,30,30,0,0.6111384918679152,BAJA
1731785,VILLARREAL,SOCABAYA,SOCABAYA,1,B4,F0,,17,10,10,0,0.2582552981764416,BAJA
1279652,SAN MATEO ANGLICAN SCHOOL SEDE ZAMACOLA,CERRO COLORADO,,1,B4,F0,,57,14,14,0,0.397732873336619,BAJA
1642867,SEÑOR DE LA CAÑA,CERRO COLORADO,AREQUIPA,1,B4,F0,,92,20,20,0,0.5264908822079842,BAJA
1435528,GRUPO AMERICAN SCHOOLS,CERRO COLORADO,AREQUIPA,1,B4,F0,4.0,59,25,25,0,0.4961803844258255,BAJA
1662949,SAN MARCOS - AREQUIPA,CERRO COLORADO,PERUARBO,1,B4,F0,,52,14,14,0,0.38565795958600296,BAJA
1800838,I.E.P SAN FRANCISCO DE CIUDAD DE DIOS,YURA,AREQUIPA,1,B4,F0,,50,22,22,0,0.4533021192705766,BAJA
3020617,SAN PABLO DE AREQUIPA,AREQUIPA,CERCADO,1,B4,F0,,1,0,0,0,0.022301626416954164,BAJA
1391929,IBEROAMERICANO,CERRO COLORADO,SEMI RURAL PACHACUTEC,1,B4,F0,,50,29,29,0,0.49679645145391815,BAJA
1431865,BALMER,CERRO COLORADO,AREQUIPA,1,B4,F0,,214,1,1,0,0.43395761458846727,BAJA
1720101,SAN ESTEBAN,CERRO COLORADO,AREQUIPA,1,B4,F0,,64,22,22,0,0.48607688516510594,BAJA
3050341,JESUS MAESTRO I,CERRO COLORADO,VILLA SANTA MARIA,1,B4,F0,5.0,81,12,12,0,0.4302612124199113,BAJA
1338680,STELLA MARIS,JOSE LUIS BUSTAMANTE Y RIVERO,ADEPA,1,B4,F0,,73,23,23,0,0.5134302612124199,BAJA
3050168,MATER DEI SCHOOL,CHARACATO,AREQUIPA,1,B4,F0,,9,0,0,0,0.07725480532281913,BAJA
1339514,PADRE MARTIN,JACOBO HUNTER,JACOBO HUNTER,1,B4,F0,,141,20,20,0,0.5975850172498768,BAJA
1120484,SAN CARLOS,JOSE LUIS BUSTAMANTE Y RIVERO,,1,B4,F0,,102,5,5,0,0.37863479546574663,BAJA
1337088,THALES DE MILETO,SOCABAYA,AREQUIPA,1,B4,F0,,258,25,25,0,0.7252341054706752,BAJA
1663871,ALEJANDRO BULLON PAUCAR,SOCABAYA,AREQUIPA,1,B4,F0,4.0,54,3,3,0,0.25332676195170034,BAJA
1253947,LEONCIO PRADO,ALTO SELVA ALEGRE,AREQUIPA,1,B4,F0,,75,10,10,0,0.39477575160177425,BAJA
1667286,SAN FERNANDO REY,SOCABAYA,SOCABAYA,1,B4,F0,,96,27,27,0,0.5816904879250863,BAJA
1691625,MERE DU CHRIST,MIRAFLORES,AREQUIPA,1,B4,F0,,108,9,9,0,0.44098077870872354,BAJA
1751320,ILUMINADORA VIRGEN DEL CARMEN,CERRO COLORADO,AREQUIPA,1,B4,F0,4.0,13,9,9,0,0.2354608181370133,BAJA
3039377,HAPPY CHILDREN,ATICO,LA FLORIDA,1,B4,F0,,38,24,24,0,0.4434450468210942,BAJA
1634187,GRECOS,CERRO COLORADO,GUILLERMO MERCADO,1,B4,F0,,72,16,16,0,0.4523164120256284,BAJA
0895938,SAN BENITO DE PALERMO,SOCABAYA,SAN MARTIN DE SOCABAYA,1,B4,F0,,98,30,30,0,0.6026367668802366,BAJA
1344514,SANTILLANA,SOCABAYA,LARA TRADICIONAL,1,B4,F0,,26,22,22,0,0.39576145884672254,BAJA
1802024,PALMER DE MARIANO MELGAR,MARIANO MELGAR,,1,B4,F0,,26,1,1,0,0.149581074420897,BAJA
0899393,ESTADO DE SUECIA,CERRO COLORADO,12 DE OCTUBRE,1,A1,F0,,129,29,29,0,0.6415722030556925,BAJA
0896837,PABLO FREIRE,CHARACAO,CHARACATO,1,B4,F0,,39,0,0,0,0.157466732380483,BAJA
1254267,SAN PEDRO CHANEL,CERRO COLORADO,MERCADO MAYORISTA,1,B4,F0,,167,20,20,0,0.6278955150320356,BAJA
1798354,MIGUEL ANGEL ASTURIAS SCHOOL,CERRO COLORADO,APIPA,1,B4,F0,,127,17,17,0,0.553597831444061,BAJA
1305770,THOMAS M.C. II,CAYMA,LAS MALVINAS,1,B4,F0,,77,19,19,0,0.4889107934943322,BAJA
1402528,WOLFANG AMADEUS MOZART,JOSE LUIS BUSTAMANTE Y RIVERO,URBANA,1,B4,F0,,158,0,0,0,0.35965993100049287,BAJA
0589416,NUESTRA SEÑORA MARIA DEL PILAR,CHAPARRA,ACHANIZO,2,A1,F0,,33,53,19,1,0.5324051256776737,MEDIA
1656644,SEÑOR DEL GRAN PODER,SOCABAYA,AREQUIPA,1,B4,F0,,55,3,3,0,0.2562838836865451,BAJA
1120526,GALILEANO PERUANO ITALIANO,AREQUIPA,AREQUIPA,1,B4,F0,,117,19,19,0,0.5561853129620502,BAJA
0723353,MARIA DE LA MERCED,JACOBO HUNTER,HUNTER,1,A4,F0,,104,10,10,0,0.4464021685559389,BAJA
0579631,40009 SAN MARTIN DE PORRES,PAUCARPATA,PAUCARPATA,1,A4,F0,,175,48,30,0,0.7582552981764417,BAJA
1116417,MARIA REYNA,AREQUIPA,AREQUIPA,1,B4,F0,,64,2,2,0,0.25924100542138984,BAJA
1415983,40542,HUAYNACOTAS,HUARCAYA,2,A1,F0,,48,39,19,1,0.5363479546574668,MEDIA
1749373,40667 CRISTO MORADO,MARIANO NICOLAS VALCARCEL,LA EUGENIA,2,A1,F0,,123,33,21,1,0.6550024642681124,ALTA/URGENTE
1339977,JENS KNUDSEN,AREQUIPA,CERCADO,1,B4,F0,,115,11,11,0,0.4756037456875308,BAJA
0309187,G.U.E. MARIANO MELGAR VALDIVIESO,MARIANO MELGAR,AREQUIPA,1,A1,F0,,1000,70,14,0,0.9295219319862001,BAJA
1697002,CIRCULO JOULE,AREQUIPA,AREQUIPA,1,B4,F0,,102,20,20,0,0.5434943321833415,BAJA
1642263,FUTURA SCHOOLS JOSE LUIS BUSTAMANTE Y RIVERO,JOSE LUIS BUSTAMANTE Y RIVERO,AREQUIPA,1,B4,F0,,315,4,4,0,0.5372104484967964,BAJA
0579714,INMACULADA CONCEPCION,JOSE LUIS BUSTAMANTE Y RIVERO,PEDRO DIEZ CANSECO,1,A1,F0,,716,38,38,0,0.8705027106949237,BAJA
1679760,NUCLEO JOULE,AREQUIPA,AREQUIPA,1,B4,F0,,87,19,19,0,0.505791030064071,BAJA
3025863,GRUPO JOULE,CHARACATO,LA HUAYLLA,2,B4,F0,,76,1,1,1,0.2658945293247905,MEDIA
1419423,CEDEU JULIO RODRIGUEZ ENRIQUEZ,ALTO SELVA ALEGRE,GRAFICOS,1,B4,F0,,29,15,15,0,0.34277969443075407,BAJA
1465756,JOULMER,MIRAFLORES,MIRAFLORES,1,B4,F0,,56,0,0,0,0.19295219319862,BAJA
1259381,LA CAMPIÑA,SOCABAYA,URB  LA CAMPIÑA,1,A1,F0,,280,110,101,0,0.8836865450961064,BAJA
1799774,THOMAS M.C. III,CERRO COLORADO,HÉROES DE LA BREÑA,1,B4,F0,,34,25,25,0,0.43925579103006407,BAJA
1336866,D'ANGELOUS CRISTI,ALTO SELVA ALEGRE,URB INDEPENDENCIA,1,B4,F0,,18,10,10,0,0.2609659931000493,BAJA
