COD_MOD,ANEXO,CODLOCAL,NROCED,CEN_EDU,DISTRITO,LOCALIDAD,MSE_EBR,MSE_ST,P5_FORMA,P5_DETALLE,P5_7_CANT,P5_7_LPPAL,P5_7_DIST,P5_7_TERRP,P104A,P105A,P105A_S_1,P105A_S_2,P105A_S_3,P105A_S_4,P105A_S_5,P105A_S_5O,P106A,P107A,P107A_NO,P107A_NO_O,P108A,P109A_1,P109A_2,P109A_3,P109A_4,P109A_5,P109A_6,P110A,P111A,P111A_S_1,P111A_S_2,P111A_S_3,P111A_S_4,P111A_S_5,P111A_S_5O,P113A,P114A,P114A_1_CP,P114A_2_CP,P115A,P115A_S_1,P115A_S_2,P115A_S_3,P115A_S_4,P115A_S_5,P115A_S_5O,P116A,P117A,P118A_1,P118A_2,P118A_3,P118A_4,P118A_5,P118A_6,P118A_7,P118A_7_OT,P119A,P120A,P120A_S_1,P120A_S_2,P120A_S_3,P120A_S_4,P120A_S_5,P120A_S_5O,P121A,P121A_SI,P102B_1,P102B_2,P102B_3,P102B_4,P102B_5,P102B_6,P102B_7,P102B_8,P102B_8_OT,P103B,P103B_SI_1,P103B_SI_2,P105B,P106B,P106B_SI,P109B_1,P109B_2,P109B_3,P109B_4,P109B_5,P109B_6,P109B_7,P109B_7_OT,P110B_1,P110B_2,P110B_3,P110B_4,P111B,P112B,P112B_SI,P113B,P113B_SI,P114B_1,P114B_2,P114B_3,P114B_4,P114B_5,P114B_6,P114B_7,P114B_8,P114B_8_OT,P115B_1,P115B_2,P115B_3,P115B_4,P115B_5,P115B_6,P115B_7,P115B_6_OT,P117B,P118B,P118B_SI,P119B,P120B_1,P120B_2,P120B_3,P120B_4,P120B_5,P120B_5_OT,P121B,P121B_SI_1,P121B_SI_2,P122B,P123B,P123B_SI,P124B,P124B_SI,P124B_NO,P124B_NO_O,P125B,P126B,P126B_SI_1,P126B_SI_2,P127B,P128B,P128B_SI,P129B,P130B,P131B,P131B_S_1M,P131B_S_1C,P131B_S_2M,P131B_S_2C,P131B_S_3M,P131B_S_3C,P131B_S_4M,P131B_S_4C,P132B_1,P132B_2,P132B_3,P132B_4,P133B_1,P133B_2,P133B_3,P133B_4,P134B_1,P134B_2,P134B_3,P134B_4,P134B_5,P134B_6,P134B_7,P135B_1,P135B_2,P136B,P136B_SI,P137B,P137B_S1_1,P137B_S1_2,P137B_S1_3,P137B_S1_4,P137B_S1_5,P137B_S1_6,P137B_S1_7,P137B_S1_O,P137B_S2_1,P137B_S2_2,P137B_S2_3,P138B,P138B_S_1,P138B_S_2,P138B_S_3,P138B_S_4,P138B_S_5,P138B_SI_5,P139B,P139B_S_1,P139B_S_2,P139B_S_3,P139B_S_4,P139B_S_4O,NIV_MOD,GES_DEP,AREA_CENSO,CODGEO,CODOOII
1796192,0,649490,3AS,LAS PLUMAS DEL AMAUTA,CERRO COLORADO,AREQUIPA,1,,1,1 JER-Jornada Escolar Regular,,,,,NO,,,,,,,,NO,,,,SI,X,X,,X,X,,SI,NO,,,,,,,,NO,,,SI,X,X,X,X,,,SI,SI,X,,,,,,,,6,NO,,,,,,,NO,,X,X,X,X,,,X,,,NO,,,,,,X,X,X,X,,,,,X,X,X,X,NO,SI,2,SI,1,X,X,X,,X,,X,,,X,,X,,X,,,,SI,SI,20,SI,X,X,,,,,SI,SI,SI,NO,SI,NO,SI,0,,,SI,SI,1,22/8/2024,SI,SI,SI,SI,SI,NO,,,,,,,,,X,X,X,X,X,,X,X,,,,,,X,NINGUNO,,,,,,,,,,,,,,,,,NO,,,,,,,NO,,,,,,F0,B4,1,040104,040001
0612440,0,072186,3AS,ANDRES AVELINO CACERES,YANAQUIHUA,ISPACAS,1,,1,1 JER-Jornada Escolar Regular,,,,,NO,,,,,,,,SI,SI,,,SI,X,X,,,,,SI,SI,,X,,,,,SI,NO,,,SI,X,X,X,X,,,NO,SI,,,X,,,,,,9,NO,,,,,,,,,X,X,X,X,X,X,,,,SI,SI,SI,SI,SI,1,,X,,,,,,,X,,,,SI,SI,6,SI,6,X,X,X,X,X,X,X,,,X,X,X,X,,,,,SI,NO,,SI,X,X,,X,,,SI,SI,SI,SI,SI,SI,SI,0,,,SI,NO,,//,SI,SI,SI,SI,SI,SI,X,X,,,,,,,X,X,X,,X,X,,,,,X,,,,,0048-2024,136-2024,SI,NO,NO,,,,,,,,,,,,NO,,,,,,,NO,,,,,,F0,A1,2,040608,040007
0309740,0,072902,3AS,40479 MIGUEL GRAU,ISLAY,MATARANI,2,,2,2 JEC-Jornada Escolar Completa,,,,,NO,,,,,,,,SI,SI,,,SI,X,,,,,,SI,SI,,,X,,,,SI,NO,,,SI,X,,X,,,,SI,SI,,,,,X,,,,5,SI,,,,X,,,,,X,X,X,X,X,X,X,,,SI,SI,SI,SI,SI,10,X,X,X,X,X,X,,,X,X,X,X,SI,SI,13,SI,5,X,X,X,X,X,X,X,,,X,X,X,X,X,,,,SI,SI,10,SI,X,X,X,X,,,SI,SI,SI,SI,SI,SI,SI,0,,,SI,NO,,//,SI,SI,SI,SI,SI,SI,,,X,X,,,,,,,X,,X,X,X,X,X,X,X,,X,,,023,,SI,SI,SI,,,,,X,,,,,,X,SI,X,,,,,,SI,X,,,,,F0,A1,1,040704,040008
1755180,0,553166,3AS,COLEGIO SUPERIOR DE CIENCIAS NEWTON VIANNEY,YURA,YURA,1,,1,1 JER-Jornada Escolar Regular,,,,,NO,,,,,,,,SI,SI,,,SI,,,,,,X,SI,NO,,,,,,,NO,NO,,,NO,,,,,,,NO,NO,X,,,,,,,,1,NO,,,,,,,NO,,,,,,,,,,,SI,SI,SI,SI,NO,,,,,X,,,,,,,,X,SI,SI,3,SI,1,X,,,,,,,,,,,,,X,,,,SI,NO,,SI,,X,,,,,SI,SI,SI,NO,SI,SI,SI,0,,,SI,NO,,//,NO,NO,,SI,NO,NO,,,,,,,,,,,X,,,X,,,,,,,,X,MUNICIPIO ESCOLAR,,,,,,,,,,,,,,,,,SI,,X,,,,,NO,,,,,,F0,B4,1,040128,040001
1239243,0,858167,3AS,CIENCIAS ITALO PERUANO ENRICO FERMI,MOLLENDO,MOLOLENDO,2,,2,2 JEC-Jornada Escolar Completa,,,,,NO,,,,,,,,NO,,,,SI,X,,,,X,,SI,SI,,,X,X,,,SI,NO,,,SI,,,,,X,PROCESO DE VACUNACIÓN,SI,NO,X,,,,,X,,,5,SI,,X,,X,,,NO,,X,X,X,X,X,X,X,,,SI,SI,SI,SI,SI,1,,,X,,,X,,,X,,,X,SI,SI,2,SI,3,,X,,,X,X,X,,,X,X,,,X,,,,SI,SI,5,SI,X,,X,,,,SI,SI,SI,NO,SI,SI,SI,1,,,SI,NO,,//,SI,SI,SI,SI,SI,NO,,,,,,,,,X,,X,,,X,,X,,,,,X,,,,,,,,,,,,,,,,,,,SI,,X,X,X,,,SI,,,X,,,F0,B4,1,040701,040008
0612507,0,073789,3AS,40531 HONOFRE BENAVIDES,TOMEPAMPA,TOMEPAMPA,2,,2,2 JEC-Jornada Escolar Completa,,,,,SI,SI,,X,,,,,SI,SI,,,SI,X,,,,,,SI,SI,X,X,X,,,,SI,NO,,,SI,X,,X,,,,SI,SI,,X,X,,,X,,,9,SI,,X,,X,,,,,X,X,X,X,X,X,X,,,SI,SI,SI,SI,SI,4,X,X,,X,X,X,,,X,X,X,X,SI,SI,7,SI,1,,,,,,X,,,,X,X,X,X,X,,,,SI,SI,50,SI,X,,,X,,,SI,SI,SI,SI,SI,SI,SI,2,,,SI,SI,2,29/10/2024,SI,SI,SI,SI,SI,SI,X,X,,,,,,,,,X,,X,X,X,X,X,X,X,X,X,,,079,,SI,NO,SI,,X,X,,,,,,X,,,SI,X,,,,,,SI,,X,,,,F0,A1,2,040810,040009
1750850,0,824785,3AS,JOHANNES KEPLER,CERRO COLORADO,AREQUIPA,1,,1,1 JER-Jornada Escolar Regular,,,,,NO,,,,,,,,NO,,,,SI,X,X,,X,X,,SI,NO,,,,,,,,NO,,,SI,X,X,X,X,,,SI,SI,X,,,,,,,,6,NO,,,,,,,NO,,X,X,X,X,,,X,,,NO,,,,,,X,X,X,X,,,,,X,X,X,X,NO,SI,2,SI,1,X,X,X,,X,,X,,,X,,X,,X,,,,SI,SI,20,SI,X,X,,,,,SI,SI,SI,NO,SI,NO,SI,0,,,SI,SI,1,22/8/2024,SI,SI,SI,SI,SI,NO,,,,,,,,,X,X,X,X,X,,X,X,,,,,,X,NINGUNO,,,,,,,,,,,,,,,,,NO,,,,,,,NO,,,,,,F0,B4,1,040128,040001
0310110,0,056718,3AS,MARIA MONTESSORI,AREQUIPA,AREQUIPA,1,,1,1 JER-Jornada Escolar Regular,,,,,NO,,,,,,,,SI,SI,,,NO,X,,,,,,SI,SI,,,X,,,,NO,NO,,,NO,,,,,,,SI,NO,X,,,,,,,,8,NO,,,,,,,NO,,,,,,,,,,,NO,,,,,,X,,,X,,,,,X,,,,NO,SI,5,SI,3,,,X,,,X,,,,,X,,,,,,,NO,NO,,SI,X,,,,,,SI,SI,SI,NO,SI,SI,SI,0,,,SI,NO,,//,NO,SI,SI,SI,SI,NO,,,,,,,,,,,,X,,,,X,X,,,,,,,,,,,,,,,,,,,,,,,NO,,,,,,,NO,,,,,,F0,B4,1,040101,040001
1335199,0,055484,3AS,GRAN PACIFICADOR LINUS PAULING,AREQUIPA,AREQUIPA,1,,1,1 JER-Jornada Escolar Regular,,,,,NO,,,,,,,,SI,SI,,,SI,X,X,,,X,,SI,SI,X,,X,X,,,SI,NO,,,SI,X,X,X,X,,,SI,SI,X,,X,,,X,,,6,SI,X,X,X,X,,,NO,,X,X,X,X,X,X,X,,,SI,SI,SI,SI,SI,5,X,X,X,X,X,X,,,X,X,X,X,SI,SI,10,SI,10,X,X,X,X,X,X,X,,,X,X,X,X,X,,,,SI,SI,6,SI,X,X,X,X,,,SI,SI,SI,SI,SI,SI,SI,0,,,SI,NO,,//,SI,SI,SI,SI,SI,SI,X,X,,,,,X,X,X,,X,X,X,X,,X,X,,X,,X,,,079,040,SI,SI,,,,,,,,,,,,,SI,,X,X,X,,,SI,X,X,,,,F0,B4,1,040101,040001
0309260,0,058859,3AS,HONORIO DELGADO ESPINOZA,CAYMA,AREQUIPA,1,,1,1 JER-Jornada Escolar Regular,,,,,NO,,,,,,,,SI,NO,1,,SI,X,,X,X,,,SI,SI,,X,X,,,,SI,SI,,6,SI,X,,,,,,SI,SI,,,,,,X,,,2,NO,,,,,,,,,X,X,X,X,X,X,X,,,SI,SI,SI,SI,SI,5,X,X,X,X,X,X,,,X,,X,X,SI,SI,40,SI,3,X,X,X,X,X,X,X,,,X,X,X,X,X,,,,SI,SI,6,SI,X,X,,X,,,SI,SI,SI,SI,SI,SI,SI,2,,,SI,SI,1,14/5/2024,SI,SI,SI,SI,SI,SI,X,X,,,,,,,,X,,,X,,,,,,X,,X,,,376-25,,SI,SI,,,,,,,,,,,,,NO,,,,,,,NO,,,,,,F0,A1,1,040103,040001
0898619,0,055974,3AS,BLAS PASCAL,AREQUIPA,CERCADO,1,,1,1 JER-Jornada Escolar Regular,,SI,,,NO,,,,,,,,SI,SI,,,SI,X,,,,,,SI,SI,,,X,,,,SI,NO,,,SI,,,,,X,VACUNACIÓN,SI,NO,,,X,,,,,,6,NO,,,,,,,SI,19,,,,,X,,,,,SI,SI,SI,SI,SI,3,X,X,X,X,,X,,,X,X,X,X,SI,SI,10,SI,6,X,X,X,X,X,X,X,,,X,X,X,X,X,,,,SI,SI,54,SI,X,X,X,X,,,SI,SI,SI,SI,SI,SI,SI,0,,,SI,NO,,//,SI,SI,SI,SI,SI,SI,,,,,X,X,,,X,X,X,X,X,X,X,X,,,X,,,,,112,020,SI,SI,SI,X,,,,,,,,,,X,SI,,X,X,X,,,NO,,,,,,F0,B4,1,040101,040001
0589473,0,068801,3AS,40320 NUESTRA SEÑORA DEL ROSARIO,HUANCARQUI,HUANCARQUI,1,,1,1 JER-Jornada Escolar Regular,,,,,NO,,,,,,,,NO,,,,SI,,,,,,X,SI,SI,X,,X,,,,SI,NO,,,SI,X,X,X,X,,,SI,SI,,,,,,X,,,8,SI,X,,X,X,,,,,X,X,X,X,X,X,X,,,SI,SI,SI,SI,SI,1,X,X,X,X,,,,,X,,X,X,SI,SI,5,SI,4,X,X,,X,,X,X,,,X,X,,X,X,,,,SI,SI,3,SI,X,,,,,,SI,SI,SI,SI,SI,SI,SI,1,,,SI,NO,,//,SI,SI,SI,SI,SI,SI,X,X,,,,,,,X,,X,,X,X,,X,,,X,,,,,038,,SI,SI,SI,X,,,,,,,,X,,,SI,X,,X,,,,SI,X,,,,,F0,A1,2,040407,040005
0612051,0,069235,3AS,CESAR DURAN LAZARTE,TIPAN,TIPAN,1,,1,1 JER-Jornada Escolar Regular,,,,,NO,,,,,,,,NO,,,,SI,X,,,,,,SI,SI,,,X,,,,SI,NO,,,SI,X,,X,,,,SI,SI,,,,,,X,,,8,SI,X,X,,,,,,,X,X,X,X,X,X,,,,SI,SI,SI,SI,SI,3,X,X,,,,,,,X,X,X,,SI,SI,5,SI,3,,X,X,X,,,X,,,X,X,X,,X,,,,SI,SI,10,SI,X,X,,,,,SI,SI,SI,SI,SI,SI,SI,0,,,SI,SI,2,4/10/2024,NO,SI,SI,SI,SI,SI,,,X,X,,,,,,X,X,,X,,,X,X,,X,X,X,,,011,,SI,SI,SI,,X,,,,,,,,,X,SI,,X,X,,,,SI,,X,,,,F0,A1,2,040411,040005
0309930,0,057138,3AS,SAN JOSE DE AREQUIPA,AREQUIPA,AREQUIPA,1,,1,1 JER-Jornada Escolar Regular,,,,,NO,,,,,,,,SI,NO,4,NO APROBARON ALGUN CRITERIO DE EVALUACION,SI,,,,,,X,SI,SI,,X,X,,X,TE Y MAÑANA DE CONFRATERNIDAD,SI,NO,,,SI,X,X,,,,,SI,SI,X,,,,,,,,4,NO,,,,,,,SI,3,X,,X,X,X,X,,,,SI,SI,SI,SI,SI,3,,X,,,,X,,,X,X,X,X,SI,SI,15,SI,8,X,X,X,,X,X,X,,,X,X,,X,,,,,SI,SI,400,SI,,X,,X,,,SI,SI,SI,SI,SI,SI,SI,2,,,SI,SI,4,2/12/2024,SI,SI,SI,SI,SI,NO,,,,,,,,,X,X,X,X,X,X,,X,X,,X,,,,,S/N,S/N,SI,NO,,,,,,,,,,,,,NO,,,,,,,NO,,,,,,F0,B4,1,040101,040001
0891580,0,556749,3AS,PIUCA,RIO GRANDE,PIUCA,1,,1,1 JER-Jornada Escolar Regular,,,,,NO,,,,,,,,SI,NO,1,,SI,,,,X,X,,SI,SI,X,X,X,X,,,SI,NO,,,SI,X,X,X,,X,ODONTOLOGIA,SI,SI,X,X,X,X,,X,,,8,SI,X,X,X,X,,,,,X,X,X,X,X,X,,,,SI,SI,SI,SI,SI,1,X,X,X,X,X,X,,,X,X,X,X,SI,SI,8,SI,6,X,X,X,X,X,X,X,,,X,X,X,X,X,X,,SOCIODRAMAS,SI,SI,20,SI,X,X,,X,,,SI,SI,SI,SI,SI,SI,SI,0,,,SI,SI,1,14/6/2024,SI,SI,SI,SI,SI,SI,,,X,X,,,,,X,X,X,X,X,X,,X,X,,X,,X,,,RD 025-2024,OF 141-2024,SI,SI,,,,,,,,,,,,,NO,,,,,,,SI,X,,,,,F0,A1,2,040606,040007
1340249,0,060758,3AS,LA FAYETTE,SACHACA,HUARANGUILLO,1,,1,1 JER-Jornada Escolar Regular,,,,,NO,,,,,,,,NO,,,,SI,X,,,,X,,SI,SI,,X,,,,,SI,NO,,,SI,X,,,,,,SI,NO,,,,,,X,,,8,NO,,,,,,,NO,,X,X,X,X,,X,X,,,SI,SI,SI,SI,SI,1,X,X,,,,,,,X,X,,,SI,SI,7,SI,6,X,X,X,X,X,X,X,,,,X,,,X,,,,SI,SI,1,SI,X,,,,,,SI,SI,SI,SI,SI,SI,SI,0,,,SI,NO,,//,NO,SI,SI,SI,SI,NO,,,,,,,,,,,,X,X,,,,,,,X,,,,,,,,SI,,X,,,,,,,,,X,SI,X,,,,,,NO,,,,,,F0,B4,1,040117,040001
0310060,0,057077,3AS,DE LOS SAGRADOS CORAZONES,CERCADO,AREQUIPA,1,,1,1 JER-Jornada Escolar Regular,,,,,NO,,,,,,,,SI,NO,4,NO  CUMPLE CON LOS REQUISITOS DE LA IE,SI,X,,,,,,SI,SI,X,X,X,,,,SI,NO,,,SI,X,X,,,,,SI,SI,X,,X,X,,X,,,2,NO,,,,,,,SI,1,X,X,X,X,X,X,X,,,SI,SI,SI,SI,SI,4,X,X,X,,,X,,,X,X,X,X,SI,SI,10,SI,4,X,X,X,,X,X,X,,,X,X,X,X,X,,,,NO,SI,296,SI,X,X,X,X,,,SI,SI,SI,NO,SI,SI,SI,2,,,SI,SI,1,2/11/2024,NO,SI,SI,SI,SI,NO,,,,,,,,,X,X,X,X,X,X,X,X,,,X,,X,,,,12-2024,SI,SI,,,,,,,,,,,,,NO,,,,,,,NO,,,,,,F0,B4,1,040101,040001
1721026,0,803009,3AS,ROBERT F. KENNEDY,PAUCARPATA,INDUSTRIAL EL CAYRO,1,,1,1 JER-Jornada Escolar Regular,,,,,NO,,,,,,,,SI,NO,1,,SI,,,X,X,,,SI,SI,,X,X,,,,SI,NO,,,SI,X,,,,,,SI,SI,X,,,,,,,,9,SI,,X,,,,,NO,,X,X,X,X,,,X,,,SI,SI,SI,SI,SI,6,X,X,,X,X,,,,X,X,X,X,SI,SI,10,SI,4,X,X,,,X,,X,,,X,X,X,X,,,,,SI,SI,2,SI,X,X,,,,,SI,SI,SI,NO,SI,SI,SI,0,,,SI,SI,1,11/6/2024,NO,SI,NO,SI,SI,NO,,,,,,,,,X,,X,,X,,,X,,,X,,,,,,012,SI,NO,NO,,,,,,,,,,,,NO,,,,,,,NO,,,,,,F0,B4,1,040112,040002
0309500,0,064624,3AS,FRANCISCO MOSTAJO,TIABAYA,,1,,1,1 JER-Jornada Escolar Regular,,,,,SI,SI,,,,X,,,SI,SI,,,SI,X,,X,,,,SI,SI,,X,X,,,,SI,SI,,1,SI,X,,X,,,,SI,SI,,,,,,X,X,DE ACUERDO A LA NORMATIVIDAD VIGENTE DEL CUADRO DE HORAS,9,SI,X,X,X,X,X,DERIVACIÓN DEMUNA,,,X,X,X,X,X,X,X,,,SI,SI,SI,SI,SI,3,X,X,,X,X,X,,,X,X,X,X,SI,SI,15,SI,3,X,X,X,,X,X,X,,,X,X,,X,,,,,SI,SI,16,SI,X,,,,,,SI,SI,SI,SI,SI,SI,SI,4,,,SI,SI,73,19/12/2024,SI,SI,SI,SI,SI,SI,X,X,,,,,,,X,X,,,X,,,X,X,,X,,,,,45-2025,,SI,SI,SI,,X,,,,,,,,,,NO,,,,,,,SI,,X,,,,F0,A1,1,040123,040001
1030410,0,057044,3AS,ALAS PERUANAS,AREQUIPA,AREQUIPA,1,,1,1 JER-Jornada Escolar Regular,,,,,NO,,,,,,,,SI,SI,,,SI,,,,,X,,SI,SI,X,X,X,,,,NO,NO,,,SI,,,,,X,VACUNACION,SI,SI,,,,,,X,,,6,NO,,,,,,,NO,,X,X,X,X,X,X,X,,,SI,SI,SI,SI,NO,,X,X,X,,,,,,X,,X,,SI,SI,5,SI,7,,X,X,,X,X,,,,X,X,X,,X,,,,NO,SI,3,SI,,,,X,,,SI,SI,SI,SI,SI,SI,SI,1,,,SI,SI,1,2/7/2024,SI,SI,SI,SI,SI,NO,,,,,,,,,,,X,,,X,,,,,X,,X,,,59,42,SI,SI,,,,,,,,,,,,,NO,,,,,,,NO,,,,,,F0,B4,1,040101,040001
0735522,0,069495,3AS,NUESTRA SEÑORA DEL CARMEN,URACA,CORIRE,1,,1,1 JER-Jornada Escolar Regular,,,,,NO,,,,,,,,SI,NO,4,FALTA DESDOBLAR SECCIONES,SI,X,,,,,,SI,NO,,,,,,,,NO,,,SI,X,X,X,X,,,SI,SI,X,,,,,X,,,6,SI,,,X,X,,,,,X,X,X,X,X,X,X,,,NO,,,,,,X,,,X,X,X,,,X,X,X,X,SI,SI,28,SI,2,,X,X,,X,X,X,,,X,X,X,X,X,,,,SI,SI,12,SI,X,,,X,,,SI,SI,SI,SI,SI,NO,SI,0,,,SI,NO,,//,NO,SI,SI,SI,SI,SI,,,,,X,X,,,,,X,X,,X,,,,X,X,,X,,,10,11,SI,NO,,,,,,,,,,,,,NO,,,,,,,SI,X,,,,,F0,A4,1,040413,040005
0613067,0,072025,3AS,41511 LIBERTADORES DE AMERICA,RIO GRANDE,SAN JUAN DE CHORUNGA,1,,1,1 JER-Jornada Escolar Regular,,,,,NO,,,,,,,,SI,SI,,,SI,,,,X,X,,SI,NO,,,,,,,,NO,,,SI,X,,,,,,SI,SI,,,X,X,,,,,5,NO,,,,,,,,,X,X,X,X,X,X,,,,SI,SI,SI,NO,,,X,X,,,,,,,X,,,,SI,SI,9,SI,2,,X,,X,X,,,,,X,X,,,X,,,,SI,SI,2,SI,X,,,,,,SI,SI,SI,SI,SI,SI,SI,0,,,SI,NO,,//,NO,SI,NO,SI,SI,SI,,,X,X,,,,,X,X,,X,,X,,X,,,X,,X,,,026,138,SI,SI,,,,,,,,,,,,,SI,X,,,,,,NO,,,,,,F0,A1,2,040606,040007
1531227,0,210908,3AS,AMERICO GARIBALDI,YANAHUARA,AREQUIPA,1,,1,1 JER-Jornada Escolar Regular,,,,,SI,SI,X,,,,X,VIRTUALES,SI,SI,,,SI,,,,,,X,SI,SI,,X,X,X,,,NO,NO,,,SI,X,,X,,,,SI,SI,X,,,X,,X,,,8,NO,,,,,,,NO,,X,X,X,X,X,X,X,,,SI,SI,SI,SI,SI,3,X,,X,,,X,,,X,X,X,,SI,SI,5,SI,2,,X,X,,,X,X,,,X,X,X,X,X,,,,SI,SI,3,SI,X,X,,X,,,SI,SI,SI,SI,SI,SI,SI,0,,,SI,NO,,//,SI,SI,SI,SI,SI,SI,X,X,,,,,,,X,,X,,,,X,X,X,,X,,X,,,X,027,SI,SI,,,,,,,,,,,,,NO,,,,,,,NO,,,,,,F0,B4,1,040126,040001
0891556,0,071653,3AS,40430 JOSE SIMEON TEJEDA,ANDARAY,ANDARAY,1,,1,1 JER-Jornada Escolar Regular,,,,,NO,,,,,,,,SI,SI,,,SI,,,,,,X,SI,SI,,X,X,,,,SI,NO,,,SI,X,X,X,,,,NO,SI,,X,X,,,X,,,8,NO,,,,,,,,,X,X,X,X,X,X,,,,SI,SI,SI,SI,SI,2,X,,,,,,,,X,X,X,,SI,SI,6,SI,1,,X,X,,X,,,,,,X,X,X,,,,,SI,SI,1,SI,,,,X,,,SI,SI,SI,SI,SI,SI,SI,0,,,SI,NO,,//,SI,SI,SI,SI,NO,SI,,,X,X,,,,,X,,X,,,,X,X,,,X,,,,,026,077,SI,SI,NO,,,,,,,,,,,,NO,,,,,,,NO,,,,,,F0,A1,2,040602,040007
1420496,0,546821,3AS,ANGELES EN EL PARAISO,MAJES,PEDREGAL,1,,1,1 JER-Jornada Escolar Regular,,,,,NO,,,,,,,,NO,,,,SI,,,,,,X,SI,SI,X,,X,,,,SI,NO,,,SI,X,,,,,,SI,NO,,,,,,X,,,9,NO,,,,,,,NO,,,,,,,,,,,NO,,,,,,X,,,,,,,,X,,,,NO,NO,,SI,1,X,,,,,,,,,,,X,,,,,,NO,NO,,NO,X,,,,,,NO,,,,NO,,SI,0,,,NO,,,//,NO,SI,SI,SI,SI,NO,,,,,,,,,X,,,,X,,,,X,,X,,,,,023-2205,034-2025,NO,,,,,,,,,,,,,,SI,X,,,,,,NO,,,,,,F0,B4,1,040520,040010
1379320,0,068580,3AS,40317,CHACHAS,CHACHAS,1,,1,1 JER-Jornada Escolar Regular,,,,,NO,,,,,,,,NO,,,,SI,X,,,,,,SI,NO,,,,,,,SI,NO,,,SI,,,X,X,,,SI,SI,,,,,,X,,,7,SI,,X,,,,,,,X,X,X,X,X,X,,,,SI,SI,SI,SI,SI,2,X,X,,,X,,,,X,,X,X,SI,SI,1,SI,1,,X,,,X,,,,,X,,X,,X,,,,SI,NO,,SI,X,,,,,,SI,SI,SI,SI,SI,SI,SI,0,,,SI,SI,1,6/4/2024,NO,SI,SI,SI,SI,SI,,,X,X,,,,,X,,X,,X,X,,X,X,,X,,X,,,015,37,SI,SI,,,,,,,,,,,,,NO,,,,,,,NO,,,,,,F0,A1,2,040404,040005
1801430,0,856291,3AS,TORRE FUERTE,JOSE LUIS BUSTAMANTE Y RIVERO,SIMON BOLIVAR,1,,1,1 JER-Jornada Escolar Regular,,,,,NO,,,,,,,,SI,SI,,,SI,,,,X,,,SI,SI,,X,X,,,,SI,NO,,,SI,X,X,,,,,SI,NO,X,,,,,,,,5,NO,,,,,,,NO,,X,X,X,X,X,X,X,,,SI,SI,SI,SI,SI,4,X,X,,X,,X,,,X,X,X,,SI,SI,8,SI,1,X,X,,,X,,X,,,,X,X,,,,,,SI,SI,3,SI,X,,,,,,SI,SI,SI,SI,SI,SI,SI,1,,,SI,NO,,//,NO,SI,SI,SI,SI,NO,,,,,,,,,X,,,X,X,,X,,,,X,,,,,,032,SI,NO,NO,,,,,,,,,,,,NO,,,,,,,NO,,,,,,F0,B4,1,040129,040002
1253624,0,068448,3AS,41053 SAN TARSICIO,APLAO,APLAO,1,,1,1 JER-Jornada Escolar Regular,,,,,NO,,,,,,,,SI,SI,1,,SI,X,,,,,,NO,SI,,X,X,,,,SI,NO,,,SI,X,,X,,,,SI,SI,X,,X,X,,X,,,5,NO,,,,,,,,,X,X,X,X,X,X,X,,,SI,SI,SI,SI,SI,3,X,X,X,X,X,X,,,X,X,X,X,SI,SI,12,SI,3,X,X,X,X,,X,,,,X,X,X,X,X,,,,SI,SI,5,SI,X,X,X,X,,,SI,SI,SI,SI,SI,SI,SI,0,,,SI,NO,,//,SI,SI,SI,SI,SI,SI,X,X,,,,,,,X,,X,,X,X,,X,,,X,,X,,,90,,SI,SI,,,,,,,,,,,,,SI,X,X,X,,,,NO,,,,,,F0,A4,1,040401,040005
0309328,0,072493,3AS,SAN VICENTE DE PAUL,MOLLENDO,MOLLENDO,2,,2,2 JEC-Jornada Escolar Completa,,,,,NO,NO,,,,,,,SI,SI,,,SI,X,,,,,,SI,SI,,X,X,X,,,NO,NO,,,NO,,,,,,,SI,NO,X,,X,,X,,,,2,SI,X,X,,,,,,,X,X,X,X,X,X,X,,,SI,SI,SI,SI,SI,7,X,,,X,,,,,X,,X,,NO,SI,16,SI,31,,X,X,,,X,X,,,X,X,,X,,,,,SI,SI,5,SI,X,X,,,,,SI,SI,SI,SI,SI,SI,SI,0,,,SI,SI,11,30/12/2024,NO,SI,SI,SI,SI,SI,,,X,X,,,,,,,X,,,,X,,X,,X,,X,X,ROLES DE FAMILIA,020-24 IESVP,127-24 IESVP,SI,SI,NO,,,,,,,,,,,,SI,,X,,,,,NO,,,,,,F0,A4,1,040701,040008
1639087,0,833332,3AS,COLEGIO MAYOR MENDEL,AREQUIPA,AREQUIPA,1,,1,1 JER-Jornada Escolar Regular,,,,,NO,,,,,,,,SI,SI,,,SI,X,,,,X,,SI,SI,,X,X,,,,SI,NO,,,SI,X,,,,,,SI,SI,X,,,,,X,,,2,NO,,,,,,,NO,,X,,X,,,X,X,,,SI,SI,NO,NO,,,X,,,X,X,,,,X,X,X,X,SI,SI,7,NO,,,,,,,,,,,X,X,,X,X,,,,SI,NO,,SI,X,X,,,,,SI,SI,SI,SI,SI,SI,SI,1,,,SI,NO,,//,SI,SI,SI,SI,SI,SI,,,,,X,X,,,X,,X,,X,,X,,,,X,,X,,,88,72,SI,SI,,,,,,,,,,,,,NO,,,,,,,NO,,,,,,F0,B4,1,040101,040001
1369651,0,836496,3AS,MADRE PEREGRINA SANTISIMA VIRGEN DE CHAPI,CERRO COLORADO,,1,,1,1 JER-Jornada Escolar Regular,,,,,NO,,,,,,,,SI,SI,,,SI,,,,,,X,SI,SI,,,X,,,,SI,NO,,,SI,X,,,,,,SI,NO,,,,,,X,,,9,NO,,,,,,,NO,,X,X,X,X,,,,,,SI,SI,SI,SI,SI,2,X,,,,,,,,X,,,,SI,SI,10,SI,5,X,X,,,X,,,,,,X,,,,,,,SI,SI,15,SI,X,,,,,,SI,SI,SI,SI,SI,SI,SI,0,,,SI,NO,,//,SI,SI,SI,SI,SI,SI,,,,,X,X,,,X,,,,X,,,,,,X,,,,,,025,SI,SI,NO,,,,,,,,,,,,NO,,,,,,,NO,,,,,,F0,B4,1,040104,040001
1334150,0,070390,3AS,40230 SAN ANTONIO DEL PEDREGAL,MAJES,,1,,1,1 JER-Jornada Escolar Regular,,,,,NO,,,,,,,,SI,NO,1,,SI,X,,,,,,SI,SI,,X,X,,,,SI,NO,,,SI,X,X,,,,,SI,SI,,,,,X,X,,,9,NO,,,,,,,,,X,,,,X,X,,,,SI,SI,SI,SI,SI,4,X,X,,X,,,,,X,X,X,,SI,SI,16,SI,2,,,,,X,X,X,,,X,X,X,,X,,,,SI,SI,20,SI,,,,X,,,SI,SI,SI,SI,SI,SI,SI,0,,,SI,SI,1,10/5/2024,SI,SI,SI,SI,SI,SI,,,,,,,X,X,,X,X,,X,,X,,X,,X,,X,,,333,,SI,SI,,,,,,,,,,,,,SI,,X,,,,,SI,X,,,,,F0,A1,1,040520,040010
1618917,0,680701,3AS,JUAN PABLO MAGNO,TIABAYA,AREQUIPA,,2,5,5 Secundaria en Alternancia,,,,,SI,NO,,,,,,,SI,SI,,,SI,,,,,,X,SI,SI,,X,X,,,,NO,NO,,,NO,,,,,,,SI,SI,X,,,,,,,,7,SI,X,X,,,,,NO,,X,X,X,X,X,X,X,,,SI,SI,NO,SI,SI,3,X,,,X,,,,,X,,,X,NO,SI,1,SI,3,X,X,,,,,,,,X,X,,,,,,,SI,SI,10,SI,X,,X,,,,SI,SI,SI,SI,SI,NO,SI,0,,,SI,NO,,//,SI,SI,NO,SI,SI,NO,,,,,,,,,X,,X,,X,,,X,,,,,X,,,,,SI,SI,,,,,,,,,,,,,NO,,,,,,,NO,,,,,,F0,B4,1,040123,040001
0569566,0,061932,3AS,41037 JOSE GALVEZ,MIRAFLORES,ALTO MISTI,1,,1,1 JER-Jornada Escolar Regular,,,,,NO,,,,,,,,SI,SI,,,SI,X,,,,,,SI,SI,,X,X,,X,ESCUELA DE PADRES,SI,NO,,,SI,X,,X,,,,SI,SI,,,X,,X,X,,,9,SI,,X,,,,,,,X,X,X,X,X,X,X,,,SI,SI,SI,SI,SI,3,X,X,X,X,X,X,,,X,X,X,X,SI,SI,5,SI,2,,X,,,,X,,,,X,X,X,X,,,,,SI,SI,2,SI,X,X,,,,,SI,NO,SI,SI,SI,SI,SI,2,,,SI,SI,2,11/11/2024,SI,SI,SI,SI,SI,SI,X,X,,,,,,,X,,X,,X,X,X,,X,,X,,X,,,052,,SI,SI,,,,,,,,,,,,,SI,,X,,,,,SI,,X,,,,F0,A1,1,040110,040002
0579516,0,063728,3AS,40072,SAN JUAN DE SIGUAS,TAMBILLO,1,,1,1 JER-Jornada Escolar Regular,,,,,NO,,,,,,,,SI,SI,,,SI,X,,,,,,SI,SI,X,X,X,,X,ESCUELA  DE PADRES,SI,NO,,,SI,X,X,X,X,,,SI,SI,,,X,,,X,,,8,SI,,X,,,,,,,X,X,X,X,X,X,,,,SI,SI,SI,SI,SI,2,X,X,,X,X,X,,,X,X,X,,SI,SI,8,SI,3,,X,,X,,X,,,,X,X,X,X,X,,,,SI,SI,12,SI,X,,,X,,,SI,SI,SI,SI,SI,SI,SI,0,,,SI,NO,,//,SI,SI,SI,SI,SI,SI,,,X,X,,,,,X,X,,,X,X,X,,X,X,X,,X,,,036-2024,,SI,SI,,,,,,,,,,,,,SI,X,X,X,X,,,SI,,X,,,,F0,A1,2,040118,040010
1333681,0,850760,3AS,BRYCE S.A.C.,AREQUIPA,AREQUIPA,1,3,1,1 JER-Jornada Escolar Regular,,,,,NO,NO,,,,,,,SI,SI,,,SI,X,,,,,,SI,NO,,,,,,,,NO,,,NO,,,,,,,SI,NO,,X,,,,,,,1,NO,,,,,,,NO,,,,,,,,,,,SI,SI,NO,NO,NO,,X,X,,,,,,,X,,X,,NO,SI,8,SI,1,,X,,,,,,,,X,X,,,,,,,SI,SI,6,SI,X,,,,,,SI,SI,SI,NO,SI,SI,SI,0,,,SI,NO,,//,NO,SI,NO,SI,SI,NO,,,,,,,,,X,,,,X,,,,X,,,,,,,,,,,,,,,,,,,,,,,NO,,,,,,,NO,,,,,,F0,B4,1,040101,040001
1274398,0,556042,3AS,SANTA CRUZ,CHIVAY,CHIVAY,1,,1,1 JER-Jornada Escolar Regular,,,,,NO,,,,,,,,SI,SI,,,SI,,,,,,X,SI,SI,,,X,,,,NO,NO,,,NO,,,,,,,SI,NO,X,,,,,,,,8,SI,,X,,,,,NO,,X,,X,,,,,,,SI,SI,SI,SI,NO,,,,X,,,,,,X,,,X,SI,SI,5,SI,1,,,,,,,,X,NINGUNO,,X,,,,,,,SI,NO,,SI,,X,,,,,SI,SI,SI,SI,SI,SI,SI,0,,,SI,NO,,//,SI,SI,NO,SI,SI,SI,X,X,,,,,,,X,,X,,X,,,,,X,,,,,,,,,,,,,,,,,,,,,,NO,,,,,,,SI,X,,,,,F0,B4,1,040501,040006
1270800,0,549914,3AS,HANS CHRISTIAN ANDERSEN,PUACARPATA,MANUEL PRADO,1,,1,1 JER-Jornada Escolar Regular,,,,,NO,,,,,,,,SI,SI,,,SI,X,,,,,,SI,SI,X,,X,,,,SI,NO,,,SI,X,,,,,,SI,SI,,,,,,X,,,8,NO,,,,,,,NO,,X,X,,,X,X,X,,,SI,SI,SI,SI,NO,,X,X,,X,,,,,X,X,,,SI,NO,,SI,2,,,X,,,X,X,,,X,X,,,,,,,SI,SI,5,SI,X,,X,,,,SI,SI,SI,SI,SI,SI,SI,0,,,SI,NO,,//,SI,SI,SI,SI,SI,SI,,X,X,,,,,,,,,X,,X,,,,,X,,,,,012-2025,,SI,SI,SI,X,,,,,,,,,X,,NO,,,,,,,SI,X,,,,,F0,B4,1,040112,040002
1721638,0,058538,3AS,ADDISON,ALTO SELVA ALEGRE,VILLA ASUNCIÓN,1,,1,1 JER-Jornada Escolar Regular,,,,,NO,,,,,,,,NO,,,,SI,,,,,,X,SI,SI,,,X,,,,SI,NO,,,NO,,,,,,,SI,NO,X,,,,,,,,3,NO,,,,,,,NO,,X,X,,,,,,,,SI,SI,NO,SI,SI,1,,,,,X,,,,X,,,,NO,SI,5,SI,2,,,,,,X,,,,,,,,X,,,,SI,NO,,SI,X,,,,,,NO,,,,SI,SI,SI,1,,,SI,SI,1,11/9/2024,NO,SI,NO,SI,SI,SI,,,,,X,X,,,,,X,,,,,X,,,X,,,,,0087-2024,0015,NO,,NO,,,,,,,,,,,,NO,,,,,,,NO,,,,,,F0,B4,1,040102,040002
3043015,0,729383,3AS,JOSE MARIA ARGUEDAS,CERRO COLORADO,PEQUEÑOS ARTESANOS ZONA B,1,,1,1 JER-Jornada Escolar Regular,,,,,NO,,,,,,,,SI,SI,,,SI,X,,,,,,SI,SI,,X,X,,,,NO,NO,,,SI,X,X,,,,,NO,SI,X,,,X,,,,,8,NO,,,,,,,,,X,X,X,X,X,X,,,,SI,SI,SI,SI,SI,2,X,X,,,,,,,X,,X,,SI,SI,1,SI,2,,,X,,,X,,,,X,X,,,,,,,SI,SI,3,SI,X,,,X,,,SI,SI,SI,SI,SI,NO,NO,,4,,SI,NO,,//,NO,SI,SI,NO,NO,SI,,,X,X,,,,,X,,,X,,X,,X,X,,X,,,,,32,45,SI,SI,,,,,,,,,,,,,NO,,,,,,,NO,,,,,,F0,A1,1,040104,040001
0310417,0,067222,3AS,FAUSTINO B. FRANCO,SAMUEL PASTOR,CAMANA,2,,2,2 JEC-Jornada Escolar Completa,,,,,NO,,,,,,,,SI,SI,,,SI,X,,,,X,,SI,SI,,,X,,X,ESCUELAPARA PADRES,SI,NO,,,SI,X,,X,X,X,CMITE DE RECURSOS PROPIOS,SI,SI,,,,,,X,,,9,SI,X,X,,X,,,,,X,X,X,X,X,X,X,,,SI,SI,SI,SI,SI,4,X,X,,,,X,,,X,X,X,X,SI,SI,27,SI,1,,X,,,,,,,,X,X,X,X,,X,,SOPORTE PSICOLOGICO,SI,SI,20,SI,,X,,X,X,MONITOREO EN AULA,SI,SI,SI,SI,SI,SI,SI,0,,,SI,NO,,//,NO,SI,SI,SI,SI,SI,,,X,X,,,,,X,,,X,X,X,,X,X,,X,,X,,,0034,0012,SI,SI,,,,,,,,,,,,,SI,,,X,,,,SI,,,X,,,F0,A1,1,040208,040003
1627470,0,862701,3AS,PERUANO BRASILERO PAULO COELHO,JOSE LUIS BUSTAMANTE Y RIVERO,AREQUIPA,1,,1,1 JER-Jornada Escolar Regular,,,,,NO,,,,,,,,SI,SI,,,SI,,,,,,X,SI,NO,,,,,,,,SI,,1,NO,,,,,,,SI,NO,,X,,,,,,,8,NO,,,,,,,NO,,X,,,,,,,,,SI,SI,SI,SI,NO,,,X,,X,,,,,X,,,,NO,SI,3,SI,2,,,,,,X,,,,,X,X,,,,,,NO,NO,,NO,,X,,,,,SI,SI,SI,SI,SI,SI,SI,0,,,SI,NO,,//,SI,SI,SI,SI,SI,NO,,,,,,,,,,,X,,,,X,,,,X,,,,,024,035,SI,SI,NO,,,,,,,,,,,,NO,,,,,,,NO,,,,,,F0,B4,1,040129,040002
0895789,0,063177,3AS,SANTA MARIA DE BELEN,PAUCARPATA,CESAR VALLEJO,1,,1,1 JER-Jornada Escolar Regular,,,,,NO,,,,,,,,SI,SI,,,SI,,,,,,X,SI,SI,X,X,X,,,,SI,NO,,,SI,X,,X,,,,SI,SI,X,,X,,,,,,8,NO,,,,,,,NO,,X,X,X,X,X,X,X,,,SI,SI,SI,SI,SI,3,X,X,,X,,X,,,X,X,X,,SI,SI,4,SI,1,,,,,,X,,,,X,X,,X,X,,,,SI,SI,7,SI,X,X,,X,,,SI,SI,SI,SI,SI,SI,SI,0,,,SI,NO,,//,SI,SI,SI,SI,SI,NO,,,,,,,,,X,,X,,,X,X,,,,X,,X,,,,0020,SI,SI,,,,,,,,,,,,,NO,,,,,,,SI,,X,,,,F0,B4,1,040112,040002
0579649,0,064030,3AS,40197 FELIPE SANTIAGO SALAVERRY,SOCABAYA,PUEBLO TRADICIONAL,2,,2,2 JEC-Jornada Escolar Completa,,,,,NO,,,,,,,,SI,SI,,,SI,X,,,,X,,SI,SI,X,X,X,,,,SI,SI,,3,SI,X,,X,X,,,SI,SI,,,,,,X,,,9,SI,X,,X,,,,,,X,X,X,,,,X,,,SI,SI,SI,NO,,,X,,,X,X,X,,,X,,X,X,SI,SI,10,SI,3,,,,X,X,X,,,,,X,,X,,,,,SI,SI,4,SI,X,,,X,,,SI,SI,SI,SI,SI,SI,SI,1,,,SI,SI,6,5/10/2024,NO,SI,SI,SI,SI,SI,,,X,X,,,,,,,X,,,,X,,X,X,X,X,X,,,35,,SI,SI,SI,,X,,,,,,,,,X,NO,,,,,,,NO,,,,,,F0,A1,1,040122,040002
0309245,0,068410,3AS,LIBERTADOR CASTILLA,APLAO,APLAO,2,,2,2 JEC-Jornada Escolar Completa,,,,,NO,,,,,,,,SI,SI,,,SI,X,,,,,,SI,SI,,X,X,,,,SI,NO,,,SI,X,X,X,,,,SI,SI,,,,X,X,X,,,9,SI,X,,X,X,,,,,X,X,X,X,X,X,X,,,SI,SI,SI,SI,SI,5,X,X,X,X,X,X,,,X,X,X,X,SI,SI,15,SI,4,X,X,X,X,X,X,X,,,X,X,X,X,X,,,,SI,SI,2,SI,,X,,X,,,SI,SI,SI,SI,SI,SI,SI,1,,,SI,SI,26,5/12/2024,SI,SI,SI,SI,SI,SI,,,X,X,,,,,,,X,,X,X,X,X,X,X,X,,X,,,048,,SI,SI,,,,,,,,,,,,,NO,,,,,,,SI,X,,,,,F0,A1,1,040401,040005
0516963,0,062516,3AS,40164 JOSE CARLOS MARIATEGUI,PAUCARPATA,MANUEL PRADO,1,,1,1 JER-Jornada Escolar Regular,,,,,NO,,,,,,,,SI,SI,,,SI,,,,,,X,SI,SI,X,X,X,,,,SI,SI,18,4,SI,X,,X,X,,,SI,SI,,,,,,X,,,5,NO,,,,,,,,,X,X,X,X,X,X,X,,,SI,SI,SI,SI,SI,4,X,X,X,,,X,,,X,X,X,,SI,SI,32,SI,1,,,,,,X,X,,,X,X,X,X,X,,,,SI,SI,3,SI,X,X,,X,,,SI,SI,SI,SI,SI,SI,SI,8,,,SI,SI,8,13/12/2024,SI,SI,SI,SI,SI,NO,,,,,,,,,,,X,X,X,X,,X,X,X,X,,X,,,070,,SI,SI,,,,,,,,,,,,,SI,X,X,X,X,,,SI,X,,,,,F0,A1,1,040112,040002
0617548,0,072935,3AS,40494 JOSÉ ABELARDO QUIÑONES GONZALES,MEJIA,MEJÍA,2,,2,2 JEC-Jornada Escolar Completa,,,,,SI,SI,,,,X,,,SI,SI,,,SI,X,,,,,,SI,SI,,,X,,,,SI,SI,,2,SI,X,X,,,,,SI,SI,,,,,,,X,DE ACUERDO A NORMAS TÉCNICAS,2,SI,,,,,X,SEGÚN NORMA TECNICA,NO,,X,,,,,,,,,SI,SI,SI,SI,SI,3,X,X,X,X,,,,,X,X,X,X,SI,SI,8,SI,1,X,X,X,X,X,X,X,,,X,X,X,X,X,,,,SI,SI,30,SI,,,,X,,,SI,SI,SI,SI,SI,SI,SI,4,,,SI,SI,8,18/12/2024,SI,SI,SI,SI,SI,SI,X,X,,,,,,,X,,X,X,X,X,X,X,X,X,X,X,X,,,064,,SI,SI,SI,,,,,,X,,,,,X,NO,,,,,,,NO,,,,,,F0,A1,2,040705,040008
0891408,0,073534,3AS,40525 SAN SANTIAGO,PUYCA,PUYCA,,5,9,9 Otro,,,,,NO,NO,,,,,,,SI,SI,,,SI,X,,,,,,SI,SI,,,X,,,,SI,NO,,,SI,X,,X,,,,SI,SI,X,,,,,X,,,9,SI,,,,X,,,NO,,X,X,X,,X,X,,,,SI,SI,SI,SI,SI,2,X,X,X,X,,,,,X,X,X,,SI,SI,18,SI,2,,X,,X,,X,,,,,X,,X,,,,,SI,SI,1,SI,X,X,X,X,,,SI,SI,SI,SI,SI,SI,SI,0,,,SI,SI,3,15/11/2024,NO,SI,SI,SI,SI,SI,,,,,X,X,,,X,,X,,X,X,X,X,X,X,X,,X,,,025,,SI,SI,SI,,,,X,X,X,,,,,X,SI,,X,X,X,,,SI,X,,,,,F0,A1,2,040806,040009
1344266,0,577897,3AS,VALLE ARRIBA DE TAMBO,COCACHACRA,CARAQUEN,,2,5,5 Secundaria en Alternancia,,,,,NO,,,,,,,,SI,SI,,,SI,X,,,,,,SI,SI,,X,X,,,,NO,NO,,,SI,X,X,X,,,,SI,NO,,,,X,,,,,8,SI,X,,X,,,,,,X,X,X,X,X,X,,X,PROMOTOR DE BIENESTAR,SI,SI,NO,SI,SI,5,X,X,,,,X,,,X,,X,,SI,SI,10,SI,2,,,,,X,X,X,,,X,X,X,,,,,,SI,SI,6,SI,,X,,,,,SI,SI,SI,SI,SI,SI,SI,0,,,SI,NO,,//,SI,SI,SI,SI,SI,NO,,,,,,,,,X,X,,,X,,X,X,,,X,,,,,015,,SI,SI,,,,,,,,,,,,,NO,,,,,,,SI,X,,,X,EICE I UGEL,F0,A1,2,040702,040008
1031780,0,066086,3AS,PERUANO SUIZO ALFRED WERNER,JOSE LUIS BUSTAMANTE Y RIVERO,AREQUIPA,1,,1,1 JER-Jornada Escolar Regular,,,,,NO,,,,,,,,SI,SI,,,SI,,,,,,X,SI,SI,X,X,X,,,,SI,NO,,,SI,X,X,,,,,SI,NO,X,,,,,,,,8,NO,,,,,,,SI,1,X,X,X,X,X,X,X,,,SI,SI,SI,SI,NO,,,X,,X,,X,,,X,X,X,X,SI,SI,12,NO,,,,,,,,,,,X,X,,,X,,,,SI,SI,10,SI,,X,,X,,,SI,SI,SI,SI,SI,SI,SI,0,,,SI,NO,,//,SI,SI,SI,SI,SI,NO,,,,,,,,,X,,X,,X,,,X,,,X,,,,,67,,SI,NO,NO,,,,,,,,,,,,NO,,,,,,,NO,,,,,,F0,B4,1,040129,040002
0899336,0,059383,3AS,40035 V. A. BELAUNDE,CERRO COLORADO,VICTOR ANDRES BELAUNDE,1,,1,1 JER-Jornada Escolar Regular,,,,,NO,,,,,,,,NO,,,,SI,,,,X,,,SI,SI,,X,,X,,,SI,SI,20,20,SI,X,,X,,,,SI,SI,,,X,X,X,X,,,5,SI,X,,,X,,,,,X,X,X,X,X,X,X,,,SI,SI,SI,SI,SI,10,X,X,X,X,X,X,,,X,X,,,SI,SI,16,SI,1,,X,,X,X,X,X,,,X,X,X,X,X,X,,PROGRAMAS PREVENTIVOS,SI,SI,15,SI,,X,,,,,SI,SI,SI,SI,SI,SI,SI,10,,,SI,SI,2,15/12/2024,NO,SI,SI,SI,SI,SI,X,X,X,X,X,X,,,,,X,X,X,X,X,X,X,,X,,X,,,,OF. 097-2025,SI,SI,,,,,,,,,,,,,NO,,,,,,,SI,,,,X,MINEDU,F0,A1,1,040104,040001
1528843,0,787293,3AS,SANTA CLARA DE JESUS,AREQUIPA,AREQUIPA,1,,1,1 JER-Jornada Escolar Regular,,,,,NO,,,,,,,,NO,,,,SI,,,,,,X,SI,SI,,,X,,,,SI,NO,,,NO,,,,,,,SI,SI,X,,,,,X,,,9,SI,X,,,,,,NO,,,,,,,,,,,SI,SI,SI,SI,NO,,,,X,,,,,,,,,X,SI,SI,2,NO,,,,,,,,,,,X,X,X,,,,,,SI,SI,3,SI,X,,,,,,SI,SI,SI,NO,SI,NO,SI,0,,,SI,NO,,//,SI,SI,NO,SI,SI,SI,X,X,,,,,,,X,,,,X,,,,X,,,,,,,,,,,,,,,,,,,,,,,NO,,,,,,,NO,,,,,,F0,B4,1,040101,040001
1379353,0,068226,3AS,40309,APLAO,HUATIAPILLA,1,,1,1 JER-Jornada Escolar Regular,,,,,NO,,,,,,,,SI,SI,,,SI,,,,,X,,SI,SI,,X,X,,,,SI,NO,,,SI,X,,X,,,,SI,SI,,,X,,,X,,,8,NO,,,,,,,,,X,X,X,X,X,X,,X,DOCENTE DE APOYO,SI,SI,SI,SI,SI,2,X,X,,X,,X,,,X,X,X,,SI,SI,5,SI,2,,X,,,X,X,X,,,X,X,X,X,,,,,SI,NO,,SI,X,,,X,,,SI,SI,SI,SI,SI,SI,SI,0,,,SI,NO,,//,NO,SI,SI,SI,NO,SI,X,X,,,,,,,X,,,,X,,,,X,X,X,X,X,,,04,08,SI,SI,SI,,X,,,,,,,,,X,SI,,X,X,X,,,SI,,X,,,,F0,A1,2,040401,040005
1336478,0,072619,3AS,LAPLACE MOLLENDO,MOLLENDO,,1,,1,1 JER-Jornada Escolar Regular,,,,,NO,,,,,,,,SI,SI,,,SI,,,,,,X,SI,NO,,,,,,,,NO,,,NO,,,,,,,SI,SI,X,,,,,X,,,7,SI,X,,X,,,,NO,,,,,,,,,,,SI,SI,SI,SI,NO,,,X,,,X,,,,X,,X,,SI,SI,4,NO,,,,,,,,,,,,X,X,,X,,,,NO,SI,1,NO,X,,,X,,,SI,SI,SI,NO,SI,SI,SI,0,,,SI,NO,,//,SI,SI,NO,SI,SI,SI,,,,,,,X,X,X,,X,,X,,X,,,,X,,,,,025,,SI,SI,NO,,,,,,,,,,,,NO,,,,,,,NO,,,,,,F0,B4,1,040701,040008
1697341,0,845603,3AS,LA PLACE,DEAN VALDIVIA,,1,,1,1 JER-Jornada Escolar Regular,,,,,NO,,,,,,,,SI,SI,,,SI,,,,,,X,SI,NO,,,,,,,,NO,,,NO,,,,,,,SI,SI,X,,,,,X,,,6,SI,,X,,X,,,NO,,X,,X,,,,X,,,SI,SI,SI,NO,,,,X,,,,X,,,X,,,X,SI,NO,,SI,1,,X,X,,,X,,,,,X,X,,X,,,,NO,NO,,NO,X,,X,,,,SI,SI,SI,NO,SI,SI,SI,0,,,SI,NO,,//,SI,NO,,SI,SI,SI,,,,,,,X,X,,X,X,,X,,X,,,,X,,,,,,052,SI,SI,NO,,,,,,,,,,,,NO,,,,,,,NO,,,,,,F0,B4,1,040703,040008
0579706,0,062489,3AS,40161 MONSEÑOR JOSE L. DEL CARPIO,PAUCARPATA,PAUCARPATA,1,,1,1 JER-Jornada Escolar Regular,,,,,NO,,,,,,,,SI,SI,,,SI,X,,,,,,SI,SI,,,X,,,,SI,SI,12,,SI,X,X,,,,,NO,SI,,X,X,X,X,X,,,8,SI,X,X,,X,,,,,X,X,X,X,X,X,,,,SI,SI,SI,SI,SI,1,X,,,X,,,,,X,,,,SI,SI,5,SI,3,,X,,,X,X,X,,,X,X,,,X,,,,SI,SI,2,SI,X,,,X,,,SI,SI,SI,NO,SI,SI,SI,1,,,SI,SI,1,26/8/2024,SI,SI,SI,SI,SI,SI,,,X,X,,,,,,,,X,,X,,,X,,X,,X,,,120-2024,053,NO,,,,,,,,,,,,,,NO,,,,,,,NO,,,,,,F0,A1,1,040112,040002
1406347,0,059298,3AS,MARIA MAZZARELLO,CAYMA,DEAN VALDIVIA,1,,1,1 JER-Jornada Escolar Regular,,,,,NO,,,,,,,,SI,NO,1,,SI,X,,,,,,SI,SI,,X,X,X,,,SI,NO,,,SI,X,X,,,,,SI,NO,X,,,,,,,,8,SI,,X,,,,,NO,,X,,X,,,X,X,,,SI,SI,SI,SI,NO,,X,X,,X,,,,,X,,X,,SI,SI,7,SI,3,,,X,,X,X,X,,,,X,,X,X,,,,SI,SI,5,SI,X,X,,,,,SI,SI,SI,SI,SI,SI,SI,1,,,SI,NO,,//,SI,SI,SI,SI,SI,SI,X,X,,,X,X,,,,X,X,,,X,,X,X,,X,,,,,023,045,SI,SI,,,,,,,,,,,,,NO,,,,,,,NO,,,,,,F0,B4,1,040103,040001
1338243,0,550691,3AS,SALOMON,MIRAFLORES,,1,,1,1 JER-Jornada Escolar Regular,,,,,NO,,,,,,,,SI,SI,,,SI,X,,,,,,SI,SI,,,X,,,,NO,NO,,,SI,X,X,,,,,SI,SI,X,,,,,,,,8,SI,X,X,X,,,,NO,,X,X,X,X,X,X,X,,,SI,SI,SI,SI,SI,2,X,X,X,X,,X,,,X,,X,,SI,SI,5,SI,4,X,X,,,,X,X,,,X,X,,X,,,,,SI,SI,5,SI,X,X,,X,,,SI,SI,SI,SI,SI,SI,SI,0,,,SI,NO,,//,NO,SI,SI,SI,SI,SI,X,X,,,,,,,X,,,X,X,X,,,,,X,,X,,,03,,SI,SI,,,,,,,,,,,,,NO,,,,,,,NO,,,,,,F0,B4,1,040110,040002
1279132,0,060206,3AS,SAN PIO X,CERRO COLORADO,UPIS MERCADO MAYORISTA,1,,1,1 JER-Jornada Escolar Regular,,,,,NO,,,,,,,,SI,NO,1,,SI,X,,,,X,,SI,SI,,X,X,X,,,NO,NO,,,SI,X,,,,,,NO,SI,,,,,,X,X,SEGÚN NECESIDAD DE LOS ESTUDIANTES,9,SI,X,,X,X,,,,,X,X,X,X,X,X,,,,SI,SI,SI,SI,SI,3,,X,X,X,X,X,,,X,X,X,X,SI,SI,10,SI,5,X,X,X,X,X,X,X,,,X,X,X,X,X,,,,SI,SI,38,SI,X,,,,,,SI,SI,SI,SI,SI,SI,SI,0,,,SI,SI,7,27/12/2024,SI,SI,SI,SI,SI,SI,,,X,X,,,,,X,X,,X,X,X,X,X,,,X,,X,,,075-2024,,SI,NO,,,,,,,,,,,,,SI,X,,,,,,SI,X,,,,,F0,A4,1,040104,040001
1789874,0,843637,3AS,SAN JOSE SCHOOL,CHARACATO,AREQUIPA,2,,2,2 JEC-Jornada Escolar Completa,,,,,NO,,,,,,,,SI,SI,,,SI,X,,,,,,SI,SI,,,X,,,,NO,NO,,,SI,X,X,,,,,SI,SI,X,,,,X,,,,5,NO,,,,,,,NO,,X,X,X,X,X,X,X,,,SI,SI,SI,SI,SI,3,X,,,,,,,,X,,,,SI,SI,2,SI,1,,X,,,,,,,,,X,,,,,,,SI,SI,2,SI,X,,,,,,SI,SI,SI,SI,SI,SI,SI,0,,,SI,NO,,//,NO,SI,SI,SI,SI,SI,X,X,,,,,,,,,X,,X,,,,X,,X,,X,,,019,004,SI,SI,,,,,,,,,,,,,NO,,,,,,,NO,,,,,,F0,B4,1,040105,040002
0895300,0,061545,3AS,INCA GARCILAZO DE LA VEGA,MARIANO MELGAR,ALTO SAN MARTIN,1,,1,1 JER-Jornada Escolar Regular,,,,,NO,,,,,,,,SI,SI,,,SI,,,,,,X,SI,SI,,X,X,,,,NO,NO,,,SI,X,X,,,,,SI,SI,X,,,,,,,,9,SI,,X,,,,,NO,,X,X,X,X,,X,X,,,SI,SI,SI,SI,SI,4,X,X,X,X,,X,,,X,,X,,SI,SI,5,SI,2,,X,,,,,X,,,X,X,X,,,,,,NO,SI,2,SI,X,X,,,,,SI,SI,SI,NO,SI,SI,SI,0,,,SI,NO,,//,NO,SI,NO,SI,SI,NO,,,,,,,,,X,,X,,X,,,X,,,X,,,,,,012,NO,,NO,,,,,,,,,,,,NO,,,,,,,NO,,,,,,F0,B4,1,040109,040002
1773274,0,843798,3AS,SAINT MICHAEL THE ARCHANGEL,DEAN VALDIVIA,EL ARENAL,1,,1,1 JER-Jornada Escolar Regular,,,,,NO,,,,,,,,SI,SI,,,SI,X,,,,X,,SI,SI,,X,X,,,,NO,NO,,,SI,X,,,,,,SI,NO,,,,,,X,,,8,NO,,,,,,,NO,,X,X,X,X,,,,,,SI,SI,SI,SI,NO,,X,X,,X,,X,,,X,X,X,,SI,SI,1,SI,2,,X,,,,,X,,,X,X,X,X,X,,,,SI,SI,15,SI,X,X,,X,,,SI,SI,SI,SI,SI,SI,SI,0,,,SI,NO,,//,SI,SI,SI,SI,SI,NO,,,,,,,,,,,X,X,,X,,,X,,,,X,,,,,,,,,,,,,,,,,,,NO,,,,,,,SI,,,X,,,F0,B4,1,040703,040008
1455575,0,712603,3AS,FRANCIS COLLINS SCHOOL,MIRAFLORES,AREQUIPA,1,,1,1 JER-Jornada Escolar Regular,,,,,NO,,,,,,,,SI,NO,1,,SI,,,,,,X,SI,SI,X,X,X,,,,SI,NO,,,NO,,,,,,,SI,NO,X,,,,,,,,6,SI,X,,,,,,NO,,X,,X,,X,X,X,,,SI,SI,SI,SI,SI,3,X,,X,X,X,X,,,X,,X,X,NO,SI,5,SI,1,,,,,,,X,,,X,X,,,X,,,,SI,SI,10,SI,X,X,,X,,,SI,SI,SI,SI,SI,NO,SI,0,,,SI,NO,,//,NO,SI,NO,SI,SI,SI,,,,,X,X,,,X,,X,,X,,,X,,,X,,,,,,016,NO,,NO,,,,,,,,,,,,NO,,,,,,,NO,,,,,,F0,B4,1,040110,040002
0579748,0,060466,3AS,40200 REPUBLICA FEDERAL ALEMANA,JACOBO HUNTER,HUNTER,1,,1,1 JER-Jornada Escolar Regular,,,,,NO,NO,,,,,,,SI,SI,,,SI,,,,X,,,SI,SI,X,,X,,,,SI,NO,,,SI,X,,X,,,,SI,SI,,,,,,X,,,9,SI,,X,,X,,,NO,,X,X,X,X,X,X,,,,SI,SI,SI,SI,SI,3,,X,,X,,,,,,,X,,SI,SI,6,SI,6,X,X,X,X,,X,,,,X,X,,,,,,,SI,SI,8,SI,X,,,X,,,SI,SI,SI,SI,SI,SI,SI,2,,,SI,SI,5,15/10/2024,SI,SI,SI,SI,SI,SI,X,X,,,,,,,X,X,,,X,X,,X,,,X,,X,,,016,185,SI,SI,SI,,,,X,,,,,,,X,NO,,,,,,,SI,,X,,,,F0,A1,1,040107,040002
1236140,0,061734,3AS,WALTER PEÑALOZA RAMELLA,MARIANO MELGAR,MARIANO MELGAR,1,,1,1 JER-Jornada Escolar Regular,,,,,NO,,,,,,,,SI,SI,,,SI,,,,,,X,SI,SI,,,X,,,,SI,NO,,,SI,X,,X,,,,SI,SI,,,X,,,X,,,6,SI,,,,X,,,NO,,X,X,X,X,X,X,X,,,SI,SI,SI,SI,NO,,,,X,X,,X,,,X,X,X,X,SI,SI,13,SI,3,,X,,,,X,X,,,X,X,X,X,X,,,,SI,SI,20,SI,X,X,,X,,,SI,SI,SI,SI,SI,SI,SI,0,,,SI,NO,,//,SI,SI,SI,SI,SI,SI,,,,,X,X,,,X,X,X,X,X,X,X,X,X,X,X,X,X,,,004,,SI,NO,SI,,X,,,,,,,,,X,NO,,,,,,,NO,,,,,,F0,B4,1,040109,040002
1261189,0,350908,3AS,40670 EL EDEN FE Y ALEGRIA 51,CERRO COLORADO,,2,,2,2 JEC-Jornada Escolar Completa,,,,,NO,,,,,,,,SI,NO,1,,SI,X,,,,,,SI,SI,,X,X,,,,SI,SI,4,8,SI,X,X,,,,,SI,SI,,,X,,,,,,5,SI,X,X,,X,,,,,X,X,,,,,X,,,SI,SI,SI,SI,SI,3,X,X,,X,X,X,,,X,,X,X,SI,SI,33,SI,2,,X,,,X,X,,,,X,X,,X,,,,,SI,SI,2,SI,X,X,,X,,,SI,SI,SI,SI,SI,SI,SI,0,,,SI,SI,15,18/12/2024,SI,SI,SI,SI,SI,SI,X,X,,,X,X,,,,,X,X,,X,,X,,,X,,X,,,X,99,SI,SI,,,,,,,,,,,,,SI,,X,X,X,,,SI,X,,,,,F0,A4,1,040104,040001
1717461,0,798588,3AS,APIPA SECTOR III,CERRO COLORADO,ASOCIACIÓN PARQUE INDUSTRIAL PORVENIR AREQUIPA,1,,1,1 JER-Jornada Escolar Regular,,,,,NO,,,,,,,,SI,NO,1,,SI,X,,,,,,SI,SI,X,,,X,,,SI,NO,,,SI,X,,X,,,,SI,SI,,,X,X,,,,,8,SI,,X,,,,,,,X,X,X,X,,,,,,SI,SI,SI,SI,SI,2,,,,X,X,,,,,,X,,SI,SI,5,SI,3,,X,X,,X,,,,,X,X,,X,,,,,SI,SI,5,SI,,X,,,,,SI,SI,SI,SI,SI,SI,SI,0,,,SI,NO,,//,SI,SI,SI,SI,SI,SI,X,X,,,,,,,,,X,X,,X,,,,,X,,,,,021,,SI,SI,SI,,X,,,,X,,,,X,X,SI,,X,,,,,SI,X,,,,,F0,A1,1,040104,040001
0309195,0,072394,3AS,DEAN VALDIVIA,MOLLENDO,MOLLENDO,1,,1,1 JER-Jornada Escolar Regular,0,,,,NO,,,,,,,,SI,NO,1,,SI,X,,,X,,,SI,SI,,X,X,,,,SI,SI,,6,SI,X,,X,,,,SI,SI,X,,X,,X,,,,9,NO,,,,,,,,,X,X,X,X,X,X,,,,SI,SI,SI,SI,SI,4,,,X,X,X,,,,X,X,X,X,SI,NO,,SI,2,,X,,,X,X,X,,,X,X,X,X,X,,,,SI,SI,10,SI,X,X,,X,,,SI,SI,SI,SI,SI,SI,SI,3,,,SI,SI,5,28/9/2024,SI,SI,SI,SI,SI,SI,,,X,X,,,,,X,,X,X,X,X,,X,X,,X,,,,,017,031,SI,SI,,,,,,,,,,,,,SI,X,,,,,,SI,X,,,,,F0,A1,1,040701,040008
1717479,0,798593,3AS,11 DE MAYO,CAYMA,11 DE MAYO,1,,1,1 JER-Jornada Escolar Regular,,,,,NO,,,,,,,,NO,,,,SI,X,,,,,,SI,SI,,X,,,,,NO,NO,,,NO,,,,,,,SI,NO,,,X,X,,X,,,8,NO,,,,,,,,,X,,X,,X,X,,,,SI,SI,SI,SI,NO,,X,,,X,,,,,X,,X,,NO,SI,4,SI,1,,X,,,,,,,,X,X,X,X,,,,,SI,SI,3,SI,,X,,,,,SI,SI,SI,SI,SI,NO,SI,1,,,SI,NO,,//,NO,SI,NO,SI,NO,SI,X,X,,,,,,,X,,,,,X,,,,,X,,,,,22,,SI,NO,NO,,,,,,,,,,,,NO,,,,,,,NO,,,,,,F0,A1,1,040103,040001
0591404,0,071969,3AS,40446 MIGUEL GRAU,RÍO GRANDE,IQUIPÍ,1,,1,1 JER-Jornada Escolar Regular,,,,,NO,,,,,,,,SI,NO,1,,SI,,,,,X,,SI,NO,,,,,,,,NO,,,SI,X,,X,,,,NO,NO,X,,,,,,,,2,NO,,,,,,,,,X,X,X,X,X,X,,,,SI,SI,SI,NO,,,,X,,X,,,,,X,,X,,SI,SI,1,SI,3,,,X,,X,X,,,,,,,,X,,,,SI,NO,,SI,X,X,,,,,SI,SI,SI,NO,SI,SI,SI,1,,,SI,SI,2,19/12/2024,NO,SI,SI,SI,SI,SI,X,X,,,,,,,,X,X,,X,,,X,X,,X,,X,,,43,10,NO,,,,,,,,,,,,,,SI,,,X,,,,NO,,,,,,F0,A1,2,040606,040007
1767441,0,114520,3AS,SANTA MARIA MAZZARELLO,SOCABAY,SAN MARTIN DE SOCABAYA,1,,1,1 JER-Jornada Escolar Regular,,,,,NO,,,,,,,,SI,SI,,,SI,,,X,,,,SI,SI,,X,X,,,,SI,NO,,,SI,X,X,,,,,SI,SI,X,,,,,,,,3,SI,,X,,,,,NO,,X,X,X,X,,,,,,SI,SI,SI,SI,SI,4,X,,,,X,X,,,X,X,X,X,SI,SI,5,SI,3,,X,,,X,X,X,,,X,X,X,,,,,,SI,SI,5,SI,X,X,,,,,SI,SI,SI,NO,SI,SI,SI,0,,,SI,NO,,//,NO,SI,SI,SI,SI,NO,,,,,,,,,X,,X,,X,,,X,,,X,,,,,,012,NO,,NO,,,,,,,,,,,,NO,,,,,,,NO,,,,,,F0,B4,1,040122,040002
1270768,0,066147,3AS,MADRE SANTA BEATRIZ,JOSE LUIS BUSTAMANTE Y RIVERO,CIUDAD SATELITE,1,,1,1 JER-Jornada Escolar Regular,,,,,SI,SI,,,,,X,HORAS ADICIONALES,SI,SI,,,SI,X,,,,,,SI,SI,,X,X,,X,ESCUELA DE PADRES DE FAMILIA,SI,NO,,,SI,X,,,,,,NO,NO,X,,,,,,,,7,NO,,,,,,,NO,,X,X,X,X,X,X,X,,,SI,SI,SI,SI,SI,3,,X,,,,X,,,X,,,,NO,SI,6,NO,,,,,,,,,,,X,X,,,X,,,,SI,SI,30,SI,X,,X,,,,SI,SI,SI,SI,SI,SI,SI,0,,,SI,NO,,//,NO,SI,NO,SI,SI,SI,,,,,X,X,,,X,X,X,X,X,X,,X,X,,X,,X,,,002,,SI,SI,,,,,,,,,,,,,NO,,,,,,,NO,,,,,,F0,B4,1,040129,040002
1755842,0,573942,3AS,SABIO ALFRED BINET,CERRO COLORADO,MERCADO MAYORISTA,1,,1,1 JER-Jornada Escolar Regular,,,,,NO,,,,,,,,SI,SI,,,SI,X,,,,,,SI,SI,,X,X,,,,NO,SI,4,4,SI,X,,,,,,SI,NO,X,,,,,,,,6,SI,X,X,,,,,NO,,,,,,,,,,,SI,SI,SI,SI,SI,2,X,X,X,,,,,,,,X,,SI,SI,5,NO,,,,,,,,,,,,X,,X,X,,,,SI,SI,20,SI,X,X,,X,,,SI,SI,SI,SI,SI,NO,SI,0,,,SI,NO,,//,NO,SI,SI,SI,NO,SI,,,,,X,X,,,X,,X,,X,,,X,,,,X,,,,,,,,SI,X,,,,,,,,,,X,NO,,,,,,,NO,,,,,,F0,B4,1,040104,040001
0899211,0,064959,3AS,40039 SANTA MARIA,YANAHUARA,YANAHUARA,1,,1,1 JER-Jornada Escolar Regular,,,,,SI,NO,,,,,,,SI,SI,,,SI,X,,,X,,,SI,SI,,X,X,,X,ESCUELA DE PADRES,SI,SI,3,,SI,,,,,X,VACUNACION,SI,SI,,,,,,,X,SEGÚN ESCALA MAGISTERIAL,8,SI,X,X,,,,,,,X,X,X,X,X,X,X,,,SI,SI,SI,SI,SI,4,,X,,X,X,,,,X,X,X,X,SI,SI,5,SI,2,,,X,,X,X,X,,,X,X,X,X,X,,,,SI,SI,10,SI,X,,,X,,,SI,SI,SI,SI,SI,SI,SI,1,,,SI,SI,2,25/10/2024,SI,SI,SI,SI,SI,SI,X,X,,,,,,,X,,X,,X,X,,X,X,,X,X,X,,,015-2025,,SI,SI,SI,,,,,,X,,,,X,X,SI,,,,,X,ATENCION ACTIVA CONCIENTE,SI,X,,,,,F0,A1,1,040126,040001
0736165,0,071281,3AS,JOSE CARLOS MARIATEGUI,TUTI,TUTI,1,,1,1 JER-Jornada Escolar Regular,,,,,NO,,,,,,,,SI,SI,,,SI,,,,,,X,SI,SI,X,X,X,X,,,SI,NO,,,SI,X,,X,,,,SI,SI,,,X,X,X,X,,,8,SI,X,X,X,,,,,,X,X,X,X,X,X,,,,SI,SI,NO,SI,SI,2,X,X,,X,,,,,X,X,X,,SI,SI,5,SI,8,,X,X,X,X,X,X,,,X,X,X,X,X,,,,SI,SI,6,SI,X,X,,X,,,SI,SI,SI,SI,SI,SI,SI,0,,,SI,NO,,//,NO,SI,NO,SI,SI,SI,,,X,X,,,,,X,,X,X,X,X,,,X,,X,X,X,,,037-2025,,SI,SI,SI,,,X,,,,,,,,X,SI,,X,X,X,,,SI,,X,,,,F0,A1,2,040518,040006
1734037,0,861693,3AS,TALENTOS AREQUIPA,CERCADO,AREQUIPA,1,,1,1 JER-Jornada Escolar Regular,,,,,NO,,,,,,,,SI,SI,,,SI,X,,,,,,SI,SI,,,X,X,,,SI,NO,,,SI,X,,X,,,,SI,SI,X,,,X,,,,,3,NO,,,,,,,SI,2,X,,X,,X,,X,,,SI,SI,SI,SI,SI,4,X,X,X,X,,X,,,X,X,X,X,SI,SI,5,SI,6,,X,X,X,X,,X,,,,,,X,X,,,,SI,SI,48,SI,X,,X,X,,,SI,SI,SI,SI,SI,SI,SI,0,,,SI,SI,2,2/10/2024,SI,SI,SI,SI,SI,SI,,,,,X,X,,,X,X,X,X,X,,,X,,,X,,X,,,0162,0123,SI,SI,,,,,,,,,,,,,NO,,,,,,,NO,,,,,,F0,B4,1,040101,040001
0899039,0,058699,3AS,40052 EL PERUANO DEL MILENIO ALMIRANTE MIGUEL GRAU,CAYMA,BUENOS AIRES,2,,2,2 JEC-Jornada Escolar Completa,,,,,SI,SI,,X,,,,,SI,SI,,,SI,X,X,X,,,,SI,SI,,X,X,X,,,SI,SI,2,0,SI,X,X,,,,,SI,SI,,,,,,X,X,POR ESCALAFON Y ESPECIALIDAD,2,SI,,X,X,,,,,,X,X,X,X,X,X,X,,,SI,SI,NO,SI,SI,2,,X,,X,,,,,X,,,,SI,SI,11,SI,2,X,,,,X,,,,,X,X,,X,,,,,SI,SI,15,SI,X,,,X,,,SI,SI,SI,SI,SI,SI,SI,1,,,SI,SI,5,24/10/2024,NO,SI,SI,SI,SI,SI,,X,X,,,,,,X,X,,,,X,,,X,X,X,,X,,,167-2025,,SI,SI,,,,,,,,,,,,,NO,,,,,,,NO,,,,,,F0,A1,1,040103,040001
0310169,0,072855,3AS,FRANCISCO LOPEZ DE ROMAÑA,DEAN VALDIVIA,LA CURVA,2,,2,2 JEC-Jornada Escolar Completa,,,,,NO,,,,,,,,SI,SI,,,SI,X,X,,,,,SI,SI,X,X,X,X,,,SI,NO,,,SI,X,X,X,X,,,SI,NO,,,,,,X,,,2,SI,X,X,X,X,,,,,X,X,X,X,X,X,X,,,SI,SI,SI,SI,SI,2,X,X,X,X,,X,,,X,X,X,X,SI,SI,11,SI,2,X,X,X,,X,X,X,,,X,X,X,X,X,X,,TRABAJOS CON ALIADOS,SI,SI,100,SI,X,,,X,,,SI,SI,SI,SI,SI,SI,SI,0,,,SI,NO,,//,NO,SI,SI,SI,SI,SI,X,X,,,,,,,,X,X,X,X,X,X,X,X,X,X,X,X,,,X,X,SI,NO,SI,,X,,,X,,,,X,X,X,NO,,,,,,,SI,,X,,,,F0,A1,1,040703,040008
0589747,0,069810,3AS,DANIEL ALCIDES CARRION,ACHOMA,ACHOMA,1,,1,1 JER-Jornada Escolar Regular,,,,,SI,SI,X,,,,,,NO,,,,SI,X,,,,X,,SI,SI,X,,X,,,,SI,NO,,,SI,X,,X,,,,SI,SI,,,X,,,,X,NORMATIVIDAD,8,NO,,,,,,,,,X,X,X,X,X,X,,,,SI,SI,SI,SI,SI,3,X,X,,X,X,,,,X,X,X,,NO,SI,5,SI,6,X,X,,X,X,X,X,,,X,X,X,X,,,,,SI,SI,10,SI,X,,,X,,,SI,SI,SI,SI,SI,SI,SI,2,,,SI,NO,,//,NO,SI,SI,NO,SI,SI,X,X,,,,,,,X,,X,,X,X,,,X,X,X,,X,,,54,112,SI,SI,,,,,,,,,,,,,NO,,,,,,,SI,X,,,,,F0,A1,2,040502,040006
1759117,0,072252,3AS,40684 SAN JOSE OBRERO,YANAQUIHUA,LA CENTRAL CERRO RICO,1,,1,1 JER-Jornada Escolar Regular,,,,,NO,,,,,,,,SI,SI,,,SI,,,,,,X,SI,SI,,X,X,,,,SI,NO,,,SI,X,,X,,,,NO,SI,,,,,,X,,,9,SI,X,,,X,,,,,X,X,X,X,X,X,,,,SI,SI,SI,SI,SI,2,,,,X,,,,,,,X,,SI,SI,5,SI,1,X,X,,,,X,,,,X,X,,X,,,,,SI,SI,10,SI,,X,X,,,,SI,SI,SI,SI,SI,SI,SI,0,,,SI,NO,,//,SI,SI,SI,NO,NO,SI,,,X,X,,,,,,X,,,X,,,,,,X,,,,,4,3,SI,SI,SI,,,X,,,,,,,,X,NO,,,,,,,NO,,,,,,F0,A1,2,040608,040007
0723866,0,827637,3AS,JESUS MARIA SAN MARTIN DE PORRES,AREQUIPA,AREQUIPA,1,,1,1 JER-Jornada Escolar Regular,,,,,NO,,,,,,,,SI,SI,,,SI,X,,,,X,,SI,SI,,X,X,,,,SI,SI,4,2,NO,,,,,,,SI,NO,,,X,,X,X,,,9,NO,,,,,,,SI,2,X,X,X,X,,X,X,,,SI,SI,SI,SI,SI,4,X,X,X,,,,,,X,X,X,,SI,SI,10,NO,,,,,,,,,,,X,X,X,X,X,,,,SI,SI,9,SI,,X,X,X,,,SI,SI,SI,SI,SI,SI,SI,0,,,SI,NO,,//,SI,SI,SI,SI,SI,SI,X,X,,,,,,,X,,,X,X,X,X,X,X,,X,,X,,,,010-D-IE.JMSMP,SI,NO,,,,,,,,,,,,,NO,,,,,,,NO,,,,,,F0,B2,1,040101,040001
0894915,0,055714,3AS,CEP MARIA AUXILIADORA,AREQUIPA,AREQUIPA,1,,1,1 JER-Jornada Escolar Regular,,,,,NO,,,,,,,,SI,SI,,,SI,,,,,,X,SI,SI,,X,X,,,,SI,NO,,,NO,,,,,,,SI,NO,X,,,,,,,,9,NO,,,,,,,SI,1,X,X,,,X,X,X,,,SI,SI,NO,NO,,,,X,,X,,X,,,X,,X,X,SI,SI,5,NO,,,,,,,,,,,X,X,X,X,X,,,,SI,SI,15,SI,X,X,,,,,SI,SI,SI,SI,SI,SI,SI,0,,,SI,NO,,//,SI,SI,NO,SI,SI,NO,,,,,,,,,,,X,,X,X,,,,,X,,,,,24,,SI,NO,NO,,,,,,,,,,,,NO,,,,,,,NO,,,,,,F0,B4,1,040101,040001
0899294,0,060428,3AS,40033 SAN AGUSTIN,HUNTER,UPIS PAISAJISTA,2,,2,2 JEC-Jornada Escolar Completa,,,,,NO,,,,,,,,SI,SI,,,SI,X,,,,,,SI,SI,,,,,X,ESCUELA DE PADRES,NO,SI,6,0,SI,X,,,,X,CHARLAS A ESTUDIANTES Y DOCENTES,NO,NO,,,X,,,,,,5,SI,X,,,,,,,,X,X,X,X,X,X,X,,,SI,SI,SI,SI,SI,2,,X,X,,X,,,,,,X,,SI,SI,10,SI,1,X,,,,,X,,,,X,X,,,,,,,SI,SI,2,SI,X,,,,,,SI,SI,SI,SI,SI,SI,SI,2,,,SI,SI,2,28/10/2024,NO,SI,SI,SI,SI,SI,X,X,,,,,,,X,,X,X,,X,,,,,X,,X,,,123,128,SI,SI,,,,,,,,,,,,,NO,,,,,,,SI,,X,,,,F0,A1,1,040107,040002
0736157,0,071083,3AS,AGROPECUARIO SIBAYO,SIBAYO,SIBAYO,1,,1,1 JER-Jornada Escolar Regular,,,,,NO,,,,,,,,SI,SI,,,SI,,,,X,,,SI,SI,X,X,X,X,,,SI,NO,,,SI,X,X,X,,,,SI,SI,,X,X,,X,,,,3,SI,X,X,X,X,,,,,X,X,X,X,X,X,,,,SI,SI,SI,SI,NO,,X,X,,X,X,X,,,X,X,X,,SI,SI,5,SI,2,,,,X,,X,,,,X,X,X,X,,,,,SI,SI,4,SI,,,,X,,,SI,SI,SI,SI,SI,NO,SI,0,,,SI,NO,,//,NO,SI,SI,SI,SI,SI,X,X,,,,,,,X,,X,,X,,X,X,X,X,X,,X,,,21,,SI,SI,,,,,,,,,,,,,SI,,X,X,X,,,SI,X,X,X,,,F0,A1,2,040515,040006
0617464,0,061003,3AS,SGTO. 1ERO. FAP LAZARO ORREGO MORALES,LA JOYA,BASE AEREA,1,,1,1 JER-Jornada Escolar Regular,,,,,NO,,,,,,,,SI,SI,,,SI,X,,,,,,SI,NO,,,,,,,,SI,,2,SI,X,,,,,,SI,SI,X,,X,,,,,,8,NO,,,,,,,,,X,X,X,X,X,X,,,,SI,SI,SI,SI,SI,1,X,,,,,,,,X,X,,,SI,SI,5,SI,5,X,X,,,,X,X,,,,X,,,X,,,,SI,SI,4,SI,X,X,,,,,SI,SI,SI,SI,SI,NO,SI,0,,,SI,NO,,//,NO,SI,SI,NO,SI,SI,X,X,,,,,,,X,,,,X,,,,X,,X,,,,,022,,NO,,,,,,,,,,,,,,SI,,X,,,,,NO,,,,,,F0,A2,2,040108,040010
1337740,0,550498,3AS,EDWIN ALEXANDER,MARIANO MELGAR,AREQUIPA,1,,1,1 JER-Jornada Escolar Regular,,,,,NO,,,,,,,,SI,SI,,,SI,X,,,X,X,,SI,SI,X,X,X,X,X,PLAN LECTOR,SI,SI,14,,SI,X,,X,,X,CHARLAS INFORMATIVAS,SI,SI,,,,,,X,,,8,SI,X,X,X,,,,NO,,X,X,X,X,X,X,X,,,SI,SI,SI,SI,SI,3,,X,X,,,X,,,X,X,X,X,SI,SI,5,SI,3,,X,,,,X,X,,,X,X,,X,X,,,,SI,SI,5,SI,X,X,,X,,,SI,SI,SI,SI,SI,SI,SI,0,,,SI,NO,,//,SI,SI,SI,SI,SI,SI,,,,,X,X,,,,,,X,X,,,,,,X,,,,,,090-2024,SI,NO,SI,,X,,,,X,,,,,X,SI,,,X,,,,SI,X,,,,,F0,B4,1,040109,040002
1344639,0,073398,3AS,40522 JUAN LUIS SOTO MOTTA,PAMPAMARCA,PAMPAMARCA,1,,1,1 JER-Jornada Escolar Regular,,,,,NO,,,,,,,,SI,SI,,,SI,,,,,,X,SI,SI,,,X,,,,SI,NO,,,SI,X,,X,,,,SI,SI,,,X,,,,,,9,NO,,,,,,,,,X,X,X,X,X,X,,,,SI,SI,SI,SI,SI,2,X,,,,X,,,,X,,X,,SI,SI,6,SI,1,X,,,,X,,,,,,X,,,,,,,SI,NO,,SI,X,,,X,,,SI,SI,SI,SI,SI,SI,SI,0,,,SI,NO,,//,NO,SI,SI,SI,NO,SI,,,,,X,X,,,,,X,X,,,X,X,X,,X,,X,,,038,,NO,,,,,,,,,,,,,,SI,X,,,,,,SI,X,,,,,F0,A1,2,040805,040009
1334374,0,059175,3AS,NIÑO JESUS EL TERREMOTITO,CAYMA,LA TOMILLA,1,,1,1 JER-Jornada Escolar Regular,,,,,NO,,,,,,,,SI,SI,,,SI,X,,,,,,SI,SI,,,X,,,,SI,NO,,,NO,,,,,,,SI,SI,,,X,,,,,,9,NO,,,,,,,NO,,X,,X,X,X,X,X,,,SI,SI,SI,SI,SI,3,X,X,X,,,,,,X,X,X,,NO,SI,7,SI,6,,X,X,,X,X,X,,,X,X,X,,,,,,SI,SI,12,SI,X,X,,X,,,SI,SI,SI,SI,SI,SI,SI,0,,,SI,NO,,//,SI,SI,SI,SI,SI,SI,,,,,X,X,,,X,,,X,X,X,,,,,X,,,,,14,,SI,SI,SI,,X,,,,,,,,,X,SI,,X,,,,,SI,X,,,,,F0,B4,1,040103,040001
0796771,0,068231,3AS,40310,APLAO,ACOY,1,,1,1 JER-Jornada Escolar Regular,,,,,NO,,,,,,,,SI,SI,,,SI,X,,,,X,,SI,SI,X,X,X,X,,,SI,NO,,,SI,X,X,X,,,,SI,SI,,,X,,,X,,,8,SI,X,X,X,X,,,,,X,X,,X,X,X,,,,SI,SI,SI,SI,SI,5,X,X,X,X,X,X,,,X,X,X,X,SI,SI,5,SI,5,X,X,,,X,X,X,,,X,X,X,X,X,,,,SI,SI,18,SI,X,X,X,X,,,SI,SI,SI,SI,SI,SI,SI,0,,,SI,SI,1,22/10/2024,SI,SI,SI,SI,SI,SI,X,X,,,,,,,X,X,,X,X,X,X,X,,,X,X,X,,,043,,SI,SI,SI,,X,,,X,X,,,,,X,SI,X,,,,,,SI,X,,,,,F0,A1,2,040401,040005
1701655,0,784020,3AS,VILLA LINARES,SAMUEL PASTOR,VILLA LINARES,1,,1,1 JER-Jornada Escolar Regular,,,,,NO,,,,,,,,NO,,,,SI,X,,,,,,SI,SI,,,X,,,,SI,SI,1,4,SI,X,,X,,,,SI,SI,,,X,,,X,,,9,SI,,X,,,,,,,X,X,X,X,X,X,,,,SI,SI,SI,SI,SI,4,X,X,,X,,,,,X,X,X,X,SI,SI,10,SI,6,X,X,X,X,X,X,X,,,X,X,X,X,X,,,,SI,SI,20,SI,X,,,X,,,SI,SI,SI,SI,SI,SI,SI,0,,,SI,NO,,//,SI,SI,SI,SI,SI,SI,,,,,X,X,,,,,X,X,X,X,,,X,X,X,,X,,,,070-2024,SI,SI,,,,,,,,,,,,,NO,,,,,,,SI,X,,X,,,F0,A1,1,040208,040003
1371632,0,574178,3AS,GREGORY MENDEL,MAJES,EL PEDREGAL,1,,1,1 JER-Jornada Escolar Regular,,,,,NO,,,,,,,,SI,SI,,,SI,,,X,X,,,SI,SI,,X,X,X,,,SI,NO,,,SI,X,,,,,,SI,SI,X,X,,,,X,,,8,SI,X,,,,,,NO,,X,X,X,X,,X,X,,,SI,SI,SI,SI,SI,3,X,X,,X,,X,,,X,,X,X,SI,SI,1,SI,1,,,X,,,,,,,,,X,,,,,,SI,SI,6,SI,X,X,,X,,,SI,SI,SI,SI,SI,SI,SI,0,,,SI,NO,,//,SI,SI,SI,SI,SI,SI,X,X,,,,,,,X,,X,,X,,,X,X,,X,X,X,,,095-2024,,SI,NO,SI,,,X,,,,,,,,X,SI,,X,X,X,,,SI,,,X,,,F0,B4,1,040520,040010
1031640,0,058005,3AS,40222 DIEGO THOMSON,ALTO SELVA ALEGRE,VILLA UNION,2,,2,2 JEC-Jornada Escolar Completa,,,,,NO,,,,,,,,SI,SI,,,SI,X,,X,,X,,SI,SI,X,X,X,,,,SI,NO,,,SI,X,,,,,,NO,SI,X,,,,X,,,,5,SI,X,,,,,,,,X,X,X,X,X,X,X,,,SI,SI,SI,SI,SI,2,X,X,,X,X,X,,,X,X,X,X,SI,SI,6,SI,2,X,,,,X,,,,,X,X,X,,,,,,SI,SI,20,SI,X,X,,X,,,SI,SI,SI,SI,SI,SI,SI,2,,,SI,SI,2,11/7/2024,,SI,SI,SI,SI,SI,,,X,X,,,,,,X,X,,,X,X,,X,X,X,,X,,,008-2025,,SI,SI,,,,,,,,,,,,,NO,,,,,,,SI,X,,,,,F0,A4,1,040102,040002
1239367,0,911792,3AS,ITALO PERUANO SANTA MARIA MAZZARELLO,AREQUIPA,VALLECITO,1,,1,1 JER-Jornada Escolar Regular,,,,,SI,SI,,,,,X,VIRTUALES,SI,SI,,,SI,,,,,,X,SI,SI,X,,X,,,,SI,NO,,,NO,,,,,,,SI,SI,X,X,,,,X,,,8,SI,,,X,,,,NO,,X,,X,,,,X,,,SI,SI,SI,SI,SI,4,X,X,,,,X,X,RESPETO,X,,X,X,NO,SI,3,SI,3,,X,,X,,,,,,X,X,,X,X,,,,SI,SI,20,SI,X,X,X,X,,,SI,SI,SI,SI,SI,SI,SI,0,,,SI,NO,,//,SI,SI,SI,SI,SI,NO,,,,,,,,,X,X,X,X,X,X,X,X,X,,X,,X,,,34,7,SI,NO,,,,,,,,,,,,,SI,,X,X,,,,NO,,,,,,F0,B4,1,040101,040001
3026705,0,907163,3AS,SCHOOL MI PEQUEÑO PARAISO,CERRO COLORADO,,1,,1,1 JER-Jornada Escolar Regular,,,,,NO,,,,,,,,SI,SI,,,SI,X,,,X,X,,SI,SI,,X,X,,,,SI,NO,,,SI,X,X,,,,,SI,SI,X,,,,,,,,8,SI,,X,X,,,,NO,,X,X,X,X,X,,,,,SI,SI,SI,SI,NO,,X,X,,,,,,,X,,,,SI,SI,4,SI,3,,X,,,,X,,,,X,X,,,X,,,,SI,SI,10,SI,X,,,,,,SI,SI,SI,SI,SI,SI,SI,0,,,SI,NO,,//,SI,SI,SI,SI,SI,SI,,X,,,,,X,,,,X,,,,,X,X,,,,,,,,,,,,,,,,,,,,,,,SI,,X,,,,,SI,,,X,,,F0,B4,1,040104,040001
0310425,0,069382,3AS,CORIRE,URACA,CORIRE,2,,2,2 JEC-Jornada Escolar Completa,,,,,NO,,,,,,,,SI,SI,,,SI,X,,,,,,SI,SI,,X,X,,,,SI,NO,,,SI,X,,,,,,SI,NO,,,,,X,,,,2,SI,X,X,,X,,,NO,,,,,,,,,,,SI,SI,SI,SI,SI,6,,X,,X,X,X,,,X,X,X,,SI,SI,17,SI,2,,X,,,,X,X,,,X,X,X,X,X,,,,SI,SI,20,SI,X,X,,X,,,SI,SI,SI,SI,SI,SI,SI,2,,,SI,SI,10,8/11/2024,NO,SI,SI,SI,SI,SI,,,X,X,,,,,X,X,X,X,X,X,X,X,X,,X,,X,,,023,001,SI,SI,,,,,,,,,,,,,NO,,,,,,,NO,,,,,,F0,A1,1,040413,040005
1576776,0,865865,3AS,DIVINA INFANCIA,MAJES,EL PEDREGAL,1,,1,1 JER-Jornada Escolar Regular,,,,,SI,SI,X,,,,,,SI,SI,,,SI,X,,,,,,SI,SI,,X,,,,,SI,SI,,1,SI,X,,X,,,,SI,SI,,,,X,X,,,,8,SI,,X,,,,,NO,,X,X,X,,,,X,,,SI,SI,SI,SI,SI,3,X,,X,X,,,,,X,,X,,SI,SI,6,SI,1,,,X,,,,,,,,X,X,X,,,,,SI,NO,,SI,X,X,,,,,SI,SI,SI,NO,SI,NO,SI,0,,,SI,NO,,//,SI,SI,SI,SI,SI,NO,,,,,,,,,X,X,,,X,,,,X,,,,X,,,,,,,,,,,,,,,,,,,SI,,X,,X,,,NO,,,,,,F0,B4,1,040520,040010
0898007,0,070583,3AS,41061  JOSE ANTONIO ENCINAS,MAJES,AREQUIPA,2,,2,2 JEC-Jornada Escolar Completa,,,,,NO,,,,,,,,SI,SI,,,SI,X,,,,,,SI,SI,,X,X,,,,NO,NO,,,SI,,,X,,,,SI,SI,,,,X,,X,,,5,SI,X,,,,,,,,X,X,X,X,,,,,,SI,SI,SI,NO,,,X,X,,,,,,,X,,X,,SI,SI,2,SI,1,,,,,X,X,,,,X,,,X,X,,,,SI,NO,,SI,,,,X,,,SI,SI,SI,SI,SI,SI,SI,0,,,SI,NO,,//,SI,SI,NO,SI,SI,SI,X,X,,,,,,,X,X,X,,,X,,X,X,,X,,,,,084,,SI,SI,,,,,,,,,,,,,SI,,X,,,,,NO,,,,,,F0,A1,2,040520,040010
0309252,0,058109,3AS,MILITAR FRANCISCO BOLOGNESI,ALTO SELVA ALEGRE,AREQUIPA,1,,1,1 JER-Jornada Escolar Regular,,,,,NO,,,,,,,,SI,SI,,,SI,X,,,,,,SI,SI,,,X,,X,ESCUELA DE PADRES,NO,NO,,,SI,X,X,X,X,,,SI,SI,,,,,X,,,,2,SI,X,X,,,,,,,X,X,X,,X,X,X,X,PROFESOR TUTOR,SI,SI,SI,SI,SI,4,X,X,X,,,,,,X,,X,,SI,SI,20,SI,2,X,X,,,,,,,,X,X,X,,,,,,SI,SI,23,SI,X,,,X,,,SI,SI,SI,SI,SI,SI,SI,23,,,SI,SI,22,13/12/2024,SI,SI,SI,SI,SI,SI,X,X,,,,,,,,,X,X,,X,,,,,X,,X,X,VEEDURIAS ESCOLAR,0277,,SI,SI,,,,,,,,,,,,,SI,,,X,,,,SI,,X,,,,F0,A1,1,040102,040002
1759968,0,832945,3AS,TALENT SCHOOL,AREQUIPA,AREQUIPA,1,,1,1 JER-Jornada Escolar Regular,,,,,NO,,,,,,,,SI,SI,,,SI,,,,,,X,SI,SI,,X,X,,,,NO,NO,,,SI,X,,,,,,SI,NO,,,X,,,X,,,8,SI,,X,,,,,NO,,X,X,X,,X,X,X,,,SI,SI,SI,SI,SI,2,,X,,,,,,,X,,,,SI,SI,5,SI,8,X,X,X,,X,X,X,,,X,X,,,,,,,NO,SI,3,SI,X,,,,,,SI,SI,SI,SI,SI,SI,SI,0,,,SI,SI,2,8/4/2024,SI,SI,SI,SI,SI,NO,,,,,,,,,X,,X,X,X,,,X,,,X,,,,,,012,SI,NO,NO,,,,,,,,,,,,NO,,,,,,,NO,,,,,,F0,B4,1,040101,040001
0619361,0,064723,3AS,40088 REYNO DE BELGICA,UCHUMAYO,UCHUMAYO,1,,1,1 JER-Jornada Escolar Regular,,,,,NO,,,,,,,,SI,SI,,,SI,X,,,,X,,SI,SI,,X,X,,,,SI,NO,,,SI,X,X,,,,,SI,SI,X,,,,,X,,,8,SI,X,,X,,,,,,X,X,X,X,X,X,X,,,SI,SI,SI,SI,SI,2,X,X,,,,,,,X,X,X,,SI,SI,2,SI,1,X,X,,X,,,,,,X,X,,,,,,,SI,SI,2,SI,X,,,X,,,SI,SI,SI,SI,SI,SI,SI,0,,,SI,NO,,//,SI,SI,SI,SI,SI,SI,X,X,,,X,X,,,X,,X,,X,,X,X,,,X,,,,,038-2025,,SI,SI,NO,,,,,,,,,,,,SI,X,X,,X,,,SI,X,X,,,,F0,A1,2,040124,040001
1261429,0,061164,3AS,CIENCIAS SEÑOR DE LA JOYA - JUAN ORELLANA GARCIA,LA JOYA,LA JOYA,2,,2,2 JEC-Jornada Escolar Completa,,,,,NO,,,,,,,,SI,SI,,,SI,X,,,,,,SI,NO,,,,,,,,NO,,,SI,,,X,,,,SI,SI,X,,,,,,,,9,SI,X,,,,,,NO,,X,X,,,,,,,,SI,SI,SI,NO,,,X,,,X,,X,,,X,X,,,SI,NO,,NO,,,,,,,,,,,X,,,,X,,,,SI,SI,3,NO,,X,,,,,SI,SI,SI,SI,SI,SI,NO,,4,,SI,NO,,//,NO,SI,SI,NO,SI,NO,,,,,,,,,X,X,,,X,X,,,,,X,,X,,,15,27,SI,SI,,,,,,,,,,,,,NO,,,,,,,SI,,X,,,,F0,B4,1,040108,040010
1370139,0,820344,3AS,SAN CARLOS,MAJES,EL PEDREGAL,,3,6,6 Secundaria Tutorial,,,,,SI,SI,X,,,,,,SI,SI,,,SI,X,,,,,,SI,SI,,,X,,,,SI,NO,,,NO,,,,,,,SI,NO,X,,,,,,,,8,SI,,,,X,,,NO,,X,X,X,X,X,X,X,,,SI,SI,SI,SI,SI,4,X,,X,X,,X,,,,X,X,,SI,SI,5,SI,1,,,X,,,,,,,,X,,X,X,,,,NO,SI,7,SI,X,X,,X,,,SI,SI,SI,SI,SI,SI,SI,0,,,SI,NO,,//,SI,SI,SI,SI,SI,SI,,,,,X,X,,,X,,X,,,X,,,,,X,,,,,081-2024,,SI,SI,NO,,,,,,,,,,,,NO,,,,,,,NO,,,,,,F0,B4,1,040520,040010
0309492,0,060555,3AS,JUAN PABLO VIZCARDO Y GUZMAN,JACOBO HUNTER,HUNTER,1,,1,1 JER-Jornada Escolar Regular,,,,,NO,,,,,,,,SI,NO,1,,SI,,,,,,X,SI,SI,X,X,X,X,,,SI,SI,6,,SI,X,,X,,,,SI,NO,,,X,,,,,,5,SI,X,X,X,X,,,,,X,X,X,X,X,X,X,,,SI,SI,SI,SI,SI,3,X,X,,X,X,X,,,X,,X,X,SI,SI,25,SI,1,,X,,,,,,,,X,X,X,,X,,,,SI,SI,10,SI,,,,X,,,SI,SI,SI,SI,SI,SI,SI,4,,,SI,SI,20,30/11/2024,NO,SI,SI,SI,NO,NO,,,,,,,,,,,X,,,X,,,X,,X,,X,,,100,,SI,SI,NO,,,,,,,,,,,,NO,,,,,,,NO,,,,,,F0,A1,1,040107,040002
1270214,0,550771,3AS,AREQUIPA,JOSE LUIS BUSTAMANTE Y RIVERO,DOLORES,1,,1,1 JER-Jornada Escolar Regular,,,,,NO,,,,,,,,SI,SI,,,SI,X,,,,,,SI,NO,,,,,,,,NO,,,SI,X,,,,,,SI,NO,X,X,,,,,,,8,NO,,,,,,,NO,,X,,X,,X,X,,,,SI,NO,SI,NO,,,X,,,,,X,,,X,,,,NO,SI,2,SI,1,,X,,,,,,,,,X,,,,,,,NO,NO,,SI,X,,,,,,SI,SI,SI,SI,SI,SI,SI,0,,,SI,NO,,//,NO,SI,SI,SI,SI,NO,,,,,,,,,,,X,X,,,,X,,,X,,,,,0032,0012,NO,,NO,,,,,,,,,,,,NO,,,,,,,NO,,,,,,F0,B4,1,040129,040002
1344597,0,073176,3AS,40512 VIRGEN DE CHAPI,ALCA,AYAHUASI,1,,1,1 JER-Jornada Escolar Regular,,,,,NO,,,,,,,,SI,SI,,,SI,X,,,,,,SI,SI,,,X,,,,SI,NO,,,SI,X,X,X,X,,,SI,SI,,,,,,X,,,8,SI,,X,X,X,,,,,X,X,X,X,X,X,,,,SI,SI,SI,SI,NO,,,X,,,,X,,,X,X,X,X,SI,SI,5,SI,2,X,X,X,X,X,X,X,,,X,X,,,X,,,,SI,SI,2,SI,X,,,,,,SI,SI,SI,SI,SI,SI,SI,0,,,SI,NO,,//,SI,SI,SI,SI,SI,SI,X,X,,,,,,,,,,X,,,,X,,,X,,X,,,011-2025,,SI,SI,NO,,,,,,,,,,,,NO,,,,,,,NO,,,,,,F0,A1,2,040802,040009
0898551,0,057435,3AS,ALEXANDER FLEMING,AREQUIPA,AREQUIPA,1,,1,1 JER-Jornada Escolar Regular,,,,,NO,,,,,,,,SI,SI,,,SI,X,,,,,,SI,NO,,,,,,,,NO,,,NO,,,,,,,SI,NO,X,,X,X,,X,,,5,NO,,,,,,,NO,,X,X,X,X,X,X,X,,,SI,SI,SI,SI,SI,4,X,X,X,X,X,,,,X,,X,X,SI,SI,15,SI,4,X,X,X,,X,X,X,,,X,X,X,X,X,,,,NO,SI,30,SI,,X,,X,,,SI,SI,SI,SI,SI,SI,SI,0,,,SI,SI,1,19/7/2024,NO,SI,SI,SI,SI,SI,,,,,,,X,X,X,X,,X,X,X,,X,,,X,,,,,,095,SI,SI,NO,,,,,,,,,,,,NO,,,,,,,NO,,,,,,F0,B4,1,040101,040001
0655746,0,059509,3AS,40103 LIBERTADORES DE AMERICA,CERRO COLORADO,,1,,1,1 JER-Jornada Escolar Regular,,,,,NO,,,,,,,,SI,NO,1,,SI,X,X,X,,X,,SI,SI,,X,,,,,SI,SI,2,1,SI,X,,,,X,SALUD BUCAL,SI,SI,,,X,,X,,,,5,SI,X,X,,,,,,,X,X,X,,,X,X,,,SI,SI,SI,SI,SI,4,,X,,X,,,,,,,X,X,SI,SI,16,SI,2,X,,,,,X,X,,,,X,,,,,,,SI,NO,,SI,,,,X,,,SI,SI,SI,SI,SI,SI,SI,0,,,SI,NO,,//,NO,SI,SI,SI,SI,SI,X,X,,,X,X,,,X,,X,,,X,,X,,,X,,,,,,130-2025,SI,NO,NO,,,,,,,,,,,,SI,,X,X,X,,,NO,,,,,,F0,A1,1,040104,040001
1333905,0,841841,3AS,COLEGIO FRANCO PERUANO GUSTAVE EIFFEL,SACHACA,URBANO,1,,1,1 JER-Jornada Escolar Regular,,,,,NO,,,,,,,,NO,,,,SI,X,,,,X,,SI,NO,,,,,,,,NO,,,SI,X,X,X,X,,,SI,SI,,,X,,,X,,,7,SI,,,,X,,,NO,,X,X,X,X,X,X,X,,,SI,SI,SI,SI,SI,6,X,X,X,X,X,X,,,X,,X,,SI,SI,6,SI,8,X,X,X,,,X,X,,,X,X,,,X,,,,SI,NO,,SI,,,,X,,,SI,SI,SI,SI,SI,SI,SI,0,,,SI,NO,,//,SI,SI,SI,SI,SI,NO,,,,,,,,,,,X,,,,,X,X,,,,X,,,,,,,,,,,,,,,,,,,NO,,,,,,,NO,,,,,,F0,B4,1,040117,040001
0310433,0,069179,3AS,GLORIOSO JUAN PABLO VISCARDO Y GUZMAN,PAMPACOLCA,PAMPACOLCA,2,,2,2 JEC-Jornada Escolar Completa,,,,,NO,,,,,,,,SI,SI,,,SI,X,,,,,,SI,SI,X,X,X,,,,SI,NO,,,SI,X,X,X,,,,SI,SI,,,X,X,,X,,,5,SI,X,X,X,X,,,,,X,X,X,X,X,X,X,,,SI,SI,SI,SI,SI,5,X,X,X,X,X,X,,,X,X,X,,SI,SI,10,SI,2,,X,,,X,X,X,,,X,X,,X,,,,,SI,SI,20,SI,X,X,,X,,,SI,SI,SI,SI,SI,SI,SI,2,,,SI,SI,3,13/11/2024,NO,SI,SI,SI,SI,SI,,,X,X,,,,,X,,X,X,X,X,,X,X,X,X,X,X,,,039,,SI,SI,SI,X,,,,,,,,,,X,NO,,,,,,,NO,,,,,,F0,A1,2,040410,040005
1653591,0,735261,3AS,EL TRIUNFO II,LA JOYA,EL TRIUNFO II,1,,1,1 JER-Jornada Escolar Regular,,,,,NO,,,,,,,,SI,NO,1,,SI,X,,,,X,,SI,SI,X,X,X,,,,SI,NO,,,SI,X,,X,,,,SI,SI,,,,,,X,,,8,SI,X,X,,X,,,,,X,X,X,X,X,X,,,,SI,SI,NO,SI,SI,3,X,X,X,X,X,,,,X,,X,,SI,SI,5,SI,5,X,X,X,X,,X,,,,X,X,X,X,,,,,SI,SI,6,SI,X,,,X,,,SI,SI,NO,SI,SI,SI,SI,1,,,SI,SI,2,29/11/2024,NO,SI,SI,SI,NO,SI,X,X,,,,,,,X,,X,,X,,X,,X,,X,,,,,41,,SI,NO,,,,,,,,,,,,,NO,,,,,,,SI,X,,,,,F0,A1,1,040108,040010
0796946,0,071182,3AS,40321,TISCO,TARUCAMARCA,1,,1,1 JER-Jornada Escolar Regular,,,,,NO,,,,,,,,SI,SI,,,SI,X,,,,X,,SI,SI,,X,X,X,,,SI,NO,,,SI,X,X,X,X,,,NO,SI,,,X,X,,X,,,8,SI,X,X,X,X,,,,,X,X,X,X,X,X,,,,SI,SI,SI,SI,SI,3,X,X,,X,,,,,X,X,X,,SI,SI,5,SI,2,,X,X,X,,X,X,,,X,X,,X,X,,,,SI,NO,,SI,X,X,,X,,,SI,SI,SI,SI,SI,SI,SI,0,,,SI,SI,1,18/6/2024,SI,SI,SI,SI,NO,SI,X,X,,,,,,,X,,X,,X,,,,,,X,,,,,023-2024,,SI,SI,SI,,X,,,,,,,,,X,SI,X,,X,,,,SI,X,,,,,F0,A1,2,040517,040006
3043007,0,787919,3AS,JARDIN DEL COLCA,YURA,JARDIN DEL COLCA,1,,1,1 JER-Jornada Escolar Regular,,,,,NO,,,,,,,,NO,,,,SI,X,,,,,,SI,SI,X,X,,,,,SI,NO,,,SI,X,X,,,,,SI,SI,,,X,X,,,,,6,NO,,,,,,,,,X,,X,X,,,,,,SI,SI,SI,SI,NO,,,X,X,,,,,,X,,X,,SI,SI,2,SI,1,X,X,X,,,,,,,X,X,,X,,,,,SI,SI,2,SI,X,,,X,,,SI,SI,SI,SI,SI,NO,NO,,1,,NO,,,//,NO,SI,SI,SI,NO,SI,X,X,,,,,X,X,,,X,X,X,X,,,,,X,,X,,,,12,SI,SI,,,,,,,,,,,,,NO,,,,,,,NO,,,,,,F0,A1,2,040128,040001
0310102,0,505284,3AS,SAN PEDRO,AREQUIPA,AREQUIPA,1,,1,1 JER-Jornada Escolar Regular,,,,,SI,SI,,,,X,,,SI,SI,,,SI,,,,,,X,SI,SI,X,X,X,,,,SI,NO,,,NO,,,,,,,SI,NO,,,,,,X,,,8,NO,,,,,,,NO,,X,,X,,X,X,,,,SI,SI,SI,SI,SI,4,X,X,X,X,,X,,,X,X,X,X,SI,SI,8,SI,6,X,X,X,X,X,X,X,,,X,X,X,X,X,X,,EDUCACION EN VALORES HUMANOS,SI,SI,15,SI,X,,,X,,,SI,SI,SI,SI,SI,SI,SI,0,,,SI,NO,,//,SI,SI,SI,SI,SI,NO,,,,,,,,,X,X,X,X,X,X,X,X,,,X,,X,X,EDUCACION EN VALORES HUMANOS,,027,SI,SI,,,,,,,,,,,,,NO,,,,,,,SI,X,,,,,F0,B4,1,040101,040001
1379312,0,068245,3AS,40311 JOSE RODRIGUEZ BUSTAMANTE,APLAO,COSOS,1,,1,1 JER-Jornada Escolar Regular,,,,,NO,,,,,,,,SI,SI,,,SI,,X,,,,,SI,SI,X,X,X,X,,,SI,NO,,,SI,X,X,X,X,,,SI,SI,X,,X,,,X,,,8,NO,,,,,,,,,X,X,X,X,X,X,,,,SI,SI,SI,SI,SI,5,,X,X,X,,X,,,,X,X,,SI,SI,7,SI,4,X,X,X,X,X,X,X,,,X,X,X,X,,,,,SI,SI,7,SI,X,X,,X,,,SI,SI,SI,SI,SI,SI,SI,0,,,SI,SI,1,10/10/2024,SI,SI,SI,SI,SI,SI,,,X,X,,,,,X,,X,X,X,X,X,,X,X,X,,X,,,19,40,SI,SI,,,,,,,,,,,,,SI,,X,X,,,,SI,X,,,,,F0,A1,2,040401,040005
0472209,0,055356,3AS,40025 SANTA DOROTEA,AREQUIPA,JUVENTUD FERROVIARIA,1,,1,1 JER-Jornada Escolar Regular,,,,,NO,,,,,,,,NO,,,,SI,,,,,,X,SI,SI,,X,X,X,,,NO,SI,10,0,SI,X,,,,,,SI,SI,,,,,,X,,,8,SI,X,X,,X,,,,,X,X,X,X,X,,X,,,SI,SI,SI,SI,NO,,,X,X,X,X,,,,X,,X,,SI,SI,3,SI,9,X,X,X,,X,X,,,,X,X,,X,,,,,SI,SI,2,SI,,X,,,,,SI,SI,SI,SI,SI,SI,SI,0,,,SI,SI,7,7/10/2024,SI,SI,SI,SI,SI,SI,X,X,,,,,,,X,,,,X,,,,,,X,,,,,078-2024,318-2024,SI,SI,SI,,X,,,,,,,,,X,NO,,,,,,,SI,,X,,,,F0,A1,1,040101,040001
1344464,0,859548,3AS,SAN GUILLERMO DE VERCELLI,HUNTER,AREQUIPA,1,,1,1 JER-Jornada Escolar Regular,,,,,SI,SI,X,,,,,,SI,SI,,,SI,,,,X,,,SI,SI,X,,X,,,,NO,SI,2,,NO,,,,,,,NO,SI,,,,,,X,,,8,NO,,,,,,,NO,,,,X,,,X,X,,,SI,SI,NO,SI,NO,,X,,,,,,,,X,,,,NO,SI,5,NO,,,,,,,,,,,,X,,,X,,,,NO,NO,,SI,X,,,,,,SI,SI,SI,SI,SI,SI,SI,0,,,SI,NO,,//,NO,SI,NO,SI,SI,NO,,,,,,,,,,,X,,,,,X,,,X,,X,,,028,,SI,NO,,,,,,,,,,,,,NO,,,,,,,SI,,,X,,,F0,B4,1,040107,040002
0898676,0,055691,3AS,LA RECOLETA,AREQUIPA,ANTIQUILLA,1,,1,1 JER-Jornada Escolar Regular,,,,,NO,,,,,,,,SI,SI,,,SI,,,,,,X,SI,SI,X,X,X,X,,,SI,NO,,,SI,X,X,,,,,SI,NO,,,,,,X,,,9,NO,,,,,,,SI,3,X,X,X,X,,,,,,SI,SI,SI,SI,SI,3,,X,,X,,X,,,X,,X,,SI,SI,11,SI,2,,X,X,,X,,,,,X,X,,X,,,,,NO,SI,2,SI,,,,X,,,SI,SI,SI,SI,SI,SI,SI,2,,,SI,SI,1,27/9/2024,SI,SI,SI,SI,SI,SI,X,X,,,,,,,X,,,,X,X,,X,,,X,,X,,,X,47,SI,SI,,,,,,,,,,,,,NO,,,,,,,NO,,,,,,F0,B2,1,040101,040001
0309633,0,055342,3AS,NUESTRA SEÑORA DE LOURDES,AREQUIPA,TINGO,2,,2,2 JEC-Jornada Escolar Completa,,,,,NO,,,,,,,,SI,SI,,,SI,X,,,,,,SI,SI,,X,X,,,,NO,SI,,1,SI,,,,,X,VACUNACION,SI,NO,,,X,,,,,,4,SI,X,X,X,X,,,,,X,X,X,X,X,X,X,X,TUTORES,SI,SI,SI,SI,SI,3,X,X,,,,X,,,X,,X,X,SI,SI,10,NO,,,,,,,,,,,X,X,,X,X,,,,SI,SI,15,SI,,X,,,,,SI,SI,SI,SI,SI,SI,SI,0,,,SI,NO,,//,SI,SI,SI,SI,SI,SI,X,,,,,X,,,X,,,X,X,,,,,X,X,,X,,,0062-2025,,SI,SI,,,,,,,,,,,,,SI,X,,,,,,NO,,,,,,F0,A4,1,040101,040001
0899153,0,063865,3AS,40070 SANTA ISABEL DE HUNGRIA,SANTA ISABEL DE SIGUAS,CENTRO POBLADO SANTA ISABEL,1,,1,1 JER-Jornada Escolar Regular,,,,,NO,,,,,,,,SI,SI,,,SI,X,,,,X,,SI,SI,X,X,X,,X,PLAN DE TRABAJO ESPECÍFICO CON FAMILIAS,NO,NO,,,SI,X,,X,X,,,SI,SI,,,X,,,X,,,8,NO,,,,,,,,,X,X,X,X,X,X,,,,SI,SI,SI,SI,SI,2,,X,,X,,X,,,X,X,X,X,SI,SI,5,SI,1,X,X,X,,X,X,X,,,X,X,X,X,X,,,,SI,NO,,SI,X,,,,,,SI,SI,SI,SI,SI,SI,SI,0,,,SI,SI,6,11/10/2024,SI,SI,SI,SI,SI,SI,,,X,X,,,,,X,X,,,X,X,,,X,,X,,X,,,032,032-2024,SI,SI,,,,,,,,,,,,,SI,,,X,,,,SI,,X,,,,F0,A1,2,040120,040010
0518241,0,055441,3AS,40165 SAN JUAN BAUTISTA DE LA SALLE,AREQUIPA,UMACOLLO,2,,2,2 JEC-Jornada Escolar Completa,,,,,NO,,,,,,,,SI,NO,1,,NO,X,,,,,,SI,SI,,X,X,,,,SI,SI,,10,NO,,,,,,,SI,NO,,,,,,X,,,9,NO,,,,,,,,,X,X,,,X,X,X,,,SI,SI,SI,SI,SI,10,X,X,,,,,,,X,X,X,X,SI,SI,30,SI,1,X,X,X,X,X,X,X,,,X,X,,X,X,,,,SI,SI,50,SI,X,X,,X,,,SI,SI,SI,SI,SI,SI,SI,6,,,SI,SI,12,12/11/2024,NO,SI,SI,SI,SI,SI,,,X,X,,,,,X,X,X,X,X,X,X,X,X,,X,,X,X,CONEI,021,,SI,SI,,,,,,,,,,,,,SI,X,,,,,,NO,,,,,,F0,A4,1,040101,040001
0617530,0,072290,3AS,40474 JOSE CARLOS MARIATEGUI,MOLLENDO,MIRAMAR,2,,2,2 JEC-Jornada Escolar Completa,,,,,NO,,,,,,,,SI,SI,,,SI,X,,,,,,SI,SI,,,X,,X,ESCUELAS DE FAMILIA,SI,SI,,1,SI,X,X,X,,,,SI,NO,,X,X,,,,X,SEGÚN CUADRO DE DISTRIBUCIÓN DE HORAS,2,SI,X,X,X,X,,,,,X,,X,X,,X,,,,SI,SI,SI,SI,SI,5,X,X,X,X,X,X,,,X,X,X,X,SI,SI,13,SI,3,,X,,,X,X,X,,,,X,,,X,,,,SI,SI,15,SI,X,,,X,X,VISITAS  OPINADAS A DOCENTES,SI,SI,SI,SI,SI,SI,SI,6,,,SI,SI,5,22/11/2024,NO,SI,SI,SI,SI,SI,,,X,X,,,,,X,,X,X,X,X,X,X,X,X,X,X,X,,,X,X,SI,SI,SI,,X,X,,X,,,,,X,X,SI,,X,,,,,SI,,X,,,,F0,A1,1,040701,040008
0796920,0,070427,3AS,40389 MIGUEL LINARES MALAGA,LLUTA,TAYA,1,,1,1 JER-Jornada Escolar Regular,,,,,NO,,,,,,,,NO,,,,SI,X,,,,,,SI,SI,X,X,X,X,,,SI,NO,,,SI,X,,,,,,SI,SI,X,,,,,,,,8,SI,,X,,,,,,,X,X,X,X,X,X,,,,SI,SI,SI,SI,NO,,,,,X,,,,,X,,,,SI,SI,2,SI,6,X,X,,,X,X,,,,X,X,,X,,,,,SI,SI,4,SI,,X,,,,,SI,SI,SI,SI,SI,SI,SI,0,,,SI,NO,,//,SI,SI,SI,SI,SI,SI,X,X,,,,,,,,X,,,X,,,,,,,,X,,,,,,,,,,,,,,,,,,,NO,,,,,,,SI,X,,,,,F0,A1,2,040511,040001
0695312,0,065671,3AS,7 DE AGOSTO,JOSE LUIS BUSTAMANTE Y RIVERO,AREQUIPA,2,,2,2 JEC-Jornada Escolar Completa,,,,,NO,,,,,,,,SI,SI,,,SI,,,,X,,,SI,SI,,,X,,,,NO,NO,,,SI,X,X,X,X,,,SI,SI,,,,,,X,,,5,SI,,,,X,,,,,X,X,X,X,X,X,X,,,SI,SI,SI,SI,SI,3,X,,X,X,X,X,X,CAMPAÑAS BUEN TRATO,X,X,X,X,SI,SI,10,SI,2,X,X,,,,,,,,X,X,X,X,X,,,,SI,SI,8,SI,,X,,X,,,SI,SI,NO,SI,SI,SI,SI,2,,,SI,SI,2,10/6/2024,SI,SI,NO,SI,SI,SI,,,X,X,,,,,,,X,,,X,,,X,X,X,,X,,,28,,SI,SI,,,,,,,,,,,,,NO,,,,,,,NO,,,,,,F0,A2,1,040129,040002
0695320,0,060819,3AS,EL CRUCE,LA JOYA,EL TRIUNFO,2,,2,2 JEC-Jornada Escolar Completa,,,,,NO,,,,,,,,SI,NO,1,,SI,,,,,,X,SI,SI,,,X,,,,SI,SI,1,2,SI,X,,X,,,,SI,NO,,,,X,X,,X,ESCALA,5,SI,X,X,,,,,,,X,X,X,X,X,X,X,,,SI,SI,SI,SI,SI,2,X,X,,X,,X,,,X,,X,X,SI,SI,20,SI,1,,X,,,X,X,X,,,X,,X,,X,,,,SI,SI,8,SI,X,,,,,,SI,SI,SI,SI,SI,SI,SI,0,,,SI,SI,5,15/12/2024,NO,SI,SI,SI,SI,SI,X,X,,,,,,,X,,X,,X,X,,,X,,X,,,,,08-2025,004-2025,SI,SI,,,,,,,,,,,,,NO,,,,,,,NO,,,,,,F0,A1,1,040108,040010
1335272,0,547378,3AS,LUCIEN FREUD,AREQUIPA,,1,,1,1 JER-Jornada Escolar Regular,,,,,NO,,,,,,,,SI,SI,,,SI,,,,,,X,NO,NO,,,,,,,,NO,,,NO,,,,,,,SI,SI,X,,,,,,,,2,SI,,X,,,,,NO,,X,X,,,,,,,,SI,SI,NO,NO,,,X,,,,,,,,,X,,,SI,SI,3,SI,2,,X,,,,,,,,,X,,,,,,,SI,SI,1,NO,X,,,,,,SI,SI,SI,NO,SI,SI,SI,0,,,SI,SI,2,18/12/2024,NO,SI,NO,SI,NO,NO,,,,,,,,,X,,,,,X,,,,,,,,X,BRIGADAS ESCOLARES,,,,,,,,,,,,,,,,,NO,,,,,,,NO,,,,,,F0,B4,1,040101,040001
0895060,0,060616,3AS,ADVENTISTA EDUARDO FRANCISCO FORGA,JACOBO HUNTER,EL  CARMEN,1,,1,1 JER-Jornada Escolar Regular,,,,,NO,,,,,,,,SI,SI,,,SI,X,X,,,,,SI,SI,X,X,X,,,,SI,NO,,,SI,X,X,,,,,SI,SI,X,,X,,X,,,,3,SI,X,X,,X,,,SI,2,X,X,X,X,X,X,X,,,SI,SI,SI,SI,SI,4,X,X,,,,X,,,X,,X,X,SI,SI,3,SI,1,,,,,,X,X,,,X,X,,X,X,,,,SI,SI,4,SI,X,,,X,,,SI,SI,SI,SI,SI,SI,SI,2,,,SI,NO,,//,SI,SI,NO,SI,SI,NO,,,,,,,,,X,,X,,X,,,X,,,X,X,X,,,032-2025,,SI,SI,SI,,X,X,,,,,,,,X,NO,,,,,,,NO,,,,,,F0,B4,1,040107,040002
0309286,0,071629,3AS,SAN LUIS GONZAGA,CHUQUIBAMBA,CHUQUIBAMBA,2,,2,2 JEC-Jornada Escolar Completa,,,,,NO,,,,,,,,SI,SI,,,SI,X,,,,,,SI,SI,,X,X,,,,SI,SI,,1,SI,X,X,X,,,,SI,SI,,X,X,,,,,,9,NO,,,,,,,,,X,X,X,X,X,X,X,,,SI,SI,SI,SI,NO,,X,X,X,,,,,,X,X,X,,SI,SI,10,SI,1,X,X,,,,,,,,X,X,X,X,X,,,,NO,SI,5,SI,X,X,X,X,,,SI,SI,SI,SI,SI,SI,SI,0,,,SI,NO,,//,NO,SI,SI,SI,SI,SI,,,X,X,,,,,X,,X,,X,X,,,X,X,X,X,X,,,029,029,SI,SI,SI,,,,,X,,,,,X,X,NO,,,,,,,SI,X,,,,,F0,A1,1,040601,040007
1744226,0,819345,3AS,SOL DEL COLCA,COPORAQUE,SACSAYHUAMAN,1,,1,1 JER-Jornada Escolar Regular,,,,,NO,,,,,,,,SI,SI,,,SI,X,,,,X,,SI,SI,X,X,X,,,,SI,NO,,,SI,X,,,,,,SI,SI,,,X,,X,X,,,3,SI,,X,X,X,,,,,X,X,X,X,X,X,,,,SI,SI,SI,SI,NO,,X,,,,,,,,X,,X,,SI,SI,7,SI,1,,X,,,X,X,,,,X,X,,X,,,,,SI,SI,2,SI,,X,,X,,,SI,SI,SI,SI,SI,NO,SI,0,,,SI,NO,,//,SI,SI,SI,SI,SI,SI,X,X,,,,,,,,,,X,,,,X,,,X,X,X,,,030-2024,126-2024,SI,SI,SI,X,X,,,,,,,,X,X,NO,,,,,,,SI,,X,,,,F0,A1,1,040506,040006
1351642,0,913588,3AS,EL BUEN MAESTRO,AREQUIPA,AREQUIPA,1,,1,1 JER-Jornada Escolar Regular,,,,,NO,,,,,,,,NO,,,,SI,X,,,,,,SI,NO,,,,,,,,NO,,,SI,X,,,X,,,SI,SI,X,,,,,,,,8,NO,,,,,,,NO,,X,X,X,X,,X,,,,SI,SI,SI,SI,SI,2,,X,,,,,,,X,,,,SI,SI,4,SI,2,,X,,,,X,,,,X,X,,,,,,,SI,SI,10,SI,X,X,,,,,SI,SI,SI,SI,SI,SI,SI,1,,,SI,SI,1,31/10/2024,SI,SI,SI,SI,SI,NO,,,,,,,,,X,,,,,X,,,,,X,,,,,,011,SI,SI,NO,,,,,,,,,,,,NO,,,,,,,NO,,,,,,F0,B4,1,040101,040001
1327824,0,472599,3AS,EL GRAN MAESTRO,SACABAYA,HORACIO ZEBALLOS GAMEZ,2,,2,2 JEC-Jornada Escolar Completa,,,,,NO,,,,,,,,SI,NO,1,,SI,X,,,,X,,SI,SI,,,X,,,,SI,SI,2,,SI,X,X,X,,,,SI,SI,,,X,X,X,X,,,5,SI,X,X,X,X,,,,,X,X,X,X,X,X,X,,,SI,SI,SI,SI,SI,3,X,X,X,X,X,X,,,X,X,X,X,SI,SI,15,SI,1,,,,,,X,,,,X,X,,,X,,,,SI,SI,90,SI,X,X,X,X,,,SI,SI,SI,SI,SI,SI,SI,2,,,SI,SI,2,20/12/2024,NO,SI,SI,SI,SI,SI,X,X,,,,,,,,X,X,,X,,,,X,,X,,X,,,DR. N° 0367202,,SI,SI,,,,,,,,,,,,,SI,X,,,,,,SI,X,,,,,F0,A1,1,040122,040002
0892273,0,625253,3AS,40382 VIRGEN DE CHAPI,COPORAQUE,COPORAQUE,1,,1,1 JER-Jornada Escolar Regular,,,,,NO,,,,,,,,SI,SI,,,SI,X,,,,X,,SI,SI,X,X,X,,,,SI,NO,,,SI,X,,X,,,,SI,SI,,,X,X,,X,,,8,SI,,X,,,,,,,X,X,X,X,X,X,,,,SI,SI,SI,SI,SI,3,X,X,,,X,,,,X,X,X,X,SI,SI,5,SI,5,X,X,X,X,X,X,X,,,X,X,,X,X,,,,SI,SI,2,SI,,X,,X,,,SI,SI,SI,SI,SI,SI,SI,0,,,SI,NO,,//,SI,SI,SI,SI,SI,SI,X,X,,,,,,,X,,,,X,,X,,X,X,X,,X,,,036-2024,119-2024,SI,NO,,,,,,,,,,,,,SI,,X,,,,,SI,X,X,,,,F0,A1,2,040506,040006
1751841,0,825346,3AS,INNOVA SCHOOLS - CERRO COLORADO,CERRO COLORADO,AREQUIPA,1,,1,1 JER-Jornada Escolar Regular,,,,,NO,,,,,,,,SI,SI,,,SI,X,,,,,,SI,SI,X,,,,,,SI,NO,,,SI,X,,,,,,SI,SI,,,,,,X,,,5,SI,,X,,,,,SI,1,X,X,,,,,,,,SI,SI,SI,SI,SI,1,,,X,,,,,,,X,,,SI,SI,15,NO,,,,,,,,,,,,X,,,,,,,SI,NO,,SI,,,X,,,,SI,SI,SI,SI,SI,SI,SI,0,,,SI,NO,,//,NO,SI,NO,SI,SI,NO,,,,,,,,,,X,,,,X,,,X,X,,,X,,,,,,,,,,,,,,,,,,,SI,,,X,,,,NO,,,,,,F0,B4,1,040104,040001
1281971,0,583093,3AS,MENDEL,SACHACA,SACHACA,2,,2,2 JEC-Jornada Escolar Completa,,,,,NO,,,,,,,,SI,SI,,,SI,,,,,,X,SI,SI,,,X,,,,SI,SI,5,0,SI,X,,,,,,SI,SI,X,,X,X,,,,,2,NO,,,,,,,SI,1,,,,,,,X,,,SI,SI,SI,SI,SI,3,,X,,,,X,X,CHARLAS,X,,X,,SI,SI,3,NO,,,,,,,,,,,X,X,,X,X,,,,SI,NO,,SI,X,X,,,,,SI,SI,SI,SI,SI,SI,SI,0,,,SI,NO,,//,SI,NO,,SI,SI,SI,,,,,X,X,,,,X,,,,,,X,,,X,,X,,,130-2025,,SI,SI,,,,,,,,,,,,,NO,,,,,,,NO,,,,,,F0,B4,1,040117,040001
1415975,0,073727,3AS,40526,SAYLA,SAYLA,1,,1,1 JER-Jornada Escolar Regular,,,,,NO,,,,,,,,NO,,,,SI,,,,,,X,SI,NO,,,,,,,,NO,,,NO,,,,,,,NO,NO,,,,,,X,,,8,NO,,,,,,,,,,,,,,,,,,NO,,,,,,,,,X,,,,,,,,X,NO,SI,10,NO,,,,,,,,,,,,,,X,,,,,SI,SI,4,SI,,,X,,,,SI,SI,SI,SI,SI,NO,NO,,3,,NO,,,//,SI,SI,NO,SI,SI,SI,X,X,,,,,,,X,,,,X,,,,X,,,,,,,,,,,,,,,,,,,,,,,NO,,,,,,,NO,,,,,,F0,A1,2,040808,040009
0518472,0,073162,3AS,40510 CORONEL CASIMIRO PERALTA,ALCA,ALCA,2,,2,2 JEC-Jornada Escolar Completa,,,,,SI,SI,,X,X,,,,SI,SI,,,NO,X,,,,,,SI,SI,,X,X,,,,SI,NO,,,SI,X,X,,,,,SI,SI,X,,,,,,,,7,SI,,X,X,,,,,,X,X,,,,,X,,,SI,SI,SI,SI,SI,2,X,X,,,,,,,,,X,,SI,SI,4,NO,,,,,,,,,,,X,X,,X,,,,,SI,NO,,SI,,,,X,X,PSICOLOGIA,SI,SI,SI,SI,SI,SI,SI,0,,,NO,,,//,SI,SI,SI,SI,SI,NO,,,,,,,,,,X,,X,,X,X,,,,,,X,,,,,,,,,,,,,,,,,,,SI,,X,X,,,,SI,,X,,,,F0,A1,2,040802,040009
1789684,0,856427,3AS,INNOVA SCHOOLS - AREQUIPA MIRAFLORES,MIRAFLORES,AREQUIPA,1,,1,1 JER-Jornada Escolar Regular,,,,,NO,,,,,,,,SI,SI,,,SI,X,,,,,,SI,SI,X,X,X,,,,NO,NO,,,NO,,,,,,,SI,NO,X,,,,,,,,3,NO,,,,,,,NO,,X,X,,X,,,X,,,SI,SI,SI,SI,SI,3,X,X,X,X,X,X,,,X,X,X,X,SI,SI,5,SI,1,,,,,,,X,,,,X,,X,X,,,,SI,NO,,SI,,X,,X,,,SI,SI,SI,NO,SI,SI,SI,0,,,SI,NO,,//,SI,SI,NO,SI,SI,NO,,,,,,,,,X,,X,X,X,,,X,,,X,,,,,,044,SI,SI,NO,,,,,,,,,,,,NO,,,,,,,NO,,,,,,F0,B4,1,040110,040002
0636480,0,846612,3AS,ALTO SELVA ALEGRE LINUS PAULING,ALTO SELVA ALEGRE,GRAFICOS,1,,1,1 JER-Jornada Escolar Regular,,,,,NO,,,,,,,,SI,SI,,,SI,X,,,,,,SI,SI,X,X,,,,,SI,NO,,,SI,X,,,,,,SI,NO,,,,,,X,,,8,NO,,,,,,,NO,,X,X,,,,,X,,,SI,SI,SI,SI,SI,3,X,,,,,,,,X,,,,SI,SI,5,NO,,,,,,,,,,,X,X,,,,,,,NO,NO,,SI,,X,,X,,,SI,SI,SI,NO,SI,SI,SI,0,,,SI,NO,,//,SI,SI,SI,SI,SI,SI,,X,,,,,X,,,,,X,X,,,,,,X,,,,,X,X,SI,NO,NO,,,,,,,,,,,,NO,,,,,,,NO,,,,,,F0,B4,1,040102,040002
3046844,0,912720,3AS,LA CLAVE ES JESUCRISTO,MAJES,PEDREGAL,1,,1,1 JER-Jornada Escolar Regular,30,SI,10,SI,NO,,,,,,,,SI,NO,4,INSTITUCIÓN NUEVA,SI,,,,,X,,SI,NO,,,,,,,,NO,,,NO,,,,,,,SI,NO,X,,,,,X,,,6,NO,,,,,,,NO,,X,X,X,,,X,X,,,NO,,,,,,,,X,,,X,,,X,,X,,SI,SI,2,NO,,X,X,X,X,X,X,,,,X,X,,,X,,,,SI,SI,10,SI,X,X,,,,,SI,SI,SI,SI,NO,NO,NO,,4,,NO,NO,,//,SI,NO,,SI,SI,SI,,,,,,,X,X,,X,X,,,X,X,,,X,,,,,,,,,,,,,,,,,,,,,,NO,,,,,,,NO,,,,,,F0,B4,1,040520,040010
0579763,0,072110,3AS,SAN JUAN BAUTISTA DE SALAMANCA,SALAMANCA,SALAMANCA,1,,1,1 JER-Jornada Escolar Regular,,,,,NO,,,,,,,,SI,SI,,,SI,,,,,,X,SI,SI,,X,X,X,,,SI,NO,,,SI,X,X,X,,,,SI,SI,,,X,X,,,,,8,SI,,,X,,,,,,X,X,X,X,X,X,,,,SI,SI,SI,SI,SI,3,X,,X,,,,,,X,X,X,X,SI,SI,4,NO,,,,,,,,,,,X,X,,,,,,,SI,SI,3,SI,,X,,,,,SI,SI,SI,SI,SI,SI,SI,0,,,SI,NO,,//,SI,SI,NO,SI,SI,SI,X,X,,,,,,,,,,X,X,,,,,,X,,,,,,05-2025,SI,SI,NO,,,,,,,,,,,,SI,,X,,,,,SI,,X,,,,F0,A1,2,040607,040007
0309294,0,073119,3AS,MARISCAL ORBEGOSO,COTAHUASI,COTAHUASI,2,,2,2 JEC-Jornada Escolar Completa,,,,,NO,,,,,,,,SI,SI,,,SI,X,,,,,,SI,SI,,X,X,,X,ESCUELA PARA PADRES,SI,NO,,,SI,X,X,X,X,,,SI,SI,,,X,X,,X,,,3,SI,X,X,X,X,,,,,X,X,X,X,X,X,X,X,REPRESENTANTE FRENTE A HOSTIGAMIENTO SEXUAL,SI,SI,SI,SI,NO,,X,X,X,X,X,X,,,X,X,X,X,SI,SI,17,SI,3,,X,,,,,,,,X,X,X,X,X,,,,SI,SI,4,SI,X,X,,X,X,REUNIONES COLEGIADAS,SI,SI,SI,SI,SI,SI,SI,2,,,SI,SI,6,10/12/2024,SI,SI,SI,SI,SI,SI,X,X,,,,,,,X,X,X,X,,X,X,X,X,X,X,,X,,,244-2024,,SI,SI,NO,,,,,,,,,,,,SI,,X,X,X,,,SI,X,,,,,F0,A1,1,040801,040009
1279256,0,058623,3AS,40040 JOSE TRINIDAD MORAN,CAYMA,,1,,1,1 JER-Jornada Escolar Regular,,,,,NO,,,,,,,,SI,SI,,,SI,X,,,,X,,SI,SI,,X,X,,,,SI,NO,,,SI,,,X,,,,SI,SI,,,X,X,,X,,,5,SI,,X,,,,,,,X,X,X,,X,X,,,,SI,SI,SI,SI,SI,2,X,X,,,,,,,X,,X,,SI,SI,9,SI,6,X,X,,X,X,X,,,,X,X,,,,,,,SI,SI,8,SI,X,,,X,,,SI,SI,SI,SI,SI,SI,SI,0,,,SI,NO,,//,NO,SI,SI,SI,SI,SI,X,X,,,,,,,X,,,X,X,,,X,,,X,,,,,131-2024,,SI,NO,SI,,X,,,,,,,,,X,SI,X,,,,,,SI,,X,,,,F0,A1,1,040103,040001
0655811,0,059156,3AS,LORD BYRON,CAYMA,AREQUIPA,1,,1,1 JER-Jornada Escolar Regular,,,,,NO,,,,,,,,SI,SI,,,SI,X,,,,,,SI,SI,X,,X,,,,SI,NO,,,NO,,,,,,,SI,SI,X,,X,,X,,,,9,NO,,,,,,,NO,,X,X,X,,,,,,,SI,SI,SI,SI,SI,6,X,X,X,X,X,,,,X,X,X,X,SI,SI,38,NO,,,,,,,,,,,,X,X,X,X,,,,SI,SI,10,SI,,,,X,,,SI,SI,SI,SI,SI,SI,SI,3,,,SI,NO,,//,SI,SI,SI,SI,SI,SI,X,X,,,,,,,X,X,,,X,X,,,X,,X,,X,,,050,,SI,SI,,,,,,,,,,,,,NO,,,,,,,NO,,,,,,F0,B4,1,040103,040001
0490714,0,069527,3AS,40336 SAGRADO CORAZON DE JESUS,VIRACO,VIRACO,1,,1,1 JER-Jornada Escolar Regular,,,,,NO,,,,,,,,SI,SI,,,SI,X,,,X,,,SI,SI,X,X,X,,,,SI,NO,,,SI,X,,X,,,,SI,SI,,,,,,X,,,8,SI,,X,,X,,,,,X,X,X,X,X,X,,,,SI,SI,SI,SI,SI,2,X,X,,X,,,,,X,X,X,,SI,SI,5,SI,6,,X,X,X,X,X,X,,,X,X,X,X,,,,,SI,SI,6,SI,X,,,X,,,SI,SI,SI,SI,SI,SI,SI,0,,,SI,SI,3,4/12/2024,SI,SI,SI,SI,SI,SI,X,X,,,,,,,,X,X,,,X,,,X,,X,X,X,,,056,0213,SI,NO,SI,,X,,,,,,,,,X,SI,X,,,X,,,SI,X,X,,,,F0,A1,2,040414,040005
1801216,0,642870,3AS,MI DIVINO NIÑO JESUS,CAYMA,COMPLEJO HABITACIONAL DEAN VALDIVIA,1,,1,1 JER-Jornada Escolar Regular,,,,,NO,,,,,,,,SI,SI,,,SI,X,,,,X,,SI,SI,,X,,X,,,SI,NO,,,SI,X,,X,,,,SI,SI,,,,,,X,,,6,NO,,,,,,,,,X,X,X,X,X,X,,,,SI,SI,SI,SI,SI,3,X,X,,,,,X,VIOLENCIA FAMILIAR,X,X,X,,SI,SI,1,SI,5,X,X,X,,X,X,X,,,X,X,X,,,,,,SI,SI,6,SI,X,,,X,X,MONITOREO HARA DE TUTORIA,SI,SI,SI,SI,SI,SI,SI,0,,,SI,SI,1,12/9/2024,SI,SI,SI,SI,SI,SI,,,X,X,,,,,,X,,X,X,,,X,,,X,,X,,,035-2024,65,SI,SI,,,,,,,,,,,,,SI,X,,,,,,SI,X,,,,,F0,A1,1,040103,040001
0589770,0,069952,3AS,LUIS PONCE GARCIA,CALLALLI,CALLALLI,1,,1,1 JER-Jornada Escolar Regular,,,,,NO,,,,,,,,SI,SI,,,SI,X,,,,,,SI,SI,,X,,,,,SI,NO,,,SI,X,,,,,,SI,SI,,,,,,X,,,8,SI,X,,,,,,,,X,,X,,,X,,,,SI,SI,SI,SI,SI,1,X,X,,X,,,,,X,X,X,X,SI,SI,4,SI,3,X,X,,,,X,X,,,X,X,,X,,,,,SI,SI,1,SI,X,,,X,,,SI,SI,SI,SI,SI,SI,SI,0,,,SI,SI,1,24/7/2024,SI,SI,SI,SI,SI,SI,X,X,,,,,,,X,,,X,X,X,,,,,X,,X,,,023-2025,016-2025,SI,SI,,,,,,,,,,,,,SI,,X,X,X,,,SI,,X,,,,F0,A1,2,040504,040006
0637306,0,058977,3AS,LEÓN XIII,CAYMA,AREQUIPA,2,,2,2 JEC-Jornada Escolar Completa,,,,,NO,,,,,,,,SI,SI,,,SI,X,,X,X,,,SI,SI,,X,X,,,,NO,SI,3,,SI,X,,X,,,,SI,SI,,X,X,,,X,,,9,SI,X,,,X,,,,,X,X,X,X,X,X,X,,,SI,SI,SI,SI,SI,3,X,X,,,X,,,,X,X,X,X,SI,SI,20,SI,5,X,X,X,,X,X,,,,X,X,X,X,X,,,,SI,SI,150,SI,X,X,,X,,,SI,SI,SI,SI,SI,SI,SI,2,,,SI,SI,4,15/5/2024,SI,SI,SI,SI,SI,SI,,,X,X,,,,,X,X,X,,X,,X,X,,,X,,X,,,312-2024,,SI,SI,,,,,,,,,,,,,NO,,,,,,,SI,,X,,,,F0,A4,1,040103,040001
0309914,0,055771,3AS,SAN JERÓNIMO,AREQUIPA,UMACOLLO,1,,1,1 JER-Jornada Escolar Regular,,,,,NO,,,,,,,,SI,SI,,,SI,,,,,,X,SI,SI,,X,X,,,,SI,NO,,,NO,,,,,,,SI,SI,,,X,,X,,,,2,NO,,,,,,,NO,,X,X,X,,,,X,,,SI,SI,SI,SI,NO,,X,,,X,,X,,,X,X,,,NO,SI,14,SI,1,,X,,,,,,,,X,X,,,X,,,,SI,SI,15,SI,X,X,,,,,SI,SI,SI,SI,SI,NO,SI,3,,,SI,SI,9,26/12/2024,SI,SI,NO,SI,SI,SI,,,,,X,X,,,X,,X,,X,X,,,,,,,,X,CONSEJO ESTUDIANTIL,,,,,,,,,,,,,,,,,NO,,,,,,,NO,,,,,,F0,B4,1,040101,040001
1536986,0,551308,3AS,SAN PABLO DE TARSO,JACOBO HUNTER,ARIAS ARAGUEZ,1,,1,1 JER-Jornada Escolar Regular,,,,,NO,,,,,,,,NO,,,,SI,X,,,,,,SI,SI,,,X,,,,SI,SI,,1,SI,,,,,X,VACUNAS,SI,NO,X,,,X,,,,,3,NO,,,,,,,NO,,,,,,,,,,,SI,SI,SI,SI,SI,1,,,X,,,,,,,X,,,SI,SI,1,SI,1,,,X,,,,,,,X,,,,,,,,NO,SI,4,NO,,X,,,,,SI,SI,SI,NO,NO,,SI,0,,,SI,NO,,//,SI,SI,SI,SI,SI,SI,,,,,X,X,,,,,,X,X,,,,,X,X,,,,,025,0019,NO,,,,,,,,,,,,,,NO,,,,,,,NO,,,,,,F0,B4,1,040107,040002
0619312,0,070620,3AS,ALMIRANTE MIGUEL GRAU,MAJES,PEDREGAL,1,,1,1 JER-Jornada Escolar Regular,,,,,NO,,,,,,,,SI,NO,1,,SI,X,,,,,,SI,SI,,X,X,,,,SI,NO,,,SI,X,,X,X,,,SI,SI,,,X,,,X,X,SEGÚN NORMATIVA,5,SI,,X,,X,,,,,X,X,X,X,X,X,,,,SI,SI,SI,SI,SI,3,X,,X,X,,,,,X,,,X,SI,SI,26,SI,2,,X,X,,X,X,X,,,,X,X,X,,,,,SI,SI,15,SI,X,X,,X,,,SI,SI,SI,SI,SI,SI,SI,3,,,SI,SI,3,11/10/2024,SI,SI,SI,SI,SI,SI,,,,,,,X,X,,X,X,,,X,,X,,,X,,X,,,151,,SI,SI,,,,,,,,,,,,,NO,,,,,,,SI,,X,X,,,F0,A1,1,040520,040010
0309922,0,643898,3AS,SAN FRANCISCO DE ASIS,MOLLENDO,ISLAY,1,,1,1 JER-Jornada Escolar Regular,,,,,NO,,,,,,,,NO,,,,SI,X,,,,,,SI,SI,,X,X,X,,,SI,NO,,,SI,X,X,X,,,,SI,SI,,,,,,X,,,7,NO,,,,,,,NO,,X,X,X,X,X,X,X,,,SI,SI,SI,SI,SI,4,,X,,,X,,,,X,X,X,,SI,SI,9,SI,4,,X,X,X,X,,,,,,X,X,,X,,,,SI,SI,40,SI,X,X,,,,,SI,SI,SI,SI,SI,SI,SI,0,,,SI,NO,,//,SI,SI,SI,SI,SI,NO,,,,,,,,,X,X,X,,X,X,X,,X,,X,,X,,,,55,SI,SI,,,,,,,,,,,,,NO,,,,,,,NO,,,,,,F0,B2,1,040701,040008
0898858,0,056290,3AS,FRANCISCO ROJAS SCHOOL,AREQUIPA,AAREQUIPA,1,,1,1 JER-Jornada Escolar Regular,,,,,SI,SI,,,,,X,CLASES VIRTUALES,SI,SI,,,SI,X,,,,,,SI,SI,,,X,,X,TALLERES CON PADRES,SI,NO,,,SI,,,,,X,VACUNAS,SI,SI,,,,,,X,,,8,SI,,,X,,X,MODALIDAD VIRTUAL,NO,,X,X,X,X,X,X,X,,,SI,SI,SI,SI,SI,2,,X,,X,,X,,,X,X,,,SI,SI,5,SI,4,,X,,,X,,,,,,X,X,,X,,,,SI,NO,,SI,X,,,X,,,SI,SI,SI,NO,SI,NO,SI,0,,,SI,NO,,//,NO,SI,NO,SI,SI,SI,X,X,,,,,,,X,,,,,,,X,,,X,,,,,,019,SI,NO,SI,,,,,,,X,PAGINA WEB,,,X,SI,X,,,,,,SI,X,,,,,F0,B4,1,040101,040001
1768159,0,838650,3AS,INNOVA SCHOOLS SACHACA,SACHACA,SACHACA,1,,1,1 JER-Jornada Escolar Regular,,,,,NO,,,,,,,,SI,SI,,,SI,,,,,,X,SI,SI,,X,,,,,NO,NO,,,SI,X,,,,,,SI,SI,,,,,,X,,,5,SI,,X,X,X,,,NO,,X,X,X,,,,X,,,SI,SI,SI,SI,SI,3,X,X,X,X,,X,,,X,,X,,SI,SI,10,NO,,,,,,,,,,,X,X,X,X,X,,,,SI,SI,5,SI,X,X,,X,,,SI,SI,SI,SI,SI,SI,SI,0,,,SI,SI,2,4/10/2024,NO,SI,SI,SI,SI,SI,X,X,,,,,,,X,,X,X,X,X,X,,,X,X,,X,,,013-2025,,SI,NO,,,,,,,,,,,,,NO,,,,,,,NO,,,,,,F0,B4,1,040117,040001
1271162,0,060739,3AS,MARIANISTA,JACOBO HUNTER,HUNTER,1,,1,1 JER-Jornada Escolar Regular,,,,,NO,,,,,,,,SI,SI,,,SI,,,,,,X,SI,SI,,,X,,,,NO,NO,,,NO,,,,,,,SI,NO,X,,,X,,X,,,9,SI,X,,X,,,,NO,,X,X,X,X,X,X,X,,,SI,SI,SI,SI,NO,,X,,,X,,X,,,X,,X,,NO,NO,,NO,,,,,,,,,,,X,,,,,,,,SI,NO,,SI,,,,X,,,SI,SI,SI,NO,SI,SI,SI,0,,,SI,NO,,//,SI,SI,NO,SI,SI,NO,,,,,,,,,,,X,X,X,,,,,,X,,,,,0067,,NO,,NO,,,,,,,,,,,,NO,,,,,,,NO,,,,,,F0,B4,1,040107,040002
0309476,0,072756,3AS,MARIANO E. RIVERO Y USTARIZ,COCACHACRA,COCACHACRA,2,,2,2 JEC-Jornada Escolar Completa,,,,,SI,SI,,,X,,,,SI,SI,,,SI,X,,,,,,SI,SI,X,X,X,X,,,SI,SI,1,,SI,X,,X,X,,,SI,SI,,,X,X,,X,,,5,SI,X,X,,X,,,,,X,X,X,X,X,X,X,,,SI,SI,SI,SI,SI,3,X,X,X,X,X,X,,,X,X,X,X,SI,SI,17,SI,2,,,,,,X,,,,X,X,,,,,,,SI,SI,10,SI,X,X,X,X,,,SI,SI,SI,SI,SI,SI,SI,1,,,SI,NO,,//,SI,SI,SI,SI,SI,SI,X,X,,,,,,,X,,X,X,X,X,X,X,X,X,X,,X,,,016-2025,,SI,SI,,,,,,,,,,,,,SI,,X,X,X,,,SI,,,,X,UGEL,F0,A1,1,040702,040008
0309419,0,071592,3AS,CORAZON DE MARIA,CHUQUIBAMBA,CHUQUIBAMBA,2,,2,2 JEC-Jornada Escolar Completa,,,,,NO,,,,,,,,SI,SI,,,SI,X,,,,,,SI,SI,X,X,X,X,,,SI,SI,1,,SI,X,X,X,,,,NO,SI,,,X,,X,X,,,6,NO,,,,,,,,,X,X,X,X,X,X,X,,,SI,SI,SI,SI,SI,3,X,X,X,X,X,X,,,X,X,X,X,SI,SI,10,SI,1,,X,,,,,,,,X,X,X,X,X,,,,SI,SI,2,SI,X,,,X,,,SI,SI,SI,SI,SI,SI,SI,0,,,SI,SI,2,15/8/2024,NO,SI,NO,NO,NO,SI,,,X,X,,,,,X,,X,X,X,X,,X,X,X,X,X,X,,,043-2024,,SI,SI,SI,X,X,X,,,,,,X,,X,NO,,,,,,,SI,X,,X,,,F0,A1,1,040601,040007
1309608,0,617149,3AS,40421 JOSE OLAYA BALANDRA,TISCO,TISCO,1,,1,1 JER-Jornada Escolar Regular,,,,,NO,,,,,,,,SI,SI,,,SI,X,,,,,,SI,SI,,X,X,,,,SI,NO,,,SI,X,,X,,,,SI,NO,,,,,,X,,,8,SI,X,,,X,,,,,X,X,X,X,X,X,,,,SI,SI,SI,SI,SI,1,X,X,,,,,,,X,,X,,SI,SI,5,SI,2,,X,,X,,,,,,X,X,,,,,,,SI,SI,2,SI,X,,,,,,SI,SI,SI,SI,SI,NO,SI,0,,,SI,NO,,//,NO,SI,SI,SI,NO,SI,X,X,,,,,,,X,,,,,,X,,X,,X,,X,,,22-2024,104-2024,SI,NO,NO,,,,,,,,,,,,NO,,,,,,,SI,,X,,,,F0,A1,2,040517,040006
0309385,0,055506,3AS,NUESTRA SEÑORA DE LA ASUNCION,PAUCARPATA,AREQUIPA,2,,2,2 JEC-Jornada Escolar Completa,,,,,SI,SI,,,,,X,VIRTUAL,SI,NO,1,,SI,,,,,,X,SI,SI,,,X,,,,SI,SI,1,,SI,X,X,,,,,SI,SI,,,X,X,X,X,,,9,NO,,,,,,,,,X,X,X,X,X,X,X,,,SI,SI,SI,SI,SI,3,X,X,,,,X,,,X,,X,,SI,SI,20,SI,1,,,,,,X,,,,X,X,X,X,X,,,,SI,SI,150,SI,X,,X,X,,,SI,SI,SI,SI,SI,SI,SI,2,,,SI,SI,2,6/9/2024,NO,SI,SI,SI,SI,SI,X,X,,,,,,,X,X,X,X,X,X,X,X,,,X,,,,,111,,SI,SI,NO,,,,,,,,,,,,NO,,,,,,,SI,X,,,,,F0,A4,1,040101,040001
0895516,0,062639,3AS,40220 HEROES DEL CENEPA,PAUCARPATA,CAMPO DE MARTE,2,,2,2 JEC-Jornada Escolar Completa,,,,,NO,,,,,,,,NO,,,,SI,,,,,X,,SI,SI,X,X,,,,,SI,NO,,,SI,X,X,,,,,SI,SI,,X,,,X,X,,,5,SI,X,,X,,,,,,X,X,X,X,X,X,X,,,SI,SI,SI,SI,SI,5,,X,X,,X,,,,X,X,X,X,SI,SI,12,SI,3,,X,X,X,,X,X,,,X,X,,X,X,,,,SI,SI,8,SI,X,,,X,,,SI,SI,SI,SI,SI,SI,SI,0,,,SI,NO,,//,NO,SI,SI,SI,SI,NO,,,,,,,,,X,,X,,X,,X,,,,X,,,,,098,0114,SI,SI,SI,,,,,,,,,,,X,SI,X,,,,,,SI,X,X,,,,F0,A1,1,040112,040002
0579672,0,062535,3AS,40177 DIVINO CORAZON DE JESUS,PAUCARPATA,AMPLIACION PAUCARPATA,2,,2,2 JEC-Jornada Escolar Completa,,,,,SI,SI,X,,,,,,SI,SI,,,SI,X,,,,,,SI,SI,X,X,X,X,,,SI,SI,2,,SI,X,X,X,,,,SI,NO,,X,,,X,,,,1,SI,X,,X,X,,,,,X,X,X,X,X,X,X,,,SI,SI,SI,SI,SI,5,X,X,X,X,X,X,,,X,X,X,X,SI,SI,6,SI,2,,X,,,,X,X,,,X,X,X,X,X,,,,SI,SI,20,SI,X,,,,,,SI,SI,SI,SI,SI,SI,SI,4,,,SI,SI,15,3/7/2024,NO,SI,SI,SI,SI,NO,,,,,,,,,X,,X,,X,X,,X,X,,X,,X,,,0049-2024,180-2024-PUSAQ,SI,SI,,,,,,,,,,,,,NO,,,,,,,SI,,,,X,COLEGAS,F0,A1,1,040112,040002
0612945,0,059482,3AS,GRAN PACHACUTEC,CERRO COLORADO,SEMI RURAL PACHACUTEC,2,,2,2 JEC-Jornada Escolar Completa,,,,,NO,,,,,,,,SI,SI,,,SI,X,,,,,,SI,SI,X,X,X,X,,,SI,SI,5,0,SI,X,X,X,X,,,SI,SI,,,X,X,X,,,,9,SI,,X,X,X,,,,,X,X,X,X,X,X,X,X,REPRESENTANTE DE AUXILIAR DE EDUCACIÓN,SI,SI,SI,SI,SI,3,X,X,X,X,X,X,,,X,X,X,X,SI,SI,10,SI,2,,X,X,,X,X,X,,,X,X,X,X,X,,,,SI,SI,120,SI,X,X,,X,,,SI,SI,SI,SI,SI,SI,SI,0,,,SI,SI,3,25/11/2024,SI,SI,SI,SI,SI,SI,,,X,X,,,,,,,X,X,X,X,X,X,,,X,,,,,37,205,SI,SI,NO,,,,,,,,,,,,NO,,,,,,,NO,,,,,,F0,A1,1,040104,040001
1279777,0,062248,3AS,ENRICO FERMI,MIRAFLORES,EDIFICADORES MISTI,1,,1,1 JER-Jornada Escolar Regular,,,,,NO,,,,,,,,SI,SI,,,SI,,,,,,X,SI,SI,,,X,,,,NO,NO,,,NO,,,,,,,SI,NO,X,,,X,,X,,,9,SI,X,,X,,,,NO,,X,X,X,X,X,X,X,,,SI,SI,SI,SI,NO,,X,,,X,,X,,,X,,X,,NO,NO,,NO,,,,,,,,,,,X,,,,,,,,SI,NO,,SI,,,,X,,,SI,SI,SI,NO,SI,SI,SI,0,,,SI,NO,,//,SI,SI,NO,SI,SI,NO,,,,,,,,,,,X,X,X,,,,,,X,,,,,0067,,NO,,NO,,,,,,,,,,,,NO,,,,,,,NO,,,,,,F0,B4,1,040110,040002
0589804,0,070149,3AS,GRAN LIBERTADOR SIMON BOLIVAR,CAYLLOMA,CAYLLOMA,3,,3,3 SFT-Secundaria con Formacion Tecnica,,,,,SI,NO,,,,,,,SI,SI,,,SI,X,,,,,,SI,SI,,X,X,,,,SI,NO,,,SI,X,,X,,,,SI,SI,,,,,X,X,,,5,SI,X,X,,X,,,,,X,X,X,X,X,X,X,,,SI,SI,SI,SI,SI,4,X,X,,X,X,X,,,X,X,X,X,SI,SI,12,SI,4,X,X,X,X,X,X,X,,,X,X,X,X,X,,,,SI,SI,12,SI,X,,,X,,,SI,SI,SI,SI,SI,SI,SI,1,,,SI,NO,,//,SI,SI,SI,SI,SI,SI,X,X,,,,,,,X,X,X,,X,X,,X,X,,X,,X,,,045,125,SI,SI,,,,,,,,,,,,,NO,,,,,,,SI,,X,,,,F0,A1,1,040505,040006
0899328,0,062413,3AS,40160 OBDULIO BARRIGA VIZCARRA,MOLLEBAYA,MOLLEBAYA,1,,1,1 JER-Jornada Escolar Regular,,,,,NO,,,,,,,,SI,SI,,,SI,X,,,,,,SI,SI,,,X,,,,NO,NO,,,SI,X,,X,,,,NO,SI,,,,,,X,,,8,SI,,,,X,,,,,X,X,X,X,X,X,,,,SI,SI,NO,SI,SI,2,,X,,,,,,,X,,,,SI,SI,5,SI,2,,X,,,,X,,,,X,,,,,,,,SI,SI,2,SI,X,,,,,,SI,SI,SI,SI,SI,SI,SI,0,,,SI,NO,,//,NO,SI,SI,SI,SI,SI,X,X,,,,,,,,,X,,X,,,,,,X,,X,,,040-2024,089-2024,SI,NO,,,,,,,,,,,,,NO,,,,,,,SI,,X,,,,F0,A1,2,040111,040002
1260942,0,065421,3AS,40202 CHARLOTTE,YURA,CIUDAD DE DIOS  CONO NORTE,1,,1,1 JER-Jornada Escolar Regular,,,,,NO,,,,,,,,SI,SI,,,SI,,,,,,X,SI,SI,,X,,,,,SI,SI,1,,SI,X,,X,,,,SI,SI,,X,X,,X,,,,5,SI,X,X,,X,,,,,X,X,X,X,X,X,X,,,SI,SI,SI,SI,SI,7,,X,X,X,X,X,,,X,X,X,X,SI,SI,15,SI,1,,,,,,X,,,,X,X,X,X,X,,,,SI,SI,60,SI,X,,,X,,,SI,SI,SI,SI,SI,SI,SI,0,,,SI,SI,9,13/12/2024,NO,SI,SI,SI,SI,SI,X,X,,,,,,,X,,X,X,X,X,,X,,,X,,X,,,N° 055-2025,2025,SI,SI,,,,,,,,,,,,,NO,,,,,,,NO,,,,,,F0,A1,1,040128,040001
0695296,0,064308,3AS,SAN LUIS GONZAGA,SOCABAYA,PUEBLO JOVEN 4 DE OCTUBRE,1,,1,1 JER-Jornada Escolar Regular,,,,,NO,,,,,,,,SI,SI,,,SI,X,,,,,,SI,SI,X,X,X,,,,NO,NO,,,SI,X,X,X,,,,SI,SI,X,X,X,,,,,,3,SI,X,X,,,,,,,X,X,X,X,X,X,,,,SI,SI,SI,SI,SI,1,X,X,,,,,,,X,X,,,SI,SI,2,SI,6,X,X,X,,,,,,,X,X,,,,,,,SI,SI,5,SI,X,,,,,,SI,SI,SI,SI,SI,SI,SI,0,,,SI,NO,,//,SI,SI,SI,SI,SI,SI,X,X,,,,,,,X,,,,X,,,,,,,,X,,,,,,,,,,,,,,,,,,,SI,X,,,,,,NO,,,,,,F0,A4,1,040122,040002
0617233,0,062903,3AS,NUESTRA SEÑORA DE LOURDES,PAUCARPATA,PJ MIGUEL GRAU,2,,2,2 JEC-Jornada Escolar Completa,,,,,NO,,,,,,,,SI,SI,,,SI,X,,,,,,SI,SI,,X,X,,,,NO,NO,,,SI,X,X,X,,,,SI,NO,,,X,X,X,X,,,9,SI,X,X,,,,,,,X,X,X,X,X,X,X,,,SI,SI,SI,SI,SI,8,X,X,X,,X,X,,,X,X,X,X,SI,SI,10,SI,1,,,,,X,X,X,,,X,X,X,,X,,,,SI,SI,18,SI,X,X,,X,,,SI,SI,SI,SI,SI,SI,SI,1,,,SI,SI,1,22/5/2024,SI,SI,SI,SI,SI,NO,,,,,,,,,X,X,X,X,X,X,,X,X,,X,,X,,,,041,SI,SI,,,,,,,,,,,,,SI,,X,,,,,NO,,,,,,F0,A4,1,040112,040002
1672625,0,757432,3AS,LUIZ FRANCISCO FONTES,CERRO COLORADO,AREQUIPA,1,,1,1 JER-Jornada Escolar Regular,,,,,NO,,,,,,,,SI,SI,,,SI,X,,,X,,,SI,SI,,,,,X,CAMPAÑA DE SALUD BUCAL,SI,NO,,,SI,X,,X,X,,,SI,SI,,,X,,,X,,,3,NO,,,,,,,NO,,X,,X,,X,X,X,,,SI,SI,NO,SI,SI,4,,X,,,,,,,X,,,,SI,SI,5,SI,6,,,,X,X,X,,,,,X,,X,,,,,SI,SI,2,SI,X,X,,,,,SI,SI,SI,SI,SI,NO,SI,0,,,SI,NO,,//,SI,SI,SI,SI,SI,SI,,,,,X,X,,,X,,X,X,X,,,X,,,X,,,,,,014-2024,SI,SI,SI,,,,,,X,,,,,X,SI,,,X,,,,NO,,,,,,F0,B4,1,040104,040001
0636019,0,061381,3AS,RAFAEL LOAYZA GUEVARA,MARIANO MELGAR,URBANIZACION SANTA ROSA,2,,2,2 JEC-Jornada Escolar Completa,,,,,SI,NO,,,,,,,SI,SI,,,SI,X,,,,X,,SI,SI,,,X,,X,ESCUELA DE PADRES,SI,SI,17,5,SI,X,,,,,,SI,SI,,,,,,X,,,1,SI,X,,,X,,,,,X,X,X,X,X,X,X,,,SI,SI,SI,SI,SI,5,X,X,,X,X,X,,,X,X,X,X,SI,SI,34,SI,2,,X,,,,,,,,X,X,X,X,X,X,,CHARLAS  Y TALLERES,SI,NO,,SI,,,,X,,,SI,SI,SI,SI,SI,SI,SI,6,,,NO,SI,6,28/8/2024,NO,SI,NO,SI,SI,SI,X,X,,,,,,,X,X,X,,X,X,X,X,X,X,X,,X,,,090,,SI,SI,,,,,,,,,,,,,SI,,,,,X,RECIEN LLEGO INFORMACION,NO,,,,,,F0,A1,1,040109,040002
0617456,0,063969,3AS,SANTA RITA DE SIGUAS,SANTA RITA DE SIGUAS,SANTA RITA  DE SIGUAS,2,,2,2 JEC-Jornada Escolar Completa,,,,,NO,,,,,,,,SI,SI,,,SI,X,,,,,,SI,SI,,X,X,,X,ESCUELA DE PADRES,SI,NO,,,SI,X,,,,X,PLANIFICACION DE ACTIVIDADES,SI,SI,,X,X,,X,X,X,ESCALAS,6,SI,X,X,X,X,,,NO,,X,X,X,X,X,X,X,,,SI,SI,SI,SI,SI,6,X,X,,X,X,X,,,X,X,X,X,SI,SI,15,SI,1,X,X,X,X,X,X,X,,,X,X,X,X,X,,,,SI,SI,60,SI,,X,,X,X,VISITAS OPINADAS,SI,SI,SI,SI,SI,SI,SI,2,,,SI,SI,11,3/11/2024,SI,SI,SI,SI,SI,SI,,,X,X,,,,,X,X,X,X,X,X,,X,,,X,,X,,,002,025,SI,SI,,,,,,,,,,,,,NO,,,,,,,SI,,,,X,INTERNET,F0,A1,1,040121,040010
0712778,0,073280,3AS,40517 CAPITAN EVARISTO AMESQUITA,HUAYNACOTAS,HUAYNACOTAS,1,,1,1 JER-Jornada Escolar Regular,,,,,NO,,,,,,,,NO,,,,SI,,,,,,X,SI,NO,,,,,,,,NO,,,NO,,,,,,,SI,NO,,,,,,X,,,8,NO,,,,,,,,,,,,,,,,,,NO,,,,,,,,,X,,,,,X,,,,NO,SI,8,SI,2,X,X,,,,,,,,,,,,,,X,,NO,NO,,NO,,,X,,,,SI,SI,SI,SI,SI,NO,NO,,3,,NO,,,//,SI,SI,NO,NO,SI,NO,,,,,,,,,,,X,,X,,,,X,,,,,,,,,,,,,,,,,,,,,,,NO,,,,,,,NO,,,,,,F0,A1,2,040804,040009
1653625,0,070597,3AS,41062 DR. MARIO VARGAS LLOSA,MAJES,ASENTAMIENTO D4,1,,1,1 JER-Jornada Escolar Regular,,,,,NO,,,,,,,,SI,SI,,,SI,X,,,,,,SI,SI,X,X,X,X,,,SI,NO,,,SI,X,,,,,,SI,NO,,,X,,,X,X,DE ACUERDO A LA NORMA,8,SI,,X,X,X,,,,,X,X,X,X,X,X,,,,SI,SI,SI,SI,NO,,X,X,,X,,X,,,X,,X,,SI,SI,5,SI,2,X,X,,,,X,,,,X,X,X,X,X,,,,SI,SI,5,SI,,,,X,,,SI,SI,SI,SI,SI,SI,SI,0,,,SI,NO,,//,SI,SI,SI,SI,SI,SI,,,,,,,X,X,X,,X,,,X,,,,X,X,X,X,,,12,,SI,NO,SI,,X,,,,,,,,,X,NO,,,,,,,SI,X,,,,,F0,A1,2,040520,040010
1640507,0,649857,3AS,MUNDO ECOLOGICO,MUNDO ECOLOGICO,AREQUIPA,1,,1,1 JER-Jornada Escolar Regular,,,,,NO,,,,,,,,SI,SI,,,SI,,,,,,X,SI,SI,,X,X,,,,SI,NO,,,SI,X,,,,,,SI,NO,,,,,,X,,,8,NO,,,,,,,NO,,X,,X,,,,X,,,SI,SI,SI,SI,NO,,X,X,,,,X,,,X,X,X,X,SI,SI,5,NO,,,,,,,,,,,X,X,,,X,,,,SI,NO,,SI,X,,,,,,SI,SI,SI,NO,SI,SI,SI,0,,,SI,NO,,//,NO,SI,NO,NO,SI,NO,,,,,,,,,,X,X,,X,,,X,,,X,,,,,042,,SI,NO,NO,,,,,,,,,,,,SI,,X,X,,,,SI,X,,,,,F0,B4,1,040129,040002
1339969,0,707569,3AS,HERBERT VON BLUMER,JACOBO HUNTER,HUNTER,1,,1,1 JER-Jornada Escolar Regular,,,,,NO,,,,,,,,NO,,,,SI,X,,,X,X,,SI,SI,,X,X,,,,NO,NO,,,SI,X,,X,X,,,SI,NO,,,X,,,X,,,8,NO,,,,,,,NO,,X,X,X,X,X,,,,,SI,SI,SI,SI,SI,1,X,X,,X,X,,,,X,,X,,SI,SI,3,SI,2,X,X,,,X,X,X,,,,X,X,X,,,,,SI,NO,,SI,X,X,,X,,,SI,SI,SI,SI,SI,SI,SI,0,,,SI,NO,,//,SI,SI,SI,SI,SI,SI,X,X,,,,,,,X,,X,,X,,X,,,,X,,,,,41,32,NO,,NO,,,,,,,,,,,,SI,,X,,,,,SI,X,,,,,F0,B4,1,040107,040002
1308204,0,001924,3AS,JOSÉ CARUANA,CAYMA,UPIS RAFEL BELAUNDE N 13 CAYMA,2,,2,2 JEC-Jornada Escolar Completa,,,,,NO,,,,,,,,SI,SI,,,SI,X,X,X,X,X,,SI,SI,,X,X,X,,,SI,NO,,,SI,X,X,X,X,,,SI,SI,,,,,,X,,,6,SI,,,X,,,,,,X,X,X,X,X,X,X,,,SI,SI,SI,SI,SI,5,X,X,X,X,X,X,,,X,X,X,X,SI,SI,8,SI,10,X,X,X,X,X,X,X,,,X,X,X,X,X,,,,SI,SI,40,SI,X,X,X,X,,,SI,SI,SI,SI,SI,SI,SI,0,,,SI,SI,1,31/12/2024,SI,SI,SI,SI,SI,SI,,,X,X,,,,,X,X,X,X,X,X,X,X,X,,X,X,X,,,030-2025,,SI,SI,SI,,X,,,,,,,,X,,SI,X,,,,,,SI,X,,,,,F0,A4,1,040103,040001
0579615,0,062540,3AS,40178 VICTOR RAUL HAYA DE LA TORRE,PAUCARPATA,MIGUEL GRAU,1,,1,1 JER-Jornada Escolar Regular,,,,,NO,,,,,,,,SI,SI,,,SI,,,,X,X,,SI,SI,X,X,X,,,,SI,SI,1,,SI,X,X,X,X,,,SI,SI,,,,,,X,,,8,SI,X,X,X,X,,,,,X,X,X,X,X,X,,,,SI,SI,SI,SI,SI,3,,X,X,,,X,,,,X,,X,SI,SI,5,SI,3,,X,X,,,X,,,,,X,,X,X,,,,SI,SI,8,SI,,X,,X,,,SI,SI,SI,SI,SI,SI,SI,0,,,SI,NO,,//,SI,SI,SI,SI,SI,SI,,,X,X,,,,,X,,X,,,X,X,X,,,X,,,,,,125-2024,SI,SI,NO,,,,,,,,,,,,NO,,,,,,,NO,,,,,,F0,A1,1,040112,040002
0897728,0,059806,3AS,CRISTO REY CIRCA,CERRO COLORADO,AREQUIPA,1,,1,1 JER-Jornada Escolar Regular,,,,,NO,,,,,,,,SI,SI,,,SI,X,,,,,,SI,SI,X,X,,,,,SI,NO,,,SI,X,X,,,,,SI,SI,X,,,,,,,,1,SI,X,,,,,,,,X,X,X,X,X,X,,,,SI,SI,SI,SI,SI,1,X,X,,,,,,,X,X,,,SI,SI,8,SI,3,X,X,X,,,,,,,X,X,X,,,,,,SI,NO,,SI,X,,,,,,SI,SI,SI,SI,SI,SI,SI,0,,,SI,NO,,//,NO,SI,SI,SI,SI,SI,,,X,X,,,,,X,,,,X,X,,,,,X,,,,,080,,SI,SI,NO,,,,,,,,,,,,NO,,,,,,,SI,X,,,,,F0,A4,1,040104,040001
1577675,0,864333,3AS,PREMIO NOBEL MARIO VARGAS LLOSA,MARIANO MELGAR,ALTO SAN  MARTIN,1,,1,1 JER-Jornada Escolar Regular,,,,,NO,,,,,,,,SI,SI,,,SI,X,,,,,,SI,SI,,,X,,,,SI,NO,,,SI,X,X,,,,,SI,NO,,,X,,,X,,,8,NO,,,,,,,NO,,X,X,X,,,,,,,SI,SI,SI,SI,SI,4,X,X,,,,,,,X,,X,,SI,,13,SI,2,,X,,,,X,,,,X,X,,,,,,,SI,SI,23,SI,X,,,,,,SI,SI,SI,SI,SI,SI,SI,1,,,SI,NO,,//,SI,SI,SI,SI,SI,NO,,,,,,,,,X,,,X,X,,,X,,,X,,X,,,021,036,SI,NO,NO,,,,,,,,,,,,NO,,,,,,,NO,,,,,,F0,B4,1,040109,040002
0309518,0,062762,3AS,JOSE TEOBALDO PAREDES VALDEZ,PAUCARPATA,URB 15 DE AGOSTO,1,,1,1 JER-Jornada Escolar Regular,,,,,NO,,,,,,,,NO,,,,SI,,,,,,X,SI,SI,,X,X,,,,SI,SI,4,,SI,X,X,,,,,SI,NO,,,X,X,X,,,,9,SI,X,,X,,,,,,X,X,X,X,X,X,,,,SI,SI,SI,SI,SI,2,X,,,X,,,,,X,,X,,SI,SI,6,SI,2,,X,,,,,X,,,X,,,X,,,,,SI,SI,10,SI,X,X,,,,,SI,SI,SI,SI,SI,SI,SI,0,,,SI,NO,,//,SI,SI,SI,SI,SI,SI,,,X,X,,,,,X,,X,,X,X,,,,,X,,,,,028,2,SI,NO,NO,,,,,,,,,,,,SI,X,,,,,,SI,X,,,,,F0,A1,1,040112,040002
0310201,0,055912,3AS,COLEGIO ANGLO AMERICANO PRESCOTT,AREQUIPA,AREQUIPA,1,,1,1 JER-Jornada Escolar Regular,,,,,NO,,,,,,,,SI,NO,1,,SI,X,,,X,,,SI,SI,,X,X,X,,,NO,NO,,,NO,,,,,,,SI,NO,,,,,,X,,,5,NO,,,,,,,NO,,X,,,,,,,X,HEADS,SI,SI,SI,SI,SI,4,X,X,,,,X,,,X,,,,SI,SI,22,NO,,,,,,,,,,,,X,,,X,,,,SI,SI,100,SI,X,X,,,,,SI,SI,SI,NO,SI,SI,SI,4,,,SI,SI,4,5/6/2024,NO,SI,NO,SI,SI,SI,X,X,,,,,,,X,X,,,X,,,,,,,,,X,STUDENT COUNCIL,,,,,,,,,,,,,,,,,SI,X,,,,,,SI,,,,X,CENSO,F0,B4,1,040101,040001
0569590,0,583088,3AS,ADVENTISTA GENERAL JOSE DE SAN MARTIN,AREQUIPA,VALLECITO,1,,1,1 JER-Jornada Escolar Regular,,,,,NO,,,,,,,,NO,,,,SI,X,,,,X,,SI,SI,X,,X,,,,NO,NO,,,NO,,,,,,,SI,NO,X,,X,,,,,,3,SI,X,X,X,,,,NO,,X,X,X,,,,X,,,SI,SI,SI,SI,NO,,X,X,,X,,X,,,X,X,X,X,NO,SI,2,NO,,,,,,,,,,,,X,,X,,,,,SI,NO,,SI,X,X,,,,,SI,SI,SI,NO,SI,SI,SI,0,,,SI,NO,,//,SI,SI,SI,SI,SI,NO,,,,,,,,,X,,X,,X,X,,X,,,X,,X,,,065-2024,,SI,NO,,,,,,,,,,,,,NO,,,,,,,SI,X,,,,,F0,B4,1,040101,040001
0589200,0,059420,3AS,ROMEO LUNA VICTORIA,CERRO COLORADO,ZAMÁCOLA,1,,1,1 JER-Jornada Escolar Regular,,,,,NO,,,,,,,,SI,NO,1,,SI,X,,,,,,SI,SI,,X,,,,,SI,SI,6,3,SI,X,,,,X,CHARLA SALUD DOCENTES VACUNACIÓN,SI,SI,,,,,X,,,,9,SI,,X,X,X,,,,,X,X,X,X,X,X,X,,,SI,SI,SI,SI,SI,2,X,X,,,,X,,,X,,,,SI,SI,20,SI,3,,X,X,,,X,,,,X,X,,,X,,,,SI,NO,,NO,X,,,X,,,SI,SI,SI,SI,SI,SI,SI,0,,,SI,NO,,//,SI,SI,SI,SI,SI,SI,,,,,X,X,,,,,X,,X,,,,,,X,,,,,040,,SI,SI,NO,,,,,,,,,,,,NO,,,,,,,NO,,,,,,F0,A1,1,040104,040001
0589234,0,059439,3AS,40056 HORACIO ZEVALLOS GAMEZ,CERRO COLORADO,MARISCAL CASTILLA,1,,1,1 JER-Jornada Escolar Regular,,,,,NO,,,,,,,,SI,SI,,,SI,,,,,,X,SI,SI,X,,X,,,,SI,SI,6,6,SI,X,X,,,,,SI,SI,,X,,X,,X,,,9,NO,,,,,,,,,X,X,X,X,,,,,,SI,SI,SI,SI,SI,10,X,X,X,X,X,,,,X,X,,,SI,SI,12,NO,,,,,,,,,,,X,X,,,X,,,,SI,SI,2,SI,X,,,,,,SI,SI,SI,SI,SI,SI,SI,2,,,SI,SI,2,24/9/2024,SI,SI,SI,SI,SI,SI,,,X,X,,,,,X,,X,,X,X,,,X,,X,,X,,,078,0,SI,SI,,,,,,,,,,,,,NO,,,,,,,SI,X,,,,,F0,A1,1,040104,040001
0309211,0,056092,3AS,CLARET,AREQUIPA,AREQUIPA,1,,1,1 JER-Jornada Escolar Regular,,,,,NO,,,,,,,,SI,SI,,,SI,X,X,,X,,,SI,SI,X,X,X,,,,SI,NO,,,NO,,,,,,,SI,SI,,,,,,X,,,7,SI,,X,X,X,,,NO,,X,X,X,,,,,,,SI,SI,SI,SI,SI,3,,X,,X,X,X,,,X,X,,,SI,SI,20,NO,,,,,,,,,,,X,X,X,X,X,,,,SI,SI,100,SI,X,X,,X,,,SI,SI,SI,NO,SI,SI,SI,1,,,SI,NO,,//,SI,SI,SI,SI,SI,NO,,,,,,,,,X,,X,X,X,X,,X,,,X,,,,,042,269,SI,NO,SI,X,X,,,,,,,,,X,NO,,,,,,,NO,,,,,,F0,B4,1,040101,040001
1117704,0,069985,3AS,40030 SAN FRANCISCO DE ASIS,CAYLLOMA,JACHAÑA,1,,1,1 JER-Jornada Escolar Regular,,,,,NO,SI,X,,,,,,SI,SI,,,SI,,,,,,X,SI,SI,,X,X,,,,NO,NO,,,SI,X,,X,,,,SI,SI,,,X,,X,X,,,8,SI,,X,,X,,,,,X,X,X,,X,X,,,,SI,SI,SI,SI,SI,2,X,X,,X,,,,,X,,X,X,SI,SI,5,SI,1,,X,,,,X,,,,,X,,,X,,,,SI,SI,6,SI,,,,X,,,SI,SI,SI,SI,SI,SI,SI,0,,,SI,NO,,//,SI,SI,SI,SI,SI,SI,,,X,X,,,,,X,,X,,X,,,X,,,X,,,,,032-2024,122-2024,SI,SI,,,,,,,,,,,,,NO,,,,,,,SI,X,,,,,F0,A1,2,040505,040006
1630490,0,689834,3AS,JAN AMOS KOMENSKY,CAYMA,CAYMA,2,,2,2 JEC-Jornada Escolar Completa,,,,,NO,,,,,,,,SI,SI,,,SI,X,,,X,X,,SI,SI,X,,X,,,,SI,NO,,,NO,,,,,,,SI,SI,X,,,,,X,,,3,SI,,X,,X,,,NO,,X,X,X,X,X,X,X,,,SI,SI,NO,NO,,,X,X,X,X,,X,,,X,X,X,X,NO,SI,15,NO,,,,,,,,,,,X,X,X,X,X,,,,SI,SI,4,SI,X,X,X,X,,,SI,SI,SI,SI,SI,SI,SI,0,,,SI,NO,,//,SI,SI,SI,SI,SI,SI,,,X,X,,,,,X,,X,,X,X,,,,X,,,,,,,,,,,,,,,,,,,,,,SI,,X,,X,,,SI,X,,,,,F0,B4,1,040103,040001
1567643,0,055653,3AS,CORAZON DE MARIA,AREQUIPA,,1,,1,1 JER-Jornada Escolar Regular,,,,,NO,,,,,,,,NO,,,,SI,X,X,,X,X,,SI,SI,X,X,X,X,X,JORNADA DEPORTIVA Y FESTIVAL DE DANZA,SI,SI,5,,NO,,,,,,,SI,NO,X,,X,,,X,,,8,SI,X,X,X,X,,,SI,3,X,,X,X,X,X,X,,,SI,SI,SI,SI,SI,5,X,X,X,X,X,X,,,X,X,X,X,SI,SI,11,SI,10,X,X,X,X,X,X,X,,,X,X,X,X,X,,,,SI,SI,2,SI,X,X,X,X,X,REUNIONES CON LOS TUTORES PARA EL FEEDBACK,SI,SI,SI,SI,SI,SI,SI,0,,,SI,SI,5,11/10/2024,SI,SI,SI,SI,SI,SI,,,,,X,X,,,X,,X,,X,X,,X,,,X,,,,,025,,SI,SI,SI,,,,X,,,,,,,X,SI,,X,X,X,,,SI,,,,X,PÁGINA WEB,F0,B4,1,040101,040001
1699305,0,781700,3AS,INNOVA SCHOOLS,JOSE LUIS BUSTAMANTE Y RIVERO,AREQUIPA,1,,1,1 JER-Jornada Escolar Regular,,,,,NO,,,,,,,,SI,SI,,,SI,X,,,,,,SI,SI,X,,,,,,SI,NO,,,SI,X,,,,,,SI,SI,,,,,,X,,,5,SI,,X,,,,,SI,1,X,X,,,,,,,,SI,SI,SI,SI,SI,1,,,X,,,,,,,X,,,SI,SI,10,NO,,,,,,,,,,,,X,,,,,,,SI,NO,,SI,,,X,,,,SI,SI,SI,SI,SI,SI,SI,0,,,SI,NO,,//,NO,SI,NO,SI,SI,NO,,,,,,,,,,X,,,,X,,,X,X,,,X,,,,,,,,,,,,,,,,,,,SI,,,X,,,,NO,,,,,,F0,B4,1,040129,040002
0309559,0,069872,3AS,HIPOLITO SANCHEZ TRUJILLO,CABANACONDE,CABANACONDE,2,,2,2 JEC-Jornada Escolar Completa,,,,,NO,,,,,,,,SI,SI,,,SI,X,,,,,,SI,SI,X,X,X,,,,SI,NO,,,SI,X,X,X,X,,,SI,SI,,,X,X,X,,,,6,SI,X,X,,,,,,,X,X,X,X,X,X,X,,,SI,SI,SI,SI,SI,5,X,X,X,X,X,,,,X,X,X,X,SI,SI,7,SI,3,X,X,,,X,X,X,,,X,X,X,X,X,X,,VISITAS DOMICILIARIAS,SI,SI,94,SI,,,,X,,,SI,SI,SI,SI,SI,SI,SI,0,,,SI,NO,,//,SI,SI,SI,SI,SI,SI,,,X,X,,,,,X,X,X,X,X,X,X,X,X,X,X,,X,,,026-2024,266-2024,SI,SI,,,,,,,,,,,,,SI,X,,,,,,SI,,X,,,,F0,A1,2,040503,040006
1777820,0,846872,3AS,SANTA MARIA MADRE SCHOOL,PAUCARPATA,AREQUIPA,2,,2,2 JEC-Jornada Escolar Completa,,,,,NO,,,,,,,,SI,SI,,,SI,,,,,X,,SI,SI,,X,,,,,SI,NO,,,SI,X,X,,,,,SI,SI,X,,,,,,,,8,NO,,,,,,,NO,,X,X,X,X,X,X,X,,,SI,SI,SI,SI,SI,2,X,X,,,,,,,X,,X,,SI,SI,5,SI,6,,X,,,,X,X,,,,X,,,X,,,,SI,SI,4,SI,X,,,,,,SI,SI,SI,SI,SI,SI,SI,0,,,SI,NO,,//,SI,SI,SI,SI,SI,NO,,,,,,,,,,,X,,X,,,,,,,,X,,,,,,,,,,,,,,,,,,,NO,,,,,,,NO,,,,,,F0,B4,1,040112,040002
1532886,0,513953,3AS,PINTO TALAVERA,ALTO  SELVA  ALEGRE,VILLA  CONFRATERNIDAD,1,,1,1 JER-Jornada Escolar Regular,,,,,NO,,,,,,,,SI,SI,,,SI,X,X,X,X,X,,SI,SI,,X,X,,,,SI,SI,6,,SI,X,X,X,X,,,SI,SI,,X,,,,X,,,6,SI,,X,X,X,,,,,X,X,X,X,X,X,,,,SI,SI,SI,SI,SI,5,X,X,X,X,X,,,,X,X,X,X,SI,SI,6,SI,6,X,X,X,X,X,X,X,,,X,X,X,X,X,,,,SI,SI,14,SI,X,X,X,X,,,SI,SI,SI,SI,SI,SI,SI,0,,,SI,NO,,//,SI,SI,SI,SI,SI,SI,X,X,,,,,,,X,X,X,X,X,X,X,X,X,,X,X,X,,,123,,SI,SI,SI,X,X,X,,X,X,,,,,X,SI,,X,X,,,,SI,X,X,,,,F0,A1,1,040102,040002
1271212,0,060621,3AS,COLEGIO SAN MARCOS DE LEON,JACOBO HUNTER,AREQUIPA,1,,1,1 JER-Jornada Escolar Regular,,,,,SI,SI,,,,X,,,NO,,,,SI,X,X,,,,,SI,SI,,,X,X,,,SI,NO,,,SI,X,,,,,,SI,NO,,X,,,,X,,,8,SI,,,,X,,,NO,,X,X,X,X,X,X,X,,,SI,SI,SI,SI,SI,3,X,X,,X,X,,,,X,X,X,X,SI,SI,5,SI,4,X,X,X,X,,,X,,,X,X,X,X,X,,,,SI,SI,4,SI,,X,,X,,,SI,SI,SI,SI,SI,SI,SI,0,,,SI,NO,,//,SI,SI,SI,SI,SI,SI,X,X,,,,,,,X,,X,X,X,X,,X,,,X,,X,,,028,,SI,SI,,,,,,,,,,,,,SI,X,X,X,,,,SI,,,X,,,F0,B4,1,040107,040002
0891762,0,072313,3AS,40476 MERCEDES MANRIQUE FUENTES,MOLLENDO,MOLLENDO,2,,2,2 JEC-Jornada Escolar Completa,,,,,NO,,,,,,,,NO,,,,SI,,,,X,X,,SI,SI,,X,X,,,,NO,SI,,2,SI,,,X,,,,SI,NO,,,,X,X,X,,,9,SI,X,X,,X,,,,,X,X,X,X,,,X,,,SI,SI,SI,SI,NO,,,X,,,,,,,X,,,,SI,SI,9,SI,1,X,X,X,,X,X,X,,,X,X,,,,,,,SI,SI,10,SI,X,X,X,X,,,SI,SI,SI,SI,SI,SI,SI,2,,,SI,SI,10,10/9/2024,SI,SI,SI,SI,SI,SI,X,X,,,,,,,X,X,X,X,X,X,X,,X,,X,,X,,,81-2024,100-2024,NO,,,,,,,,,,,,,,NO,,,,,,,NO,,,,,,F0,A1,1,040701,040008
0309997,0,851298,3AS,SAN FRANCISCO DE ASIS,CAYMA,AREQUIPA,1,,1,1 JER-Jornada Escolar Regular,,,,,NO,,,,,,,,SI,SI,,,SI,,,,,,X,SI,SI,,X,X,X,,,SI,NO,,,SI,,,X,,,,SI,SI,X,,X,,,X,,,4,NO,,,,,,,SI,2,X,X,X,,,,X,,,SI,SI,SI,SI,SI,4,X,,X,,X,,,,,,X,,SI,SI,10,NO,,,,,,,,,,,X,X,,X,,,,,SI,SI,18,SI,,X,,X,,,SI,SI,SI,SI,SI,SI,SI,1,,,SI,SI,1,28/10/2024,SI,SI,SI,SI,SI,SI,X,X,,,,,,,X,,X,X,,X,X,,X,,X,,X,,,062-2025,,SI,NO,,,,,,,,,,,,,NO,,,,,,,NO,,,,,,F0,B4,1,040103,040001
1770270,0,840894,3AS,NUESTRA SEÑORA DE LOS INFANTES SCHOOL,PAUCARPATA,MIGUEL GRAU,1,,1,1 JER-Jornada Escolar Regular,,,,,NO,,,,,,,,SI,SI,,,SI,X,,,,,,SI,SI,,X,X,,,,NO,NO,,,SI,,,X,,,,SI,SI,X,,,,,,,,8,SI,,,,X,,,NO,,X,X,X,,,,,,,SI,SI,SI,SI,SI,2,X,X,,X,,,,,X,X,X,,SI,SI,2,NO,,,,,,,,,,,X,X,,,,,,,SI,SI,5,SI,,,,X,,,SI,SI,SI,NO,SI,SI,SI,0,,,SI,NO,,//,SI,SI,SI,SI,SI,SI,X,X,,,,,,,,,,X,,,X,,,,X,,,,,25-2025,00,SI,SI,,,,,,,,,,,,,NO,,,,,,,NO,,,,,,F0,B4,1,040112,040002
0895870,0,064346,3AS,FRAY MARTIN,SOCABAYA,SAN MARTIN,1,,1,1 JER-Jornada Escolar Regular,,,,,NO,,,,,,,,SI,SI,,,SI,X,,,,,,SI,SI,,X,X,,,,NO,NO,,,NO,,,,,,,SI,NO,X,,,,,,,,6,NO,,,,,,,NO,,X,X,X,X,X,X,X,,,SI,SI,SI,SI,NO,,X,X,,X,,,,,X,X,X,X,SI,SI,5,NO,,,,,,,,,,,X,X,X,X,X,,,,NO,SI,6,SI,X,X,,X,,,SI,SI,SI,SI,SI,SI,SI,0,,,SI,NO,,//,NO,SI,NO,SI,SI,NO,,,,,,,,,X,X,X,X,X,X,X,X,,,X,,,,,,016,SI,NO,NO,,,,,,,,,,,,NO,,,,,,,NO,,,,,,F0,B4,1,040122,040002
0695254,0,066190,3AS,SANTA URSULA,JOSE LUIS BUSTAMATE Y RIVERO,AREQUIPA,1,,1,1 JER-Jornada Escolar Regular,,,,,NO,,,,,,,,SI,SI,,,SI,X,,,X,,,SI,SI,X,X,X,,X,OLIMPIADAS FIESTA FAMILIAR,SI,NO,,,SI,X,X,,X,,,SI,NO,X,,,,,X,,,2,NO,,,,,,,SI,4,X,X,X,X,X,X,X,,,SI,SI,SI,SI,SI,6,X,X,X,X,X,X,X,ESCUELA DE FAMILIAS,X,X,X,X,SI,SI,10,SI,5,X,X,,,,X,X,,,X,X,X,X,X,X,,EDUCACIÓN SOCIOEMOCIONAL,SI,SI,284,SI,X,X,,X,,,SI,SI,SI,SI,SI,SI,SI,1,,,SI,SI,1,26/8/2024,SI,SI,SI,SI,SI,NO,,,,,,,,,X,X,X,X,X,X,X,X,,,X,,X,,,174-2024,,SI,NO,NO,,,,,,,,,,,,NO,,,,,,,NO,,,,,,F0,B4,1,040129,040002
0695239,0,057119,3AS,SAN HILARION,CERCADO,CERCADO,1,,1,1 JER-Jornada Escolar Regular,,,,,NO,,,,,,,,SI,SI,,,SI,,,,X,X,,SI,NO,,,,,,,,NO,,,NO,,,,,,,SI,NO,,,X,,,X,,,3,SI,,X,,,,,NO,,X,X,X,X,X,X,,,,SI,SI,SI,SI,SI,1,X,X,,X,,,,,X,X,X,X,SI,SI,3,NO,,,,,,,,,,,X,X,,,,,,,SI,SI,3,SI,,X,,,,,SI,SI,SI,SI,SI,SI,SI,0,,,SI,NO,,//,NO,SI,SI,SI,SI,SI,X,X,,,,,,,,,X,,X,,,,,,X,,,,,,003,SI,SI,NO,,,,,,,,,,,,NO,,,,,,,NO,,,,,,F0,B4,1,040101,040001
0655787,0,073826,3AS,40534 JUAN MANUEL GUILLEN BENAVIDES,TORO,TORO,1,,1,1 JER-Jornada Escolar Regular,,,,,NO,,,,,,,,SI,SI,,,SI,X,,,,,,SI,SI,,,X,,,,SI,NO,,,SI,X,,X,,,,NO,NO,,,X,,,,,,6,NO,,,,,,,,,X,X,X,,X,X,,,,SI,SI,SI,NO,,,X,X,,X,X,,,,X,,,,SI,SI,3,SI,1,,X,,,,,,,,X,X,X,X,,,,,SI,SI,3,SI,X,,,,,,SI,SI,SI,NO,SI,SI,SI,0,,,SI,NO,,//,NO,SI,SI,SI,NO,SI,X,X,,,,,,,X,X,,,,X,,X,,,X,,,,,,095-2024,NO,,NO,,,,,,,,,,,,SI,,X,,,,,SI,X,,,,,F0,A1,2,040811,040009
0695304,0,066005,3AS,NIÑO DE LA PAZ,JOSE LUIS BUSTAMANTE Y RIVERO,LA PAMPILLA,1,,1,1 JER-Jornada Escolar Regular,,,,,NO,,,,,,,,SI,SI,,,SI,,,,,,X,SI,SI,,X,X,,,,SI,NO,,,SI,X,,X,,,,SI,NO,X,,,,,,,,3,NO,,,,,,,NO,,X,X,X,X,X,X,,,,SI,SI,NO,SI,SI,3,X,X,,X,X,X,,,X,,X,,SI,SI,3,SI,1,,,,,,X,,,,,X,,X,X,,,,SI,SI,10,SI,X,X,,X,,,SI,SI,SI,SI,SI,SI,SI,1,,,SI,SI,1,28/11/2024,NO,SI,SI,SI,SI,NO,,,,,,,,,X,,,X,X,X,X,,,X,,,,,,,,,,,,,,,,,,,,,,NO,,,,,,,NO,,,,,,F0,B4,1,040129,040002
1798487,0,862541,3AS,ANDREW ROBERT MILLIKAN,CERRO COLORADO,CIUDAD MUNICIPAL,1,,1,1 JER-Jornada Escolar Regular,,,,,NO,,,,,,,,SI,SI,,,SI,,,,,,X,SI,SI,,X,X,,,,SI,NO,,,NO,,,,,,,SI,NO,,,X,,,X,,,8,SI,,X,,X,,,NO,,X,,X,,,,X,,,SI,SI,SI,SI,SI,2,X,,X,X,,X,,,X,X,X,X,NO,SI,9,NO,,,,,,,,,,,X,X,X,X,X,,,,SI,SI,25,SI,X,,,,,,SI,SI,SI,SI,SI,NO,SI,0,,,SI,NO,,//,NO,SI,SI,SI,SI,SI,,X,X,,,,,,X,,X,,X,X,X,,,,X,,X,,,018,,NO,NO,NO,,,,,,,,,,,,NO,,,,,,,NO,,,,,,F0,B4,1,040104,040001
1739309,0,061593,3AS,BRYCE MARIANO MELGAR,MARIANO MELGAR,MARIANO MELGAR,1,,1,1 JER-Jornada Escolar Regular,,,,,NO,,,,,,,,SI,SI,,,SI,X,,,X,X,,SI,SI,X,X,X,,,,SI,SI,2,0,SI,X,X,X,X,,,SI,SI,X,,,,,,,,8,NO,,,,,,,NO,,X,X,X,,X,,X,,,SI,SI,SI,SI,SI,4,X,X,,X,X,,,,X,X,X,X,SI,SI,5,NO,,,,,,,,,,,X,X,,,X,,,,SI,NO,,SI,X,,,X,,,SI,SI,SI,SI,SI,SI,SI,0,,,SI,NO,,//,SI,SI,SI,SI,SI,NO,,,,,,,,,X,,X,,X,X,,,X,,,,,,,,,,,,,,,,,,,,,,,NO,,,,,,,SI,,X,,,,F0,B4,1,040109,040002
1755529,0,828477,3AS,JOULE ALTO SELVA  ALEGRE,ALTO SELVA ALEGRE,SELVA ALEGRE,1,,1,1 JER-Jornada Escolar Regular,,,,,NO,,,,,,,,SI,SI,,,SI,,,,,,X,SI,SI,,,X,,,,NO,NO,,,SI,X,,,,,,SI,NO,X,,,,,,,,8,NO,,,,,,,NO,,X,X,X,X,X,X,X,,,SI,NO,NO,SI,SI,1,X,X,,X,,,,,X,X,X,X,SI,NO,,NO,,,,,,,,,,,,X,X,,X,,,,NO,NO,,NO,,X,X,,,,SI,SI,SI,SI,SI,SI,SI,0,,,SI,NO,,//,SI,SI,SI,SI,SI,NO,,,,,,,,,,X,X,,X,,,X,,,,,X,,,,,,,NO,,,,,,,,,,,,NO,,,,,,,NO,,,,,,F0,B4,1,040102,040002
0749366,0,065459,3AS,JORGE SANJINEZ LENZ,YURA,CIUDAD DE DIOS,2,,2,2 JEC-Jornada Escolar Completa,,,,,SI,SI,,X,,,,,SI,NO,1,,SI,X,,,,,,SI,SI,,X,X,X,,,SI,NO,,,SI,X,,X,X,,,NO,SI,,,,,,X,,,5,SI,X,X,X,X,,,,,X,X,X,X,X,X,X,,,SI,SI,SI,SI,SI,5,X,X,X,X,X,X,,,X,X,X,X,SI,SI,11,SI,5,X,X,X,X,X,X,X,,,,,X,X,X,,,,SI,SI,1,SI,,X,,X,,,SI,SI,SI,SI,SI,SI,SI,1,,,SI,SI,1,20/12/2024,SI,SI,SI,SI,SI,SI,X,X,,,,,,,,,X,,X,X,,X,,,X,,,,,163,,SI,SI,SI,,,,,,,X,REUNIÓN MENSUAL CON DIRECTIVOS,,,X,NO,,,,,,,SI,,X,,X,ASISTENCIA TÉCNICA UGEL,F0,A1,1,040128,040001
0309435,0,059665,3AS,40054 JUAN DOMINGO ZAMACOLA Y JAUREGUI,CERRO COLORADO,LA LIBERTAD,1,,1,1 JER-Jornada Escolar Regular,,,,,SI,SI,,X,,,,,SI,SI,,,SI,X,,,,,,SI,SI,X,X,,,,,SI,SI,,3,SI,X,,X,,,,SI,SI,,,X,X,X,X,,,9,SI,X,X,X,X,X,DERIVACION AL CENTRO HOSPITALARIO DEMUNA,,,X,X,X,X,X,X,X,X,AUXILIAR DE EDUCACION,SI,SI,SI,SI,SI,4,,X,,X,,,,,X,X,X,X,SI,SI,25,NO,,,,,,,,,,,X,X,X,X,X,,,,SI,NO,,SI,,X,X,,,,SI,SI,SI,SI,SI,SI,SI,4,,,SI,SI,15,18/12/2024,NO,SI,SI,SI,SI,SI,,,,,X,X,,,X,X,X,X,X,X,X,,X,X,X,,X,,,176,305,SI,SI,,,,,,,,,,,,,NO,,,,,,,NO,,,,,,F0,A1,1,040104,040001
1272897,0,058760,3AS,40669 DEAN VALDIVIA,CAYMA,AREQUIPAX,1,,1,1 JER-Jornada Escolar Regular,,,,,NO,,,,,,,,SI,SI,,,SI,X,X,,,,,SI,SI,,,X,,,,SI,SI,,6,SI,X,X,X,X,,,SI,SI,,,,,,X,,,9,SI,X,X,X,X,,,,,X,X,X,X,X,X,,,,SI,SI,SI,SI,SI,2,X,X,X,,,,,,X,X,,,SI,SI,9,SI,5,X,X,X,X,X,X,X,,,X,X,,,,,,,SI,SI,5,SI,X,X,,,,,SI,SI,SI,SI,SI,SI,SI,0,,,SI,NO,,//,SI,SI,SI,SI,SI,SI,X,X,,,,,,,X,X,X,X,X,X,X,X,,X,X,,X,,,056-2025,110-2025,SI,SI,,,,,,,,,,,,,SI,,X,X,X,,,SI,X,,,X,COMUNICACIÓN DE LA UGEL,F0,A1,1,040103,040001
0309989,0,055766,3AS,SALESIANOS DON BOSCO,CERCADO DE AREQUIPA,AREQUIPA,1,,1,1 JER-Jornada Escolar Regular,,,,,SI,SI,,,,,X,SE REALIZARON CLASES VIRTUALES EN LOS DÍAS NO PRESENCIALES,SI,SI,,,SI,,,,,,X,SI,SI,,X,X,,,,SI,NO,,,SI,X,,,,,,SI,NO,X,,,,,X,,,4,NO,,,,,,,NO,,X,X,X,X,,X,X,,,SI,SI,SI,SI,SI,3,X,X,,X,X,X,,,X,X,X,X,NO,SI,20,NO,,,,,,,,,,,X,X,X,X,X,,,,SI,SI,4,SI,X,X,,X,,,SI,SI,SI,SI,SI,SI,SI,2,,,SI,SI,2,14/10/2024,NO,SI,SI,SI,SI,SI,X,X,,,X,X,,,,,X,,X,X,,X,X,X,X,,,,,25-2024,56,SI,NO,,,,,,,,,,,,,NO,,,,,,,NO,,,,,,F0,B2,1,040101,040001
1437573,0,546722,3AS,SANTA LUCIA,AREQUIPA,AREQUIPA,1,,1,1 JER-Jornada Escolar Regular,,,,,NO,,,,,,,,SI,NO,1,,SI,,,,,,X,SI,SI,,,X,,,,NO,NO,,,NO,,,,,,,SI,SI,,,X,X,,,,,8,SI,,X,,,,,SI,4,X,,X,,,,,,,SI,SI,SI,SI,NO,,,X,X,,,,,,X,,,,SI,SI,5,NO,,,,,,,,,,,,X,,,,,,,NO,NO,,SI,,X,,,,,SI,SI,SI,SI,SI,SI,SI,0,,,SI,NO,,//,SI,SI,NO,SI,SI,SI,,,,,X,X,,,X,,,,X,,,,X,X,X,,,,,095,15,SI,SI,,,,,,,,,,,,,NO,,,,,,,NO,,,,,,F0,B4,1,040101,040001
0695205,0,547571,3AS,SANTA MARIA,AREQUIPA,CIUDAD,1,,1,1 JER-Jornada Escolar Regular,,,,,NO,,,,,,,,SI,SI,,,SI,X,,X,,X,,SI,SI,,,X,X,,,SI,NO,,,NO,,,,,,,SI,NO,,,X,X,,,,,8,SI,X,X,,,,,NO,,X,X,X,X,X,X,X,,,SI,SI,SI,SI,SI,3,,X,X,X,,X,,,X,,X,,SI,SI,5,SI,9,X,X,,X,X,X,X,,,X,X,,X,X,,,,SI,SI,54,SI,,X,,X,,,SI,SI,SI,SI,SI,SI,SI,0,,,SI,NO,,//,SI,SI,SI,SI,SI,SI,,,,,X,X,,,X,X,,,X,X,,X,,,X,,X,,,030,,SI,NO,,,,,,,,,,,,,SI,X,,,,,,SI,X,,,,,F0,B4,1,040101,040001
0309377,0,055610,3AS,MICAELA BASTIDAS,CERCADO,,1,,1,1 JER-Jornada Escolar Regular,,,,,SI,SI,X,,,,,,SI,SI,,,SI,X,,,,,,SI,SI,,,X,,,,SI,SI,14,0,SI,,,,,X,VACUNAS,SI,SI,,,,,X,,,,9,NO,,,,,,,,,X,X,X,X,,X,X,,,SI,SI,SI,SI,SI,6,X,X,,X,X,X,,,X,,X,X,SI,SI,30,SI,2,,,,,,,,,,X,X,X,,,,,,SI,NO,,SI,X,,X,X,,,SI,SI,SI,SI,SI,SI,SI,4,,,SI,SI,1,27/5/2024,NO,SI,SI,SI,NO,SI,X,X,,,,,,,X,X,,X,X,X,X,X,X,X,X,,X,,,003,,SI,SI,,,,,,,,,,,,,NO,,,,,,,NO,,,,,,F0,A1,1,040101,040001
0309955,0,056577,3AS,DE LA SALLE,AREQUIPA,AREQUIPA,2,,2,2 JEC-Jornada Escolar Completa,,,,,NO,,,,,,,,SI,SI,,,SI,X,,,,,,SI,SI,X,X,X,,,,SI,NO,,,SI,X,X,X,X,X,DENTAL Y DE VACUNACIÓN,SI,SI,X,,X,,,X,,,9,NO,,,,,,,SI,42,X,X,X,X,,,X,,,SI,SI,SI,SI,SI,5,X,X,,,X,X,,,X,X,X,X,SI,SI,15,SI,3,,X,,,X,X,X,,,X,X,,X,X,,,,SI,SI,150,SI,X,X,X,X,,,SI,SI,SI,SI,SI,SI,SI,2,,,SI,SI,13,10/12/2024,NO,SI,SI,SI,SI,SI,,,,,,,X,X,X,X,X,X,X,X,X,X,X,,,,X,,,,,,,,,,,,,,,,,,,NO,,,,,,,NO,,,,,,F0,B4,1,040101,040001
0891168,0,068269,3AS,40313 SAN IGNACIO DE LOYOLA,APLAO,ANEXO LA REAL,1,,1,1 JER-Jornada Escolar Regular,,,,,NO,,,,,,,,SI,SI,,,SI,,,,,X,,SI,SI,,X,X,X,,,NO,NO,,,SI,X,X,X,,,,SI,SI,,,,,,X,,,8,SI,X,,X,,,,,,X,X,X,X,X,X,,,,SI,SI,SI,SI,SI,5,X,X,,X,X,,,,X,X,X,X,SI,SI,5,SI,7,X,X,X,X,X,X,X,,,X,X,,X,X,,,,SI,SI,2,SI,X,,,,,,SI,SI,SI,SI,SI,SI,SI,1,,,SI,SI,1,23/5/2024,SI,SI,SI,SI,SI,SI,X,X,,,,,,,X,,X,,X,X,X,,X,,X,,X,,,31,115,SI,SI,NO,,,,,,,,,,,,SI,X,X,,,,,SI,X,,,,,F0,A1,2,040401,040005
0309336,0,061338,3AS,ANDREA VALDIVIESO DE MELGAR,MARIANO MELGAR,MARIANO MELGAR,3,,3,3 SFT-Secundaria con Formacion Tecnica,,,,,SI,SI,,,,X,,,SI,SI,,,SI,X,,,X,,,SI,SI,,X,X,,,,NO,SI,3,,SI,X,X,,,,,SI,SI,,,X,X,,,,,6,SI,X,X,,X,,,,,X,X,X,X,,,X,,,SI,SI,SI,SI,SI,3,X,X,,X,X,,,,X,X,X,X,SI,SI,18,SI,2,,X,,,,X,,,,X,X,X,X,X,,,,SI,SI,25,SI,X,,,X,,,SI,SI,SI,SI,SI,SI,SI,6,,,SI,SI,1,27/9/2024,SI,SI,SI,SI,SI,SI,X,X,,,,,,,,,X,,X,X,X,,X,X,X,X,X,,,085,,SI,SI,SI,,,,,X,,,,,,X,SI,,X,X,X,,,SI,X,,,,,F0,A1,1,040109,040002
1361880,0,546345,3AS,EL MERCEDARIO RVDO PADRE ELEUTERIO ALARCON BEJARANO,CAYMA,BOLOGNESI,1,,1,1 JER-Jornada Escolar Regular,,,,,NO,,,,,,,,SI,SI,,,SI,,,,,,X,SI,SI,X,X,X,,,,SI,SI,5,,SI,X,,X,,,,SI,SI,,,X,,X,,,,3,SI,,X,,,,,SI,11,X,X,X,X,X,X,X,,,SI,SI,SI,SI,SI,2,X,,,X,,X,,,X,,X,,SI,SI,10,SI,8,,X,X,,X,X,X,,,X,X,,X,,,,,NO,SI,9,SI,X,X,,X,,,SI,SI,SI,SI,SI,SI,SI,0,,,SI,NO,,//,SI,SI,SI,SI,SI,SI,X,X,,,,,X,X,X,,X,X,,X,,X,,X,X,,X,,,25-2025,11,SI,SI,,,,,,,,,,,,,NO,,,,,,,NO,,,,,,F0,B4,1,040103,040001
0636548,0,505019,3AS,CHAMPAGNAT,YANAHUARA,YANAHUARA,1,,1,1 JER-Jornada Escolar Regular,,,,,NO,,,,,,,,NO,,,,SI,,,,,X,,SI,NO,,,,,,,,SI,4,,SI,,,,,X,CHARLAS DE PREVENCION DE ENFERMEDADES,SI,NO,X,,,,,,,,8,SI,,,X,,,,NO,,X,X,X,X,X,X,X,,,SI,SI,SI,SI,SI,2,X,X,,,X,,,,,,X,,SI,SI,15,SI,5,X,X,,,X,X,X,,,X,X,X,,X,,,,SI,SI,5,SI,,,,X,,,SI,SI,SI,SI,SI,SI,SI,1,,,SI,SI,1,15/6/2024,SI,SI,SI,SI,SI,NO,,,,,,,,,,X,,,X,,,X,,,X,,X,,,022,,SI,NO,,,,,,,,,,,,,NO,,,,,,,NO,,,,,,F0,B4,1,040126,040001
0579771,0,072879,3AS,CIRO ALEGRIA BAZAN,DEAN VALDIVA,EL ARENAL,2,,2,2 JEC-Jornada Escolar Completa,,,,,NO,,,,,,,,NO,,,,SI,X,,,,,,SI,SI,,,,X,,,SI,NO,,,SI,X,,,,,,SI,SI,,,,,,X,,,9,SI,X,,,,,,,,X,X,X,X,X,X,X,,,SI,SI,SI,SI,SI,1,X,X,,,X,X,,,X,X,X,X,SI,SI,10,SI,1,,,X,,,,,,,X,X,X,X,X,,,,SI,SI,1,SI,X,,,X,,,SI,SI,SI,SI,SI,SI,SI,0,,,SI,SI,1,7/8/2024,SI,SI,SI,SI,SI,SI,X,X,,,,,,,X,,,,X,,,,X,,,,,,,,,,,,,,,,,,,,,,,NO,,,,,,,SI,,X,,,,F0,A1,1,040703,040008
1261346,0,059081,3AS,PERUANO ITALIANA DOMINGO SAVIO,CERRO COLORADO,CHALLAPAMPA,1,,1,1 JER-Jornada Escolar Regular,,,,,NO,,,,,,,,SI,SI,,,SI,X,,,X,,,SI,SI,,,X,X,X,ESCUELAS DE PADRES,SI,NO,,,NO,,,,,,,SI,SI,X,,X,,X,X,,,2,NO,,,,,,,SI,1,X,X,X,,X,X,X,,,SI,SI,SI,SI,SI,5,X,X,X,X,,X,,,X,X,X,X,SI,SI,10,NO,,,,,,,,,,,X,X,X,X,X,,,,SI,SI,2,SI,X,X,X,X,,,SI,SI,SI,SI,SI,SI,SI,6,,,SI,SI,6,22/10/2024,NO,SI,SI,SI,SI,SI,,,,,X,X,,,X,X,X,X,X,X,X,X,X,,X,,,,,104-2024,,SI,SI,,,,,,,,,,,,,SI,X,,,,,,NO,,,,,,F0,B4,1,040104,040001
1260660,0,065553,3AS,BRITISH COLUMBIA,CERRO COLORADO,VICTOR RAUL HAYA DE LA TORRE,1,,1,1 JER-Jornada Escolar Regular,,,,,NO,,,,,,,,NO,,,,SI,,,,,,X,SI,SI,,,X,,,,SI,NO,,,SI,X,,,X,X,VACUNACIONES,SI,SI,X,,X,,,,,,8,NO,,,,,,,NO,,X,X,X,X,X,X,,,,SI,SI,SI,SI,SI,2,X,X,,X,,,,,X,X,X,X,SI,SI,5,SI,2,X,X,X,X,X,X,X,,,X,X,X,,,,,,SI,SI,3,SI,X,X,,,,,SI,SI,SI,SI,SI,SI,SI,0,,,SI,NO,,//,SI,SI,SI,SI,SI,NO,,,,,,,,,X,X,X,,X,X,X,,X,X,X,,,,,027,038,SI,SI,,,,,,,,,,,,,SI,,X,X,X,,,SI,X,X,,,,F0,B4,1,040104,040001
1790344,0,856922,3AS,PERUANO FRANCES ANTOINE DE SAINT EXUPERY,TIABAYA,CORBACHO,1,,1,1 JER-Jornada Escolar Regular,,,,,NO,,,,,,,,SI,SI,,,SI,X,,,X,X,,SI,SI,,X,X,X,,,NO,NO,,,SI,X,X,,,,,SI,SI,X,X,X,X,X,X,,,5,NO,,,,,,,NO,,X,,,,X,X,,,,SI,SI,SI,SI,SI,2,X,,X,X,,X,,,X,X,X,X,SI,SI,10,SI,10,X,X,X,X,X,X,X,,,X,X,X,X,X,,,,SI,NO,,SI,X,X,,X,,,SI,SI,SI,SI,SI,NO,SI,3,,,SI,SI,3,12/12/2024,SI,SI,SI,SI,SI,SI,,,,,X,X,,,X,X,X,X,X,X,,X,X,X,,,,,,,,,,,,,,,,,,,,,,NO,,,,,,,NO,,,,,,F0,B4,1,040123,040001
1640903,0,722584,3AS,FUTURA SCHOOLS TIABAYA,TIABAYA,,2,,2,2 JEC-Jornada Escolar Completa,,,,,NO,,,,,,,,NO,,,,SI,,,,,X,,SI,SI,,,,,X,ESCUELA DE PADRES,SI,NO,,,SI,,,,,X,CAMPAÑAS DE VACUNACIÓN Y PREVENCIÓN,SI,SI,X,,,,,X,X,DISPOSICIONES DE DIRECCIÓN NACIONAL,8,NO,,,,,,,SI,1,X,X,X,X,X,X,X,,,SI,SI,SI,SI,SI,1,X,X,X,X,,X,X,ESCUELA DE PADRES,X,,X,,NO,SI,14,SI,3,,X,,,X,X,X,,,X,X,X,X,X,,,,SI,SI,2,SI,X,X,X,X,,,SI,SI,SI,SI,SI,SI,SI,0,,,SI,SI,1,20/8/2024,SI,SI,SI,SI,SI,SI,,,,,X,X,,,X,X,X,X,X,X,X,X,,,X,,,,,0,0,SI,NO,NO,,,,,,,,,,,,NO,,,,,,,NO,,,,,,F0,B4,1,040123,040001
1794577,0,619092,3AS,SANTO TORIBIO DE MOGROVEJO,YURA,APIAAR,1,,1,1 JER-Jornada Escolar Regular,,,,,SI,SI,,,,,X,MODALIDAD VIRTUAL,SI,NO,1,,NO,,,,,,X,SI,SI,,X,X,,,,NO,SI,6,,SI,X,,,,,,SI,SI,,,,X,,,,,7,NO,,,,,,,,,X,X,X,X,X,X,,,,SI,SI,SI,SI,NO,,X,X,X,X,X,X,,,X,X,X,X,SI,SI,5,SI,4,,X,X,X,X,X,X,,,X,X,X,X,X,,,,SI,SI,5,SI,X,X,,X,,,SI,SI,SI,SI,SI,SI,SI,0,,,SI,SI,2,10/10/2024,SI,SI,SI,NO,SI,SI,X,X,,,,,,,X,X,X,X,X,,,X,X,X,X,X,X,,,115,,SI,SI,SI,,X,,,,,,,X,,X,NO,,,,,,,SI,,X,,,,F0,A4,1,040128,040001
0617183,0,062521,3AS,40174 PAOLA FRASSINETTI,PAUCARPATA,MIGUEL GRAU,3,,3,3 SFT-Secundaria con Formacion Tecnica,,,,,SI,SI,,,,,X,VIRTUALES,SI,NO,1,,SI,X,,,X,X,,SI,SI,X,X,X,,,,SI,SI,6,7,SI,X,,X,,,,SI,SI,,,X,X,X,X,,,5,SI,X,,,,,,,,X,X,X,X,X,X,X,X,SUBDIRECTORA,SI,SI,SI,SI,SI,5,X,X,X,X,X,X,,,X,X,X,X,SI,SI,20,SI,2,,,,,,X,,,,X,X,X,X,X,X,,ENTREVISTA CON ESTUDIANTES EN RIESGO,SI,SI,100,SI,X,X,X,X,X,ENTREVISTAS ESPONTANEAS,SI,SI,SI,SI,SI,SI,SI,3,,,SI,SI,16,22/11/2024,NO,SI,SI,SI,SI,SI,X,X,,,,,,,X,X,X,X,X,X,X,X,X,X,X,,X,,,158-2024,,SI,SI,,,,,,,,,,,,,NO,,,,,,,SI,X,X,,,,F0,A4,1,040112,040002
0589531,0,073765,3AS,40529 VICTOR ANDRES BELAUNDE,TAURIA,TAURIA,1,,1,1 JER-Jornada Escolar Regular,,,,,NO,,,,,,,,SI,SI,,,SI,X,,,,,,SI,SI,,,X,X,,,SI,NO,,,SI,X,X,X,,,,SI,SI,,X,,,,,,,3,SI,X,X,,,,,,,X,X,X,X,,X,,,,SI,SI,SI,SI,SI,3,X,,,X,,,,,X,X,,,NO,SI,2,SI,1,X,X,,,,X,,,,X,X,X,,,,,,SI,SI,3,SI,X,,,X,,,SI,SI,SI,SI,SI,SI,SI,0,,,SI,NO,,//,NO,SI,SI,SI,SI,SI,X,X,,,,,,,X,,X,,X,X,,,X,,X,,,,,05-2025,048-2025,SI,SI,NO,,,,,,,,,,,,NO,,,,,,,NO,,,,,,F0,A1,2,040809,040009
0655795,0,065505,3AS,SAN BERNARDO,YURA,,1,,1,1 JER-Jornada Escolar Regular,,,,,NO,,,,,,,,SI,NO,1,,SI,X,,,,,,SI,SI,,X,X,,,,NO,NO,,,SI,X,X,,,,,SI,NO,,,,,,X,,,7,SI,,X,,,,,,,X,X,X,X,,,,,,SI,SI,NO,SI,SI,1,,X,,,X,,,,X,,,,SI,SI,10,SI,2,,X,,,,,,,,,,,,X,,,,NO,NO,,SI,X,X,,,,,SI,SI,NO,SI,SI,SI,SI,0,,,SI,NO,,//,SI,SI,SI,SI,SI,SI,,,X,X,,,,,X,,,,X,,,,X,,,,,,,,,,,,,,,,,,,,,,,SI,X,,,,,,SI,X,X,,,,F0,A4,1,040128,040001
1030303,0,066388,3AS,MAGISTER LAGRANGE,JOSE LUIS BUSTAMENTE Y RIVERO,LOS CONQUISTADORES,1,,1,1 JER-Jornada Escolar Regular,,,,,NO,,,,,,,,SI,SI,,,SI,X,,,,,,SI,SI,X,,X,,,,NO,NO,,,SI,,,,,X,VACUNACIONES,SI,NO,,,,,,X,,,8,NO,,,,,,,NO,,X,X,X,X,X,X,X,,,SI,SI,SI,SI,SI,2,X,X,,,,X,,,X,,X,X,SI,SI,5,SI,1,,,,,,,X,,,X,X,,,X,,,,SI,SI,2,SI,X,,,,,,SI,SI,SI,NO,SI,SI,SI,0,,,SI,NO,,//,NO,SI,SI,SI,SI,NO,,,,,,,,,X,,,,X,,,,,,X,,X,,,027,,SI,SI,,,,,,,,,,,,,NO,,,,,,,NO,,,,,,F0,B4,1,040129,040002
3028412,0,745118,3AS,DAVID AUSUBEL,CERRO COLORADO,JOSE LUIS BUSTAMANTE Y RIVERO,1,,1,1 JER-Jornada Escolar Regular,,,,,NO,,,,,,,,SI,SI,,,SI,,,,,,X,SI,SI,,X,X,,,,NO,NO,,,SI,X,,X,,,,SI,NO,X,X,,,,,,,8,NO,,,,,,,NO,,X,X,X,,,,X,,,SI,SI,SI,SI,SI,3,X,X,X,,,,,,X,,X,,SI,SI,5,NO,,,,,,,,,,,,X,,,,,,,NO,NO,,NO,,,,X,,,SI,SI,SI,NO,SI,SI,SI,0,,,SI,NO,,//,NO,SI,NO,SI,SI,SI,,,,,X,X,,,X,,,,X,,,,,,X,,,,,050-2025,,SI,SI,NO,,,,,,,,,,,,NO,,,,,,,NO,,,,,,F0,B4,1,040104,040001
0612176,0,069042,3AS,41505,ORCOPAMPA,ORCOPAMPA,1,,1,1 JER-Jornada Escolar Regular,,,,,NO,,,,,,,,SI,SI,,,SI,X,,,,,,SI,SI,X,,X,,,,SI,NO,,,SI,X,,,,,,SI,SI,,,X,,,X,,,8,SI,X,,,X,,,NO,,X,X,X,X,X,X,,,,SI,SI,SI,SI,SI,7,X,,,X,X,,,,X,X,X,X,SI,SI,5,SI,2,X,X,X,X,,,,,,X,X,,,,,,,SI,SI,8,SI,X,,,,,,SI,SI,SI,SI,SI,SI,SI,1,,,SI,SI,1,4/7/2024,SI,SI,SI,SI,SI,NO,,,,,,,,,X,X,X,,X,X,,,,,X,,,,,018,,SI,SI,NO,,,,,,,,,,,,NO,,,,,,,NO,,,,,,F0,B5,1,040409,040005
1656198,0,737646,3AS,I.E.P. VIRGEN DE CHAPI DE CORIRE,URACA,CORIRE,1,,1,1 JER-Jornada Escolar Regular,,,,,SI,SI,X,,,,,,SI,SI,,,SI,X,,,,,,SI,SI,,,X,,,,SI,NO,,,NO,,,,,,,SI,NO,X,X,X,,,,,,1,SI,X,X,X,,,,NO,,,,,,,,,,,SI,SI,NO,SI,NO,,X,X,X,X,,,,,X,X,X,X,SI,SI,5,NO,,,,,,,,,,,X,X,X,X,X,,,,NO,SI,15,NO,X,X,X,,,,SI,SI,SI,SI,SI,NO,SI,0,,,SI,NO,,//,NO,SI,NO,NO,SI,NO,,,,,,,,,X,X,X,,X,X,X,,,X,,,,,,,,,,,,,,,,,,,,,,NO,,,,,,,NO,,,,,,F0,B4,1,040413,040005
1259985,0,849267,3AS,MENDEL CERRO COLORADO,CERRO COLORADO,1,2,,2,2 JEC-Jornada Escolar Completa,,,,,NO,,,,,,,,SI,SI,,,SI,,,,,,X,SI,SI,,X,X,,,,SI,NO,,,NO,,,,,,,SI,NO,,,,,,X,,,9,NO,,,,,,,NO,,X,X,X,,X,X,,,,SI,SI,SI,NO,,,X,X,,X,,,,,X,,X,,SI,NO,,NO,,,,,,,,,,,,X,,X,,,,,SI,SI,10,SI,X,X,,,,,SI,SI,SI,SI,SI,SI,SI,0,,,SI,NO,,//,NO,SI,SI,SI,SI,SI,X,X,X,,,,,,X,,,X,X,,,,,X,,,,,,,,,,,,,,,,,,,,,,NO,,,,,,,NO,,,,,,F0,B4,1,040104,040001
1607340,0,820221,3AS,SANTISIMA VIRGEN DE CHAPI,LA JOYA,,1,,1,1 JER-Jornada Escolar Regular,,,,,NO,,,,,,,,SI,SI,,,SI,X,X,,,,,SI,SI,X,,X,X,,,NO,NO,,,SI,X,,X,,,,SI,SI,,,,,,X,,,7,SI,,X,X,X,,,NO,,X,X,X,X,X,X,X,,,SI,SI,SI,SI,SI,2,X,X,,X,X,X,,,X,X,X,X,SI,SI,7,SI,2,,X,X,,X,X,,,,X,X,X,X,X,,,,SI,SI,20,SI,X,X,,,,,SI,SI,SI,SI,SI,SI,SI,2,,,SI,SI,30,10/12/2024,SI,SI,SI,SI,SI,NO,,,,,,,,,,X,X,X,X,X,,X,,,X,,X,,,007-2025,,SI,SI,,,,,,,,,,,,,SI,,X,X,X,,,NO,,,,,,F0,B4,1,040108,040010
1435288,0,547137,3AS,PANAMERICANO,AREQUIPA,URBANIZACIÓN LA VICTORIA,1,,1,1 JER-Jornada Escolar Regular,,,,,NO,,,,,,,,SI,SI,,,SI,,,,,,X,SI,NO,,,,,,,,NO,,,NO,,,,,,,SI,NO,X,,,,,,,,8,NO,,,,,,,NO,,X,X,X,X,X,X,X,,,SI,SI,SI,SI,NO,,,X,,,,X,,,X,,,,NO,SI,5,SI,3,,X,,,X,X,X,,,X,X,,,,,,,SI,NO,,SI,X,,,,,,SI,SI,SI,NO,SI,SI,SI,0,,,SI,SI,1,2/7/2024,NO,SI,SI,SI,NO,NO,,,,,,,,,,,,X,X,,,,,,X,,X,,,049-2025,,SI,NO,,,,,,,,,,,,,NO,,,,,,,NO,,,,,,F0,B4,1,040101,040001
1335033,0,059284,3AS,JAMES CLERK MAXWELL,CAYMA,AREQUIPA,2,,2,2 JEC-Jornada Escolar Completa,,,,,NO,,,,,,,,NO,,,,SI,X,,,,,,SI,SI,,,X,,,,NO,NO,,,SI,X,,,,,,SI,SI,X,,,,X,,,,5,NO,,,,,,,NO,,X,,X,,,,X,,,SI,SI,SI,NO,,,X,,,,,,,,X,,,,SI,SI,15,NO,,,,,,,,,,,X,X,,X,,,,,SI,SI,4,SI,X,X,,,,,SI,SI,SI,SI,SI,SI,SI,0,,,SI,NO,,//,SI,SI,SI,SI,SI,NO,,,,,,,,,X,,,,X,,,,,,X,,,,,102,087,SI,NO,NO,,,,,,,,,,,,NO,,,,,,,SI,X,,,,,F0,B4,1,040103,040001
1238518,0,070875,3AS,VALORES SCHOOL,MAJES,PEDREGAL,2,,2,2 JEC-Jornada Escolar Completa,,,,,NO,,,,,,,,SI,SI,,,SI,X,,,,,,SI,SI,,X,X,,,,SI,NO,,,SI,X,,X,,X,CAMPAÑA DE VACUNACIÓN,SI,SI,X,,,,,X,,,6,SI,X,,X,X,,,NO,,,,X,,,,,,,SI,SI,SI,SI,NO,,X,X,,,,,,,X,,,,SI,SI,2,SI,2,,,X,,X,X,,,,,,,X,,,,,SI,SI,3,SI,X,,,,,,SI,SI,SI,SI,SI,SI,SI,0,,,SI,NO,,//,SI,SI,NO,SI,SI,SI,,,,,X,X,,,X,,X,,X,X,,,,,X,,X,,,0,0,SI,SI,,,,,,,,,,,,,NO,,,,,,,NO,,,,,,F0,B4,1,040520,040010
1756568,0,623980,3AS,MARIA DE LOS ANGELES,MAJES,OEDREGAL,1,,1,1 JER-Jornada Escolar Regular,,,,,NO,,,,,,,,SI,SI,,,SI,X,,,,X,,SI,SI,,,X,,,,NO,NO,,,SI,X,,,,,,SI,NO,X,,,,,,,,5,SI,,,,X,,,NO,,X,X,X,,X,X,,,,SI,SI,SI,SI,SI,2,,X,,,,,,,X,,,,SI,SI,5,SI,1,,,,,,,X,,,,X,,,X,,,,SI,NO,,SI,X,,,X,,,SI,SI,SI,SI,SI,SI,SI,0,,,SI,NO,,//,SI,SI,SI,SI,SI,SI,X,X,,,,,,,,,X,,,,X,,X,X,X,,,,,123,,SI,SI,NO,,,,,,,,,,,,SI,X,,,,,,NO,,,,,,F0,B4,1,040520,040010
1315639,0,627544,3AS,SAN MIGUEL,CARAVELI,CARAVELI,1,,1,1 JER-Jornada Escolar Regular,,,,,NO,,,,,,,,SI,NO,1,,SI,X,,,X,X,,SI,SI,,,X,X,,,SI,NO,,,SI,,,X,X,,,SI,SI,,,X,X,,X,,,3,SI,X,X,X,X,,,,,X,X,X,X,X,X,,,,SI,SI,SI,SI,SI,6,X,X,X,X,X,X,,,X,X,X,X,SI,SI,4,SI,4,X,X,X,X,X,X,X,,,X,X,X,X,X,,,,SI,SI,20,SI,X,X,X,X,,,SI,SI,SI,SI,SI,NO,SI,1,,,SI,SI,5,3/10/2024,SI,SI,SI,SI,SI,SI,,,X,X,,,,,X,X,X,X,X,X,X,X,X,X,X,X,X,,,046-2025,008,SI,SI,SI,X,X,,,,,,,X,X,X,SI,X,X,X,X,,,SI,,X,,,,F0,A4,1,040301,040004
0579623,0,061437,3AS,PIO XII,MARIANO MELGAR,GENERALÍSIMO SAN MARTÍN,1,,1,1 JER-Jornada Escolar Regular,,,,,NO,,,,,,,,SI,SI,,,SI,X,,,,,,SI,SI,X,X,X,,,,SI,NO,,,SI,X,,,,,,SI,SI,,,,,,X,,,5,SI,X,X,,,,,,,X,,X,,X,X,,,,SI,SI,SI,SI,SI,10,,X,,X,X,,,,X,X,X,X,SI,SI,10,SI,2,X,X,,,X,X,X,,,X,X,X,X,X,,,,SI,SI,36,SI,X,X,,X,,,SI,SI,SI,SI,SI,SI,SI,2,,,SI,NO,,//,SI,SI,SI,SI,SI,SI,,,X,X,,,,,X,X,X,,X,X,,X,,X,X,,,,,0712-20024,0025,SI,SI,,,,,,,,,,,,,NO,,,,,,,SI,X,,,,,F0,A4,1,040109,040002
1673060,0,757875,3AS,SHERADON BRYCE,CERRO COLORADO,AREQUIPA,1,,1,1 JER-Jornada Escolar Regular,,,,,NO,,,,,,,,NO,,,,SI,X,X,,X,X,,SI,NO,,,,,,,,NO,,,SI,X,X,X,X,,,SI,SI,X,,,,,,,,6,NO,,,,,,,NO,,X,X,X,X,,,X,,,NO,,,,,,X,X,X,X,,,,,X,X,X,X,NO,SI,2,SI,1,X,X,X,,X,,X,,,X,,X,,X,,,,SI,SI,20,SI,X,X,,,,,SI,SI,SI,NO,SI,NO,SI,0,,,SI,SI,1,22/8/2024,SI,SI,SI,SI,SI,NO,,,,,,,,,X,X,X,X,X,,X,X,,,,,,X,NINGUNO,,,,,,,,,,,,,,,,,NO,,,,,,,NO,,,,,,F0,B4,1,040104,040001
1577717,0,649881,3AS,SCHOOL INTERNACIONAL BLUMER,JACOBO HUNTER,SEÑOR DE LOS MILAGROS,1,,1,1 JER-Jornada Escolar Regular,,,,,NO,,,,,,,,SI,SI,,,NO,,,,,,X,SI,SI,,,X,,,,SI,SI,6,,SI,X,X,X,X,,,SI,SI,X,,,,,,,,6,NO,,,,,,,NO,,X,X,X,,,X,X,,,SI,SI,SI,SI,SI,2,X,,,,,,,,X,,,,SI,SI,2,SI,1,,X,,,,,,,,,X,X,,,,,,NO,SI,1,SI,,,,X,,,SI,SI,SI,SI,SI,SI,SI,0,,,SI,NO,,//,NO,SI,NO,SI,SI,SI,X,X,,,,,,,X,X,X,X,,X,,,,,X,,,,,08,008,SI,SI,NO,,,,,,,,,,,,SI,,X,,,,,NO,,,,,,F0,B4,1,040107,040002
3040623,0,851854,3AS,INTERNACIONAL JOHANNES KEPLER,CERRO COLORADO,0,1,,1,1 JER-Jornada Escolar Regular,,,,,NO,,,,,,,,NO,,,,SI,,,,,X,,SI,SI,X,X,X,,,,SI,SI,1,,SI,X,X,X,,,,SI,SI,,,X,,,,,,8,NO,,,,,,,NO,,X,X,X,,,,,,,NO,,,,,,X,X,,,,X,,,,X,,,SI,SI,4,NO,,,,,,,,,,,X,X,X,X,X,,,,SI,SI,2,SI,X,,X,,,,SI,SI,SI,NO,SI,NO,NO,,3,,SI,NO,,//,SI,SI,NO,SI,SI,SI,X,X,,,,,,,,,,X,,,X,,X,,,,,,,,,,,,,,,,,,,,,,,SI,,X,X,X,,,SI,X,,,,,F0,B4,1,040104,040001
1734060,0,811820,3AS,FUTURA SCHOOLS PAUCARPATA,PAUCARPATA,AREQUIPA,2,,2,2 JEC-Jornada Escolar Completa,,,,,NO,,,,,,,,NO,,,,SI,,,,,X,,SI,SI,,,X,,,,SI,NO,,,SI,,,X,,,,SI,SI,X,,X,,,,,,6,NO,,,,,,,SI,1,X,,X,,,,,,,SI,SI,SI,SI,SI,2,,X,,,,,,,,X,X,,SI,SI,6,NO,,,,,,,,,,,X,X,,X,,,,,SI,SI,2,SI,X,X,X,,,,SI,SI,SI,SI,SI,SI,SI,0,,,SI,NO,,//,SI,SI,SI,SI,SI,NO,,,,,,,,,X,X,X,,X,X,,,X,,,,,,,,,,,,,,,,,,,,,,,NO,,,,,,,SI,X,,,,,F0,B4,1,040112,040002
1384833,0,864880,3AS,MENDEL PEDREGAL,MAJES,VILLA EL PEDREGAL,2,,2,2 JEC-Jornada Escolar Completa,,,,,NO,,,,,,,,SI,NO,1,,SI,X,,,X,,,SI,NO,,,,,,,,NO,,,SI,X,,,,,,SI,SI,,,,,,X,,,4,NO,,,,,,,NO,,,,,,,,,,,SI,SI,SI,NO,,,X,X,,,,X,,,X,,X,,NO,SI,5,NO,,,,,,,,,,,,X,X,,X,,,,SI,SI,9,SI,,X,,,,,SI,SI,SI,SI,SI,SI,SI,0,,,NO,,,//,SI,SI,SI,SI,SI,SI,X,X,,,,,,,,,X,,X,,,,X,,,,,,,,,,,,,,,,,,,,,,,SI,,X,,,,,SI,,X,,,,F0,B4,1,040520,040010
0637272,0,068981,3AS,ALBERTO FLORES GALINDO,ORCOPAMPA,ORCOPAMPA,1,,1,1 JER-Jornada Escolar Regular,,,,,NO,,,,,,,,SI,SI,,,SI,X,,,,X,,SI,SI,,X,X,,,,SI,NO,,,SI,X,,X,X,,,SI,SI,X,X,X,,,X,,,5,SI,X,X,X,X,,,,,X,X,X,X,X,X,,,,SI,SI,SI,SI,SI,3,X,,X,X,,X,,,X,,X,,SI,SI,20,SI,3,,X,,X,,X,X,,,X,X,,X,,,,,SI,SI,32,SI,X,,,X,,,SI,SI,SI,SI,SI,SI,SI,0,,,SI,NO,,//,SI,SI,SI,SI,SI,SI,X,X,,,,,,,X,,X,X,X,,X,X,X,,X,,X,,,32,,SI,SI,,,,,,,,,,,,,SI,,X,,X,,,SI,,X,,,,F0,A1,1,040409,040005
0712620,0,910293,3AS,40432 VICTOR RAUL HAYA DE LA TORRE,CHICHAS,CHICHAS,1,,1,1 JER-Jornada Escolar Regular,,,,,NO,,,,,,,,SI,SI,,,SI,X,,,,X,,SI,SI,X,,X,X,,,SI,NO,,,SI,X,,X,,,,SI,SI,,X,,,,X,,,8,SI,X,X,X,X,,,,,X,X,X,X,X,X,,,,SI,SI,SI,SI,SI,4,X,X,,,,X,,,X,X,X,X,SI,SI,3,SI,2,X,X,X,X,X,X,X,,,X,X,X,,,,,,SI,SI,4,SI,,X,X,,,,SI,SI,SI,SI,SI,SI,SI,0,,,SI,NO,,//,SI,SI,SI,SI,SI,SI,X,X,,,,,,,X,,X,,X,,X,,X,X,X,X,X,,,019,,SI,SI,SI,,X,,,,,,,X,,,SI,,X,X,X,,,NO,,,,,,F0,A1,2,040604,040007
3047818,0,841266,3AS,PERUANO ISRAELÍ KEDUSHÁ,CERRO COLORADO,GRANJEROS UNIDOS,2,,2,2 JEC-Jornada Escolar Completa,,,,,NO,,,,,,,,NO,,,,SI,X,,,,,,SI,SI,,,X,,,,SI,SI,1,0,NO,,,,,,,SI,NO,,,,,,X,,,1,SI,X,,,,,,NO,,X,X,X,,X,X,,,,SI,SI,SI,SI,SI,2,,X,,,,,,,X,,,,SI,SI,5,NO,,,,,,,,,,,,X,,,,,,,SI,SI,2,SI,X,,,,,,SI,SI,SI,SI,SI,SI,SI,0,,,SI,NO,,//,SI,SI,SI,SI,SI,SI,X,X,,,X,X,,,X,,,,,X,,,,X,,,,,,,,,,,,,,,,,,,,,,NO,,,,,,,SI,X,,,,,F0,B4,1,040104,040001
0899120,0,063554,3AS,40079 VICTOR NUÑEZ VALENCIA,SACHACA,HUARANGUILLO,1,,1,1 JER-Jornada Escolar Regular,,,,,NO,,,,,,,,SI,SI,,,SI,X,,,,,,SI,SI,,X,X,,,,SI,SI,4,,SI,X,,X,,,,SI,SI,,,X,,X,X,,,6,SI,X,X,,X,,,,,X,X,X,X,X,X,,,,SI,SI,SI,SI,SI,3,X,X,X,X,X,X,,,X,X,X,X,SI,SI,10,SI,3,,X,,,X,X,X,,,X,X,X,X,X,,,,SI,SI,12,SI,X,X,,X,,,SI,SI,NO,SI,SI,SI,SI,0,,,SI,NO,,//,SI,SI,SI,SI,SI,SI,X,X,,,,,,,X,,X,X,X,,,X,,,X,,X,,,024-2025,,SI,SI,,,,,,,,,,,,,NO,,,,,,,SI,X,X,,,,F0,A1,1,040117,040001
1672591,0,845863,3AS,JUILLIARD,CERRO COLORADO,ZAMACOLA,1,,1,1 JER-Jornada Escolar Regular,,,,,NO,,,,,,,,SI,SI,,,SI,X,,,,,,SI,SI,X,,,,,,NO,NO,,,NO,,,,,,,NO,NO,X,,,,,,,,4,NO,,,,,,,NO,,X,X,X,X,,,X,,,NO,,,,,,X,,,,,,,,X,,,,NO,NO,,SI,3,X,,,,X,,,,,X,,,,,,,,NO,NO,,NO,X,,,,,,SI,NO,SI,NO,SI,SI,SI,0,,,NO,,,//,SI,SI,SI,SI,SI,SI,X,X,,,,,,,X,,,,X,,,,X,,,,,,,,,,,,,,,,,,,,,,,NO,,,,,,,NO,,,,,,F0,B4,1,040104,040001
1583137,0,064742,3AS,40091 ALMA MATER DE CONGATA,UCHUMAYO,CONGATA,1,,1,1 JER-Jornada Escolar Regular,,,,,SI,SI,X,,,,,,SI,SI,,,SI,X,,,,X,,SI,SI,,X,X,,,,NO,NO,,,SI,X,X,X,X,,,SI,SI,,,,X,X,X,,,9,SI,X,X,X,X,,,,,X,,X,,X,X,X,,,SI,SI,SI,SI,NO,,,X,,,X,X,,,X,X,X,X,SI,SI,9,SI,1,X,X,,X,X,X,X,,,X,X,X,X,X,,,,SI,NO,,SI,X,,,X,,,SI,SI,SI,SI,SI,SI,SI,1,,,SI,NO,,//,NO,SI,NO,SI,SI,SI,X,X,,,,,,,X,X,X,X,X,X,X,X,,,X,,X,,,90-2024,120-2024,SI,SI,,,,,,,,,,,,,NO,,,,,,,NO,,,,,,F0,A1,1,040124,040001
0310136,0,055785,3AS,SANTA ROSA DE VITERBO,AREQUIPA,AREQUIPA,1,,1,1 JER-Jornada Escolar Regular,,,,,NO,,,,,,,,SI,SI,,,SI,X,,,,,,SI,SI,X,,X,,,,SI,NO,,,SI,X,X,,,,,SI,SI,,,,,,X,,,6,NO,,,,,,,SI,20,X,X,X,X,X,X,X,,,SI,SI,SI,SI,SI,1,X,X,,,X,X,,,X,,X,X,SI,SI,15,SI,5,,X,,X,X,X,X,,,X,X,,X,X,,,,SI,SI,75,SI,X,X,,,,,SI,SI,SI,SI,SI,SI,SI,1,,,SI,SI,1,23/8/2024,SI,SI,SI,SI,SI,SI,X,X,,,,,,,X,X,X,,X,,,X,X,X,X,,X,,,,251,SI,SI,,,,,,,,,,,,,SI,,,X,,,,SI,X,,,,,F0,B2,1,040101,040001
1338466,0,861711,3AS,WORLD SCHOOL,YANAHUARA,AREQUIPA,1,,1,1 JER-Jornada Escolar Regular,,,,,NO,,,,,,,,SI,SI,,,SI,X,,,,,,SI,SI,,,X,,,,SI,NO,0,0,NO,,,,,,,SI,NO,,,,,,X,,,3,NO,,,,,,,NO,,X,X,X,,X,X,,,,SI,SI,SI,SI,NO,,,X,,,,,,,X,,,,SI,SI,4,NO,,,,,,,,,,,,X,,,,,,,SI,SI,2,SI,X,,,,,,SI,SI,SI,SI,SI,SI,SI,0,,,SI,NO,,//,SI,SI,SI,SI,SI,SI,X,X,,,,,,,X,,,,,X,,,,,X,,,,,,0016-2025,SI,NO,,,,,,,,,,,,,NO,,,,,,,SI,X,,,,,F0,B4,1,040126,040001
1661149,0,113455,3AS,JOHN G. LAKE,CAYMA,AREQUIPA,1,,1,1 JER-Jornada Escolar Regular,100,SI,,SI,SI,SI,,,,X,,,NO,,1,,SI,X,,,,,,SI,SI,X,X,X,,,,SI,NO,,,SI,,,,,X,VACUNACIÓN,SI,SI,,,,,,X,,,8,NO,,,,,,,NO,,X,X,X,X,,,,,,SI,SI,SI,SI,SI,4,X,X,,X,,,,,X,X,,,SI,SI,5,SI,5,,X,X,,X,X,X,,,X,X,X,X,,,,,NO,SI,20,SI,,X,X,,,,SI,SI,SI,SI,SI,SI,SI,0,,,SI,SI,2,22/11/2024,NO,SI,SI,SI,NO,SI,,,X,X,,,,,,,X,X,,,X,X,,,X,,X,,,X,0074,SI,SI,SI,,X,,,,,,,,,X,SI,,X,,X,,,SI,,X,,,,F0,A4,1,040103,040001
1279538,0,060051,3AS,SEÑOR DE LA ESPERANZA,CERRO COLORADO,CIUDAD MUNICPAL,1,,1,1 JER-Jornada Escolar Regular,,,,,NO,,,,,,,,SI,SI,,,SI,X,,,X,X,,SI,SI,X,X,X,X,,,SI,NO,,,SI,X,X,X,X,,,SI,SI,X,,X,,X,X,,,8,SI,X,X,X,X,,,SI,2,X,X,X,,,X,,,,SI,SI,SI,SI,SI,4,X,X,,X,,X,,,X,X,X,X,SI,SI,3,SI,10,X,X,X,X,X,X,X,,,X,X,X,X,X,,,,SI,SI,20,SI,X,X,X,X,,,SI,SI,SI,SI,SI,SI,SI,0,,,SI,NO,,//,SI,SI,SI,SI,SI,SI,,,X,X,,,,,X,X,X,X,X,X,X,X,,,X,,,,,052,011,SI,SI,SI,,X,X,,,X,,,,,X,SI,X,X,X,X,,,SI,X,X,X,,,F0,B4,1,040104,040001
1254903,0,058406,3AS,SAN JUAN APOSTOL,ALTO SELVA ALEGRE,SELVA ALEGRE,2,,2,2 JEC-Jornada Escolar Completa,,,,,NO,,,,,,,,SI,SI,,,SI,X,,,,,,SI,SI,X,X,X,,,,NO,NO,,,NO,,,,,,,SI,NO,X,,,X,,X,,,8,NO,,,,,,,NO,,X,X,X,X,X,X,X,,,SI,SI,NO,SI,SI,2,X,X,,X,,,,,X,X,,X,SI,SI,5,SI,2,,X,X,,X,X,X,,,X,X,X,X,,,,,SI,SI,3,SI,X,,,X,,,SI,SI,SI,SI,SI,SI,SI,0,,,SI,SI,1,1/7/2024,SI,SI,SI,SI,SI,SI,X,X,,,,,,,X,,X,,,X,X,,,X,X,,X,,,,045-2024,SI,NO,SI,,X,,,,,,,,,X,SI,,X,X,,,,SI,X,,,,,F0,B4,1,040102,040002
3043502,0,910995,3AS,40316 JULIO ERNESTO LAZO DIAZ,AYO,AYO,1,,1,1 JER-Jornada Escolar Regular,,,,,NO,,,,,,,,SI,SI,,,SI,X,,,,,,SI,NO,,,,,,,,NO,,,SI,X,,X,,,,SI,SI,X,,,,,,,,9,NO,,,,,,,,,X,X,,,X,X,,,,NO,,,,,,X,X,X,,,X,,,X,,X,,NO,SI,1,NO,,,,,,,,,,,X,X,,X,,,,,SI,NO,,SI,,X,,,,,SI,SI,SI,SI,SI,NO,SI,0,,,SI,NO,,//,NO,NO,,SI,SI,SI,,,X,X,,,,,X,,X,,X,X,,,X,,,,,,,,,,,,,,,,,,,,,,,NO,,,,,,,NO,,,,,,F0,A1,2,040403,040005
0635987,0,063002,3AS,VIRGEN DE CHAPI,PAURCAPATA,NUEVO PERU,1,,1,1 JER-Jornada Escolar Regular,,,,,NO,,,,,,,,SI,SI,,,SI,X,,,,,,SI,SI,,X,,,,,NO,SI,,2,NO,,,,,,,NO,SI,,,X,,,,,,6,SI,X,,,,,,NO,,X,,X,X,X,X,,,,SI,SI,SI,SI,SI,5,,X,X,X,X,X,,,X,X,X,X,SI,SI,7,SI,1,X,X,X,X,X,X,X,,,X,X,X,X,X,,,,SI,SI,2,SI,,,,X,,,SI,SI,SI,SI,SI,SI,SI,1,,,SI,NO,,//,SI,SI,SI,SI,SI,SI,X,X,,,,,,,X,,X,,X,X,,,X,X,X,,X,,,055-2025,160,SI,SI,NO,,,,,,,,,,,,NO,,X,,,,,NO,,,,,,F0,A4,1,040112,040002
1797398,0,758865,3AS,LUCERITOS DE DIOS,CERRO COLORADO,AREQUIPA,1,,1,1 JER-Jornada Escolar Regular,,,,,NO,,,,,,,,SI,SI,,,SI,X,X,,,,,SI,SI,,X,X,,,,SI,NO,,,SI,X,,,,,,SI,SI,,,X,X,,,,,8,SI,,X,,X,,,,,X,X,X,X,X,X,,,,SI,SI,SI,SI,SI,3,,X,,,X,X,,,X,,X,,SI,SI,5,SI,5,,X,X,,X,X,,,,X,X,,,X,,,,SI,SI,5,SI,,,,X,X,VISITA OPINADA A LAS AULAS,SI,SI,SI,SI,SI,SI,SI,0,,,SI,NO,,//,NO,SI,SI,NO,NO,SI,X,X,,,,,,,,,X,,X,,,,,,X,,X,,,078,089,SI,NO,,,,,,,,,,,,,NO,,,,,,,NO,,,,,,F0,A1,1,040104,040001
1334473,0,596321,3AS,CASA DE CARIDAD ARTES Y OFICIOS,CERRO COLORADO,,2,,2,2 JEC-Jornada Escolar Completa,,,,,SI,SI,,,,X,,,SI,NO,1,,SI,X,,,X,X,,SI,SI,X,X,X,X,,,SI,SI,,4,SI,X,,X,X,,,SI,SI,,,,,,X,,,9,SI,,,X,X,,,,,X,X,X,X,X,X,X,,,SI,SI,SI,SI,SI,8,X,X,X,X,X,X,,,X,X,X,X,SI,SI,10,SI,8,,X,,,,X,X,,,X,X,X,X,X,,,,SI,SI,200,SI,X,X,,X,,,SI,SI,SI,SI,SI,SI,SI,0,,,SI,NO,,//,SI,SI,SI,SI,SI,SI,,,X,X,,,,,X,X,X,X,X,X,X,,X,X,X,X,X,,,039-2025,,SI,SI,SI,,,X,,,,,,,,X,NO,,,,,,,NO,,,,,,F0,A4,1,040104,040001
1346667,0,546661,3AS,SAN JUAN APOSTOL,CERRO COLORADO,VILLA CERRILLOS,1,,1,1 JER-Jornada Escolar Regular,,,,,NO,,,,,,,,SI,SI,,,SI,,,,,,X,SI,SI,,,X,,X,ESCUELA DE PADRES,NO,SI,,3,SI,X,X,,X,,,SI,NO,,,X,X,,X,,,5,NO,,,,,,,SI,1,X,X,X,X,X,X,X,,,SI,SI,SI,SI,SI,3,X,X,,,,X,,,X,X,X,X,SI,SI,10,SI,4,X,X,X,X,X,X,,,,X,X,,X,,,,,SI,SI,25,SI,X,,,X,,,SI,SI,SI,SI,SI,SI,SI,0,,,SI,NO,,//,NO,SI,SI,SI,SI,SI,X,X,,,,,,,X,X,X,X,X,,,X,,,,,X,,,,,,,,,,,,,,,,,,,NO,,,,,,,SI,X,,,X,UGEL,F0,B2,1,040104,040001
1721588,0,803325,3AS,JOULE DIVINO NIÑO,PAUCARPATA,PAUCARPATA,2,,2,2 JEC-Jornada Escolar Completa,,,,,NO,,,,,,,,SI,SI,,,SI,,,,,,X,SI,NO,,,,,,,,SI,6,0,SI,X,,,,,,SI,NO,X,,,X,X,,,,3,SI,,X,X,,,,NO,,X,X,X,,,,X,,,SI,SI,SI,SI,SI,3,,,X,,,X,,,X,,X,X,SI,SI,7,SI,3,,X,X,X,X,X,,,,X,,X,X,,,,,SI,SI,35,SI,,X,,,,,SI,SI,SI,SI,SI,SI,SI,0,,,SI,SI,1,19/10/2024,SI,SI,SI,SI,SI,SI,,,,,,,X,X,X,X,,,X,X,,,,,X,,X,,,13,8,SI,NO,,,,,,,,,,,,,NO,,,,,,,NO,,,,,,F0,B4,1,040112,040002
1753847,0,827053,3AS,MONTESSORI SCHOOL,CERRO COLORADO,ALTO LIBERTAD,1,,1,1 JER-Jornada Escolar Regular,,,,,SI,SI,X,,,,,,NO,,,,SI,,,,,,X,SI,SI,,X,X,,,,SI,NO,,,SI,X,X,,,,,SI,SI,,,,,,X,,,6,SI,,X,,,,,NO,,X,X,X,X,,,,,,SI,SI,SI,SI,SI,2,,X,,,,X,,,X,,X,,SI,SI,7,SI,1,,,,,,,X,,,X,X,,,,,,,SI,SI,6,SI,,,,X,,,SI,SI,SI,SI,SI,SI,SI,1,,,SI,SI,1,18/8/2024,SI,SI,SI,NO,SI,NO,,,,,,,,,X,,X,,X,X,,,,,X,,X,,,,018,SI,SI,,,,,,,,,,,,,NO,,,,,,,NO,,,,,,F0,B4,1,040104,040001
1328277,0,072129,3AS,40426 JOSE OLAYA,YANAQUIHUA,LA BARRERA YAUCE,1,,1,1 JER-Jornada Escolar Regular,,,,,NO,SI,X,,,,,,SI,SI,,,SI,X,,,,,,SI,SI,X,X,,,,,SI,NO,,,SI,X,,,,,,NO,SI,,,,,,X,,,8,SI,X,,,,,,,,X,,X,X,X,X,,,,SI,SI,SI,SI,SI,2,,X,,,X,,,,X,,X,,SI,SI,5,SI,2,X,,,,X,X,X,,,X,X,,,,,,,SI,SI,5,SI,X,,,,,,SI,SI,SI,NO,SI,NO,SI,0,,,SI,NO,,//,NO,SI,SI,SI,SI,SI,X,X,,,,,,,X,,X,,X,X,,,X,,X,,X,,,037,,SI,SI,SI,,X,,,,,,,,,X,NO,,,,,,,SI,,X,,,,F0,A1,2,040608,040007
1692425,0,571250,3AS,CORONEL FRANCISCO BOLOGNESI,MAJES,CIUDAD MAJES,1,,1,1 JER-Jornada Escolar Regular,,,,,NO,,,,,,,,SI,NO,1,,SI,X,X,,,X,,SI,SI,X,X,X,X,,,SI,NO,,,SI,X,X,X,X,,,SI,SI,X,,X,X,,X,,,1,SI,X,X,,,,,,,X,X,X,X,X,X,,,,SI,SI,SI,SI,SI,4,X,X,X,X,X,,,,X,X,X,X,SI,SI,13,SI,2,X,X,X,X,X,X,X,,,X,X,X,X,X,,,,SI,SI,12,SI,X,X,X,X,,,SI,SI,SI,SI,SI,SI,SI,0,,,SI,SI,2,10/12/2024,SI,SI,SI,SI,SI,SI,X,X,,,,,,,X,X,X,,X,X,X,X,X,X,X,X,X,,,10-2025,30,SI,SI,SI,X,X,X,,,X,,,,X,X,SI,,X,X,X,,,SI,X,X,,,,F0,A1,1,040520,040010
1410935,0,820155,3AS,SAN FERNANDO,LA JOYA,CERCADO,1,,1,1 JER-Jornada Escolar Regular,,,,,NO,,,,,,,,SI,SI,,,SI,X,,,,X,,SI,SI,,X,X,,,,SI,NO,,,NO,,,,,,,SI,NO,X,,,,,,,,8,SI,,,X,X,,,NO,,X,X,X,X,X,X,X,,,SI,SI,SI,SI,SI,2,,X,,X,,,,,X,,,X,SI,SI,6,SI,2,,X,,,X,,X,,,,X,,X,,,,,SI,NO,,SI,X,,,X,,,SI,SI,SI,SI,SI,SI,SI,0,,,SI,NO,,//,SI,SI,NO,SI,SI,NO,,,,,,,,,,,X,,X,X,,,,,X,,X,,,059,,SI,SI,NO,,,,,,,,,,,,NO,,,,,,,NO,,,,,,F0,B4,1,040108,040010
1420470,0,624673,3AS,JOHANN MENDEL,HUNTER,HUNTER,2,,2,2 JEC-Jornada Escolar Completa,,,,,NO,,,,,,,,SI,SI,,,SI,X,,,,,,SI,SI,X,X,X,,,,SI,NO,,,SI,X,X,,,,,SI,SI,,,X,,,,,,9,NO,,,,,,,NO,,X,X,X,,X,X,X,,,SI,SI,SI,SI,SI,2,X,X,X,X,,,,,X,,X,X,SI,SI,3,NO,,,,,,,,,,,X,X,,X,X,,,,SI,SI,4,SI,X,X,,,,,SI,SI,SI,SI,SI,SI,SI,0,,,SI,NO,,//,SI,SI,SI,SI,SI,SI,,,,,X,X,,,X,,X,X,X,,X,,,X,X,,X,,,RD 0018,16,SI,NO,,,,,,,,,,,,,SI,,X,,,,,SI,X,,,,,F0,B4,1,040107,040002
0517565,0,060824,3AS,40065 GLORIOSO HEROES DEL CENEPA,LA JOYA,SAN ISIDRO,2,,2,2 JEC-Jornada Escolar Completa,,,,,NO,,,,,,,,SI,SI,,,SI,X,,,,,,SI,SI,,X,,,,,SI,NO,,,SI,X,,,,,,SI,SI,,,X,,,X,,,3,SI,X,X,,X,,,,,X,X,X,X,X,X,X,,,SI,SI,SI,SI,SI,3,X,X,,,,,,,X,,X,,SI,SI,19,SI,2,,X,X,,,,,,,X,X,,X,,,,,SI,SI,4,SI,X,,,X,,,SI,SI,SI,SI,SI,SI,SI,0,,,SI,NO,,//,SI,SI,SI,NO,SI,SI,,,X,X,,,,,,,X,X,,,,X,X,,X,,X,,,095-2025,,SI,SI,,,,,,,,,,,,,SI,X,,,,,,NO,,,,,,F0,A1,2,040108,040010
0579656,0,063766,3AS,40196 TECNICO AGROPECUARIO ARTESANAL,SAN JUAN DE TARUCANI,SAN JUAN DE TARUCANI,1,,1,1 JER-Jornada Escolar Regular,,,,,NO,,,,,,,,SI,SI,,,SI,X,X,,,,,SI,SI,,X,X,,,,NO,NO,,,SI,X,,X,,,,NO,SI,,,X,,,X,,,8,SI,,,X,,,,,,X,X,X,X,X,,,X,DEMUNA,SI,SI,SI,SI,SI,3,X,X,X,,,X,,,X,X,X,X,SI,SI,4,SI,2,X,X,X,X,X,X,X,,,X,X,X,X,X,,,,SI,SI,4,SI,X,X,,X,,,SI,SI,SI,SI,SI,SI,SI,0,,,SI,NO,,//,SI,SI,SI,NO,SI,SI,X,X,,,X,X,,,X,X,X,X,X,X,X,X,X,X,X,X,X,,,27.2024,065,SI,SI,SI,,,,,,X,,,,,X,SI,,X,X,,,,SI,X,X,,,,F0,A1,2,040119,040002
0723486,0,062620,3AS,40211 HEROES DEL PACIFICO,PAUCARPATA,ISRAEL,2,,2,2 JEC-Jornada Escolar Completa,,,,,NO,,,,,,,,SI,SI,,,SI,X,,,,,,SI,SI,,X,X,,,,SI,SI,3,,SI,X,,,,,,SI,SI,,X,X,X,X,,,,6,SI,X,X,,X,,,,,X,X,X,X,X,X,X,,,SI,SI,SI,SI,SI,2,X,X,X,,X,X,,,X,X,X,X,SI,SI,10,SI,5,,,,X,,X,X,,,X,X,X,X,X,,,,SI,SI,15,SI,,X,X,X,,,SI,SI,SI,SI,SI,SI,SI,1,,,SI,SI,20,3/12/2024,SI,SI,SI,SI,SI,SI,,,X,X,,,,,X,X,X,X,X,X,X,X,X,X,X,X,X,,,4,4,SI,SI,SI,,X,,,,,,,,,X,NO,,,,,,,SI,X,,,,,F0,A1,1,040112,040002
1354695,0,521613,3AS,NUESTRA SEÑORA DE LAS MERCEDES,MAJES,EL PEDREGAL,1,,1,1 JER-Jornada Escolar Regular,,,,,NO,,,,,,,,NO,,,,SI,,,,,,X,SI,NO,,,,,,,NO,NO,,,NO,,,,,,,SI,NO,,,,,X,,,,6,NO,,,,,,,NO,,,,,,,,,,,NO,,,,,,,,,,,X,,,,,,X,NO,SI,1,NO,,,X,,,,,,,,X,,,,,,,,SI,NO,,SI,X,,,,,,SI,SI,SI,SI,SI,NO,NO,,1,,SI,NO,,//,SI,NO,,NO,NO,NO,,,,,,,,,X,,,,,,X,,X,,,,,,,,,,,,,,,,,,,,,,,SI,X,,,,,,SI,X,,,,,F0,B4,1,040520,040010
0899062,0,547613,3AS,40616 CASIMIRO CUADROS I,CAYMA,AREQUIPA,1,,1,1 JER-Jornada Escolar Regular,,,,,SI,SI,X,,,,,,SI,NO,1,,SI,,,,,,X,SI,SI,,X,,X,,,SI,SI,,4,SI,X,,X,,,,SI,SI,,,,,,X,,,5,SI,X,,,,,,,,X,X,X,X,X,X,,,,SI,SI,SI,SI,SI,2,X,X,,X,,,,,X,X,,,SI,SI,15,SI,4,X,X,X,X,X,X,X,,,X,X,X,X,X,,,,SI,SI,10,SI,X,X,,X,,,SI,SI,SI,SI,SI,SI,SI,2,,,SI,NO,,//,NO,SI,SI,SI,SI,SI,,,X,X,,,,,X,X,X,X,X,X,X,X,,,X,,,,,,12-2025,SI,NO,NO,,,,,,,,,,,,NO,,,,,,,NO,,,,,,F0,A1,1,040103,040001
0515668,0,058213,3AS,SANTA ROSA DE LIMA CIRCA,ALTO SELVA ALEGRE,AREQUIPA,2,,2,2 JEC-Jornada Escolar Completa,,,,,NO,,,,,,,,SI,SI,,,SI,X,X,,,,,SI,SI,,X,,,,,SI,NO,,,SI,X,,X,,,,SI,SI,,,,,,X,,,9,SI,X,,,,,,,,X,X,X,X,X,X,X,,,SI,SI,SI,SI,SI,1,X,X,,X,X,,,,X,X,X,X,SI,SI,16,SI,2,,X,X,X,X,X,X,,,X,X,,X,X,,,,SI,SI,20,SI,X,X,X,X,,,SI,SI,SI,SI,SI,SI,SI,0,,,SI,NO,,//,SI,SI,SI,SI,SI,SI,X,X,,,,,,,X,,X,X,,X,X,,X,X,,,X,,,,,,,,,,,,,,,,,,,NO,,,,,,,SI,,X,,,,F0,A4,1,040102,040002
0310045,0,072474,3AS,MARIA AUXILIADORA,MOLLENDO,MOLLENDO,2,,2,2 JEC-Jornada Escolar Completa,,,,,NO,,,,,,,,SI,SI,,,SI,,,,,,X,SI,NO,,,,,,,,NO,,,NO,,,,,,,SI,NO,X,,,,,,,,8,NO,,,,,,,NO,,,,,,,,,,,NO,,,,,,,X,,,,,,,X,,,,NO,NO,,NO,,,,,,,,,,,,X,,,,,,,NO,NO,,SI,X,,X,,,,SI,SI,SI,NO,SI,SI,SI,1,,,SI,NO,,//,NO,NO,,NO,NO,NO,,,,,,,,,X,,,,,,,X,,,X,,,,,008,022,SI,SI,NO,,,,,,,,,,,,NO,,,,,,,NO,,,,,,F0,B4,1,040701,040008
1761667,0,833191,3AS,LIFE SCHOOL,SACHACA,TAHUAYCANI,1,,1,1 JER-Jornada Escolar Regular,,,,,NO,,,,,,,,SI,SI,,,SI,X,,,,,,SI,SI,,X,X,,,,SI,NO,,,SI,,,X,,X,VACUNACION,SI,SI,X,,,,,,,,8,SI,,X,X,,,,SI,5,X,X,X,,X,X,X,,,SI,SI,SI,SI,SI,3,X,X,,X,X,,,,X,X,X,X,SI,SI,5,SI,2,,X,X,,X,X,,,,X,X,X,X,,,,,SI,SI,40,SI,X,,,,,,SI,SI,SI,SI,SI,SI,SI,0,,,SI,SI,1,3/4/2024,SI,SI,SI,SI,SI,SI,X,X,,,X,X,,,X,X,X,,X,X,X,X,,X,X,X,X,,,,12,SI,SI,SI,,,X,,,,,,,X,,SI,X,,,,,,NO,,,,,,F0,B4,1,040117,040001
0579722,0,063380,3AS,40190 SANTISIMA VIRGEN DE CHAPI,POLOBAYA,,1,,1,1 JER-Jornada Escolar Regular,,,,,NO,,,,,,,,SI,SI,,,SI,X,,,,,,SI,SI,,X,X,,,,SI,NO,,,SI,X,X,X,X,,,SI,SI,,,,,,X,,,8,SI,,X,,X,,,,,X,X,X,X,X,X,,,,SI,SI,SI,SI,SI,4,X,,,X,X,,,,X,X,X,X,SI,SI,5,NO,,,,,,,,,,,X,X,,X,X,,,,SI,SI,10,SI,X,X,,,,,SI,SI,SI,SI,SI,NO,SI,0,,,SI,NO,,//,SI,SI,SI,SI,SI,SI,,,X,X,,,,,X,,X,,X,X,X,X,,X,,,,,,,,,,,,,,,,,,,,,,NO,,,,,,,NO,,,,,,F0,A1,2,040114,040002
0498881,0,063525,3AS,40074 JOSÉ LUIS BUSTAMANTE Y RIVERO,SACHACA,SACHACA,2,,2,2 JEC-Jornada Escolar Completa,,,,,NO,,,,,,,,SI,SI,,,SI,X,,,,,,SI,SI,,X,X,,,,SI,SI,3,1,SI,,X,,X,,,SI,SI,,,X,,,X,,,5,SI,X,X,X,X,,,,,X,X,X,X,X,X,X,X,TUTORES Y AUXILIAR DE EDUCACIÓN,SI,SI,SI,SI,SI,3,X,X,,X,X,X,,,,X,X,,SI,SI,10,SI,1,X,,,,,,,,,X,X,X,X,X,,,,SI,SI,20,SI,X,X,,,,,SI,SI,SI,SI,SI,SI,SI,4,,,SI,NO,,//,SI,SI,SI,SI,SI,SI,,X,X,,,,,,,,X,,X,X,X,,X,,X,,X,,,157-2024,010-2025,SI,SI,,,,,,,,,,,,,SI,,X,,,,,SI,X,X,,,,F0,A1,1,040117,040001
0617084,0,839070,3AS,MENDEL UMACOLLO,CERCADO,AREQUIPA,2,,2,2 JEC-Jornada Escolar Completa,,,,,NO,,,,,,,,SI,NO,1,,SI,,,,,X,,SI,SI,X,X,X,,,,SI,SI,4,,SI,X,,,,X,VACUNAS,SI,NO,X,,,,,,,,9,NO,,,,,,,NO,,X,X,X,,X,X,X,,,SI,SI,SI,NO,,,X,X,,X,,,,,X,X,X,,NO,SI,5,SI,3,,X,X,,,,,,,X,X,,X,,,,,SI,SI,2,SI,X,,X,,,,SI,SI,SI,SI,SI,SI,SI,0,,,SI,NO,,//,SI,SI,SI,NO,SI,SI,X,X,,,,,,,,X,,X,X,X,,,,,X,,,,,146,,SI,NO,NO,,,,,,,,,,,,NO,,,,,,,NO,,,,,,F0,B4,1,040101,040001
0579730,0,064756,3AS,40092 JOSE D. ZUZUNAGA OBANDO,UCHUMAYO,CERRO VERDE,1,,1,1 JER-Jornada Escolar Regular,,,,,NO,,,,,,,,SI,NO,1,,SI,,,,,,X,SI,SI,X,X,X,,,,SI,NO,,,SI,X,X,X,X,,,SI,SI,,X,X,X,X,X,,,5,SI,X,X,,X,,,,,X,X,X,X,X,X,X,,,SI,SI,SI,SI,SI,10,X,X,,X,,X,,,X,,X,X,SI,SI,13,SI,2,,X,,,,X,X,,,X,X,X,X,X,,,,SI,SI,6,SI,,X,,X,,,SI,SI,SI,SI,SI,SI,SI,0,,,SI,NO,,//,SI,SI,SI,SI,SI,SI,X,X,,,,,,,,,X,X,X,X,X,,,,X,X,X,,,002,,SI,SI,SI,,,,,,X,,,,,X,SI,,X,X,X,,,SI,X,,,,,F0,A1,1,040124,040001
0794412,0,065510,3AS,SEÑOR DE LOS MILAGROS CIRCA,YURA,CIUDAD DE DIOS,2,,2,2 JEC-Jornada Escolar Completa,,,,,NO,,,,,,,,NO,,,,SI,X,,,,,,SI,SI,,X,,,,,NO,NO,,,SI,X,,X,X,,,SI,NO,,,,,,X,,,9,SI,X,,,X,,,,,X,X,X,X,X,X,X,,,SI,SI,SI,SI,SI,2,X,,,X,,,,,,X,,X,SI,SI,10,SI,2,,X,,,,,X,,,,X,,,,,,,SI,NO,,SI,,X,X,,,,SI,SI,SI,SI,SI,SI,SI,0,,,SI,SI,1,8/5/2024,NO,SI,SI,SI,SI,NO,,,,,,,,,,X,,,,X,,,,,X,,,,,0015,0058,SI,SI,NO,,,,,,,,,,,,NO,,,,,,,NO,,,,,,F0,A4,1,040128,040001
1647130,0,547444,3AS,40705,CERRO COLORADO,AREQUIPA,1,,1,1 JER-Jornada Escolar Regular,0,NO,0,NO,NO,,,,,,,,SI,NO,1,,SI,X,,,X,X,,SI,SI,,,X,,,,SI,NO,,,SI,X,,,,,,SI,SI,,,,,,X,,,9,SI,,,X,X,,,,,X,X,X,X,X,X,,,,SI,SI,SI,SI,SI,3,,X,,,X,,,,X,,X,X,SI,SI,9,SI,3,X,X,,,X,X,,,,,X,,X,,,,,SI,SI,15,SI,X,X,,X,,,SI,SI,SI,SI,SI,SI,SI,2,,,SI,NO,,//,SI,SI,SI,SI,SI,SI,X,X,,,,,,,,,X,,,,,X,,,X,,X,,,011-2025,082-2025,SI,SI,NO,,,,,,,,,,,,SI,,X,X,X,,,SI,,X,,,,F0,A1,1,040104,040001
1343771,0,998709,3AS,DIVINO CRISTO OBRERO,CAYMA,FRANCISCO BOLOGNESI,1,,1,1 JER-Jornada Escolar Regular,,,,,SI,SI,X,,,,,,SI,SI,,,SI,X,,,,,,SI,SI,,,X,,,,NO,NO,,,NO,,,,,,,SI,NO,X,,,,,,,,8,NO,,,,,,,NO,,X,X,X,X,,,,,,SI,SI,SI,SI,SI,3,X,,,,,,,,X,,,,SI,SI,4,SI,7,,X,,X,X,X,X,,,,X,,,,,,,SI,SI,2,SI,X,,,,,,SI,SI,SI,SI,SI,SI,SI,0,,,SI,NO,,//,SI,SI,SI,SI,SI,SI,,,,,X,X,,,,X,,,X,,,,,,X,,,,,,010-2025,NO,,NO,,,,,,,,,,,,NO,,,,,,,NO,,,,,,F0,B4,1,040103,040001
0309641,0,055525,3AS,AREQUIPA,AREQUIPA,AREQUIPA,1,,1,1 JER-Jornada Escolar Regular,,,,,SI,SI,,,,X,,,SI,SI,,,SI,X,,,,,,SI,SI,,,X,,,,NO,NO,,,SI,X,,X,,,,SI,SI,,,,,,X,,,7,SI,,X,,X,,,,,X,X,X,X,X,X,,,,SI,SI,SI,SI,SI,2,X,X,,,X,X,,,X,,X,,SI,SI,28,SI,5,,X,X,,,,,,,X,X,,X,X,,,,SI,SI,60,SI,X,,X,X,,,SI,SI,SI,SI,SI,SI,SI,0,,,SI,SI,4,11/7/2024,NO,SI,SI,NO,SI,NO,,,,,,,,,X,,X,X,X,X,X,X,X,,X,,,,,164,,SI,SI,,,,,,,,,,,,,SI,,,X,X,,,SI,X,,X,,,F0,A1,1,040101,040001
1277102,0,546897,3AS,LIBERTAD,MAJES,EL PEDREGAL,1,,1,1 JER-Jornada Escolar Regular,,,,,NO,,,,,,,,NO,,,,SI,X,,,,,,SI,SI,,X,,,,,SI,NO,,,SI,X,,,,,,SI,NO,X,,,,,,,,8,SI,,X,,,,,SI,2,X,X,X,X,X,X,,,,SI,SI,SI,SI,SI,2,X,,,X,,,,,X,,,,NO,SI,5,SI,1,,X,,,,,,,,X,X,,,,,,,SI,SI,4,NO,X,,,,,,SI,SI,SI,SI,SI,NO,SI,0,,,SI,SI,1,15/7/2024,SI,SI,SI,NO,SI,SI,X,X,,,,,,,,,X,,X,,,,,,X,,,,,019,,SI,NO,NO,,,,,,,,,,,,NO,,,,,,,NO,,,,,,F0,B4,1,040520,040010
0310052,0,056921,3AS,NUESTRA SEÑORA  DEL ROSARIO,AREQUIPA,AREQUIPA,2,,2,2 JEC-Jornada Escolar Completa,,,,,NO,,,,,,,,SI,SI,,,SI,X,,,,,,SI,SI,,X,,,,,NO,SI,1,,NO,,,,,,,SI,NO,,,,,,X,,,8,NO,,,,,,,SI,3,X,X,X,X,X,X,X,,,SI,SI,SI,SI,SI,3,X,X,X,X,,X,,,X,,X,X,SI,SI,5,SI,7,,X,X,,X,,,,,X,X,,X,X,,,,SI,SI,20,SI,X,X,,,,,SI,SI,SI,SI,SI,SI,SI,0,,,SI,NO,,//,SI,SI,SI,SI,SI,SI,,X,,,X,,,,X,,X,,,X,,X,,,X,,,,,,030,SI,NO,NO,,,,,,,,,,,,SI,,,,X,,,NO,,,,,,F0,B4,1,040101,040001
1030188,0,059019,3AS,SAN JOSE DE CALASANZ,CAYMA,DEÁN VALDIVIA,1,,1,1 JER-Jornada Escolar Regular,,,,,NO,,,,,,,,SI,SI,,,SI,,,,,,X,SI,SI,,X,,,,,NO,NO,,,SI,X,,X,,,,SI,SI,X,,,,X,X,,,8,NO,,,,,,,NO,,X,X,X,X,X,X,,,,SI,SI,SI,SI,SI,3,X,,X,,,,,,X,,X,,SI,SI,5,SI,1,,X,X,X,,X,,,,,X,,,,,,,SI,SI,2,SI,,X,,X,,,SI,SI,SI,SI,SI,SI,SI,0,,,SI,NO,,//,SI,SI,SI,SI,SI,SI,,,X,X,,,,,X,X,X,,X,X,,X,,,X,,X,,,229,,SI,SI,,,,,,,,,,,,,NO,,,,,,,NO,,,,,,F0,A4,1,040103,040001
0898825,0,057063,3AS,SAGRADO CORAZÓN DE JESÚS,AREQUIPA,URBANIZACIÓN MUNICIPAL,2,,2,2 JEC-Jornada Escolar Completa,,,,,NO,,,,,,,,SI,SI,,,SI,X,,,X,X,,SI,SI,,,X,,,,SI,NO,,,SI,X,,,,,,SI,SI,,,,,,X,,,9,SI,,X,,,,,NO,,X,X,X,,X,X,X,,,SI,SI,SI,SI,SI,3,X,X,,,X,X,,,X,X,X,X,SI,SI,13,SI,8,X,X,X,X,X,X,X,,,X,X,,X,X,,,,NO,SI,50,SI,X,X,X,X,,,SI,SI,SI,SI,SI,SI,SI,1,,,SI,NO,,//,SI,SI,SI,SI,SI,SI,X,X,,,,,,,X,X,X,X,X,X,X,X,,,X,,X,,,,22,SI,NO,,,,,,,,,,,,,NO,,,,,,,SI,X,,,,,F0,B4,1,040101,040001
1748722,0,823470,3AS,ADUNSA,LA JOYA,PUEBLO JOVEN EL TRIUNFO,1,,1,1 JER-Jornada Escolar Regular,,,,,SI,SI,,X,,,,,NO,,,,SI,,,,,,X,SI,SI,,,X,,,,NO,NO,,,NO,,,,,,,SI,SI,,,X,,,,,,8,SI,,,,X,,,SI,11,X,,X,,X,X,X,,,SI,SI,SI,SI,SI,3,X,X,,X,,,,,X,,X,X,NO,SI,5,SI,1,X,X,,,,X,X,,,X,X,,,,,,,SI,SI,3,SI,,X,,X,,,SI,SI,SI,SI,SI,NO,NO,,4,,SI,NO,,//,NO,SI,SI,SI,SI,SI,,,,,,,X,X,X,,,,,,,X,X,,X,,X,,,25,20,SI,SI,,,,,,,,,,,,,SI,,X,X,X,,,NO,,,,,,F0,B4,1,040108,040010
0579680,0,065633,3AS,40175 GRAN LIBERTADOR SIMON BOLIVAR,JOSE LUIS BUSTAMANTE Y RIVERO,SIMON BOLIVAR,1,,1,1 JER-Jornada Escolar Regular,,,,,NO,,,,,,,,NO,,,,SI,X,X,X,X,X,,SI,SI,,X,X,X,,,SI,SI,8,4,SI,X,X,X,X,,,NO,NO,,,,,,X,,,9,SI,X,X,X,X,,,,,,,,,,,,,,SI,SI,SI,SI,NO,,,X,,,,X,,,X,X,X,X,SI,SI,4,NO,,,,,,,,,,,,X,X,,X,,,,NO,NO,,SI,X,X,,X,,,SI,SI,SI,SI,SI,SI,SI,2,,,SI,NO,,//,SI,SI,NO,SI,SI,NO,,,,,,,,,X,,X,X,X,X,X,,X,,X,,,,,03,002,SI,SI,,,,,,,,,,,,,NO,,,,,,,NO,,,,,,F0,A1,1,040129,040002
0610683,0,064054,3AS,I.E.40204 NÉSTOR CÁCERES VELÁSQUEZ,SOCABAYA,CERRO SALVERRY,1,,1,1 JER-Jornada Escolar Regular,,,,,NO,,,,,,,,SI,SI,,,SI,X,,,,,,SI,SI,,X,X,,,,NO,SI,2,,SI,X,,,,,,SI,SI,,,,,,X,,,8,SI,X,X,X,X,,,,,X,X,X,,X,X,,,,SI,SI,SI,SI,SI,2,X,X,,X,,,,,X,,,,SI,SI,4,SI,2,X,X,,,X,X,,,,X,X,,X,,,,,SI,SI,10,SI,X,,,X,,,SI,SI,SI,SI,SI,SI,SI,0,,,SI,NO,,//,SI,SI,SI,SI,SI,SI,X,X,,,,,,,,X,X,,X,X,,,,,X,,,,,014-2025,,SI,SI,SI,X,X,,,,,,,X,,,SI,,X,,X,,,SI,X,,,,,F0,A1,1,040122,040002
3039872,0,910033,3AS,BRICEÑO,CERCADO,AREQUIPA,1,,1,1 JER-Jornada Escolar Regular,,,,,NO,,,,,,,,NO,,,,SI,,,,,,X,NO,NO,,,,,,,SI,NO,,,NO,,,,,,,SI,NO,,,,,,X,,,3,NO,,,,,,,NO,,X,X,X,,,,X,,,NO,,,,,,X,X,,X,,X,,,,X,,,NO,SI,5,NO,,,,,,,,,,,X,X,,X,,,,,SI,SI,3,SI,X,X,,,,,SI,SI,SI,SI,SI,SI,SI,0,,,SI,NO,,//,SI,SI,SI,SI,NO,SI,X,X,,,,,,,X,X,X,X,X,X,,X,,,,,X,,,,,,,,,,,,,,,,,,,NO,,,,,,,NO,,,,,,F0,B4,1,040101,040001
0310466,0,055747,3AS,NUESTRA SEÑORA DE FATIMA,AREQUIPA,AREQUIPA,1,,1,1 JER-Jornada Escolar Regular,,SI,,SI,NO,NO,,,,,,,SI,SI,,,SI,X,,,X,X,,SI,SI,X,X,X,X,,,SI,NO,,,NO,,,,,,,SI,NO,,,,,,X,,,9,NO,,,,,,,SI,2,X,X,X,X,X,X,X,,,SI,SI,SI,SI,SI,5,X,X,X,X,X,X,,,X,X,X,X,SI,SI,15,SI,6,X,X,X,X,X,X,X,,,X,X,X,X,X,,,,SI,SI,2,SI,X,X,X,,,,SI,SI,SI,SI,SI,SI,SI,2,,,SI,SI,2,8/5/2024,SI,SI,SI,SI,SI,SI,X,X,,,,,,,,,X,,X,X,X,X,X,X,X,,X,,,140,048,SI,SI,SI,,X,,,,,,,,,X,SI,,X,X,X,,,NO,,,,,,F0,B2,1,040101,040001
0749358,0,059463,3AS,40058 IGNACIO ALVAREZ THOMAS,CERRO COLORADO,ALTO LIBERTAD,2,,2,2 JEC-Jornada Escolar Completa,,,,,SI,SI,X,,,,,,SI,SI,,,SI,,,,,X,,SI,SI,X,X,X,X,,,SI,SI,4,1,SI,X,,,,,,SI,SI,X,X,,X,,,,,3,SI,X,X,X,X,,,,,X,X,X,X,X,X,X,,,SI,SI,SI,SI,SI,10,X,X,,,,,,,X,X,X,X,SI,SI,25,SI,25,X,X,X,X,X,X,X,,,X,X,X,X,X,,,,SI,SI,7,SI,X,,,X,,,SI,SI,SI,NO,SI,SI,SI,2,,,SI,NO,,//,SI,SI,SI,SI,SI,SI,X,X,X,X,,,,,X,,,,X,,,,,,X,,,,,056-2024,,SI,NO,,,,,,,,,,,,,NO,,,,,,,NO,,,,,,F0,A1,1,040104,040001
3000791,0,900604,3AS,CORPUS CHRISTI SCHOOL,MIRAFLORES,AREQUIPA,1,,1,1 JER-Jornada Escolar Regular,,,,,NO,,,,,,,,SI,SI,,,SI,,,,,,X,SI,SI,,X,,,,,NO,NO,,,NO,,,,,,,SI,SI,X,X,,,,,,,1,SI,X,X,,,,,NO,,X,X,,,X,X,X,,,SI,SI,SI,SI,NO,,X,X,,,,,,,X,,X,,SI,SI,4,NO,,,,,,,,,,,,X,X,,,,,,SI,SI,8,SI,,,X,,,,SI,SI,SI,SI,SI,NO,NO,,4,,SI,NO,,//,SI,SI,NO,SI,SI,NO,,,,,,,,,X,X,X,,X,,X,,X,X,,,,,,,,,,,,,,,,,,,,,,SI,,X,,X,,,NO,,,,,,F0,B4,1,040110,040002
0897819,0,059849,3AS,SANTO TOMAS DE AQUINO,CERRO COLORADO,URBANIZACIÓN MARISCAL CASTILLA,2,,2,2 JEC-Jornada Escolar Completa,,,,,NO,,,,,,,,SI,SI,,,SI,X,,,,,,SI,SI,,X,X,,,,NO,NO,,,SI,X,,X,,,,SI,SI,,,,,,,X,ORDEN DE PRELACIÓN,9,SI,X,X,,X,,,,,X,X,X,X,X,X,X,,,SI,SI,SI,SI,SI,2,X,X,X,X,X,X,,,X,,X,,SI,SI,10,NO,,,,,,,,,,,X,X,X,X,X,,,,SI,SI,30,SI,,X,,X,,,SI,SI,SI,NO,SI,SI,SI,4,,,SI,SI,4,17/9/2024,NO,SI,SI,SI,SI,NO,,,,,,,,,X,,X,,X,X,,X,X,X,X,X,X,,,204,,SI,NO,SI,,X,,,,,,,,X,,NO,,,,,,,NO,,,,,,F0,A4,1,040104,040001
1390855,0,545609,3AS,LICEE JEAN BAPTISTE LAMARCK,AREQUIPA,AREQUIPA,1,,1,1 JER-Jornada Escolar Regular,,,,,NO,,,,,,,,SI,SI,,,SI,X,,,,,,SI,SI,X,X,X,X,,,SI,NO,,,NO,,,,,,,SI,NO,,,,,,X,,,2,SI,,X,X,X,,,NO,,X,X,X,,X,X,X,,,SI,SI,SI,SI,SI,5,X,X,X,X,,X,,,X,X,X,X,SI,SI,15,SI,2,X,X,X,X,,X,X,,,X,X,X,X,X,,,,NO,SI,6,SI,X,X,X,X,,,SI,SI,SI,NO,SI,SI,SI,1,,,SI,NO,,//,SI,SI,NO,SI,SI,SI,,,X,X,X,X,,,,X,X,,X,X,X,X,X,X,,,,,,,,,,,,,,,,,,,,,,NO,,,,,,,NO,,,,,,F0,B4,1,040101,040001
1379387,0,069834,3AS,40379,CABANACONDE,PINCHOLLO,,5,9,9 Otro,,,,,NO,,,,,,,,SI,SI,,,SI,,,,,,X,SI,SI,,X,X,X,,,SI,NO,,,SI,X,,,,,,SI,SI,,,,,,X,,,6,NO,,,,,,,,,,X,X,X,,,,,,SI,SI,SI,SI,SI,2,X,,,X,,,,,X,X,X,,SI,SI,5,NO,,,,,,,X,,,,X,X,,,,,,,SI,SI,20,SI,X,X,,X,,,SI,SI,SI,SI,SI,SI,SI,0,,,SI,SI,1,20/11/2024,SI,SI,SI,SI,SI,SI,X,X,,,,,,,X,X,X,X,X,X,X,X,X,,X,,,,,028-2025,,SI,SI,,,,,,,,,,,,,SI,,X,X,,,,SI,,X,,,,F0,A1,2,040503,040006
1339050,0,843755,3AS,PRINCIPE DE ASTURIAS,AREQUIPA,AREQUIPA,2,,2,2 JEC-Jornada Escolar Completa,,,,,SI,SI,,,,X,,,SI,SI,,,SI,X,,,,,,SI,SI,,X,X,,,,SI,NO,,,SI,X,,X,,,,SI,NO,,,,,,X,,,8,SI,,,X,X,,,NO,,X,X,X,,,,,,,SI,NO,NO,SI,NO,,X,X,,,,,,,X,,,X,SI,SI,2,SI,4,,,,,X,X,X,,,,X,X,,,,,,SI,NO,,NO,,,,X,,,SI,SI,SI,SI,SI,SI,SI,0,,,SI,NO,,//,NO,SI,SI,SI,SI,SI,,X,,,,,X,,,,,X,X,,,,,,X,,X,,,033-2024,,SI,NO,,,,,,,,,,,,,NO,,,,,,,NO,,,,,,F0,B4,1,040101,040001
1624188,0,530523,3AS,SAN JUAN BAUTISTA DE CHALA,CHALA,CHALA,1,,1,1 JER-Jornada Escolar Regular,,,,,NO,,,,,,,,SI,SI,,,SI,X,,,,,,SI,SI,,X,X,,,,SI,NO,,,SI,X,,X,,,,SI,SI,,,,,,X,,,6,SI,,X,X,,,,NO,,X,X,X,X,X,X,X,,,SI,SI,SI,SI,SI,2,,X,,X,,,,,X,X,X,X,SI,SI,8,SI,2,,X,,,,X,X,,,X,X,,X,,,,,SI,SI,5,SI,X,,,X,,,SI,SI,SI,SI,SI,SI,SI,0,,,SI,NO,,//,SI,SI,SI,SI,SI,NO,,,,,,,,,,,X,X,X,,,,,,,,X,,,,,,,,,,,,,,,,,,,NO,,,,,,,SI,,X,,,,F0,B4,1,040307,040004
0695262,0,062979,3AS,SANTA ROSA DE LIMA,PAUCARPATA,CALIFORNIA B,2,,2,2 JEC-Jornada Escolar Completa,,,,,NO,,,,,,,,SI,SI,,,SI,,,,,,X,SI,SI,,X,,,,,NO,SI,3,,SI,X,,,,,,SI,SI,X,,X,X,X,,,,5,NO,,,,,,,,,X,X,X,X,X,X,X,,,SI,SI,SI,SI,SI,4,X,X,X,X,X,X,,,X,X,X,X,SI,SI,14,SI,3,,X,X,,X,X,X,,,X,X,X,X,X,,,,SI,SI,318,SI,X,X,,X,,,SI,SI,SI,SI,SI,SI,SI,0,,,SI,SI,1,19/7/2024,SI,SI,SI,SI,SI,SI,X,X,,,,,,,X,,X,X,X,X,X,,X,X,X,,X,,,,108,SI,SI,,,,,,,,,,,,,NO,,,,,,,SI,X,,,,,F0,A4,1,040112,040002
0525725,0,062823,3AS,NEPTALI VALDERRAMA AMPUERO,PAUCARPATA,AREQUIPA,2,,2,2 JEC-Jornada Escolar Completa,,,,,NO,,,,,,,,SI,SI,,,SI,X,,,,,,SI,SI,,X,X,,,,NO,SI,3,,SI,X,,,,,,SI,SI,X,,,X,,,,,5,SI,,,X,,,,,,X,X,X,X,X,X,X,,,SI,SI,SI,SI,NO,,X,X,,,,,,,X,,,,SI,SI,15,SI,2,,X,,,X,X,,,,X,,X,,X,,,,SI,SI,1,SI,X,X,X,X,,,SI,SI,SI,SI,SI,SI,SI,1,,,SI,NO,,//,SI,SI,SI,SI,SI,SI,,,X,X,,,,,X,,,,X,,,,X,,X,,X,,,0,0,SI,SI,,,,,,,,,,,,,NO,,,,,,,SI,,X,,,,F0,A2,1,040112,040002
1717487,0,798606,3AS,ALTIPLANO,YURA,CONO NORTE,1,,1,1 JER-Jornada Escolar Regular,,,,,NO,,,,,,,,SI,NO,1,,SI,,,,,X,,SI,SI,,X,X,X,,,SI,NO,,,SI,X,,X,X,,,SI,SI,,X,X,X,,,,,6,NO,,,,,,,,,X,X,X,X,X,X,,,,SI,SI,SI,SI,SI,6,X,X,X,X,X,,,,X,,X,X,SI,SI,12,SI,9,X,X,X,X,X,X,,,,X,X,X,X,X,,,,SI,SI,32,SI,,,,X,,,SI,SI,SI,SI,SI,SI,SI,1,,,SI,SI,2,9/9/2024,NO,SI,SI,SI,SI,SI,X,X,,,,,,,,X,X,,X,,,X,,X,X,,X,,,019-2025,02-2024,SI,SI,SI,,,,,,,X,PREVENCION DE LA VIOLENCIA,,X,X,NO,,,,,,,NO,,,,,,F0,A1,1,040128,040001
0637249,0,064964,3AS,40048 ANTONIO JOSE DE SUCRE,YANAHUARA,YANAHUARA,2,,2,2 JEC-Jornada Escolar Completa,,,,,NO,,,,,,,,SI,NO,1,,SI,X,,,,,,SI,SI,X,X,X,,,,SI,SI,0,7,NO,,,,,,,SI,SI,,,,,,X,,,4,SI,X,X,,X,,,,,X,X,X,X,X,X,X,,,SI,SI,SI,SI,SI,4,X,X,X,X,,X,,,X,X,X,X,SI,SI,15,NO,,,,,,,,,,,X,X,X,X,X,,,,SI,SI,15,SI,X,X,,X,,,SI,SI,SI,SI,SI,SI,SI,8,,,SI,SI,15,21/10/2024,SI,SI,SI,SI,NO,SI,X,X,,,,,,,X,X,X,,X,X,,X,X,,X,X,X,,,0055-2025,,SI,SI,SI,X,,,,,,,,,,X,SI,X,,,,,,NO,,,,,,F0,A1,1,040126,040001
0745935,0,066114,3AS,ST. ANDREW,JOSE LUIS BUSTAMANTE Y RIVERO,AREQUIPA,2,,2,2 JEC-Jornada Escolar Completa,,,,,SI,SI,X,,,,,,SI,SI,,,SI,X,,,,,,SI,SI,,X,X,,,,NO,NO,,,NO,,,,,,,SI,NO,X,,,,,X,,,6,SI,,X,X,,,,NO,,X,X,X,,X,X,X,,,SI,SI,SI,SI,SI,2,X,X,,,,X,,,X,X,X,X,SI,SI,25,NO,,,,,,,,,,,X,X,X,X,X,,,,NO,NO,,SI,X,X,,X,,,SI,SI,SI,SI,SI,SI,SI,5,,,SI,SI,4,20/9/2024,SI,SI,SI,SI,SI,SI,,,,,X,X,,,X,X,X,X,X,X,,,X,,X,,X,,,,005,SI,SI,,,,,,,,,,,,,NO,,,,,,,SI,X,,,,,F0,B4,1,040129,040002
1673102,0,059854,3AS,SEÑOR DE HUANCA,CERRO COLORADO,VILLA PARAISO,1,,1,1 JER-Jornada Escolar Regular,,,,,NO,,,,,,,,SI,NO,1,,SI,X,,,,,,SI,SI,X,X,,X,,,SI,NO,,,SI,X,X,X,,,,SI,SI,X,,,X,,X,,,8,SI,X,X,,X,,,,,,X,X,,,,X,,,SI,SI,SI,SI,SI,3,X,X,,,,,,,X,X,,,SI,SI,6,SI,5,X,X,X,,X,X,X,,,,X,X,,,,,,SI,SI,6,SI,,X,,,,,SI,SI,SI,SI,SI,SI,SI,0,,,SI,NO,,//,SI,SI,SI,SI,SI,SI,X,X,,,,,,,X,X,,X,X,X,,X,X,,X,X,X,,,026,017,SI,SI,SI,X,X,,,,,,,,,X,NO,,,,,,,SI,X,X,,,,F0,A4,1,040104,040001
0492769,0,065572,3AS,40038 JORGE BASADRE GROHMANN,JOSE LUIS BUSTAMANTE Y RIVERO,ALTO DE LA LUNA,1,,1,1 JER-Jornada Escolar Regular,,,,,NO,,,,,,,,SI,SI,,,SI,X,,,,,,SI,SI,X,X,,,,,SI,SI,5,4,SI,X,,,,,,SI,SI,X,X,,,,,,,2,SI,X,,,,,,,,X,X,X,X,X,X,X,,,SI,SI,NO,NO,,,X,X,,X,,,,,X,,X,,SI,SI,31,SI,1,X,X,X,X,X,,,,,X,,X,,,,,,SI,SI,20,SI,X,X,X,,,,SI,SI,SI,SI,SI,NO,SI,4,,,SI,SI,4,10/11/2024,NO,SI,SI,SI,SI,SI,,,,,X,X,,,X,,X,,X,,X,,X,X,X,X,,,,00808-2025,0020,SI,SI,SI,X,,,,,,,,,X,,NO,,,,,,,SI,X,,,,,F0,A1,1,040129,040002
0899369,0,059745,3AS,CRISTO MORADO,CERRO COLORADO,AREQUIPA,2,,2,2 JEC-Jornada Escolar Completa,,,,,NO,,,,,,,,SI,NO,1,,SI,X,,,,X,,SI,SI,X,X,X,X,,,SI,SI,,1,SI,X,X,X,,X,VACUNACION Y CHARLAS,SI,SI,,,,,,X,,,6,SI,X,X,X,X,,,,,X,X,X,X,X,X,X,X,AUXILIAR DE EDUCACION,SI,SI,SI,SI,SI,5,X,X,,X,,X,,,X,X,X,X,SI,SI,10,SI,10,X,X,X,X,X,X,X,,,X,X,X,X,X,,,,SI,SI,5,SI,X,,,X,,,SI,SI,SI,SI,SI,SI,SI,0,,,SI,NO,,//,SI,SI,SI,SI,SI,SI,X,X,,,,,,,X,X,X,,X,X,X,,X,X,X,,X,,,RD N 05-2025,,SI,NO,,,,,,,,,,,,,NO,,,,,,,SI,X,X,,,,F0,A1,1,040104,040001
1032184,0,062941,3AS,SAN PEDRO Y SAN PABLO - CIRCA,PAUCARPATA,JORGE CHÁVEZ,2,,2,2 JEC-Jornada Escolar Completa,,,,,NO,,,,,,,,SI,SI,,,SI,,,,,X,,SI,SI,,X,,,,,NO,NO,,,SI,X,,,,,,SI,SI,,,,,,X,,,5,SI,,,,X,,,,,X,X,X,X,X,X,X,,,SI,SI,SI,NO,,,X,X,,X,X,X,,,X,X,X,X,SI,SI,10,SI,2,,,X,,X,X,X,,,X,X,,X,X,,,,SI,SI,10,SI,X,X,X,X,,,SI,SI,SI,SI,SI,SI,SI,0,,,SI,SI,1,22/10/2024,NO,SI,NO,SI,SI,SI,X,X,,,,,,,,,,X,X,,,,,,X,,X,,,074,,SI,SI,NO,,,,,,,,,,,,NO,,,,,,,SI,X,,,,,F0,A4,1,040112,040002
1238831,0,576610,3AS,NUEVA GENERACION ESTUDIANTIL,MAJES,EL PEDREGAL,1,,1,1 JER-Jornada Escolar Regular,,,,,NO,,,,,,,,SI,SI,,,SI,X,,,,,,SI,SI,,X,,,,,NO,NO,,,SI,X,,,,,,SI,SI,X,,,,,,,,8,SI,,,X,,,,SI,2,X,,X,X,,X,X,,,SI,SI,SI,SI,SI,1,X,,,X,,,,,,,X,,SI,SI,1,NO,,,,,,,,,,,,X,,,,,,,SI,SI,2,SI,X,,,,,,SI,SI,SI,SI,SI,SI,SI,0,,,SI,NO,,//,SI,SI,NO,SI,SI,NO,,,,,,,,,,,X,,X,,,,X,,,,,,,,,,,,,,,,,,,,,,,NO,,,,,,,NO,,,,,,F0,B4,1,040520,040010
1415967,0,547873,3AS,SAN JUAN MASIAS,CAYMA,AREQUIPA,1,,1,1 JER-Jornada Escolar Regular,,,,,NO,,,,,,,,SI,NO,1,,SI,X,,,,,,SI,SI,,,X,,,,SI,NO,,,SI,X,,X,,,,SI,SI,X,,,,X,,,,8,NO,,,,,,,NO,,X,X,X,X,X,X,X,,,SI,SI,SI,SI,SI,3,X,,X,,X,,,,X,X,,,SI,SI,5,SI,2,X,X,X,,,,,,,,,X,,X,,,,SI,SI,3,SI,X,,,,,,SI,SI,SI,SI,SI,SI,SI,0,,,SI,NO,,//,SI,SI,SI,SI,SI,SI,,,,,X,X,,,X,X,,,X,,,,,,X,,,,,086,,SI,SI,NO,,,,,,,,,,,,NO,,,,,,,NO,,,,,,F0,B4,1,040103,040001
0617209,0,061423,3AS,CORAZON  DE JESUS,MARIANO MELGAR,SANTA ROSA,2,,2,2 JEC-Jornada Escolar Completa,,,,,NO,,,,,,,,SI,SI,,,SI,X,,,,X,,SI,SI,,X,X,X,,,SI,SI,,1,SI,X,X,X,,,,SI,SI,,,,X,,X,,,9,SI,X,,X,X,,,,,X,X,X,X,X,X,,,,SI,SI,SI,SI,SI,3,X,X,X,X,X,X,,,X,X,X,X,SI,SI,12,SI,2,,X,,,X,X,X,,,X,X,X,X,X,,,,SI,SI,20,SI,X,,,X,,,SI,SI,SI,SI,SI,SI,SI,0,,,SI,NO,,//,NO,SI,SI,SI,SI,SI,,,X,X,,,,,X,,X,,X,X,X,X,X,X,X,X,X,,,175-2024,,SI,SI,SI,,X,,,,,,,X,X,,SI,,X,X,X,,,SI,,X,,,,F0,A4,1,040109,040002
0750083,0,064596,3AS,CARLOS JOSE ECHAVARRY OSACAR,TIABAYA,PPJJ SAN JOSE,2,,2,2 JEC-Jornada Escolar Completa,,,,,NO,,,,,,,,SI,SI,,,SI,,,,,,X,SI,SI,,X,X,,,,NO,NO,,,SI,X,,X,,,,SI,SI,X,,,,,X,,,5,NO,,,,,,,,,X,X,X,X,,,X,,,SI,SI,SI,SI,SI,8,X,X,X,X,X,X,,,X,X,X,X,SI,SI,12,SI,2,,X,X,,X,,,,,X,X,X,X,X,,,,SI,SI,6,SI,X,X,X,X,,,SI,SI,SI,SI,SI,SI,SI,2,,,SI,SI,4,25/6/2024,SI,SI,SI,SI,SI,SI,X,X,,,,,,,X,X,X,X,X,X,X,X,X,X,X,,X,,,086,,SI,SI,NO,,,,,,,,,,,,NO,,,,,,,NO,,,,,,F0,A1,1,040123,040001
3047768,0,913362,3AS,JAMES REICH,CERRO COLORADO,PERUARBO,1,,1,1 JER-Jornada Escolar Regular,,,,,NO,,,,,,,,SI,SI,,,SI,,,,,,X,SI,SI,,X,X,,,,SI,NO,,,SI,X,,X,,,,SI,SI,X,,,,,,,,8,NO,,,,,,,NO,,,,,,,,,,,NO,,,,,,,X,,,,X,,,,,,X,SI,SI,11,NO,,,,,,,,,,,,X,X,,,,,,SI,SI,10,SI,X,X,X,X,,,SI,SI,SI,SI,SI,NO,NO,,4,,SI,NO,,//,NO,NO,,NO,SI,SI,X,X,,,,,X,X,X,X,X,X,X,X,X,X,X,,X,,X,,,,007-2025,SI,NO,,,,,,,,,,,,,NO,,,,,,,NO,,,,,,F0,B4,1,040104,040001
1239128,0,063648,3AS,EL MILAGRO DE FATIMA,SACHACA,ALTO DE AMADOS,3,,3,3 SFT-Secundaria con Formacion Tecnica,,,,,NO,,,,,,,,SI,NO,1,,SI,X,,,X,,,SI,SI,,,X,,,,NO,NO,,,SI,X,,X,,,,SI,NO,,,X,,,X,,,8,SI,,,,X,,,,,X,X,X,X,X,X,,,,SI,SI,SI,SI,SI,3,X,X,,X,,X,,,X,X,X,,SI,SI,5,SI,10,X,X,,,X,X,X,,,X,X,X,,X,,,,SI,SI,5,SI,X,X,,X,,,SI,SI,SI,SI,SI,SI,SI,0,,,SI,SI,2,4/11/2024,SI,SI,SI,SI,SI,SI,,,X,X,,,,,X,,X,,X,X,,,X,X,X,,X,,,63,,SI,SI,,,,,,,,,,,,,NO,,,,,,,NO,,,,,,F0,A4,1,040117,040001
1799295,0,826869,3AS,LEONARDO DA VINCI,CERRO COLORADO,CERRO COLORADO,1,,1,1 JER-Jornada Escolar Regular,,,,,NO,,,,,,,,SI,SI,,,SI,X,,,,,,SI,SI,,X,X,,,,SI,NO,,,SI,X,,,,,,SI,SI,,,,,,X,,,8,SI,,X,,X,,,NO,,X,X,X,X,X,X,X,,,SI,SI,SI,SI,SI,3,X,X,X,X,,X,,,X,X,X,X,SI,SI,2,SI,3,X,X,X,X,X,X,X,,,X,X,X,X,X,,,,NO,SI,3,SI,,X,,X,,,SI,SI,SI,SI,SI,SI,SI,0,,,SI,NO,,//,SI,SI,SI,SI,SI,SI,X,X,,,,,,,X,X,X,X,X,X,X,X,X,X,X,X,X,,,020,267-2024,SI,SI,SI,,X,X,,,,,,,X,,SI,,X,X,,,,SI,X,X,,,,F0,B4,1,040104,040001
0309484,0,073015,3AS,VICTOR MANUEL TORRES CACERES,PUNTA DE BOMBON,PUNTA DE BOMBON,2,,2,2 JEC-Jornada Escolar Completa,,,,,NO,,,,,,,,SI,SI,,,SI,X,,,,,,SI,SI,,X,X,X,,,SI,SI,,1,SI,X,,X,,,,SI,SI,,X,,,,X,,,5,SI,X,X,X,,,,,,X,X,X,X,X,X,X,,,SI,SI,SI,SI,SI,3,,X,,,,X,,,X,,X,,SI,SI,19,SI,2,X,,,,,X,,,,X,X,,X,X,,,,SI,SI,95,SI,X,,,X,X,VISITAS OPINADAS PROGRAMADAS,SI,SI,SI,SI,SI,SI,SI,0,,,SI,SI,8,15/11/2024,NO,SI,SI,SI,SI,SI,X,X,,,,,,,X,,,,X,,,,X,,X,,X,,,70,,SI,SI,,,,,,,,,,,,,SI,X,,,,,,SI,,,X,,,F0,A1,1,040706,040008
1031525,0,067528,3AS,SAN MARTIN DE PORRES,ACARI,ACARI,1,,1,1 JER-Jornada Escolar Regular,,,,,NO,,,,,,,,SI,SI,,,SI,X,,,,X,,SI,SI,,X,X,,,,NO,NO,,,SI,,,X,,,,SI,NO,,,,,,X,,,2,NO,,,,,,,NO,,X,X,X,X,,X,X,,,SI,SI,SI,SI,SI,3,X,X,,X,X,X,,,X,,X,,SI,SI,10,SI,3,X,X,X,,X,X,,,,,X,X,X,X,,,,SI,NO,,SI,X,X,,X,,,SI,SI,SI,SI,SI,SI,SI,1,,,SI,SI,4,11/10/2024,SI,SI,SI,NO,SI,SI,,,X,X,,,,,,X,,,X,,X,X,,,X,,X,,,0044-2024,167-2024,SI,SI,SI,,X,,,,,,,,,X,SI,,X,X,X,,,SI,,X,,,,F0,A4,1,040302,040004
1653609,0,735256,3AS,DR JUAN MANUEL GUILLEN BENAVIDES,MAJES,CIUDAD MAJES,1,,1,1 JER-Jornada Escolar Regular,,,,,NO,,,,,,,,SI,NO,1,,SI,X,,,,,,SI,SI,X,X,,,,,SI,SI,1,0,SI,X,X,X,X,,,SI,SI,,,X,,,X,,,5,SI,X,,X,X,,,,,X,X,X,X,X,X,,,,SI,SI,SI,SI,SI,3,,X,,X,,X,,,X,,X,,SI,SI,12,SI,3,,X,X,X,X,X,,,,,,,,X,,,,SI,SI,2,SI,X,X,,X,,,SI,SI,SI,SI,SI,SI,SI,0,,,SI,NO,,//,NO,SI,SI,SI,SI,SI,X,X,,,X,X,,,X,X,X,X,X,X,,X,,,X,X,X,,,019-2025,,SI,SI,SI,X,X,X,,,,,,,X,X,NO,,,,,,,SI,X,,,,,F0,A1,1,040520,040010
1375450,0,536313,3AS,SAN ANTONIO DE PADUA,PAUCARPATA,GUARDIA CIVIL,1,,1,1 JER-Jornada Escolar Regular,,,,,NO,,,,,,,,SI,SI,,,SI,,,,,,X,SI,SI,,,X,,,,SI,NO,,,SI,X,,X,,,,SI,SI,,,,,,X,,,8,NO,,,,,,,NO,,X,X,X,X,X,X,X,,,SI,SI,SI,SI,SI,2,X,X,,,,,,,X,X,X,X,SI,SI,53,SI,3,,X,X,,X,,,,,X,X,,X,,,,,SI,SI,15,SI,X,X,,,,,SI,SI,SI,SI,SI,SI,SI,0,,,SI,NO,,//,SI,SI,SI,SI,SI,NO,,,,,,,,,X,,X,,,X,,X,X,,X,,X,,,035,015,SI,NO,,,,,,,,,,,,,NO,,,,,,,NO,,,,,,F0,B4,1,040112,040002
1363464,0,272524,3AS,SAN JOSE DE COTTOLENGO,CERRO COLORADO,ASOCIACION ANDRES AVELINO CACERES,1,,1,1 JER-Jornada Escolar Regular,,,,,NO,,,,,,,,NO,,,,SI,X,,,,,,SI,SI,,X,X,,,,SI,NO,,,SI,X,,,,,,SI,SI,,,,,X,X,,,9,SI,X,,X,,,,,,X,X,X,X,X,X,,,,SI,SI,SI,SI,SI,3,X,X,,X,,,,,,X,X,,SI,SI,10,SI,4,X,X,X,,X,X,X,,,X,X,,X,X,,,,SI,SI,5,SI,X,,,X,,,SI,SI,SI,SI,SI,SI,SI,0,,,SI,NO,,//,SI,SI,SI,SI,SI,SI,X,X,,,,,,,,X,,,,X,,,,,X,,,,,035,086,SI,SI,SI,X,,,,,,,,X,,,SI,X,,,,,,SI,X,,,,,F0,A4,1,040104,040001
0895904,0,064407,3AS,MARIA IANUA COELI,SOCABAYA,AREQUIPA,1,,1,1 JER-Jornada Escolar Regular,,SI,,,NO,,,,,,,,SI,SI,,,SI,,,,,,X,SI,SI,,,X,,,,NO,NO,,,SI,X,,,,,,SI,NO,X,X,,,,X,,,8,SI,X,,,X,,,NO,,X,X,X,,,,X,,,SI,SI,SI,SI,SI,1,,,,,,X,,,X,,,,SI,SI,1,NO,,,,,,,,,,,,X,,,,,,,SI,SI,3,SI,X,X,,,,,SI,SI,SI,SI,SI,SI,SI,1,,,SI,SI,6,13/12/2024,SI,SI,NO,SI,SI,SI,,,,,X,X,,,,X,,,X,,,,,,X,,X,,,,012,SI,SI,NO,,,,,,,,,,,,NO,,,,,,,NO,,,,,,F0,B4,1,040122,040002
1240126,0,057421,3AS,CD CARPE DIEM,CERCADO,AREQUIPA,1,,1,1 JER-Jornada Escolar Regular,,NO,,NO,NO,,,,,,,,SI,SI,,,NO,,,,,,X,SI,SI,,X,X,,,,SI,NO,,,SI,X,,,,,,SI,SI,X,,,,X,,,,6,SI,X,X,X,,,,NO,,X,X,X,X,X,X,X,,,SI,SI,SI,SI,SI,2,,X,,,,X,,,X,,,X,NO,SI,3,NO,,,,,,,,,,,X,X,,X,,,,,SI,SI,4,SI,,X,X,X,,,SI,SI,SI,SI,SI,SI,SI,1,,,SI,SI,1,4/11/2024,SI,SI,NO,SI,SI,SI,X,X,,,,,,,X,,X,,X,X,,,X,,X,,X,,,018,35,NO,,,,,,,,,,,,,,NO,,,,,,,NO,,,,,,F0,B4,1,040101,040001
1117894,0,062615,3AS,40185 SAN JUAN BAUTISTA DE JESUS,PAUCARPATA,URB MANCO CAPAC,1,,1,1 JER-Jornada Escolar Regular,,,,,NO,,,,,,,,SI,SI,,,SI,X,,,,,,SI,SI,,X,X,,,,SI,NO,,,SI,X,X,X,X,,,SI,SI,,X,,,,,,,8,NO,,,,,,,,,X,X,,,,,,,,SI,SI,SI,NO,,,,X,,,,,,,,X,,X,SI,SI,5,SI,1,,,X,,,X,,,,,,X,X,,,,,SI,SI,2,SI,X,,,X,,,SI,SI,SI,SI,SI,SI,SI,1,,,SI,NO,,//,SI,SI,SI,SI,SI,SI,,,,,,,X,X,X,,,,,X,,,,,X,,,,,015-2025,,SI,SI,NO,,,,,,,,,,,,SI,,X,,,,,SI,X,,,,,F0,A1,1,040112,040002
0898098,0,070837,3AS,SANTA TERESA DE LISIEUX,MAJES,LA COLINA,1,,1,1 JER-Jornada Escolar Regular,,,,,NO,,,,,,,,SI,SI,,,SI,X,,,,,,SI,SI,X,X,,,,,SI,NO,,,SI,X,,,,,,SI,SI,X,,,,,,,,9,SI,,X,,,,,NO,,X,,X,X,X,,X,,,SI,SI,SI,SI,SI,1,X,,X,,,,,,X,,,,SI,SI,9,SI,1,,X,X,X,,,,,,,X,X,,,,,,SI,NO,,SI,X,,,,,,SI,SI,SI,SI,SI,SI,SI,0,,,SI,NO,,//,SI,SI,NO,SI,SI,NO,,,,,,,,,X,,,,X,,,,X,,X,,,,,RD N 10,OFICIO N° 10,SI,SI,,,,,,,,,,,,,NO,,,,,,,NO,,,,,,F0,B4,1,040520,040010
1370097,0,532409,3AS,MAGNUS EDUCATORIS,AREQUIPA,AREQUIPA,1,5,1,1 JER-Jornada Escolar Regular,,,,,NO,,,,,,,,SI,SI,,,SI,,,,,,X,SI,NO,,,,,,,,NO,,,NO,,,,,,,SI,NO,X,,,,,X,,,8,NO,,,,,,,NO,,X,X,,,,,,,,SI,SI,SI,SI,NO,,X,X,,X,,X,,,X,X,X,X,NO,SI,1,NO,,,,,,,,,,,X,X,X,,X,,,,SI,NO,,SI,,X,X,X,,,SI,SI,SI,NO,SI,SI,SI,0,,,SI,NO,,//,NO,SI,NO,SI,SI,NO,,,,,,,,,,X,X,X,,X,,X,,,X,,,,,030,05,SI,NO,NO,,,,,,,,,,,,NO,,,,,,,NO,,,,,,F0,B4,1,040101,040001
1255066,0,057831,3AS,METROPOLITANO,AREQUIPA,SANTA ISABEL,1,,1,1 JER-Jornada Escolar Regular,,,,,NO,,,,,,,,NO,,,,SI,,,,,,X,SI,SI,X,,,,,,NO,NO,,,NO,,,,,,,SI,SI,X,,,,,X,,,3,NO,,,,,,,NO,,X,X,X,,,,,,,SI,SI,NO,NO,,,,,,,,X,,,X,,,,NO,SI,1,NO,,,,,,,,,,,,,X,,,,,,SI,NO,,SI,,X,,,,,SI,SI,SI,NO,SI,NO,SI,0,,,SI,NO,,//,NO,SI,NO,SI,SI,NO,,,,,,,,,X,,,,X,,,,X,,,,,,,,,,,,,,,,,,,,,,,NO,,,,,,,NO,,,,,,F0,B4,1,040101,040001
0898247,0,070328,3AS,40386 TUPAC AMARU,ICHUPAMPA,ICHUPAMPA,1,,1,1 JER-Jornada Escolar Regular,,,,,NO,,,,,,,,SI,SI,,,SI,,,,,,X,SI,SI,,X,X,,,,SI,NO,,,SI,X,,X,,,,SI,SI,,,,,,,X,POR ESCALA MAGISTERIAL,8,NO,,,,,,,,,X,X,X,X,X,X,,X,REPRESENTANTE DE PADRES DE FAMILIA,SI,SI,SI,SI,SI,8,X,X,,X,,,,,X,,X,,SI,SI,5,SI,10,,X,X,X,X,X,X,,,X,X,,X,X,,,,SI,SI,4,SI,,X,,X,,,SI,SI,SI,SI,SI,SI,SI,2,,,SI,SI,1,13/8/2024,SI,SI,SI,SI,SI,SI,X,X,,,,,,,,,X,X,X,X,,,,,X,,X,,,22-2025,093,NO,,,,,,,,,,,,,,NO,,,,,,,SI,X,,,,,F0,A1,2,040509,040006
0894675,0,540094,3AS,SEYMOUR BRUNER,AREQUIPA,AREQUIPA,1,,1,1 JER-Jornada Escolar Regular,,,,,SI,SI,,,,X,,,SI,SI,,,SI,,,,,X,,SI,SI,,,X,,,,SI,SI,4,0,SI,,,X,,,,SI,NO,,,X,X,,X,,,8,SI,,X,X,,,,NO,,X,,X,,,X,X,,,SI,SI,NO,SI,SI,3,,X,,,,,,,X,,X,,SI,SI,5,SI,6,X,X,,X,,X,X,,,X,X,,,,,,,NO,SI,3,SI,X,,,,,,SI,SI,SI,SI,SI,NO,SI,1,,,SI,NO,,//,SI,SI,SI,SI,NO,SI,,,,,,X,X,,,X,,X,X,,,X,,,X,,X,,,052-I.ESB,,NO,,,,,,,,,,,,,,NO,,,,,,,SI,,X,,,,F0,B4,1,040101,040001
1622745,0,863296,3AS,PERCY GIBSON MOLLER,CERRO COLORADO,AREQUIPA,1,,1,1 JER-Jornada Escolar Regular,,,,,NO,,,,,,,,SI,SI,,,SI,X,,,,,,SI,SI,,X,,,,,SI,NO,,,SI,X,X,,,,,SI,SI,,,,,,X,,,8,SI,X,X,X,X,,,NO,,X,X,X,X,X,X,X,,,SI,SI,SI,SI,SI,4,X,X,X,X,X,X,,,X,X,X,X,SI,SI,5,NO,,,,,,,,,,,X,X,X,X,X,,,,SI,SI,5,SI,X,X,X,X,,,SI,SI,SI,SI,SI,SI,SI,0,,,SI,NO,,//,SI,SI,SI,SI,SI,SI,,,,,X,X,,,X,X,X,X,X,X,X,X,,,,X,,,,,,,,SI,,,,,X,X,,,,,X,SI,X,,,,,,SI,X,,,,,F0,B4,1,040104,040001
1274315,0,550808,3AS,SHAMMAH,MARIANO MELGAR,MARIANO MELGAR,1,,1,1 JER-Jornada Escolar Regular,,,,,NO,,,,,,,,NO,,,,SI,,,,,,X,SI,SI,,X,X,,,,NO,NO,,,NO,,,,,,,SI,SI,,,,,,X,,,8,SI,,,X,,,,NO,,,,,,,,,,,SI,SI,SI,SI,NO,,,X,,,,,,,X,,,,NO,SI,5,NO,,,,,,,,,,,X,X,,,,,,,NO,SI,8,NO,X,,,,,,NO,,,,SI,NO,SI,0,,,NO,,,//,NO,SI,NO,SI,SI,NO,,,,,,,,,,,X,,,,,X,X,,,,,,,,,,,,,,,,,,,,,,,NO,,,,,,,NO,,,,,,F0,B4,1,040109,040002
0617290,0,064266,3AS,40208 PADRE FRANCOIS DELATTE,SOCABAYA,BELLAPAMPA,1,,1,1 JER-Jornada Escolar Regular,,,,,SI,SI,,,,,X,SE REAJUSTÓ LA PLANIFICACIÓN,SI,NO,1,,SI,X,,X,X,,,SI,NO,,,,,,,,SI,7,1,SI,X,,X,,,,SI,NO,,,,,,X,,,2,NO,,,,,,,,,X,X,X,X,X,X,X,,,SI,SI,SI,SI,SI,3,,X,X,,,X,,,X,X,X,,SI,SI,15,NO,,,,,,,,,,,X,X,X,X,X,,,,SI,SI,5,SI,X,X,,X,,,SI,SI,SI,SI,SI,SI,SI,2,,,SI,NO,,//,NO,SI,SI,SI,SI,SI,X,X,,,,,,,X,,,X,X,X,,X,X,X,X,X,X,,,664,272,SI,SI,SI,,X,,,,,,,X,,,NO,,,,,,,SI,,X,,,,F0,A4,1,040122,040002
1643246,0,117217,3AS,40694 CENTRO DE INNOVACION PEDAGOGICA ISPPA,YURA,CAMINEROS EMPLEADOS,1,,1,1 JER-Jornada Escolar Regular,,,,,NO,,,,,,,,SI,SI,,,SI,X,,,X,,,SI,SI,,X,X,X,,,SI,SI,0,2,SI,X,,X,,,,SI,SI,,,,,,X,,,9,SI,X,,,X,,,,,X,X,X,X,X,X,,,,SI,SI,SI,SI,SI,4,X,X,,X,X,X,,,X,X,X,X,SI,SI,10,SI,10,X,X,X,X,X,X,X,,,X,X,,X,X,,,,SI,SI,4,SI,X,X,,X,,,SI,SI,SI,SI,SI,SI,SI,2,,,SI,SI,1,11/6/2024,SI,SI,SI,SI,SI,SI,X,X,,,,,,,,X,X,X,X,X,X,X,,X,X,,X,,,RD 037,,SI,SI,,,,,,,,,,,,,NO,,,,,,,SI,X,,,X,UGEL NORTE,F0,A4,1,040128,040001
1338730,0,910071,3AS,FEDERICO VILLARREAL,ALTO SELVA ALEGRE,PJ INDEPENDENCIA,,5,9,9 Otro,,,,,NO,,,,,,,,SI,SI,,,NO,X,,,,X,,SI,SI,,X,X,,,,NO,NO,,,SI,X,,,,,,SI,NO,X,,,,,X,,,8,SI,X,,,X,,,NO,,X,X,X,X,X,X,,,,SI,SI,SI,SI,SI,3,X,X,,X,,X,,,X,X,X,,SI,SI,5,SI,1,X,X,X,X,X,X,,,,X,X,X,X,X,,,,SI,NO,,SI,X,,,X,,,SI,SI,SI,SI,SI,SI,SI,0,,,SI,NO,,//,SI,SI,SI,SI,SI,NO,,,,,,,,,X,,X,,X,,,X,,,X,,,,,009-2025,,SI,SI,NO,,,,,,,,,,,,NO,,,,,,,SI,X,,,,,F0,B4,1,040102,040002
1333665,0,627539,3AS,SANTA MARIA DEL VALLE,UCHUMAYO,CONGATA,1,,1,1 JER-Jornada Escolar Regular,,,,,NO,,,,,,,,SI,SI,,,SI,X,,,,,,SI,NO,,,X,,,,SI,NO,,,SI,X,X,,,,,SI,NO,,,,,,X,,,8,NO,,,,,,,NO,,X,X,,,X,,,,,NO,,,,,,X,,,,,X,,,X,,,,NO,SI,5,SI,2,,X,,,,,,,,,X,,,,,,,SI,SI,2,SI,,X,,,,,SI,SI,SI,SI,SI,NO,SI,0,,,SI,NO,,//,NO,SI,SI,SI,SI,SI,,,,,X,X,,,,,,X,,X,,,,,X,,X,,,036-2025,,SI,SI,NO,,,,,,,,,,,,NO,,,,,,,NO,,,,,,F0,B4,1,040124,040001
1770254,0,840889,3AS,ALEXANDER FRIEDMAN,CERRO COLORADO,CIUDAD MUNICIPAL,1,,1,1 JER-Jornada Escolar Regular,,,,,NO,,,,,,,,SI,SI,,,SI,X,,,,,,SI,SI,,,X,,,,SI,NO,,,NO,,,,,,,SI,SI,X,,,,,X,,,9,NO,,,,,,,NO,,X,,X,,,,X,,,SI,SI,NO,SI,NO,,,,,,,,X,CHARLAS,X,,,,SI,SI,5,SI,1,,X,,X,,,,,,,X,,,,,,,SI,NO,,SI,X,,,,,,SI,SI,SI,SI,SI,SI,SI,0,,,SI,NO,,//,SI,SI,NO,NO,SI,SI,,,,,X,X,,,X,,X,,X,X,,,,,,,X,,,,,,,,,,,,,,,,,,,NO,,,,,,,NO,,,,,,F0,B4,1,040104,040001
1238591,0,779636,3AS,ASOCIACION EDUCATIVA REY DE REYES,CAYMA,CALLE LOS ARCES,1,,1,1 JER-Jornada Escolar Regular,,,,,NO,,,,,,,,SI,SI,,,SI,X,,,X,,,SI,SI,X,X,X,,,,NO,NO,,,SI,,,,,X,CAMPAÑA DE VACUNACION,SI,SI,,,X,,,X,,,5,NO,,,,,,,SI,8,X,X,X,X,X,X,X,,,SI,SI,SI,SI,SI,7,X,X,,X,,X,,,X,X,X,,SI,SI,10,SI,10,,X,X,,X,X,X,,,X,X,X,X,X,,,,SI,NO,,SI,,X,,X,,,SI,SI,SI,SI,SI,SI,SI,11,,,SI,SI,2,12/4/2024,SI,SI,SI,SI,NO,SI,,,,,,,X,X,X,,,,,X,,,X,X,X,,X,,,046-2024,,SI,NO,,,,,,,,,,,,,NO,,,,,,,NO,,,,,,F0,B4,1,040103,040001
1254028,0,062272,3AS,SAN MIGUEL ARCANGEL,MIRAFLORES,MIRAFLORES,1,,1,1 JER-Jornada Escolar Regular,,,,,SI,SI,,,,X,,,NO,,,,SI,,,,X,,,SI,SI,,,X,,,,SI,NO,,,SI,,,X,,,,SI,SI,X,,X,,,X,,,8,NO,,,,,,,NO,,X,X,X,X,X,X,X,,,SI,SI,SI,SI,SI,3,X,X,,X,,,,,X,X,X,,SI,SI,7,NO,,,,,,,,,,,X,X,X,,X,,,,SI,SI,1,SI,X,X,,X,,,SI,SI,SI,SI,SI,SI,SI,0,,,SI,NO,,//,SI,SI,NO,SI,SI,SI,X,X,,,,,,,X,X,X,,X,X,X,X,,X,X,,X,,,12,10,SI,SI,,,,,,,,,,,,,SI,,X,,,,,NO,,,,,,F0,B4,1,040110,040002
1624170,0,546958,3AS,ACUARELA DEL SOL,AREQUIPA,AREQUIPA,1,,1,1 JER-Jornada Escolar Regular,,,,,NO,,,,,,,,SI,SI,,,SI,X,X,,X,X,,SI,SI,X,,,,X,APOYO PSICOLÓGICO,NO,SI,2,,NO,,,,,,,NO,NO,,,,,,X,,,8,NO,,,,,,,NO,,X,X,X,,,,X,,,NO,,,,,,,,X,X,,X,,,X,X,X,X,NO,SI,5,NO,,,,,,,,,,,X,X,,X,X,,,,NO,SI,8,SI,X,X,,,,,SI,SI,SI,SI,SI,SI,SI,0,,,SI,NO,,//,SI,SI,SI,SI,SI,NO,,,,,,,,,X,,X,X,X,X,,X,X,,,,X,,,,,,,,,,,,,,,,,,,NO,,,,,,,SI,X,,,,,F0,B4,1,040101,040001
0894642,0,058294,3AS,WILLIAM MORRIS,ALTO SELVA ALEGRE,ALTO SELVA ALEGRE,1,,1,1 JER-Jornada Escolar Regular,,,,,NO,,,,,,,,SI,SI,,,SI,X,,,,,,SI,SI,,X,X,,,,SI,SI,1,,SI,X,X,,,,,SI,NO,X,,,,,,,,8,SI,X,,,,,,NO,,X,,X,X,X,X,X,,,SI,SI,SI,NO,,,X,,X,X,,X,,,X,,X,X,NO,SI,5,SI,1,,,,,,,,X,GUIA DE DOCUMENTOS PEDAGOGICOS,,X,X,X,X,,,,SI,SI,25,SI,X,,,,,,SI,SI,SI,NO,SI,SI,SI,0,,,SI,NO,,//,NO,SI,SI,NO,SI,SI,X,X,,,,,,,X,,,X,X,,,X,X,,X,,X,,,,018,NO,,,,,,,,,,,,,,NO,,,,,,,NO,,,,,,F0,B4,1,040102,040002
1673086,0,059811,3AS,EL NAZARENO,CERRO COLORADO,AREQUIPA,1,,1,1 JER-Jornada Escolar Regular,,,,,SI,SI,X,,,,X,CARPETAS DE RECUPERACION,SI,SI,,,SI,X,,,X,,,SI,SI,,X,X,X,,,SI,NO,,,SI,X,,,,,,SI,SI,X,,,,,X,,,8,SI,X,,,X,,,,,X,X,X,X,X,X,,,,SI,SI,SI,NO,,,X,X,,X,X,,,,X,X,X,X,SI,SI,5,SI,2,X,X,,X,X,X,X,,,X,X,X,X,,,,,SI,SI,4,SI,X,,X,X,,,SI,SI,SI,SI,SI,NO,NO,,4,,SI,SI,2,12/7/2024,SI,SI,NO,SI,SI,SI,X,X,,,,,,,X,X,,X,X,X,,X,X,,,,X,,,,,,,,,,,,,,,,,,,NO,,,,,,,SI,,,,X,PSICOLOGA DE LA UGEL,F0,A4,1,040104,040001
1237106,0,065586,3AS,40121 EVERARDO ZAPATA SANTILLANA,JOSE LUIS BUSTAMANTE Y RIVERO,CASAPIA,1,,1,1 JER-Jornada Escolar Regular,,,,,NO,,,,,,,,SI,SI,,,SI,X,,,,,,SI,SI,X,X,X,,,,SI,NO,,,SI,X,X,X,X,,,SI,SI,,,,,,X,,,5,SI,X,X,X,X,,,,,X,X,X,X,X,X,,,,SI,SI,SI,SI,SI,3,,X,,,,X,,,X,,X,X,SI,SI,9,SI,6,X,X,X,,,X,X,,,X,X,X,X,X,,,,SI,SI,10,SI,,,,X,,,SI,SI,SI,SI,SI,SI,SI,0,,,SI,NO,,//,SI,SI,SI,SI,SI,SI,,,X,X,,,,,,,X,X,X,X,,X,,,X,,,,,,045,SI,SI,NO,,,,,,,,,,,,NO,,,,,,,NO,,,,,,F0,A1,1,040129,040002
0749325,0,058642,3AS,40046 JOSE L. CORNEJO A.,CAYMA,CAYMA,1,,1,1 JER-Jornada Escolar Regular,,,,,NO,,,,,,,,SI,SI,,,SI,X,,,,,,SI,SI,,,,,X,FAMILIAS FUERTES,SI,SI,3,3,SI,X,,,,,,SI,SI,,,,,,,X,CUADRO DE HORAS,9,SI,X,,,,,,,,X,X,X,X,X,X,,,,SI,SI,SI,SI,SI,2,,X,,X,X,,,,X,,X,X,SI,SI,15,SI,4,,,,,X,X,X,,,X,X,,X,,,,,SI,SI,2,SI,X,,,X,,,SI,SI,SI,SI,SI,SI,SI,0,,,SI,SI,2,20/11/2024,NO,SI,SI,SI,SI,SI,X,X,,,,,,,X,,X,,X,X,X,,,,X,,X,,,158-2024,,SI,SI,NO,,,,,,,,,,,,SI,,X,,,,,SI,X,,,,,F0,A1,1,040103,040001
1371095,0,627822,3AS,JOSE LUIS BUSTAMANTE Y RIVERO,CERRO COLORADO,JOSE LUIS BUSTAMANTE Y RIVERO,2,,2,2 JEC-Jornada Escolar Completa,,,,,NO,,,,,,,,SI,SI,,,SI,X,,,,X,,SI,SI,,X,X,X,,,SI,NO,,,SI,X,X,X,,,,SI,SI,X,X,X,X,X,X,,,9,SI,X,X,X,X,,,,,X,X,X,X,X,X,X,,,SI,SI,SI,SI,SI,3,X,X,X,X,X,X,,,X,X,X,,SI,SI,18,SI,7,X,X,X,X,X,X,X,,,X,X,X,,X,,,,SI,SI,6,SI,X,X,X,X,,,SI,SI,SI,SI,SI,SI,SI,1,,,SI,NO,,//,SI,SI,SI,SI,SI,SI,X,X,,,,,,,X,X,X,X,X,X,X,X,X,,X,,X,,,54,,SI,SI,,,,,,,,,,,,,NO,,,,,,,SI,X,,,,,F0,A1,1,040104,040001
0899187,0,064577,3AS,40083 FRANKLIN ROOSEVELT,TIABAYA,TIABAYA,2,,2,2 JEC-Jornada Escolar Completa,,,,,NO,,,,,,,,SI,NO,1,,SI,,,X,,X,,SI,SI,,X,X,,X,BAPES,SI,NO,,,SI,X,,X,,X,VACUNAS  VIRUS PAPILOMA HUMANO,NO,NO,,,X,,,X,X,SEGÚN ESCALA,9,SI,X,X,X,X,,,NO,,X,X,X,X,X,X,X,,,SI,SI,SI,SI,SI,3,,X,X,X,,X,,,X,X,X,X,SI,SI,10,NO,,,,,,,,,,,X,X,X,X,X,,,,SI,SI,30,SI,X,X,,X,,,SI,SI,SI,SI,SI,SI,SI,0,,,SI,SI,3,15/7/2024,SI,SI,SI,SI,SI,SI,,,X,X,,,,,,X,X,,X,X,,,X,,X,,X,,,72,38,SI,SI,,,,,,,,,,,,,NO,,,,,,,NO,,,,,,F0,A1,1,040123,040001
0794420,0,059934,3AS,JUAN DE LA CRUZ CALIENES,CERRO COLORADO,CHALLAPAMPA,1,,1,1 JER-Jornada Escolar Regular,,,,,NO,,,,,,,,NO,,,,SI,,,,,,X,SI,SI,X,,X,,X,CAMPEONATO DEPORTIVO,SI,NO,,,SI,X,,X,,,,SI,SI,,,X,,,X,,,5,SI,,X,X,X,,,SI,2,X,X,X,X,,,X,,,SI,SI,SI,SI,SI,3,X,X,,X,,X,,,X,,X,X,NO,SI,15,SI,8,,X,X,,X,X,X,,,X,X,X,X,X,,,,SI,SI,100,SI,,X,,X,,,SI,SI,SI,SI,SI,SI,SI,1,,,SI,SI,1,5/12/2024,SI,SI,SI,SI,SI,NO,,,,,,,,,X,,,X,,X,X,,,,,,X,X,DELEGADOS DE AULA,,,,,,,,,,,,,,,,,NO,,,,,,,NO,,,,,,F0,B4,1,040104,040001
1796564,0,781253,3AS,JESUS DE NAZARETH,CERRO COLORADO,AREQUIPA,1,,1,1 JER-Jornada Escolar Regular,,,,,NO,,,,,,,,SI,SI,,,SI,X,,,,,,SI,SI,,X,X,,,,SI,NO,,,SI,X,,X,,,,SI,SI,,,,,,X,,,8,SI,X,,,,,,,,X,X,X,X,X,X,,,,SI,SI,SI,SI,SI,3,,,,X,,,,,X,,X,,SI,SI,1,SI,4,,X,,,X,X,X,,,X,X,,,,,,,SI,SI,10,SI,X,,,,,,SI,SI,SI,SI,SI,SI,SI,1,,,SI,NO,,//,SI,SI,SI,SI,NO,SI,,,,,X,X,,,X,,,,X,,,,,X,X,,X,,,0055-2025,,SI,SI,,,,,,,,,,,,,NO,,,,,,,NO,,,,,,F0,A4,1,040104,040001
1116300,0,058656,3AS,40049 CORONEL FRANCISCO BOLOGNESI CERVANTES,CAYMA,AREQUIPA,1,,1,1 JER-Jornada Escolar Regular,,,,,NO,,,,,,,,SI,SI,,,SI,X,,,,,,SI,SI,,,X,,,,SI,SI,1,,SI,X,,X,,,,SI,SI,,,X,,,,,,9,SI,X,X,,X,,,,,X,X,X,X,,X,,,,SI,SI,SI,SI,SI,1,,X,,X,X,,,,X,X,X,X,SI,SI,15,SI,1,X,,,,X,X,,,,,X,,X,X,,,,SI,SI,1,SI,X,X,,X,,,SI,SI,SI,SI,SI,SI,SI,1,,,SI,NO,,//,SI,SI,SI,SI,SI,SI,X,X,,,,,,,,,X,X,X,X,,,X,,X,,,,,188,,SI,SI,,,,,,,,,,,,,SI,,X,,,,,NO,,,,,,F0,A1,1,040103,040001
0310128,0,065223,3AS,NUESTRA SRA. DE LA MERCED,YANAHUARA,AREQUIPA,1,,1,1 JER-Jornada Escolar Regular,,,,,NO,,,,,,,,SI,SI,,,SI,X,,,,,,SI,SI,,X,X,,,,SI,NO,,,SI,,,,,X,OTROS,SI,SI,,,,,,X,,,7,NO,,,,,,,SI,22,X,X,X,,X,X,X,,,SI,SI,SI,SI,SI,6,X,X,X,X,,X,X,CAMPAÑAS PERMANENTES,X,X,X,X,SI,SI,25,SI,1,X,X,X,,X,X,X,,,X,X,X,X,X,,,,SI,SI,5,SI,X,X,X,X,,,SI,SI,SI,SI,SI,SI,SI,0,,,SI,SI,5,26/7/2024,NO,SI,SI,SI,SI,SI,,,,,X,X,,,X,X,X,X,X,X,X,X,X,X,X,,X,X,PATRULLA JUVENIL,2025,,SI,SI,,,,,,,,,,,,,NO,,,,,,,NO,,,,,,F0,B4,1,040126,040001
1282292,0,998926,3AS,CRISTO SALVADOR DE MONTECARLO,TIABAYA,TIABAYA,2,,2,2 JEC-Jornada Escolar Completa,,,,,SI,NO,,,,,,,SI,SI,,,SI,,,,,,X,SI,SI,X,,,X,,,SI,NO,,,SI,X,,,,X,CAMPAÑAS DE  VACUNACION,SI,NO,,,,,,X,,,8,NO,,,,,,,NO,,X,X,X,X,,,X,,,SI,SI,SI,SI,SI,2,X,,X,,X,,,,X,X,,X,SI,SI,5,SI,1,X,X,X,,,X,X,,,X,X,X,,,,,,SI,SI,5,SI,X,X,,X,,,SI,SI,SI,SI,SI,SI,SI,0,,,SI,NO,,//,SI,SI,SI,SI,SI,SI,X,X,,,X,X,,,X,,X,X,X,X,X,X,,X,,,,,,,,,,,,,,,,,,,,,,SI,X,X,,,,,SI,X,,,,,F0,B4,1,040123,040001
1536960,0,812787,3AS,CHAVES SCHOOL,AREQUIPA,AREQUIPA,1,,1,1 JER-Jornada Escolar Regular,,,,,NO,,,,,,,,SI,SI,,,SI,,,,,,X,SI,SI,,X,,,,,SI,NO,,,NO,,,,,,,SI,NO,,,,X,,X,,,8,NO,,,,,,,NO,,X,,X,,,,X,,,SI,SI,SI,NO,NO,,X,,,,,,,,X,,,,NO,SI,2,NO,,,,,,,,,,,X,,,,,,,,NO,SI,7,NO,,X,,,,,SI,SI,SI,NO,SI,SI,SI,1,,,SI,NO,,,SI,SI,NO,SI,SI,NO,,,,,,,,,,X,,,X,,,,X,,,,,,,,,,,,,,,,,,,,,,,NO,,,,,,,NO,,,,,,F0,B4,1,040101,040001
1202605,0,071120,3AS,40418,TAPAY,TAPAY,1,,1,1 JER-Jornada Escolar Regular,,,,,NO,,,,,,,,SI,SI,,,SI,X,,,,,,SI,SI,,,X,,,,NO,NO,,,SI,X,,,,,,NO,NO,,,,,,X,,,8,SI,,,X,,,,NO,,X,X,X,X,X,X,,,,SI,SI,SI,SI,SI,3,X,,,X,,X,,,X,,X,,SI,SI,5,SI,2,,,X,,,X,,,,,X,X,X,,,,,SI,NO,,SI,,X,,X,,,SI,SI,SI,SI,SI,SI,SI,0,,,SI,NO,,//,NO,SI,SI,SI,SI,SI,X,X,,,,,,,,X,,X,X,,,X,,,X,X,X,,,010,020,SI,NO,SI,,X,,,,,,,,,X,NO,,,,,,,SI,,X,,,,F0,A1,2,040516,040006
0310193,0,056916,3AS,NUESTRA SEÑORA DEL PILAR,AREQUIPA,AREQUIPA,1,,1,1 JER-Jornada Escolar Regular,,,,,NO,,,,,,,,NO,,,,SI,,,,,,X,SI,SI,X,X,X,,X,CONFERENCIAS GENERALES,SI,NO,,,SI,X,,,,,,SI,SI,X,,X,X,,,,,4,NO,,,,,,,NO,,X,X,,,X,X,X,,,SI,SI,SI,SI,SI,4,X,X,,,,X,,,X,,X,,SI,SI,12,SI,5,,,,,X,X,,,,X,X,X,,X,,,,SI,SI,240,NO,X,X,,X,,,SI,SI,SI,NO,SI,SI,SI,10,,,SI,SI,2,2/7/2024,NO,SI,SI,SI,SI,NO,,,,,,,,,X,X,X,X,X,X,X,X,,,,,,X,CONSEJOS DE AULA,,,,,,,,,,,,,,,,,NO,,,,,,,NO,,,,,,F0,B4,1,040101,040001
1720564,0,852783,3AS,SIR ALEXANDER FLEMING,AREQUIPA,CENTRO,2,,2,2 JEC-Jornada Escolar Completa,,,,,NO,,,,,,,,NO,,,,NO,X,,,,,,SI,SI,X,X,,,,,NO,SI,5,0,SI,,,X,X,,,SI,SI,X,,,,,,,,1,NO,,,,,,,NO,,,,,,,,,,,SI,SI,SI,NO,,,,X,,,,,,,,X,,X,NO,NO,,NO,,,,,,,,,,,,,,,X,,,,NO,NO,,NO,X,X,X,X,,,SI,SI,SI,NO,NO,,NO,,3,,NO,,,//,SI,SI,SI,SI,SI,SI,,,,,X,X,,,X,X,X,X,X,X,X,X,,,X,,X,,,000023349,11,SI,SI,,,,,,,,,,,,,NO,,,,,,,NO,,,,,,F0,B4,1,040101,040001
0579607,0,061201,3AS,40129 MANUEL VERAMENDI E HIDALGO,MARIANO MELGAR,GENERALISIMO SAN MARTIN,1,,1,1 JER-Jornada Escolar Regular,,,,,NO,,,,,,,,SI,SI,,,SI,X,,,,,,SI,SI,,X,,,X,ESCUELA DE PADRES,SI,SI,39,1,SI,X,,,,,,SI,SI,,,,,,X,,,7,SI,X,,,,,,,,X,X,X,X,X,X,,,,SI,SI,SI,SI,SI,2,,X,,X,,X,,,X,,,,SI,SI,13,SI,1,,,,,,X,,,,X,X,X,X,X,,,,SI,SI,3,SI,,,,X,,,SI,SI,SI,SI,SI,SI,SI,0,,,SI,SI,2,4/7/2024,NO,SI,SI,SI,SI,SI,X,X,,,,,,,,,X,,X,X,,,,X,X,,X,,,016,,SI,NO,,,,,,,,,,,,,NO,,,,,,,SI,,X,,,,F0,A1,1,040109,040002
0891879,0,066656,3AS,DE JESUS E.I.R.L.,CAMANÁ,,1,,1,1 JER-Jornada Escolar Regular,,,,,NO,,,,,,,,SI,SI,,,SI,,,,X,X,,SI,SI,,X,X,,,,SI,NO,,,SI,X,X,X,,,,SI,SI,,,X,,,X,,,8,SI,,X,,,,,NO,,X,X,X,X,X,X,X,,,SI,SI,SI,SI,SI,3,X,X,,X,,X,,,X,,,X,SI,SI,5,SI,1,,X,X,,,,X,,,X,X,X,X,X,,,,SI,SI,4,SI,X,X,,,,,SI,SI,SI,SI,SI,SI,SI,0,,,SI,NO,,//,SI,SI,NO,SI,SI,SI,,,,,X,,,X,X,,X,X,X,X,X,X,X,,X,,X,,,029,,SI,SI,,,,,,,,,,,,,NO,,,,,,,SI,X,,,,,F0,B4,1,040201,040003
1341510,0,057708,3AS,DIVINO REDENTOR,LA JOYA,ESTACION DE VITOR,1,,1,1 JER-Jornada Escolar Regular,,,,,NO,,,,,,,,SI,SI,,,SI,,,,,,X,SI,SI,X,X,X,X,,,NO,NO,,,SI,,,,,X,VACUNCIONES,SI,SI,,,,,,X,,,6,NO,,,,,,,NO,,X,X,X,X,X,X,X,X,AUXILIAR,SI,SI,SI,SI,SI,3,X,X,,,,X,,,X,,X,,SI,SI,5,SI,5,,X,X,,,X,,,,X,X,,X,X,,,,SI,SI,10,SI,X,,X,,,,SI,SI,SI,SI,SI,NO,SI,0,,,SI,NO,,//,SI,SI,SI,SI,SI,SI,,,,,,,X,X,X,,,,X,X,,X,X,X,,,,,,,,,,,,,,,,,,,,,,NO,,,,,,,NO,,,,,,F0,B4,1,040108,040010
1607225,0,820377,3AS,BRYCE PEDREGAL,MAJES,PEDREGAL,1,,1,1 JER-Jornada Escolar Regular,,,,,NO,,,,,,,,SI,SI,,,SI,,,,,,X,SI,NO,,,,,,,,NO,,,NO,,,,,,,NO,SI,X,,,,,,,,8,NO,,,,,,,NO,,X,X,X,,,,,,,SI,SI,SI,NO,,,,,X,,,,,,X,,,,SI,NO,,NO,,,,,,,,,,,X,,,,,,,,SI,NO,,NO,X,,,,,,SI,SI,SI,NO,SI,SI,SI,0,,,SI,NO,,//,NO,NO,,SI,SI,NO,,,,,,,,,X,,,,X,,,,,,,,,X,BRIGADAS ESOLARES,,,,,,,,,,,,,,,,,NO,,,,,,,NO,,,,,,F0,B4,1,040520,040010
1031731,0,056493,3AS,JOHN WESLEY,AREQUIPA,AREQUIPA,1,,1,1 JER-Jornada Escolar Regular,,,,,NO,,,,,,,,NO,,,,SI,,,,X,,,SI,SI,,,X,X,X,ESCUELA DE PADRES,NO,NO,,,SI,X,,,,,,SI,SI,X,,,,,X,,,8,NO,,,,,,,NO,,X,X,X,X,X,X,X,,,SI,SI,SI,SI,SI,3,X,X,,X,X,,,,X,X,X,X,SI,SI,5,SI,5,,X,,,,X,,X,JUSTICIA RESTAURATIVA,X,X,X,,X,,,,NO,SI,70,SI,,X,X,X,,,SI,SI,SI,SI,SI,SI,SI,0,,,SI,NO,,//,SI,SI,SI,SI,SI,SI,X,X,,,,,,,,X,X,,X,X,,X,X,X,X,,X,,,21,18,SI,SI,,,,,,,,,,,,,SI,X,,,,,,NO,,,,,,F0,B4,1,040101,040001
1303759,0,055728,3AS,MARIA INMACULADA,AREQUIPA,AREQUIPA,1,,1,1 JER-Jornada Escolar Regular,,,,,NO,,,,,,,,SI,SI,,,SI,X,,,,,,SI,SI,X,X,X,X,,,SI,NO,,,SI,X,,,,,,SI,NO,,,,,,X,,,8,NO,,,,,,,,,X,X,X,X,,X,X,,,SI,SI,SI,SI,SI,4,X,X,X,X,X,X,,,X,X,X,X,SI,SI,5,SI,2,,,,,,X,X,,,X,X,X,X,X,,,,SI,SI,40,SI,,X,,,,,SI,SI,SI,SI,SI,NO,NO,,4,,SI,,1,//,NO,SI,SI,SI,NO,SI,X,X,,,,,,,X,X,X,X,X,X,X,X,,,X,,X,,,013-2025,,SI,SI,NO,,,,,,,,,,,,NO,,,,,,,NO,,,,,,F0,A4,1,040101,040001
0309344,0,056172,3AS,PADRE DAMIAN DE LOS SAGRADOS CORAZONES,AREQUIPA,AREQUIPA,1,,1,1 JER-Jornada Escolar Regular,,,,,NO,,,,,,,,SI,NO,1,,SI,X,,,,,,SI,SI,,X,X,,,,SI,NO,,,NO,,,,,,,SI,NO,,,,X,,,,,5,NO,,,,,,,SI,11,X,X,X,X,X,X,X,,,SI,SI,SI,SI,SI,10,X,X,,X,,X,,,X,X,X,X,SI,SI,37,SI,6,,X,,,X,X,,,,X,X,X,X,X,,,,SI,NO,,SI,X,,,,,,SI,SI,SI,SI,SI,SI,SI,1,,,SI,NO,,//,NO,SI,SI,SI,SI,SI,X,X,,,,,,,,,X,,,X,,X,,,X,,,,,036-2025,,SI,SI,NO,,,,,,,,,,,,NO,,,,,,,NO,,,,,,F0,B2,1,040101,040001
1659101,0,130308,3AS,40429 JOSE GABRIEL CONDORCANQUI,CAYARANI,VISCA VISCA,1,,1,1 JER-Jornada Escolar Regular,,,,,NO,,,,,,,,NO,,,,SI,,,,,X,,SI,SI,,X,X,X,,,SI,NO,,,SI,X,X,X,X,,,NO,SI,,,X,,,X,,,8,SI,X,X,X,X,,,,,X,X,X,X,X,X,,,,SI,SI,SI,SI,SI,3,X,,X,X,,X,,,X,X,X,X,SI,SI,5,SI,2,,X,X,X,X,X,X,,,X,X,X,,X,,,,SI,SI,10,SI,X,,,X,,,SI,SI,SI,SI,SI,SI,SI,1,,,SI,SI,1,17/10/2024,SI,SI,SI,SI,SI,SI,X,X,,,,,,,X,X,,X,,X,,X,,,X,X,X,,,28-2024,,SI,SI,SI,,,,,,X,,,,,X,SI,,X,X,X,,,SI,X,,,,,F0,A1,2,040603,040006
0750125,0,061277,3AS,40139 ANDRES AVELINO CACERES DORREGARAY,MARIANO MELGAR,,1,,1,1 JER-Jornada Escolar Regular,,,,,NO,,,,,,,,SI,NO,1,,SI,X,,,,,,SI,SI,,,X,,,,SI,NO,,,SI,X,,,,,,SI,SI,X,,,,,X,,,4,NO,,,,,,,,,X,X,X,,X,,,,,SI,SI,SI,SI,SI,2,X,X,,X,X,X,,,X,X,X,X,SI,SI,6,SI,10,X,X,X,X,X,X,,,,X,X,,,X,,,,SI,SI,4,SI,,,,X,,,SI,SI,SI,SI,SI,SI,SI,1,,,SI,SI,3,27/12/2024,SI,SI,SI,SI,SI,SI,X,X,X,X,,,,,X,,X,,X,,,X,,X,X,,,,,088,139,SI,SI,,,,,,,,,,,,,SI,X,X,,,,,SI,X,,,,,F0,A1,1,040109,040002
0679035,0,071375,3AS,AGROPECUARIO YANQUE,YANQUE,YANQUE,1,,1,1 JER-Jornada Escolar Regular,,,,,NO,,,,,,,,SI,SI,,,SI,X,,,,,,SI,SI,,X,X,,,,SI,NO,,,SI,X,X,,,,,SI,SI,,,,,,X,,,8,SI,,,,X,,,,,,X,,,,,,,,SI,SI,SI,SI,SI,4,,X,,,,,,,X,X,,,SI,SI,5,SI,1,X,X,,X,,,,,,X,X,,,,,,,SI,SI,3,SI,X,,,,,,SI,SI,SI,SI,SI,SI,SI,0,,,SI,NO,,//,SI,SI,SI,SI,NO,SI,,,X,X,,,,,X,,,,X,,,,,,X,,,,,RD,012,SI,NO,NO,,,,,,,,,,,,NO,,,,,,,SI,X,,,,,F0,A1,2,040519,040006
0899237,0,062644,3AS,40300 MIGUEL GRAU,PAUCARPATA,,2,,2,2 JEC-Jornada Escolar Completa,,,,,NO,,,,,,,,SI,SI,,,SI,X,X,,X,X,,SI,SI,,,X,,,,SI,NO,,,SI,X,X,X,X,,,SI,SI,,,X,,,,,,9,SI,X,,,,,,,,X,X,,,,,X,,,SI,SI,SI,SI,SI,4,X,X,,X,X,X,,,X,,,,SI,SI,7,SI,2,,X,,,X,X,,,,X,X,X,X,X,,,,SI,SI,40,SI,,X,,,,,SI,SI,SI,SI,SI,SI,SI,0,,,SI,NO,,//,SI,SI,SI,SI,SI,SI,,,X,X,,,,,X,X,X,X,X,X,X,X,X,X,X,X,X,,,098,049,SI,SI,SI,,X,X,,,,,,,,X,SI,,X,X,X,,,SI,,X,,,,F0,A1,1,040112,040002
1339472,0,776242,3AS,MENDEL CAYMA,CAYMA,AREQUIPA,1,,1,1 JER-Jornada Escolar Regular,,,,,NO,,,,,,,,SI,SI,,,SI,X,,,,,,SI,SI,X,X,X,,,,SI,NO,,,SI,X,,X,,,,SI,SI,X,,,X,,X,,,2,SI,,,X,X,,,SI,2,X,X,X,,,,X,,,SI,SI,SI,SI,SI,3,X,X,,X,,,,,X,,X,,SI,SI,11,SI,3,,X,,,X,X,X,,,X,X,,X,,,,,SI,SI,3,SI,X,,,,,,SI,SI,SI,NO,SI,SI,SI,0,,,SI,NO,,//,SI,SI,SI,SI,SI,SI,,,,,X,X,,,X,,,,X,,,,,X,X,,X,,,051,27,SI,NO,,,,,,,,,,,,,NO,,,,,,,NO,,,,,,F0,B4,1,040103,040001
1342567,0,541606,3AS,EBENEZER,AREQUIPA,AREQUIPA,1,,1,1 JER-Jornada Escolar Regular,,,,,NO,,,,,,,,SI,SI,,,SI,X,,,X,X,,SI,SI,X,X,X,X,,,SI,NO,,,SI,X,X,,,,,SI,SI,,,X,X,,X,,,8,NO,,,,,,,NO,,X,X,X,X,X,X,X,,,SI,SI,SI,SI,SI,6,X,X,X,X,,X,,,X,X,X,X,SI,SI,5,SI,4,X,X,X,,X,X,X,,,X,X,X,X,X,,,,SI,SI,15,SI,X,X,X,X,,,SI,SI,SI,SI,SI,SI,SI,0,,,SI,NO,,//,SI,SI,SI,SI,SI,SI,,,,,X,X,,,X,,X,,X,X,X,X,,X,X,X,X,,,81-2024,,SI,SI,SI,,,X,,,X,,,X,,X,SI,,X,,X,,,SI,X,,,,,F0,B4,1,040101,040001
0309757,0,067043,3AS,JOSE MARIA MORANTE,OCOÑA,OCOÑA,2,,2,2 JEC-Jornada Escolar Completa,,,,,NO,,,,,,,,SI,SI,,,SI,X,,,,,,SI,SI,,X,,,X,CHARLAS,SI,SI,1,,SI,X,X,X,,,,SI,SI,,X,X,X,X,,,PLAN DE ESTUDIOS,5,SI,X,X,,X,,,,,X,X,X,X,X,X,X,,,SI,SI,SI,SI,SI,1,X,X,,X,,X,,,X,X,X,,SI,SI,8,NO,,,,,,,,,,,X,X,X,X,,,,,SI,SI,4,SI,,,,X,,,SI,SI,SI,SI,SI,SI,SI,0,,,SI,NO,,//,NO,SI,SI,SI,SI,SI,X,X,,,,,,,,,,X,X,,,,X,,X,,,,,015,,SI,SI,,,,,,,,,,,,,NO,,,,,,,SI,X,,,,,F0,A1,2,040206,040003
1344233,0,839584,3AS,JESUS DE NAZARETH,COCCHACRA,COCACHACRA,1,,1,1 JER-Jornada Escolar Regular,,,,,SI,SI,X,,,,,,SI,SI,,,SI,X,,,,,,SI,SI,,X,,X,,,NO,NO,,,NO,,,,,,,SI,NO,X,,X,,,,,,7,SI,,,X,,,,SI,1,X,X,X,X,X,X,X,,,SI,SI,SI,SI,NO,,,X,,X,,,,,X,X,X,X,SI,SI,3,SI,2,,X,,,,,X,,,,X,,,,,,,SI,NO,,SI,X,X,,,,,SI,SI,SI,SI,SI,SI,SI,0,,,SI,NO,,//,NO,SI,SI,SI,SI,SI,,,,,,X,X,,,,X,X,X,,,X,,X,X,,,,,08-25,,SI,NO,,,,,,,,,,,,,SI,,X,X,X,,,NO,,,,,,F0,B4,1,040702,040008
1575992,0,865144,3AS,JESUS BENAVIDES MOSCOSO,VITOR,BARRIO NUEVO,1,,1,1 JER-Jornada Escolar Regular,,,,,NO,,,,,,,,NO,,,,SI,,,,,,X,SI,SI,X,,X,,,,SI,NO,,,SI,X,,,,,,SI,SI,X,X,X,,,,,,8,SI,X,,,X,,,NO,,X,,X,,X,X,,,,SI,SI,SI,NO,,,X,X,,X,,,,,X,,X,,NO,SI,3,NO,,,,,,,,,,,,X,X,X,,,,,SI,SI,5,SI,X,,X,,,,SI,SI,SI,SI,SI,NO,NO,,3,,SI,SI,3,17/7/2024,SI,SI,NO,NO,NO,SI,,,,,X,X,,,X,X,,,X,X,,,,,X,,X,,,32,22,SI,SI,,,,,,,,,,,,,NO,,,,,,,NO,,,,,,F0,B4,2,040125,040010
1415959,0,546307,3AS,SECUNDARIA,CERRO COLORADO,PACHACUTEC VIEJO,1,,1,1 JER-Jornada Escolar Regular,,,,,NO,,,,,,,,SI,SI,,,SI,,,,,,X,SI,SI,,,X,,,,NO,NO,,,NO,,,,,,,SI,SI,,X,X,,,,,,8,NO,,,,,,,NO,,X,,X,,X,X,X,,,NO,,,,,,,X,X,X,,,,,X,,,,SI,SI,3,SI,9,,X,,,,X,X,,,X,X,,X,,,,,NO,SI,2,SI,,X,,,,,SI,SI,SI,NO,SI,SI,SI,1,,,SI,NO,,//,SI,SI,SI,NO,NO,NO,,,,,,,,,,X,,,X,,,,X,,,,,,,,,,,,,,,,,,,,,,,NO,,,,,,,NO,,,,,,F0,B4,1,040104,040001
1261726,0,063993,3AS,SANTISIMO NIÑO JESUS SCHOOL,SANTA RITA DE SIGUAS,SANTA RITA DE SIGUAS,1,,1,1 JER-Jornada Escolar Regular,,,,,NO,,,,,,,,SI,SI,,,SI,,,,,,X,SI,SI,,X,,,,,NO,NO,,,SI,X,,,,,,SI,NO,,,,,,X,,,8,SI,,,,X,,,NO,,X,X,X,X,X,X,,,,NO,,,,,,,X,,,,,,,,,X,,NO,SI,3,NO,,,,,,,,,,,X,,,,,,,,SI,SI,2,SI,X,,,,,,SI,SI,SI,SI,SI,NO,NO,,3,,SI,NO,,//,NO,SI,NO,SI,NO,SI,,,,,X,X,,,,,X,,,,X,,,,X,,,,,0015-2024,,SI,SI,NO,,,,,,,,,,,,NO,,,,,,,NO,,,,,,F0,B4,1,040121,040010
1532936,0,551983,3AS,LORD KARMEL,MIRAFLORES,EDIFICADORES MISTI,1,,1,1 JER-Jornada Escolar Regular,,,,,NO,,,,,,,,NO,,,,SI,,,,,,X,SI,SI,,X,X,,,,SI,NO,,,NO,,,,,,,SI,SI,,,,,X,,,,8,NO,,,,,,,NO,,X,X,X,,,X,X,,,SI,SI,SI,SI,SI,2,,X,,,X,,,,X,,X,,NO,NO,,NO,,,,,,,,,,,X,,X,,X,,,,SI,NO,,NO,X,,,X,,,SI,SI,SI,SI,SI,SI,SI,1,,,SI,NO,,//,SI,SI,NO,SI,SI,NO,,,,,,,,,,,,X,X,,,X,,,X,,,,,0025,,NO,,NO,,,,,,,,,,,,NO,,,,,,,NO,,,,,,F0,B4,1,040110,040002
3000619,0,900468,3AS,ESPARTA,CERCADO,AREQUIPA,1,,1,1 JER-Jornada Escolar Regular,,SI,50,SI,NO,,,,,,,,SI,SI,,,SI,,,,X,,,SI,SI,X,,X,X,,,SI,NO,,,NO,,,,,,,SI,SI,X,,,,,,,,9,NO,,,,,,,NO,,X,X,X,X,X,X,X,,,SI,SI,SI,SI,SI,2,X,X,X,,,,,,X,X,X,X,SI,SI,12,SI,3,X,X,X,,X,X,X,,,X,X,X,,X,,,,SI,NO,,SI,X,X,,X,,,SI,SI,SI,SI,SI,SI,SI,6,,,SI,NO,,//,NO,SI,SI,SI,SI,NO,,,,,,,,,X,,X,,X,X,,,X,,X,,X,,,151,31,,SI,NO,,,,,,,,,,,,NO,,,,,,,NO,,,,,,F0,B4,1,040101,040001
3044534,0,911952,3AS,MAYOR JOSE ANTONIO ENCINAS,YURA,YURA,1,,1,1 JER-Jornada Escolar Regular,,,,,NO,,,,,,,,SI,SI,,,SI,,,,,,X,SI,SI,,,X,,,,SI,NO,,,SI,X,,,X,,,SI,SI,X,,,,,,,,6,NO,,,,,,,SI,5,X,X,X,X,X,X,X,,,SI,SI,SI,SI,NO,,X,X,X,X,X,X,,,X,X,X,X,NO,SI,4,SI,2,X,,,,,,,,,X,X,,X,X,,,,SI,NO,,SI,,X,,,,,SI,SI,SI,SI,SI,SI,SI,0,,,SI,NO,,//,NO,SI,SI,SI,SI,NO,,,,,,,,,X,,X,,X,,X,,X,X,X,X,X,,,0014,0,SI,SI,SI,,,,,,X,,,,X,,NO,,,,,,,NO,,,,,,F0,B4,1,040128,040001
1333137,0,047451,3AS,SAGRADA FAMILIA,MAJES,EL PEDREGAL,1,,1,1 JER-Jornada Escolar Regular,,,,,NO,,,,,,,,SI,SI,,,SI,,,,,,X,SI,SI,X,X,,,X,ASESORAMIENTO ESPIRITUAL,SI,NO,,,SI,X,X,X,,,,SI,NO,,,X,,,X,,,8,NO,,,,,,,SI,22,X,X,X,X,X,X,X,,,SI,SI,NO,SI,SI,2,X,X,,X,,X,X,ASESORAMIENTO ESPIRITUAL,X,X,X,,SI,SI,5,SI,1,,X,,,,,,,,X,X,X,X,X,X,,ESCUELA PARA PADRES,SI,SI,21,SI,X,X,,,,,SI,SI,SI,SI,SI,SI,SI,0,,,SI,NO,,//,SI,SI,SI,SI,SI,SI,X,X,,,X,X,,,X,X,,X,X,,X,,X,,X,,,,,049,,SI,SI,,,,,,,,,,,,,NO,,,,,,,NO,,,,,,F0,B4,1,040520,040010
0518274,0,068472,3AS,40314 NUESTRA SEÑORA DE LA ASUNCION,ANDAGUA,ANDAGUA,1,,1,1 JER-Jornada Escolar Regular,,,,,NO,,,,,,,,SI,SI,,,SI,,,,,,X,SI,SI,,X,X,,,,SI,NO,,,SI,,,X,,,,NO,SI,,,X,,,,,,7,NO,,,,,,,,,X,,X,X,X,,,,,SI,SI,SI,SI,SI,2,,X,,,,X,,,X,,X,,SI,SI,5,SI,2,X,,,,,X,,,,X,,,,,,,,SI,SI,10,SI,X,,,,,,SI,SI,SI,SI,SI,SI,SI,0,,,SI,SI,1,23/9/2024,SI,SI,SI,SI,SI,SI,,,X,X,,,,,X,,,,X,,,,X,,X,,X,,,06,03,SI,SI,,,,,,,,,,,,,SI,X,,,,,,SI,X,,,,,F0,A1,2,040402,040005
1642156,0,723423,3AS,DENYORK SCHOOL,MARIANO MELGAR,,2,,2,2 JEC-Jornada Escolar Completa,,,,,NO,,,,,,,,SI,SI,,,SI,,,,,,X,SI,SI,X,,X,,,,NO,NO,,,NO,,,,,,,SI,NO,X,,,,,X,,,8,SI,,X,,,,,SI,2,X,X,X,X,,,X,,,SI,SI,SI,SI,SI,2,,,,,X,X,,,X,X,X,X,SI,SI,5,NO,,,,,,,,,,,,,X,,X,,,,SI,SI,10,SI,X,,X,X,,,SI,SI,SI,SI,SI,SI,SI,1,,,SI,NO,,//,NO,SI,SI,SI,SI,SI,,,,,,X,X,,,X,X,,,X,,X,,,X,,X,,,RM 0045,0064,SI,SI,,,,,,,,,,,,,SI,,X,,X,,,SI,X,,,,,F0,B4,1,040109,040002
0796953,0,070917,3AS,40390 MAYTA CAPAC,MACA,MACA,1,,1,1 JER-Jornada Escolar Regular,,,,,NO,,,,,,,,SI,SI,,,SI,,,,,X,,SI,SI,,,X,,,,SI,NO,,,SI,X,,,,,,SI,NO,,,X,,,X,,,8,SI,,X,,,,,,,X,X,X,X,X,X,,,,SI,SI,SI,SI,SI,3,X,X,,,,,,,X,X,X,X,SI,SI,5,SI,1,,X,,,,X,X,,,X,X,X,,,,,,SI,SI,4,SI,,,,X,,,SI,SI,SI,SI,SI,SI,SI,0,,,SI,NO,,//,NO,SI,SI,SI,SI,SI,X,X,,,,,,,,,X,,X,X,,,X,X,X,X,,,,Nº30-2025,,SI,SI,SI,,,X,X,,,,,X,X,X,NO,,,,,,,SI,X,,X,,,F0,A1,2,040512,040006
0899096,0,058963,3AS,EL PIONERO G-2,CAYMA,ENACE,2,,2,2 JEC-Jornada Escolar Completa,,,,,SI,SI,,,,,X,CARPETAS PEDAGÓGICAS,SI,NO,1,,SI,X,,,,,,SI,SI,,X,X,,,,NO,NO,,,SI,X,,,,,,SI,SI,,X,,,,X,,,8,NO,,,,,,,,,X,X,X,,,,,,,SI,SI,SI,SI,SI,3,,X,,X,,,,,X,X,X,,SI,SI,6,SI,5,X,X,,,X,X,,,,X,X,,X,X,,,,SI,SI,200,SI,,,,X,,,SI,SI,SI,SI,SI,SI,SI,1,,,SI,SI,1,14/7/2024,SI,SI,NO,SI,SI,SI,,,X,X,,,,,,,X,,,X,,,,,X,,X,,,49,,SI,SI,,,,,,,,,,,,,SI,X,,X,,,,SI,X,,,,,F0,A4,1,040103,040001
1379304,0,060857,3AS,40068,LA JOYA,EL RAMAL,1,,1,1 JER-Jornada Escolar Regular,,,,,NO,,,,,,,,SI,SI,,,SI,X,,,,,,SI,SI,,X,,,,,SI,NO,,,SI,X,X,X,X,,,SI,SI,,,,,,X,,,3,SI,,,,X,,,,,X,X,X,X,X,X,,,,SI,SI,SI,SI,SI,1,X,X,X,X,X,X,,,X,X,X,X,SI,SI,5,SI,1,,X,,,,,,,,X,X,X,X,X,,,,SI,SI,12,SI,X,X,,X,,,SI,SI,SI,SI,SI,SI,SI,1,,,SI,SI,1,24/11/2024,NO,SI,SI,SI,SI,SI,,,X,X,,,,,X,X,X,X,X,X,X,X,X,,X,,X,,,049-24,,SI,SI,,,,,,,,,,,,,NO,,,,,,,SI,X,,,,,F0,A1,2,040108,040010
1354422,0,807818,3AS,DIVINO NIÑO CORPAIDOS,AREQUIPA,AREQUIPA,2,,2,2 JEC-Jornada Escolar Completa,,,,,NO,,,,,,,,SI,SI,,,SI,,,,,,X,SI,SI,,,X,,,,NO,NO,,,NO,,,,,,,SI,NO,,,,,,X,,,8,SI,,,X,,,,NO,,X,,X,,X,X,,,,SI,SI,SI,SI,NO,,,X,,X,,,,,,,X,,NO,SI,6,NO,,,,,,,,,,,X,,,,,,,,SI,NO,,SI,X,,,,,,SI,SI,SI,SI,SI,SI,SI,0,,,SI,NO,,//,SI,SI,NO,SI,SI,NO,,,,,,,,,X,,,,X,,,,X,,,,,,,,,,,,,,,,,,,,,,,NO,,,,,,,NO,,,,,,F0,B4,1,040101,040001
0570044,0,055455,3AS,41008 MANUEL MUÑOZ NAJAR,AREQUIPA,AREQUIPA,1,,1,1 JER-Jornada Escolar Regular,,,,,SI,SI,,,,X,,,SI,SI,,,SI,,,,,X,,SI,SI,,X,X,,,,SI,SI,1,,SI,X,,X,,,,SI,SI,,,X,,,,X,NORMA LEGAL VIGENTE,9,SI,X,X,,,,,,,X,X,X,X,X,X,X,X,ASISTENTA SOCIAL,SI,SI,SI,SI,SI,2,X,X,X,X,X,X,X,ESCUELA  DE  PADRES,X,,X,X,SI,SI,17,SI,2,,X,X,,X,X,,,,X,X,,X,X,,,,SI,NO,,SI,X,,,X,,,SI,SI,SI,SI,SI,SI,SI,8,,,SI,SI,7,18/10/2024,SI,SI,SI,SI,SI,SI,X,X,,,,,,,X,,X,,X,X,,,,,X,X,,,,031,50,SI,NO,SI,,,,,,X,,,,X,,SI,,X,,,,,SI,X,,,,,F0,A1,1,040101,040001
1784115,0,852132,3AS,TALENTS SCHOOL AQP,CERRO COLORADO,JOSE MARIA ARGUEDAS,1,,1,1 JER-Jornada Escolar Regular,,,,,SI,NO,,,,,,,SI,SI,,,SI,,,,,,X,SI,SI,,,,,X,ESCUELA DE PADRES,NO,NO,,,SI,,,,,X,JORNADAS VACUNACION,SI,NO,,,,,,X,,,8,SI,,X,,,,,NO,,X,X,X,X,X,X,X,,,SI,SI,SI,SI,SI,2,,X,,,,,,,,,X,,SI,SI,5,SI,5,,X,,,X,X,X,,,X,X,,,X,,,,SI,SI,30,SI,X,,,,,,SI,SI,SI,SI,SI,SI,SI,0,,,SI,NO,,//,SI,SI,SI,SI,SI,NO,,,,,,,,,,,,X,,,,X,,,X,,,,,,030,SI,NO,NO,,,,,,,,,,,,NO,,,,,,,NO,,,,,,F0,B4,1,040104,040001
0695221,0,841271,3AS,BEN CARSON,PAUCARPATA,,1,,1,1 JER-Jornada Escolar Regular,,,,,NO,,,,,,,,NO,,,,SI,X,,,,,,SI,NO,,,,,,,,NO,,,NO,,,,,,,SI,NO,,,X,,,,,,3,SI,,X,,,,,NO,,X,X,X,,,X,X,,,SI,SI,SI,SI,SI,1,X,X,,,,,,,X,X,,,SI,SI,12,NO,,,,,,,,,,,X,X,,X,,,,,SI,SI,10,SI,X,X,,,,,SI,SI,SI,SI,SI,SI,SI,0,,,SI,NO,,//,NO,SI,SI,SI,SI,NO,,,,,,,,,X,,X,,X,X,,,X,,X,,,,,0023,,SI,SI,,,,,,,,,,,,,NO,,,,,,,NO,,,,,,F0,B4,1,040112,040002
0589861,0,070347,3AS,40387,LARI,LARI,1,,1,1 JER-Jornada Escolar Regular,,,,,NO,,,,,,,,SI,SI,,,SI,,,,,,X,SI,SI,,X,X,,,,SI,NO,,,SI,X,,X,,,,SI,NO,,,,,,X,,,8,SI,X,X,X,,,,NO,,X,X,X,X,X,X,,,,SI,SI,SI,SI,NO,,,X,,X,,,,,,,X,,SI,SI,5,NO,,,,,,,,,,,X,X,X,X,X,,,,SI,SI,7,SI,,X,,X,,,SI,SI,NO,NO,SI,SI,SI,0,,,SI,NO,,//,NO,SI,SI,SI,NO,SI,,,X,X,,,,,X,,,X,,,X,,X,,X,,X,,,023-2025,051-2025,NO,,NO,,,,,,,,,,,X,NO,,,,,,,SI,X,,,,,F0,A1,2,040510,040006
1764380,0,833148,3AS,ABC GREGORIO MENDEL,MOLLENDO,MOLLENDO,1,,1,1 JER-Jornada Escolar Regular,,,,,NO,,,,,,,,NO,,,,SI,,,,X,X,,SI,SI,X,X,X,,,,SI,NO,,,NO,,,,,,,SI,NO,,,X,,,X,,,8,NO,,,,,,,NO,,X,X,X,X,X,X,,,,SI,SI,SI,SI,SI,1,X,,,X,,,,,,,X,,NO,SI,11,SI,1,,X,,,,,,,,,X,,,X,,,,SI,NO,,SI,X,X,,,,,SI,SI,SI,SI,SI,SI,SI,0,,,SI,NO,,//,NO,SI,NO,SI,SI,SI,,,,,X,X,,,,X,X,,,,X,X,,,X,,,,,026-2024,,SI,SI,NO,,,,,,,,,,,,SI,,X,X,X,,,SI,X,,,,,F0,B4,1,040701,040008
1333178,0,059972,3AS,NUESTRA SEÑORA DE LA ASUNTA,CERRO COLORADO,ZAMACOLA,1,,1,1 JER-Jornada Escolar Regular,,,,,SI,SI,,,,X,,,SI,SI,,,SI,X,,,,,,SI,SI,,,X,,,,SI,NO,,,SI,X,,,,,,SI,SI,,,,,,X,,,5,NO,,,,,,,NO,,X,X,X,X,X,X,X,,,SI,SI,SI,SI,NO,,X,X,,,,X,,,X,X,X,,SI,SI,14,SI,6,X,X,X,,X,,,,,,X,,,,,,,SI,NO,,SI,X,X,,,,,SI,SI,SI,SI,SI,SI,SI,0,,,SI,SI,1,16/12/2024,NO,SI,SI,SI,SI,NO,,,,,,,,,,,X,,,X,,,,,X,,,,,025,001,SI,SI,NO,,,,,,,,,,,,NO,,,,,,,NO,,,,,,F0,B4,1,040104,040001
0745976,0,060881,3AS,40096,LA JOYA,SAN CAMILO ASENTAMIENTO 5,1,,1,1 JER-Jornada Escolar Regular,,,,,NO,,,,,,,,SI,SI,,,SI,X,,,,,,SI,SI,,X,,,,,NO,NO,,,SI,X,,X,,,,SI,NO,,,X,,,X,,,9,NO,,,,,,,,,X,X,X,X,,X,,,,SI,SI,SI,SI,SI,2,X,X,X,X,X,,,,X,,X,X,SI,SI,5,SI,3,,X,,,,X,,,,X,,,X,X,,,,SI,NO,,SI,X,X,,X,,,SI,SI,SI,NO,SI,SI,SI,2,,,SI,SI,4,8/8/2024,NO,SI,SI,SI,SI,SI,,,X,X,,,,,X,X,,X,X,X,X,,,,X,,,,,025,,SI,NO,NO,,,,,,,,,,,,NO,,,,,,,SI,,X,,,,F0,A1,2,040108,040010
0310151,0,065138,3AS,INTERNACIONAL PERUANO BRITANICO,YANAHUARA,URB VALENCIA A1,1,,1,1 JER-Jornada Escolar Regular,,,,,NO,,,,,,,,NO,,,,SI,,,,,,X,SI,SI,,X,X,,,,SI,NO,,,SI,X,X,X,X,,,SI,NO,,,,,,X,,,5,SI,,X,X,X,X,MEDIOS VIRTUALES,SI,21,X,X,X,,,,X,X,AUXILIAR COORDINADOR,SI,SI,SI,SI,SI,3,X,X,X,,,X,,,X,X,X,,NO,SI,15,SI,8,X,,X,,,X,,,,X,X,X,X,X,,,,NO,SI,20,SI,X,X,X,,,,SI,SI,SI,SI,SI,SI,SI,2,,,SI,NO,,//,NO,SI,SI,NO,SI,SI,,,,,X,X,,,,,X,,X,,,,X,X,X,,,,,45,,SI,NO,,,,,,,,,,,,,NO,,,,,,,NO,,,,,,F0,B4,1,040126,040001
0517979,0,068207,3AS,SAN PEDRO DE YAUCA,YAUCA,YAUCA,2,,2,2 JEC-Jornada Escolar Completa,,,,,NO,,,,,,,,SI,SI,,,SI,X,,,X,,,SI,SI,,X,X,,,,SI,NO,,,SI,X,X,X,X,,,SI,SI,,,X,X,X,X,,,2,SI,X,X,,X,,,,,X,X,X,X,X,X,X,,,SI,SI,SI,SI,SI,2,X,,,X,X,X,,,,,X,X,SI,SI,9,SI,2,X,X,,,X,X,X,,,X,X,X,,X,X,,ORIENTACIÓN VOCACIONAL,SI,SI,120,SI,,X,,X,,,SI,SI,SI,SI,SI,SI,SI,3,,,SI,SI,4,11/12/2024,NO,SI,SI,SI,SI,SI,X,X,,,,,,,X,,X,X,X,X,,,X,X,X,,X,,,034,,SI,SI,,,,,,,,,,,,,NO,,,,,,,SI,X,X,,,,F0,A1,2,040313,040004
1640937,0,722598,3AS,FUTURA SCHOOLS CERRO COLORADO,CERRO COLORADO,AREQUIPA,1,,1,1 JER-Jornada Escolar Regular,,,,,NO,,,,,,,,SI,SI,,,SI,X,,,,X,,SI,SI,,X,X,,X,INTEGRACION,SI,NO,,,SI,,,,,X,VACUNACIONES,SI,SI,X,,,,,,,,3,NO,,,,,,,SI,4,X,X,X,X,,,,,,SI,SI,SI,SI,SI,4,X,X,,,,X,,,X,X,X,,SI,SI,9,SI,1,,,,X,,,,,,X,X,,X,X,,,,SI,SI,1,SI,X,X,,,,,SI,SI,SI,NO,SI,SI,SI,0,,,SI,NO,,//,SI,SI,NO,SI,SI,SI,,,,,X,X,,,X,X,X,,X,X,X,,X,X,X,,,,,0023,,SI,SI,,,,,,,,,,,,,NO,,,,,,,NO,,,,,,F0,B4,1,040104,040001
0570010,0,057987,3AS,40029 LUDWING VAN BEETHOVEN,ALTO SELVA ALEGRE,INDEPENDENCIA,1,,1,1 JER-Jornada Escolar Regular,,,,,NO,,,,,,,,SI,SI,,,SI,X,X,,X,X,,SI,SI,X,X,X,X,,,SI,SI,7,,SI,X,X,X,X,,,SI,SI,,X,,,,,,,5,SI,X,X,,X,,,,,X,X,X,X,X,X,X,,,SI,SI,SI,SI,SI,3,X,X,X,X,X,X,,,X,X,X,X,SI,SI,1,SI,1,X,X,,,,X,,,,X,X,X,X,X,,,,SI,SI,10,SI,X,X,X,X,,,SI,SI,SI,SI,SI,SI,SI,0,,,SI,SI,2,13/11/2024,SI,SI,SI,SI,SI,SI,X,X,,,,,,,X,X,,X,X,X,X,X,X,X,X,,X,,,0172-2024,,SI,SI,SI,X,X,X,,,,,,X,,X,SI,,X,X,X,,,SI,,X,,,,F0,A1,1,040102,040002
1442979,0,712617,3AS,ANGEL DE LA GUARDA,SAMUEL PASTOR,,2,,2,2 JEC-Jornada Escolar Completa,,,,SI,NO,,,,,,,,SI,SI,,,SI,X,X,,X,X,,SI,SI,,X,X,,,,SI,NO,,,SI,X,X,X,X,,,SI,SI,,,X,X,X,X,,,9,NO,,,,,,,,,X,X,X,X,X,X,X,,,SI,SI,SI,SI,SI,2,X,X,X,X,,,,,X,X,X,X,SI,SI,9,SI,3,X,X,,X,X,X,X,,,X,X,X,X,X,,,,SI,SI,300,SI,X,X,X,X,,,SI,SI,SI,SI,SI,SI,SI,0,,,SI,SI,1,29/11/2024,NO,SI,SI,SI,SI,SI,,,X,X,,,,,X,X,,,X,X,,X,X,,X,,X,,,RD 230-2024,OF 277-2024,SI,SI,,,,,,,,,,,,,NO,,,,,,,SI,X,X,,,,F0,A4,1,040208,040003
0897942,0,070489,3AS,40625 CORAZON DE JESUS,MAJES,070489,2,,2,2 JEC-Jornada Escolar Completa,,,,,NO,,,,,,,,SI,NO,1,,SI,X,,,,,,SI,SI,,,,,X,ESCUELA DE PADRES,SI,NO,,,SI,X,,,,,,SI,SI,,,,,,X,,,9,SI,X,X,X,X,,,,,X,X,X,X,X,X,X,,,SI,SI,SI,SI,SI,2,X,X,,X,X,X,,,X,,X,,SI,SI,10,SI,1,,,,,,X,X,,,X,X,,,X,,,,SI,SI,4,NO,,X,,X,,,SI,SI,SI,NO,SI,SI,SI,5,,,SI,SI,7,6/11/2024,SI,SI,SI,SI,NO,NO,,,,,,,,,X,X,X,X,X,X,X,X,,,X,,X,,,021-225,,SI,SI,,,,,,,,,,,,,NO,,,,,,,NO,,,,,,F0,A1,2,040520,040010
0579565,0,061890,3AS,40158 EL GRAN AMAUTA,MIRAFLORES,EDIFICADORES MISTI,1,,1,1 JER-Jornada Escolar Regular,,,,,NO,,,,,,,,SI,SI,,,SI,,,,,,X,SI,SI,X,X,X,,,,SI,SI,5,,SI,X,,X,,,,SI,SI,,,,,X,X,X,POR ESCALA,6,SI,,X,,X,,,,,X,X,X,X,X,X,,,,SI,SI,SI,SI,SI,3,X,X,,X,X,,,,X,,X,,SI,SI,3,SI,1,,,,,,X,,,,,X,X,X,X,,,,NO,NO,,SI,,,,X,,,SI,SI,SI,SI,SI,SI,SI,3,,,SI,SI,5,11/12/2024,SI,SI,SI,SI,SI,SI,,,X,X,,,,,X,,,X,X,,,,X,X,X,,X,,,179,,SI,SI,,,,,,,,,,,,,NO,,,,,,,NO,,,,,,F0,A1,1,040110,040002
0310003,0,056898,3AS,ORLEANS GOLEMAN,AREQUIPA,AREQUIPA,1,,1,1 JER-Jornada Escolar Regular,,,,,NO,,,,,,,,SI,SI,,,SI,,,,,X,,SI,SI,X,,X,,,,SI,NO,,,NO,,,,,,,SI,NO,X,,,,,,,,1,SI,,X,,X,,,NO,,X,X,X,X,,,X,,,SI,SI,SI,SI,SI,3,,X,,X,,X,,,X,,X,,NO,SI,12,SI,4,,X,,,,X,X,,,,,,X,X,,,,SI,NO,,SI,X,,,X,,,SI,SI,SI,SI,SI,SI,SI,0,,,SI,SI,6,11/4/2024,SI,SI,SI,SI,SI,SI,,,,,,,X,X,,X,X,,,,,X,,,X,,,,,,025,SI,NO,,,,,,,,,,,,,NO,,,,,,,NO,,,,,,F0,B4,1,040101,040001
1437615,0,831149,3AS,PRINCETON SCHOOL,MARIANO MELGAR,,1,,1,1 JER-Jornada Escolar Regular,,,,,NO,,,,,,,,NO,,,,SI,X,X,,,,,SI,SI,X,X,X,,,,NO,NO,,,SI,X,,,,,,SI,SI,X,X,,,,X,,,8,SI,X,X,X,X,,,NO,,X,X,X,X,X,X,X,,,SI,SI,SI,SI,SI,5,X,X,,X,,,,,X,X,X,X,SI,SI,5,SI,2,X,X,X,,X,X,X,,,X,X,X,X,X,,,,SI,SI,5,SI,X,X,,X,,,SI,SI,SI,SI,SI,SI,SI,0,,,SI,NO,,//,SI,SI,SI,SI,SI,NO,,,,,,,,,X,X,X,X,X,X,X,X,,,X,,,,,018,,NO,,NO,,,,,,,,,,,,SI,X,X,X,X,,,NO,,,,,,F0,B4,1,040109,040002
1769603,0,065402,3AS,40101 DIVINO JESUS,YURA,YURA VIEJO,1,,1,1 JER-Jornada Escolar Regular,,,,,NO,,,,,,,,SI,SI,,,SI,X,,,,,,SI,SI,X,,,X,,,SI,NO,,,SI,,,X,X,,,SI,SI,,,,,,X,,,8,NO,,,,,,,,,X,X,X,X,,,,,,SI,SI,SI,SI,SI,5,X,X,X,X,X,X,,,X,X,X,X,SI,SI,1,SI,5,X,X,X,,X,X,X,,,X,X,,X,X,,,,SI,SI,5,SI,X,,,,,,SI,SI,SI,SI,SI,SI,SI,1,,,SI,NO,,//,SI,SI,SI,SI,SI,SI,,,X,X,,,,,X,,X,,,X,X,,X,,X,,X,,,027,097,SI,SI,,,,,,,,,,,,,SI,X,X,X,X,,,SI,,X,,,,F0,A1,2,040128,040001
1705441,0,787820,3AS,JOHN KEYNES,CERRO COLORADO,,1,,1,1 JER-Jornada Escolar Regular,,,,,NO,,,,,,,,SI,SI,,,SI,X,,,,,,SI,SI,,X,X,,,,SI,NO,,,NO,,,,,,,SI,NO,X,,,,,X,,,6,SI,X,X,,X,,,NO,,X,X,X,X,X,X,X,,,SI,SI,SI,SI,NO,,,X,,X,,,,,X,,X,,SI,SI,5,SI,5,,X,X,,X,X,X,,,X,X,,X,,,,,SI,NO,,SI,X,,,,,,SI,SI,SI,SI,SI,SI,SI,0,,,SI,NO,,//,SI,SI,SI,SI,SI,NO,,,,,,,,,,,X,,X,X,,,,,X,,,,,RD 015,OF 010,SI,NO,NO,,,,,,,,,,,,NO,,,,,,,NO,,,,,,F0,B4,1,040104,040001
1402536,0,555306,3AS,40702 ALBERTO BENAVIDES DE LA QUINTANA,ORCOPAMPA,VISTA ALEGRE,1,,1,1 JER-Jornada Escolar Regular,0,NO,0,NO,NO,,,,,,,,SI,SI,,,SI,X,,,,,,SI,SI,,X,,,,,SI,NO,,,SI,X,X,,,,,SI,SI,,,X,,,X,,,5,SI,X,,,,,,,,X,X,X,X,,,,,,SI,SI,SI,SI,SI,2,X,,,X,,X,,,X,,X,,SI,SI,5,SI,1,,X,X,X,X,X,,,,X,X,,,,,,,SI,SI,20,SI,,X,,X,,,SI,SI,SI,SI,SI,SI,SI,1,,,SI,NO,,//,NO,SI,NO,SI,SI,SI,,,X,X,,,,,X,,,X,X,,,,X,,X,,,,,112,,SI,SI,NO,,,,,,,,,,,,SI,,X,,,,,SI,X,,,,,F0,A1,1,040409,040005
1254101,0,061569,3AS,IBEROAMERICANO,MARIANO MELGAR,GENERALISIMO SAN MARTIN,1,,1,1 JER-Jornada Escolar Regular,,,,,NO,,,,,,,,SI,SI,,,SI,,,,,,X,SI,SI,,,X,,,,SI,NO,,,SI,X,X,,,,,SI,SI,,,,,,X,,,8,NO,,,,,,,NO,,X,X,X,X,X,X,X,,,SI,SI,SI,SI,SI,10,X,,,,,X,,,X,,,,SI,SI,9,SI,1,,X,X,X,X,X,X,,,X,X,,,,X,,AL RESCATE DE VIOLENCIA ESCOLAR,SI,NO,,SI,X,,,,,,SI,SI,SI,NO,SI,SI,SI,0,,,SI,NO,,//,NO,SI,SI,SI,SI,NO,,,,,,,,,,,X,,,,,X,,,X,,,X,FACILITADORES DE OPORTUNIDADES,0090,60,SI,NO,,,,,,,,,,,,,SI,,X,X,X,,,NO,,,,,,F0,B4,1,040109,040002
0679043,0,071342,3AS,40399 GRAL. JUAN VELASCO ALVARADO,YANQUE,CHALHUANCA,1,,1,1 JER-Jornada Escolar Regular,,,,,NO,,,,,,,,SI,SI,,,SI,X,,,,,,SI,SI,X,,X,,,,SI,NO,,,SI,X,,X,,,,SI,SI,,,,,,X,,,8,SI,,,X,,,,,,X,X,X,X,X,X,,,,SI,SI,SI,SI,SI,2,X,,,,X,,,,X,,X,,SI,SI,5,SI,3,,X,,X,,,X,,,X,X,X,X,,,,,SI,SI,3,SI,X,,,X,,,SI,SI,SI,SI,SI,SI,SI,0,,,SI,NO,,//,SI,SI,SI,SI,SI,SI,X,X,,,,,,,X,,,X,X,,X,,X,,X,,,,,035,,SI,SI,,,,,,,,,,,,,NO,,,,,,,SI,,X,,,,F0,A1,2,040519,040006
0309310,0,059694,3AS,NUESTRA SEÑORA DE LOS DOLORES,CERRO COLORADO,LA LIBERTAD,1,,1,1 JER-Jornada Escolar Regular,,,,,NO,,,,,,,,SI,NO,1,,SI,X,,,,X,,SI,SI,X,X,X,X,,,SI,SI,5,1,SI,X,,X,X,,,SI,SI,X,,,,,X,,,9,SI,X,X,X,,,,,,X,X,X,X,X,X,,,,SI,SI,SI,SI,SI,2,X,X,X,,,,,,X,X,,,SI,SI,1,SI,2,X,X,X,X,X,X,,,,X,X,X,X,,,,,SI,SI,5,SI,X,X,X,X,,,SI,SI,SI,SI,SI,SI,SI,2,,,SI,SI,5,12/10/2024,NO,SI,SI,SI,SI,SI,X,X,,,,,,,X,X,X,X,X,X,X,,X,X,X,X,,,,245,,SI,SI,SI,X,,,,,,,,,X,,SI,X,,,,,,SI,X,,,,,F0,A1,1,040104,040001
1607258,0,864875,3AS,SEÑOR DE LOS MILAGROS DE LA JOYA,LA JOYA,EL TRIUNFO,1,,1,1 JER-Jornada Escolar Regular,,,,,NO,,,,,,,,SI,SI,,,SI,,,,,,X,SI,SI,X,,,,,,NO,NO,,,NO,,,,,,,SI,SI,,,,,,X,,,8,NO,,,,,,,NO,,X,X,X,,,X,,,,SI,SI,SI,SI,NO,,X,X,,,,,,,X,X,,,NO,NO,,SI,2,,X,,,,X,,,,,,X,,,,,,SI,NO,,NO,X,,,,,,SI,SI,SI,SI,SI,SI,SI,0,,,SI,NO,,//,SI,SI,SI,SI,SI,NO,,,,,,,,,,,X,,X,,,,,,X,,,,,024,17,SI,SI,NO,,,,,,,,,,,,NO,,,,,,,NO,,,,,,F0,B4,1,040108,040010
1749910,0,661043,3AS,NUEVA JUVENTUD,SANTA RITA DE SIGUAS,SANTA RITA,1,,1,1 JER-Jornada Escolar Regular,,,,,NO,,,,,,,,SI,SI,,,SI,X,,,,,,SI,SI,,X,X,,,,NO,NO,,,SI,X,X,,,,,SI,SI,X,,,,,,,,6,SI,X,,,,,,,,X,,X,,,,,,,SI,SI,SI,NO,,,X,X,,,,,,,X,,X,,SI,SI,13,SI,2,,X,,,,,,,,,,X,,,,,,SI,NO,,SI,X,,,,,,SI,SI,SI,SI,SI,SI,SI,0,,,SI,NO,,//,SI,SI,SI,SI,SI,SI,,,,,X,X,,,X,,X,,,,X,,,,X,,,,,005,,SI,SI,NO,,,,,,,,,,,,SI,X,,,,,,SI,,X,,,,F0,A1,1,040121,040010
0309682,0,862923,3AS,40024 MANUEL GONZALES PRADA,ALTO SELVA ALEGRE,PAMPAS DE POLANCO,1,,1,1 JER-Jornada Escolar Regular,,,,,NO,,,,,,,,SI,SI,,,SI,,,,,X,,SI,SI,X,X,X,,X,ENTREGA DE BOLETAS DE INFORMACIÓN,SI,SI,6,6,SI,X,X,X,X,,,SI,SI,,,,,,,X,DE ACUERDO A NORMATIVA VIGENTE,6,NO,,,,,,,,,X,X,X,X,X,X,,,,SI,SI,SI,SI,SI,3,X,X,,X,X,,,,X,X,X,X,SI,SI,3,SI,4,X,X,X,,X,X,,,,X,X,,X,,,,,SI,SI,2,SI,X,,,X,,,SI,SI,SI,SI,SI,SI,SI,1,,,SI,SI,8,24/11/2024,NO,SI,SI,SI,SI,SI,X,X,,,,,,,X,X,X,X,,X,,X,,,X,,,,,088,,NO,,SI,,,,,,X,,,,,X,SI,,,,X,,,SI,X,,,,,F0,A1,1,040102,040002
1651868,0,647995,3AS,KINDER BLESSED,CERRO COLORADO,AREQUIPA,1,,1,1 JER-Jornada Escolar Regular,,,,,NO,,,,,,,,NO,,,,SI,,,,,,X,SI,NO,,,,,,,,NO,,,SI,X,,,,,,SI,SI,,,,,,X,,,9,NO,,,,,,,NO,,X,X,X,,,,,,,NO,,,,,,X,X,,,,,,,X,X,,,SI,NO,,NO,,,,,,,,,,,X,X,,,,,,,SI,NO,,SI,,X,,,,,SI,SI,SI,SI,SI,NO,SI,0,,,SI,NO,,//,SI,SI,NO,SI,SI,NO,,,,,,,,,,X,,,,,X,,,X,,,,,,,,,,,,,,,,,,,,,,SI,,X,,,,,NO,,,,,,F0,B4,1,040104,040001
0895482,0,058185,3AS,SAN MARTIN DE PORRES,ALTO SELVA ALEGRE,GRAFICOS,2,,2,2 JEC-Jornada Escolar Completa,,,,,NO,,,,,,,,SI,SI,,,SI,X,,,,,,SI,SI,X,X,X,,,,SI,NO,,,SI,X,X,X,X,,,SI,SI,,X,X,,X,X,,,9,SI,X,X,X,X,,,,,X,X,X,X,X,X,X,,,SI,SI,SI,SI,SI,4,X,X,,X,X,,,,X,X,X,X,SI,SI,18,SI,4,X,X,X,,X,X,X,,,X,X,X,X,X,,,,SI,SI,12,SI,X,X,X,X,,,SI,SI,SI,SI,SI,SI,SI,4,,,SI,SI,5,12/11/2024,SI,SI,SI,SI,SI,SI,X,X,,,,,,,X,X,X,,X,X,X,X,X,X,X,X,X,,,175,202,SI,SI,SI,,X,,,,X,,,X,X,X,SI,X,X,X,X,,,SI,X,X,,,,F0,A4,1,040102,040002
0501486,0,060937,3AS,40326 JUAN VELASCO ALVARADO,LA JOYA,SAAN CAMILO,2,,2,2 JEC-Jornada Escolar Completa,,,,,NO,,,,,,,,SI,SI,,,SI,X,,,,,,SI,SI,,X,X,,,,SI,SI,0,1,SI,X,X,X,X,,,SI,SI,,,X,X,X,X,,,5,SI,X,X,,,,,,,X,X,X,X,X,X,X,,,SI,SI,SI,SI,SI,3,X,X,X,X,X,X,,,X,,X,,SI,SI,9,SI,2,,,,,,,X,,,X,X,X,X,X,X,,ORIENTACIÓN Y ATENCIÓN PSICOLOGICA,SI,SI,4,SI,,,X,X,,,SI,SI,SI,NO,SI,NO,SI,0,,,SI,NO,,//,SI,SI,NO,SI,SI,SI,,,X,X,,,,,X,,X,X,X,,,,,X,X,,X,,,045 - 2024,,NO,,,,,,,,,,,,,,NO,,,,,,,NO,,,,,,F0,A1,2,040108,040010
1379338,0,068815,3AS,40322 NUESTRA SEÑORA DE LA ASUNTA,MACHAHUAY,MACHAHUAY,1,,1,1 JER-Jornada Escolar Regular,,,,,NO,,,,,,,,SI,SI,,,SI,,,,,,X,SI,SI,,X,,,,,SI,NO,,,SI,X,,X,X,,,SI,SI,,,X,,,X,,,8,SI,X,X,X,,,,,,X,X,X,X,X,X,,,,SI,SI,SI,SI,SI,2,X,X,,X,X,,,,X,X,,,SI,SI,3,SI,2,,X,,,X,X,,,,X,X,X,,,,,,SI,SI,7,SI,X,,,X,,,SI,SI,SI,SI,SI,SI,SI,0,,,SI,NO,,//,NO,SI,SI,SI,SI,SI,X,X,,,,,,,X,X,,,X,,,X,,,X,,,,,040,104,SI,SI,,,,,,,,,,,,,NO,,,,,,,NO,,,,,,F0,A1,2,040408,040005
3048592,0,729552,3AS,EL PARAISO,LA JOYA,LA VICTORIA II,1,,1,1 JER-Jornada Escolar Regular,,,,,NO,,,,,,,,SI,SI,,,SI,,,,,,X,SI,NO,,,,,,,SI,NO,,,NO,,,,,,,SI,SI,X,X,,,,,,,3,NO,,,,,,,,,X,X,,,,,,,,SI,SI,NO,SI,NO,,X,X,,,,,,,X,X,,,NO,NO,,NO,,,,,,,,,,,X,X,,,,,,,NO,SI,7,NO,X,,X,,,,SI,SI,SI,SI,NO,NO,SI,0,,,SI,NO,,//,SI,SI,SI,SI,SI,SI,X,X,,,,,,,X,X,,,X,X,,,X,,,,,,,,,,,NO,,,,,,,,,,,,SI,X,,,,,,SI,X,,,,,F0,A1,1,040108,040010
1747195,0,060923,3AS,40137 NUESTRA SEÑORA DE LA GLORIA,LA JOYA,LA GLORIA,1,,1,1 JER-Jornada Escolar Regular,,,,,NO,,,,,,,,SI,SI,,,SI,X,,,,,,SI,SI,X,X,X,X,,,SI,SI,,2,SI,,,X,,,,SI,SI,,,,,,X,,,6,SI,X,,X,X,,,,,X,X,X,X,X,X,,,,SI,SI,SI,SI,SI,3,X,X,,X,,X,,,,X,,X,SI,SI,7,SI,2,X,X,,X,X,X,,,,X,X,,X,X,,,,SI,SI,7,SI,X,,,X,,,SI,SI,SI,SI,SI,SI,SI,1,,,SI,SI,10,10/12/2024,NO,SI,SI,SI,SI,SI,X,X,,,,,,,,X,,X,X,,,X,,X,X,X,,,,X,125-2025,SI,SI,SI,,,,,,X,,,,,X,SI,,X,X,,,,SI,X,,,,,F0,A1,1,040108,040010
0745968,0,070470,3AS,40594 JUAN VELASCO A.,MAJES,CENTRO POBLADO,2,,2,2 JEC-Jornada Escolar Completa,,,,,NO,NO,,,,,,,SI,NO,1,,SI,X,,,,,,SI,NO,,,,,,,,NO,,,SI,X,,X,,,,SI,NO,,X,,,,,,,9,SI,X,,,,,,NO,,X,X,X,X,X,X,X,,,SI,SI,SI,SI,SI,2,,X,,X,X,,,,X,,X,,SI,SI,15,SI,1,,,,,,X,,,,X,X,X,X,,,,,SI,NO,,SI,X,,,X,,,SI,SI,SI,SI,SI,SI,SI,7,,,SI,SI,5,22/12/2024,SI,SI,SI,SI,SI,SI,X,X,,,,,,,X,,X,X,X,X,,X,X,,X,,X,,,14,14,SI,SI,,,,,,,,,,,,,SI,,X,X,,,,SI,X,,,,,F0,A1,1,040520,040010
0310441,0,064068,3AS,40205 MANUEL BENITO LINARES A.,SOCABAYA,SOCABAYA,1,,1,1 JER-Jornada Escolar Regular,,,,,NO,,,,,,,,SI,SI,,,SI,,,,,,X,SI,SI,,X,,,,,SI,SI,9,6,SI,X,,X,,,,SI,SI,,,X,,,X,,,9,SI,X,X,,,,,,,X,X,X,X,X,X,X,,,SI,SI,SI,SI,NO,,,X,X,X,X,,,,X,X,X,X,SI,SI,6,SI,2,X,X,,,,,,,,X,X,X,X,X,,,,SI,SI,3,SI,X,X,X,X,,,SI,SI,SI,SI,SI,SI,SI,0,,,SI,SI,5,16/12/2024,SI,SI,NO,SI,SI,SI,X,X,,,,,,,X,X,X,,X,X,X,,,,X,,X,,,12,0056,SI,SI,,,,,,,,,,,,,NO,,,,,,,NO,,,,,,F0,A1,1,040122,040002
1717495,0,798625,3AS,CHOCO,CHOCO,CHOCO,,,7,7 Secundaria con Residencia Estudiantil,29,NO,10,NO,NO,,,,,,,,SI,SI,,,SI,X,,,,,,SI,SI,X,X,X,X,,,SI,NO,,,SI,X,X,X,X,,,SI,SI,,,,X,,,,,8,SI,X,,,,,,,,X,X,X,X,X,X,X,,,NO,,,,,,X,X,X,,X,X,,,X,X,X,X,SI,SI,10,SI,2,X,X,,X,,X,X,,,X,X,X,X,X,,,,SI,SI,10,SI,,X,X,,,,SI,SI,SI,SI,SI,SI,SI,1,,,SI,NO,,//,NO,SI,SI,SI,SI,SI,,,X,X,,,,,X,X,X,X,X,X,,,,,,,,X,TERTULIAS,,,,,,,,,,,,,,,,,NO,,,,,,,SI,X,,,,,F0,A1,2,040406,040006
0569988,0,057973,3AS,40028 GUILLERMO MERCADO BARROSO,ALTO SELVA ALEGRE,AREQUIPA,1,,1,1 JER-Jornada Escolar Regular,,,,,NO,,,,,,,,SI,SI,,,SI,X,,,,,,SI,SI,,,X,,,,SI,SI,5,4,SI,X,X,X,,X,VACUNAS,SI,SI,,,,,,X,,,6,NO,,,,,,,,,X,X,X,,,,,,,SI,SI,SI,SI,SI,3,X,X,,X,,X,,,,,X,X,SI,SI,15,SI,2,,X,X,,,,,,,X,X,X,,,,,,SI,SI,5,SI,X,X,,X,,,SI,SI,SI,SI,SI,NO,SI,0,,,SI,SI,20,23/11/2024,SI,SI,SI,SI,SI,SI,X,X,,,,,,,,,X,,X,X,X,X,,,X,,X,,,,075,SI,SI,,,,,,,,,,,,,SI,,X,,,,,NO,,,,,,F0,A1,1,040102,040002
1371442,0,533282,3AS,INTERNACIONAL ELIM,MIRAFLORES,,1,,1,1 JER-Jornada Escolar Regular,,,,,NO,,,,,,,,SI,SI,,,SI,,,,,,X,SI,SI,,X,X,,,,SI,NO,,,SI,,,,,X,VACUNACIÓN,SI,SI,,,X,,,X,,,1,NO,,,,,,,NO,,X,X,X,X,X,X,X,,,SI,SI,SI,SI,SI,2,,X,,X,,,,,,,X,,SI,SI,11,SI,1,,X,,,,,,,,X,X,X,X,,,,,SI,SI,1,SI,X,,,,X,VISITA OPINADA A LAS AULAS,SI,SI,SI,SI,SI,SI,SI,1,,,SI,NO,,//,NO,SI,SI,SI,SI,NO,,,,,,,,,,,X,,X,X,X,,X,,X,,X,,,,10,SI,SI,,,,,,,,,,,,,NO,,,,,,,NO,,,,,,F0,B4,1,040110,040002
0498972,0,070413,3AS,40388 CORAZON SAGRADO DE JESUS DE LLUTA,LLUTA,UGEL AREQUIPA NORTE,1,,1,1 JER-Jornada Escolar Regular,,,,,SI,SI,X,,,,,,SI,SI,,,SI,X,,,,X,,SI,SI,,X,X,,,,NO,NO,,,SI,X,,X,,,,NO,SI,,,,,,X,,,3,NO,,,,,,,,,X,,X,,X,X,X,,,SI,SI,NO,SI,SI,1,X,X,,,,,,,X,,,X,SI,SI,5,NO,,,,,,,,,,,,X,,,,,,,SI,SI,1,SI,,,,X,,,SI,SI,SI,SI,NO,,NO,,1,,NO,,,//,NO,SI,NO,SI,NO,SI,X,X,,,,,,,,,,X,X,,,,,,X,,,,,30,40,NO,,NO,,,,,,,,,,,,NO,,,,,,,NO,,,,,,F0,A1,2,040511,040001
1695360,0,778750,3AS,JOULE MIRAFLORES,MIRAFLORES,MIRAFLORES,1,,1,1 JER-Jornada Escolar Regular,,,,,NO,,,,,,,,SI,SI,,,SI,,,,,,X,SI,NO,,,,,,,,NO,,,NO,,,,,,,SI,NO,,X,,,,,,,8,NO,,,,,,,NO,,X,,,,,,,,,SI,SI,SI,SI,NO,,,X,,X,,,,,X,,,,NO,SI,2,SI,1,,,,,,X,,,,,X,X,,,,,,NO,NO,,NO,,X,,,,,SI,SI,SI,SI,SI,SI,SI,0,,,SI,NO,,//,SI,SI,SI,SI,SI,NO,,,,,,,,,,,X,,,,X,,,,X,,,,,022,008,SI,SI,NO,,,,,,,,,,,,NO,,,,,,,NO,,,,,,F0,B4,1,040110,040002
0579664,0,063479,3AS,40193 FLORENTINO PORTUGAL,SABANDIA,SABANDIA,1,,1,1 JER-Jornada Escolar Regular,,,,,NO,,,,,,,,SI,SI,,,SI,,,X,X,X,,SI,SI,,X,X,,,,NO,NO,,,SI,X,X,X,X,,,SI,SI,,,X,,X,X,,,8,SI,X,X,,X,,,,,X,X,X,X,X,X,X,,,SI,SI,SI,SI,SI,4,X,X,,X,X,X,,,X,,X,X,SI,SI,10,SI,2,,X,,,X,X,X,,,X,X,X,X,X,,,,SI,SI,20,SI,X,,X,X,,,SI,SI,SI,SI,SI,SI,SI,1,,,SI,SI,1,28/8/2024,NO,SI,SI,SI,SI,SI,X,X,,,X,X,,,,X,,X,,X,,X,X,X,X,,X,,,21,,SI,SI,,,,,,,,,,,,,SI,X,,X,,,,SI,X,X,,,,F0,A1,1,040116,040002
0310037,0,055686,3AS,ESCLAVAS DEL SAGRADO CORAZÓN DE JESÚS,AREQUIPA,UMACOLLO,1,,1,1 JER-Jornada Escolar Regular,,,,,NO,,,,,,,,SI,SI,,,SI,X,X,,X,X,,SI,SI,X,X,X,,X,COPA RAFAELA,SI,NO,,,SI,X,X,,,,,SI,SI,X,,X,,,X,,,5,SI,,,X,,,,SI,4,,,,,,,,,,SI,SI,SI,SI,SI,3,X,X,,X,X,X,X,ENTREVISTAS PERSONALIZADAS,X,X,X,X,SI,SI,12,SI,2,X,X,X,X,X,X,X,,,X,X,X,X,X,,,,SI,SI,4,SI,X,X,X,X,,,SI,SI,SI,SI,SI,SI,SI,5,,,SI,SI,5,9/9/2024,SI,SI,SI,SI,SI,SI,,,,,X,X,,,X,X,,,X,X,X,X,,,X,,,,,126-2024,,SI,SI,NO,,,,,,,,,,,,NO,,,,,,,NO,,,,,,F0,B4,1,040101,040001
0899112,0,059571,3AS,41026 MARIA MURILLO DE BERNAL,CERRO COLORADO,LA LIBERTAD,1,,1,1 JER-Jornada Escolar Regular,0,NO,,NO,SI,SI,,,,X,,,SI,NO,1,,SI,X,,,,,,SI,SI,X,X,X,,,,SI,SI,4,,NO,,,,,,,SI,SI,X,,,,,,,,7,SI,X,X,X,X,,,NO,,X,X,X,X,X,X,X,,,SI,SI,SI,SI,SI,3,X,,X,X,X,X,,,X,X,X,X,SI,SI,23,SI,2,X,X,X,X,X,X,X,,,X,X,X,X,X,,,,SI,SI,2,SI,X,X,X,X,,,SI,SI,SI,SI,SI,SI,SI,0,,,SI,NO,,//,SI,SI,SI,SI,SI,SI,,,,,X,X,,,X,,,X,X,X,,,,,X,,,,,146,,SI,SI,,,,,,,,,,,,,SI,X,,,,,,SI,X,,,,,F0,A1,1,040104,040001
0309567,0,069706,3AS,FRANCISCO GARCIA CALDERON,CHIVAY,,2,,2,2 JEC-Jornada Escolar Completa,,,,,NO,SI,X,,,,,,SI,SI,,,SI,X,,,,,,SI,SI,,X,X,,,,SI,NO,,,SI,X,,X,,,,SI,SI,,,X,,X,,X,ESCALA,7,SI,X,X,X,,,,,,X,X,X,X,X,X,X,,,SI,SI,SI,SI,SI,3,X,X,,,,X,,,X,,X,X,SI,SI,22,SI,1,,X,,,X,X,,,,X,X,X,X,X,,,,SI,SI,10,SI,,,,X,,,SI,SI,SI,SI,SI,SI,SI,0,,,SI,NO,,//,SI,SI,SI,SI,SI,SI,,,X,X,,,,,,,X,X,,,,X,,,X,X,X,,,097,,SI,SI,SI,,X,,,,,,,,X,X,SI,,X,X,X,,,SI,,X,,,,F0,A1,1,040501,040006
0898064,0,070781,3AS,NUESTRA SRA. DE LA PAZ,MAJES,PEDREGAL,1,,1,1 JER-Jornada Escolar Regular,,,,,NO,,,,,,,,NO,,,,SI,X,,,,,,SI,SI,,X,,,,,SI,NO,,,SI,X,,,,,,SI,SI,,,,,,X,,,8,NO,,,,,,,NO,,X,X,X,X,X,X,,,,SI,SI,SI,SI,NO,,,,,X,,X,,,X,,,,SI,SI,5,SI,2,X,,,,X,,,,,,X,,,,,,,SI,SI,5,SI,,,X,,,,SI,SI,SI,SI,SI,SI,SI,0,,,SI,NO,,//,SI,SI,SI,SI,SI,SI,,,X,X,,,,,X,,,,X,,,,,,X,,X,,,060,114,SI,SI,,,,,,,,,,,,,SI,X,,,,,,SI,X,,,,,F0,B2,2,040520,040010
1323898,0,908209,3AS,NIÑO MAGISTRAL,CAYMA,ACEQUIA ALTA,2,,2,2 JEC-Jornada Escolar Completa,,,,,NO,,,,,,,,NO,,,,SI,,,,,,X,SI,SI,,X,X,,,,SI,NO,,,SI,X,,,,,,SI,SI,X,X,X,X,,X,,,5,NO,,,,,,,NO,,X,X,X,,,,X,,,SI,SI,SI,SI,SI,4,X,X,X,X,X,X,,,X,X,X,,SI,SI,12,SI,4,X,X,X,,X,,X,,,X,X,X,X,X,,,,NO,NO,,SI,X,,,X,,,SI,SI,SI,SI,SI,SI,SI,0,,,SI,NO,,//,SI,SI,SI,SI,SI,SI,,,,,X,X,,,X,,X,X,X,X,X,X,,,X,,X,,,28-2025,0,SI,SI,,,,,,,,,,,,,NO,,,,,,,NO,,,,,,F0,B4,1,040103,040001
0309443,0,060254,3AS,ANGEL FRANCISCO ALI GUILLEN,CHARACATO,SAN COSME,2,,2,2 JEC-Jornada Escolar Completa,,,,,NO,,,,,,,,SI,NO,1,,SI,,X,,,X,,SI,SI,X,X,X,,,,SI,SI,2,,SI,X,,X,,,,SI,SI,,,,,,X,,,9,SI,,X,,X,,,,,X,X,X,X,X,X,X,,,SI,SI,SI,SI,SI,3,X,,X,,,,,,X,,X,,SI,SI,15,SI,1,,,,,,X,,,,X,X,,X,,,,,SI,SI,4,SI,X,,,X,,,SI,SI,SI,SI,SI,SI,SI,4,,,SI,SI,11,12/11/2024,NO,SI,SI,SI,SI,SI,X,X,,,,,,,X,,X,,X,X,,,,,X,,X,,,,010,SI,NO,,,,,,,,,,,,,NO,,,,,,,NO,,,,,,F0,A1,1,040105,040002
0309351,0,067260,3AS,NUESTRA SEÑORA DE LA CANDELARIA,SAMUEL PASTOR,CAMANA,2,,2,2 JEC-Jornada Escolar Completa,,,,,NO,,,,,,,,SI,SI,,,SI,X,X,X,X,X,,SI,SI,X,X,X,X,X,ACTIVIDAD FÍSICA,SI,SI,,21,SI,X,X,X,,,,SI,SI,,,X,X,X,X,,,2,SI,X,X,X,X,,,,,X,X,X,X,,,X,,,SI,SI,SI,SI,SI,2,X,X,,,X,X,,,X,X,X,X,SI,SI,27,SI,2,,X,,,,X,,,,X,X,X,X,X,,,,SI,SI,70,SI,X,,,,,,SI,SI,SI,SI,SI,SI,SI,0,,,SI,NO,,//,SI,SI,SI,SI,SI,SI,,,X,X,,,,,X,,X,,X,X,,X,X,,X,X,X,,,063,65,SI,SI,SI,,X,,,,X,,,X,X,X,SI,,X,X,X,,,SI,X,X,,,,F0,A4,1,040208,040003
0712265,0,066859,3AS,40239 NICOLAS DE PIEROLA,NICOLAS DE PIEROLA,SAN GREGORIO,1,,1,1 JER-Jornada Escolar Regular,,,,,NO,,,,,,,,SI,SI,,,SI,X,,,,X,,SI,SI,,X,X,,,,SI,NO,,,SI,,,X,X,,,SI,SI,,,X,,X,X,,,5,SI,X,X,,,,,,,X,X,X,X,X,X,,,,SI,SI,SI,SI,SI,2,X,,,,,X,,,X,,X,,SI,SI,8,SI,1,,X,,,,X,X,,,X,,X,,,,,,SI,SI,6,SI,X,,,X,,,SI,SI,SI,SI,SI,SI,SI,0,,,SI,SI,1,15/11/2024,SI,SI,SI,SI,SI,SI,X,X,,,,,,,X,X,X,X,X,,,X,,,X,,X,,,142,,SI,SI,,,,,,,,,,,,,SI,X,,X,,,,SI,X,,,,,F0,A1,1,040205,040003
1334523,0,548146,3AS,TRILCE AREQUIPA,AREQUIPA,AREQUIPA,1,,1,1 JER-Jornada Escolar Regular,,,,,NO,,,,,,,,SI,SI,,,SI,,,,,,X,SI,NO,,,,,,,,NO,,,NO,,,,,,,SI,NO,X,,,X,,,,,2,SI,,X,,,,,NO,,X,X,X,X,X,X,,,,SI,SI,NO,NO,,,X,,X,,,,,,X,,X,,NO,SI,4,NO,,,,,,,,,,,,X,,,,,,,SI,NO,,SI,,X,,,,,SI,SI,NO,NO,SI,SI,SI,0,,,SI,NO,,//,NO,SI,NO,SI,SI,SI,,,,,X,X,,,,X,,,X,X,,,,,,,X,,,,,,,,,,,,,,,,,,,NO,,,,,,,NO,,,,,,F0,B4,1,040101,040001
1119072,0,063101,3AS,LATINOAMERICANO,PAUCARPATA,AREQUIPA,1,,1,1 JER-Jornada Escolar Regular,,,,,NO,,,,,,,,SI,SI,,,SI,,,,,,X,SI,NO,,,,,,,,NO,,,NO,,,,,,,SI,NO,X,,,,,,,,7,NO,,,,,,,NO,,,,,,,,,,,SI,SI,SI,SI,NO,,X,X,,X,,,,,X,X,,,SI,SI,14,NO,,,,,,,,,,,,X,X,,,,,,NO,NO,,SI,,X,,,,,SI,SI,SI,NO,SI,SI,SI,0,,,SI,NO,,//,SI,SI,SI,SI,SI,SI,,,,X,,,X,,X,,,,X,,,,X,,X,,X,,,0004,,SI,SI,,,,,,,,,,,,,SI,X,,,,,,NO,,,,,,F0,B4,1,040112,040002
1794957,0,067613,3AS,41052,ATIQUIPA,SANTA ROSA,1,,1,1 JER-Jornada Escolar Regular,,,,,NO,,,,,,,,SI,SI,,,SI,,,,,,X,SI,SI,X,,,,,,SI,NO,,,SI,X,,X,,,,SI,SI,,,,,,X,,,8,SI,X,,,,,,,,X,,X,X,X,X,,,,SI,SI,SI,SI,NO,,,X,X,,,,,,,,X,,SI,SI,4,SI,1,,X,,,,X,,,,X,X,,,,,,,SI,SI,8,SI,X,X,,,,,SI,SI,SI,SI,SI,SI,SI,0,,,SI,NO,,//,SI,SI,NO,SI,SI,SI,,,X,X,,,,,X,,,,X,,,,,,X,,,,,22,112,SI,SI,,,,,,,,,,,,,NO,,,,,,,NO,,,,,,F0,A1,2,040304,040004
1700087,0,550714,3AS,ADONAI INTERNACIONAL,PAUCARPATA,,1,,1,1 JER-Jornada Escolar Regular,,,,,NO,,,,,,,,SI,SI,,,SI,X,,,,,,SI,SI,,,X,,,,NO,NO,,,NO,,,,,,,SI,NO,X,,,,,,,,8,SI,,X,X,X,,,SI,1,X,X,X,X,X,X,X,,,SI,SI,SI,SI,NO,,X,X,X,X,,X,,,X,X,,X,SI,SI,3,SI,2,,X,X,,,X,,,,X,X,X,,X,,,,SI,SI,15,SI,X,X,,X,,,SI,SI,SI,SI,SI,SI,SI,0,,,SI,NO,,//,SI,SI,SI,SI,SI,NO,,,,,,,,,,,X,,X,X,,,,,,,X,,,,,,,,,,,,,,,,,,,NO,,,,,,,SI,X,,,,,F0,B4,1,040112,040002
0610659,0,072742,3AS,CHUCARAPI,COCACHACRA,CHUCARAPI,2,,2,2 JEC-Jornada Escolar Completa,,,,,NO,,,,,,,,SI,NO,1,,SI,,,,,,X,SI,SI,,X,,X,,,NO,NO,,,SI,X,X,X,,,,SI,SI,,X,X,,X,X,,,3,SI,X,,,,,,,,X,X,X,X,,,X,,,SI,SI,SI,SI,NO,,,X,,,,X,,,,X,,,SI,SI,7,SI,2,,,,,,X,,,,X,X,,,,,,,SI,NO,,SI,X,,,X,,,SI,SI,SI,SI,SI,SI,SI,0,,,SI,NO,,//,SI,SI,SI,SI,SI,SI,X,X,,,,,,,,,,X,X,,,,X,,X,,X,,,,002,SI,SI,,,,,,,,,,,,,NO,,,,,,,SI,X,,,,,F0,A1,2,040702,040008
0309229,0,055573,3AS,INDEPENDENCIA AMERICANA,AREQUIPA,AREQUIPA,2,,2,2 JEC-Jornada Escolar Completa,,,,,NO,,,,,,,,SI,SI,,,SI,X,,,,,,SI,SI,X,X,X,,,,SI,SI,33,9,SI,X,X,X,X,,,SI,SI,,X,,,,,X,SEGÚN NORMATIVA,9,SI,X,X,X,X,,,,,X,X,X,X,X,X,X,,,SI,SI,SI,SI,SI,8,X,X,X,X,,X,,,X,X,X,X,SI,SI,45,SI,6,X,X,X,,X,X,X,,,X,X,X,X,X,,,,SI,SI,90,SI,X,X,,X,,,SI,SI,SI,SI,SI,SI,SI,5,,,SI,SI,13,22/10/2024,SI,SI,SI,SI,SI,SI,,,X,X,,,,,X,X,X,X,X,X,X,X,X,X,X,,X,,,251,,SI,SI,,,,,,,,,,,,,NO,,,,,,,SI,X,,,,,F0,A1,1,040101,040001
1031574,0,071752,3AS,40458 SAN JUAN BAUTISTA,CAYARANI,CAYARANI,1,,1,1 JER-Jornada Escolar Regular,,,,,NO,,,,,,,,SI,SI,,,NO,X,,,,,,SI,SI,,,X,X,,,SI,NO,,,SI,X,X,X,X,,,NO,NO,X,,,,,,,,8,NO,,,,,,,NO,,X,X,X,X,X,X,,,,SI,SI,SI,SI,SI,2,X,X,X,X,X,X,,,,X,X,X,SI,SI,9,SI,1,X,X,X,X,X,X,X,,,X,X,X,X,X,,,,SI,SI,10,SI,,X,X,X,,,SI,SI,SI,SI,SI,SI,SI,0,,,SI,NO,,//,NO,SI,SI,SI,SI,NO,,,,,,,,,X,X,X,,X,X,X,X,,,X,,X,,,014,,SI,SI,,,,,,,,,,,,,SI,,X,X,,,,SI,,,X,,,F0,A1,2,040603,040006
1395367,0,059769,3AS,40677 SAN MIGUEL FEBRES CORDERO,CERRO COLORADO,VILLA LAS CANTERAS,1,,1,1 JER-Jornada Escolar Regular,,,,,NO,,,,,,,,SI,SI,,,SI,X,,,,,,SI,SI,X,X,X,X,,,SI,NO,,,SI,X,,,,,,SI,NO,,,,,,X,,,3,SI,X,X,X,,,,,,X,X,X,X,X,X,X,,,SI,SI,SI,SI,NO,,X,X,X,X,,,,,X,,,X,SI,SI,10,SI,1,X,,,,,,,,,X,X,,X,,,,,SI,SI,5,SI,X,X,,,,,SI,SI,SI,SI,SI,SI,SI,0,,,SI,SI,1,23/9/2024,NO,SI,NO,SI,SI,SI,,,X,X,,,,,,,X,,X,,,,,,X,,,,,44,143,SI,SI,NO,,,,,,,,,,,,NO,,,,,,,NO,,,,,,F0,A1,1,040104,040001
1335025,0,548165,3AS,PADRE SANTIAGO APOSTOL,CERRO COLORADO,AREQUIPA,1,,1,1 JER-Jornada Escolar Regular,,,,,NO,,,,,,,,NO,,,,SI,X,,X,,X,,SI,SI,,X,X,,,,NO,NO,,,SI,X,X,,,,,SI,NO,,,X,,X,X,,,8,NO,,,,,,,NO,,X,X,X,X,X,X,X,,,SI,SI,NO,SI,SI,2,,X,,,,,,,X,,X,,SI,SI,5,SI,7,X,X,X,,X,X,X,,,X,X,X,X,X,,,,SI,SI,5,SI,X,X,,X,,,SI,SI,SI,SI,SI,SI,SI,0,,,SI,SI,1,17/9/2024,SI,SI,SI,SI,SI,SI,X,X,,,,,,,X,,,,X,,,,,,X,,X,,,007,,SI,NO,SI,,,,,,X,,,,,X,NO,,,,,,,SI,X,,,,,F0,B4,1,040104,040001
0309906,0,057176,3AS,SAN PEDRO PASCUAL,AREQUIPA,AREQUIPA,1,,1,1 JER-Jornada Escolar Regular,,,,,NO,,,,,,,,SI,SI,,,SI,X,,,,,,SI,SI,,X,X,,,,NO,SI,1,,SI,X,,,,,,SI,SI,,,,,,X,,,9,NO,,,,,,,NO,,X,X,X,X,X,X,X,,,SI,SI,SI,SI,SI,3,,X,,X,,X,,,,X,X,,SI,SI,15,SI,2,X,X,X,X,,X,X,,,X,X,,X,X,,,,NO,SI,235,SI,X,X,,X,,,SI,SI,SI,SI,SI,SI,SI,3,,,SI,SI,88,6/12/2024,SI,SI,SI,SI,SI,SI,X,X,,,,,,,X,,X,,X,X,,,,,X,,X,,,33,,NO,,,,,,,,,,,,,,NO,,,,,,,NO,,,,,,F0,B4,1,040101,040001
1333210,0,070516,3AS,40629 DIVINO NIÑO JESUS,MAJES,C2,2,,2,2 JEC-Jornada Escolar Completa,,,,,NO,,,,,,,,SI,SI,,,SI,,,,X,,,SI,SI,,,X,,,,NO,NO,,,SI,X,,,,,,SI,SI,,,X,,,,,,6,SI,X,,,,,,,,X,X,X,X,X,X,X,,,SI,SI,SI,SI,NO,,,,X,,X,,,,,X,,,SI,SI,9,NO,,,,,,,,,,,X,X,,,,,,,SI,SI,15,SI,X,,,,,,SI,SI,SI,SI,SI,SI,SI,0,,,SI,NO,,//,SI,SI,NO,SI,SI,SI,X,X,,,,,,,,X,,,,X,,,X,,X,,,,,032-2025,032,SI,SI,,,,,,,,,,,,,NO,,,,,,,NO,,,,,,F0,A1,2,040520,040010
1629682,0,554236,3AS,LA INMACULADA DE LA COLINA,MAJES,SANTA MARIA DE LA COLINA,1,,1,1 JER-Jornada Escolar Regular,,,,,NO,,,,,,,,SI,SI,,,SI,X,,,,,,SI,SI,,X,X,,,,NO,NO,,,SI,X,,,,,,SI,NO,X,,,,,X,,,8,SI,X,X,,,,,NO,,X,X,X,X,X,X,,,,SI,SI,SI,NO,,,X,X,,,,,,,X,X,,,SI,SI,7,SI,2,,,,,,,X,,,X,,X,,,,,,SI,SI,4,SI,X,X,,,,,SI,SI,SI,SI,SI,SI,SI,0,,,SI,NO,,//,NO,SI,SI,SI,SI,NO,,,,,,,,,,X,X,,X,X,,,,,X,,,,,054-2024,,NO,,,,,,,,,,,,,,NO,,,,,,,NO,,,,,,F0,B4,1,040520,040010
0796961,0,070960,3AS,40392 JOSE A. ENCINAS FRANCO,SAN ANTONIO DE CHUCA,IMATA,1,,1,1 JER-Jornada Escolar Regular,,,,,NO,NO,,,,,,,SI,SI,,,SI,X,,,,,,SI,SI,,,X,,,,SI,NO,,,SI,X,,X,,,,SI,SI,,,,,,X,,,8,SI,X,,,,,,,,X,X,X,X,X,X,,,,SI,SI,SI,SI,NO,,X,X,,,,,,,X,,,,SI,SI,5,SI,1,,X,,,,X,,,,X,X,,,,,,,SI,SI,2,SI,,,,X,,,SI,SI,SI,SI,SI,SI,SI,0,,,SI,NO,,//,NO,SI,SI,SI,SI,SI,X,X,,,,,,,X,,,X,X,,,,,,X,,,,,031-2024,247-2024,SI,SI,NO,,,,,,,,,,,,NO,,,,,,,SI,X,,,,,F0,A1,2,040514,040006
1663459,0,745496,3AS,LA JOYA,LA JOYA,ESTACION VITOR,1,,1,1 JER-Jornada Escolar Regular,,,,,NO,,,,,,,,SI,SI,,,SI,X,,,,,,SI,SI,,X,X,,,,NO,NO,,,SI,X,,,,,,SI,NO,,,,,,X,,,8,SI,X,,,,,,NO,,,,,,,,,,,SI,SI,SI,NO,,,,,,X,,,,,,,X,,SI,SI,8,SI,1,,X,,,,,,,,X,X,,,,,,,SI,NO,,SI,,X,,,,,SI,SI,SI,NO,SI,SI,SI,0,,,SI,NO,,//,SI,SI,SI,SI,SI,NO,,,,,,,,,X,,,,X,,,,,,,,X,,,,,,,,,,,,,,,,,,,NO,,,,,,,NO,,,,,,F0,B4,1,040108,040010
1518554,0,610440,3AS,CIENCIAS APLICADAS SIR ISAAC NEWTON,MOLLENDO,MOLLENDO,1,,1,1 JER-Jornada Escolar Regular,,,,,NO,,,,,,,,SI,SI,,,SI,X,,,,,,SI,SI,,,X,,,,NO,NO,,,SI,X,,,,,,SI,SI,X,,,,,,,,3,SI,,X,,,,,NO,,X,X,X,X,X,X,,,,SI,SI,SI,SI,NO,,,,X,,,,,,X,X,,,SI,SI,8,SI,2,X,,,,,X,,,,,X,,,X,,,,NO,NO,,NO,,X,X,,,,SI,SI,SI,SI,SI,SI,SI,1,,,SI,NO,,//,SI,SI,SI,SI,SI,SI,,,X,,,,,X,X,,,,,X,,,,,X,,,,,07-2025,,SI,SI,NO,,,,,,,,,,,,NO,,,,,,,NO,,,,,,F0,B4,1,040701,040008
0695346,0,061159,3AS,CORONEL FAP CESAR FAURA GOUBET,LA JOYA,VILLA FAP,1,,1,1 JER-Jornada Escolar Regular,,,,,NO,,,,,,,,SI,SI,,,SI,X,,,,,,SI,SI,,,X,,,,SI,NO,,,NO,,,,,,,SI,NO,,,X,X,,X,,,8,NO,,,,,,,,,X,X,X,X,X,X,X,,,SI,SI,SI,SI,SI,3,X,X,X,X,X,X,,,X,X,X,X,SI,SI,5,SI,4,,X,X,X,,X,X,,,X,X,,,X,,,,SI,SI,1,SI,X,X,X,X,,,SI,SI,SI,SI,SI,SI,SI,0,,,SI,NO,,//,SI,SI,SI,SI,SI,SI,X,X,,,,,,,X,X,X,X,X,X,X,X,,,X,,X,,,026 A,,SI,SI,,,,,,,,,,,,,NO,,,,,,,SI,,X,,,,F0,A2,2,040108,040010
1717628,0,798734,3AS,RICARDO PALMA SORIANO,MAJES,CIUDAD MAJES  MODULO G,1,,1,1 JER-Jornada Escolar Regular,,,,,NO,,,,,,,,SI,NO,4,SE TENIA QUE DESDOBLAR UN GRADO,SI,X,,,,,,SI,SI,X,X,X,,X,ACTIVIDADES DEPORTIVAS,SI,NO,,,SI,X,X,,,,,SI,SI,,,,,,X,,,9,SI,X,X,,X,,,,,X,X,X,X,X,X,,,,SI,SI,SI,SI,SI,3,X,X,,X,,,,,X,,X,,SI,SI,12,SI,2,X,X,,,,X,,,,X,X,,X,,,,,SI,SI,4,SI,X,,,X,,,SI,SI,SI,SI,SI,SI,SI,3,,,SI,NO,,//,SI,SI,SI,SI,NO,SI,X,X,,,,,,,X,,,X,X,X,,,X,,X,,X,,,041,094,SI,SI,,,,,,,,,,,,,NO,,,,,,,SI,,X,,,,F0,A1,1,040520,040010
0895813,0,062960,3AS,SANTA MARIA DE LA PAZ,PAUCARPATA,NUEVA ALBORADA,1,,1,1 JER-Jornada Escolar Regular,,,,,NO,,,,,,,,SI,SI,,,SI,X,,,,X,,SI,SI,X,X,,,,,SI,NO,,,SI,X,X,X,,,,NO,SI,X,,,,,,,,5,NO,,,,,,,,,X,X,X,X,X,X,X,,,SI,SI,SI,SI,SI,7,,X,,,,,,,X,,X,,SI,SI,12,SI,10,X,X,X,X,X,X,X,,,X,X,,X,X,,,,SI,SI,60,SI,X,X,,X,,,SI,SI,SI,SI,SI,SI,SI,5,,,SI,SI,1,4/5/2024,SI,SI,SI,SI,SI,SI,X,X,,,,,,,,,X,,X,,,,X,,X,,,,,38,5,SI,SI,,,,,,,,,,,,,NO,,,,,,,SI,X,,,,,F0,A4,1,040112,040002
1696475,0,863201,3AS,LAS FLORES,CERRO COLORADO,LAS FLORES,1,,1,1 JER-Jornada Escolar Regular,,,,,SI,SI,,,,,X,VIRTUALES,SI,NO,4,CARGA DOCENTE,SI,,,,,,X,SI,SI,,,X,,,,SI,NO,,,SI,,,,,X,VACUNACION,SI,NO,,,X,X,,X,,,5,NO,,,,,,,,,X,X,X,X,,X,,X,AUXILIAR DE EDUCACION,SI,SI,SI,SI,SI,1,,X,,X,X,,,,X,X,,X,SI,SI,10,SI,2,,X,,,X,X,X,,,X,X,,,X,,,,SI,SI,10,SI,X,X,X,X,,,SI,SI,SI,SI,SI,SI,SI,0,,,SI,SI,10,12/7/2024,SI,SI,SI,SI,SI,SI,X,X,,,,,,,X,,X,X,X,X,,,X,,X,X,X,,,025-2025,025-2025,SI,SI,SI,,,,,X,X,,,,,X,NO,,,,,,,SI,X,,,,,F0,A1,1,040104,040001
1335074,0,548009,3AS,EL UNIVERSITARIO,CERCADO,AREQUIPA,1,,1,1 JER-Jornada Escolar Regular,,,,,NO,,,,,,,,NO,,,,SI,,,,,,X,SI,NO,,,,,,,NO,NO,,,NO,,,,,,,SI,NO,X,,,,,,,,8,NO,,,,,,,NO,,,X,,,,,,,,SI,SI,SI,NO,NO,,X,X,,,,,,,X,X,,,NO,SI,4,NO,,X,X,,,,,,,,X,X,,,,,,,SI,SI,4,NO,X,X,X,X,,,SI,SI,SI,SI,SI,SI,SI,0,,,SI,NO,,//,SI,SI,SI,SI,SI,NO,,,,,,,,,X,X,,,,X,X,,X,X,,,,,,,,,,,,,,,,,,,,,,NO,,,,,,,NO,,,,,,F0,B4,1,040101,040001
1314376,0,068679,3AS,40352 BENJAMIN GOMEZ YANCAPALLO,CHILCAIMARCA,CHILCAIMARCA,1,,1,1 JER-Jornada Escolar Regular,,,,,NO,,,,,,,,SI,SI,,,NO,X,,,,,,SI,SI,,,X,X,,,SI,NO,,,SI,X,X,X,X,,,NO,NO,X,,,,,,,,8,NO,,,,,,,NO,,X,X,X,X,X,X,,,,SI,SI,SI,SI,SI,2,X,X,X,X,X,X,,,,X,X,X,SI,SI,9,SI,1,X,X,X,X,X,X,X,,,X,X,X,X,X,,,,SI,SI,5,SI,,X,X,X,,,SI,SI,SI,SI,SI,SI,SI,0,,,SI,NO,,//,NO,SI,SI,SI,SI,NO,,,,,,,,,X,X,X,,X,X,X,X,,,X,,X,,,014,,SI,SI,,,,,,,,,,,,,SI,,X,X,,,,SI,,,X,,,F0,A1,2,040405,040005
0617217,0,062861,3AS,JUAN XXIII,PAUCARPATA,MIGUEL GRAU,2,,2,2 JEC-Jornada Escolar Completa,,,,,NO,,,,,,,,SI,SI,,,SI,X,,X,X,,,SI,SI,,X,X,,,,SI,SI,2,,SI,X,,X,,,,SI,NO,,,X,,X,X,,,6,SI,X,X,,X,,,,,X,X,X,X,X,X,X,,,SI,SI,SI,SI,SI,5,X,X,X,X,X,X,,,X,X,X,X,SI,SI,9,SI,2,,X,,,,X,X,,,X,X,X,X,X,,,,SI,NO,,SI,X,,,X,,,SI,SI,SI,SI,SI,SI,SI,3,,,SI,SI,3,5/9/2024,NO,SI,SI,SI,SI,SI,,,X,X,,,,,X,X,X,X,X,X,X,X,X,X,X,,X,X,DEPARTAMENTO MENORES DE CIRCA,147,193,SI,NO,,,,,,,,,,,,,SI,X,X,X,X,,,SI,X,X,,,,F0,A4,1,040112,040002
0898395,0,068066,3AS,INDALECIO TRILLO,LOMAS,LOMAS,1,,1,1 JER-Jornada Escolar Regular,,,,,NO,SI,,,,,X,CARPETA,SI,SI,,,SI,X,,,,X,,SI,SI,X,,X,,,,SI,NO,,,NO,,,,,,,SI,SI,,,,,,X,,,8,SI,X,X,,X,,,NO,,X,X,X,X,X,X,,,,SI,SI,SI,SI,SI,3,X,,,X,,X,,,X,X,X,X,NO,SI,8,SI,2,,X,,,,,X,,,,X,X,X,,,,,SI,NO,,SI,X,,,X,,,SI,SI,SI,SI,SI,SI,SI,0,,,SI,NO,,//,SI,SI,SI,SI,SI,SI,X,X,,,,,,,X,,X,,X,X,,,X,,X,X,X,,,0162024,,SI,SI,SI,,,,,,X,,,X,,,SI,,X,,,,,SI,X,,,,,F0,A1,2,040311,040004
1577584,0,063771,3AS,40216 VIRGEN DEL ROSARIO DE HUAYLLACUCHO,SAN JUAN DE TARUCANI,HUAYLLACUCHO,1,,1,1 JER-Jornada Escolar Regular,,,,,SI,SI,,X,,,,,NO,SI,,,SI,X,,,,,,SI,SI,,,X,,,,NO,NO,,,SI,X,X,,,,,NO,SI,,,X,,,,,,8,NO,,,,,,,,,X,X,X,X,X,X,,,,SI,SI,SI,SI,SI,1,X,,,,X,,,,X,,X,,SI,SI,4,NO,,,,,,,,,,,X,X,,X,,,,,SI,SI,2,SI,,,X,,,,SI,SI,SI,SI,SI,SI,SI,0,,,SI,NO,,//,NO,SI,SI,SI,SI,SI,X,X,,,,,,,,,,X,,,,X,,,X,,,,,26,68,SI,SI,NO,,,,,,,,,,,,NO,,,,,,,SI,X,,,,,F0,A1,2,040119,040002
1625532,0,071733,3AS,40459 SAN ROQUE,CAYARANI,CP UMACHULCO,1,,1,1 JER-Jornada Escolar Regular,,,,,NO,,,,,,,,SI,SI,,,SI,,,,,,X,SI,SI,,X,X,,,,SI,NO,,,SI,X,,,,,,SI,SI,,,,,,X,,,8,SI,X,,,X,,,,,X,X,X,X,X,X,,,,SI,SI,SI,SI,NO,,X,X,,X,,,,,X,X,X,,SI,SI,5,NO,,,,,,,,,,,X,X,X,X,X,,,,SI,SI,3,SI,,X,,X,,,SI,SI,SI,SI,SI,NO,SI,0,,,SI,SI,11,30/4/2024,NO,SI,NO,SI,SI,SI,X,X,,,,,,,X,,,X,X,,X,,X,,X,,X,,,012-2025,23,SI,SI,,,,,,,,,,,,,NO,,,,,,,SI,X,,,,,F0,A1,2,040603,040005
3014404,0,551501,3AS,JOULE SOCABAYA,CHARACATO,LA HUAYLLA,1,,1,1 JER-Jornada Escolar Regular,,,,,NO,,,,,,,,SI,SI,,,SI,,,,,,X,SI,NO,,,,,,,,NO,,,NO,,,,,,,SI,NO,,X,,,,,,,8,NO,,,,,,,NO,,X,,,,,,,,,SI,SI,SI,SI,NO,,,X,,X,,,,,X,,,,NO,SI,2,SI,1,,,,,,X,,,,,X,X,,,,,,NO,NO,,NO,,X,,,,,SI,SI,SI,SI,SI,SI,SI,0,,,SI,NO,,//,SI,SI,SI,SI,SI,NO,,,,,,,,,,,X,,,,X,,,,X,,,,,020,003,SI,SI,NO,,,,,,,,,,,,NO,,,,,,,NO,,,,,,F0,B4,1,040105,040002
1262484,0,071460,3AS,CIENCIAS APLICADAS,MAJES,EL PEDREGAL,1,,1,1 JER-Jornada Escolar Regular,,,,,NO,,,,,,,,SI,SI,,,SI,X,,,,,,SI,SI,,X,X,,,,NO,NO,,,SI,,,,,X,VACUNAS,SI,SI,X,,,,,,,,1,SI,,,X,,,,SI,1,X,,X,,,,X,,,SI,SI,SI,SI,NO,,,X,,,,,,,X,,,,SI,SI,1,SI,1,,,,,,X,,,,,,X,,,,,,SI,SI,1,SI,,,,X,,,SI,SI,SI,SI,SI,SI,SI,0,,,SI,NO,,//,SI,SI,NO,SI,SI,NO,,,,,,,,,,,X,,,X,,,,,X,,,,,78,78,SI,SI,NO,,,,,,,,,,,,NO,,,,,,,NO,,,,,,F0,B4,1,040520,040010
1659812,0,742153,3AS,EL GRAN PODER DE JESUS,CERRO COLORADO,ASOC CENTRO INDUSTRIAL LAS CANTERAS,1,,1,1 JER-Jornada Escolar Regular,,,,,NO,,,,,,,,SI,SI,,,SI,X,,,,,,SI,SI,,,X,,,,NO,NO,,,NO,,,,,,,SI,NO,X,,,,,,,,3,NO,,,,,,,NO,,X,X,X,,,,,,,SI,SI,NO,NO,,,X,,,,,X,,,X,X,,,NO,SI,5,SI,2,,X,,,,X,,,,X,X,,,,,,,SI,SI,9,SI,X,X,,,,,SI,SI,SI,SI,SI,SI,SI,0,,,SI,NO,,//,NO,SI,SI,SI,SI,SI,X,X,,,,,,,X,X,,,X,,,,,,X,,,,,15-2025,,SI,SI,NO,,,,,,,,,,,,NO,,,,,,,NO,,,,,,F0,B4,1,040104,040001
1334002,0,820259,3AS,CIENCIAS,MAJES,EL PEDREGAL,1,,1,1 JER-Jornada Escolar Regular,,,,,NO,,,,,,,,SI,SI,,,SI,X,,,,,,SI,SI,,X,X,,,,NO,NO,,,SI,X,,,,,,SI,NO,X,,,,,,,,2,SI,,,X,,,,SI,4,X,X,X,,,,X,,,SI,SI,SI,SI,NO,,X,,,,,,,,,,X,,SI,SI,1,SI,1,,,X,,,,,,,,X,,,,,,,SI,SI,5,SI,,,,X,,,SI,SI,SI,SI,SI,SI,SI,0,,,SI,NO,,//,SI,SI,NO,SI,SI,NO,,,,,,,,,X,,,,X,,,,,,X,,,,,060,060,SI,SI,NO,,,,,,,,,,,,NO,,,,,,,NO,,,,,,F0,B4,1,040520,040010
0679001,0,067104,3AS,40244 VIRGEN DE LA CANDELARIA DE QUILCA,QUILCA,QUILCA,1,,1,1 JER-Jornada Escolar Regular,,,,,NO,NO,,,,,,,SI,SI,,,SI,X,X,,,X,,SI,SI,,X,,,,,SI,NO,,,SI,X,X,X,,,,SI,SI,,X,X,,,,,,9,SI,,,,X,,,,,X,X,X,X,X,X,,,,SI,SI,SI,SI,SI,1,,X,,,,,,,X,,X,,SI,SI,5,SI,12,X,X,X,X,X,X,,,,X,X,,,,,,,SI,SI,1,SI,X,,,,,,SI,SI,SI,SI,SI,SI,SI,1,,,SI,SI,3,26/6/2024,SI,SI,SI,SI,SI,SI,,,,,,,X,X,X,,X,,X,X,,,X,,X,,X,,,15,034,SI,NO,NO,,,,,,,,,,,,NO,,,,,,,NO,,,,,,F0,A1,2,040207,040003
1702943,0,586256,3AS,VECTOR,JOSE LUIS BUSTAMENTE Y RIVERO,AREQUIPA,2,,2,2 JEC-Jornada Escolar Completa,,,,,SI,SI,X,,,,,,SI,SI,,,SI,,,,,,X,SI,SI,X,X,X,,,,SI,NO,,,SI,X,X,X,,,,SI,SI,X,X,,,,,,,9,NO,,,,,,,NO,,X,X,X,X,X,X,X,,,SI,SI,SI,SI,SI,2,X,X,X,X,X,X,,,X,X,X,X,SI,SI,14,SI,3,X,X,X,X,X,X,X,,,X,X,X,X,X,,,,SI,NO,,SI,X,X,X,,,,SI,SI,SI,SI,SI,SI,SI,2,,,SI,SI,2,16/8/2024,SI,SI,SI,SI,SI,NO,,,,,,,,,X,X,X,X,X,X,X,X,X,,X,X,,,,014,0016,SI,SI,SI,X,,,,,,,,X,,,NO,,,,,,,NO,,,,,,F0,B4,1,040129,040002
1455583,0,551898,3AS,WILLIAM SHAKESPEARE,JACOBO HUNTER,VILLA SAN ISIDRO,1,,1,1 JER-Jornada Escolar Regular,,,,,NO,,,,,,,,SI,SI,,,SI,X,,,X,,,SI,SI,X,,X,,,,SI,NO,,,SI,X,X,X,X,,,SI,SI,X,,X,,,,,,8,NO,,,,,,,NO,,X,X,X,X,X,X,X,,,SI,SI,SI,SI,SI,3,X,X,,,,X,,,X,,X,,SI,SI,5,SI,2,,,,,,X,,,,X,X,,,,,,,SI,SI,2,SI,,,,X,,,SI,SI,SI,SI,SI,SI,SI,0,,,SI,NO,,//,NO,SI,SI,SI,NO,SI,,,,,X,X,,,,,,X,X,,X,,,,X,,X,,,0013,14,SI,SI,,,,,,,,,,,,,NO,,,,,,,SI,X,,,,,F0,B4,1,040107,040002
1419415,0,859794,3AS,ERNEST RUTHERFORD,SOCABAYA,HORACIO ZEBALLOS GAMEZ,1,,1,1 JER-Jornada Escolar Regular,,,,,NO,,,,,,,,SI,SI,,,SI,X,,,X,X,,SI,SI,X,,X,X,,,SI,NO,,,SI,X,,,,,,SI,SI,,,X,,,,,,8,SI,X,X,X,X,,,SI,5,X,X,X,,X,,X,,,SI,SI,SI,SI,SI,3,X,X,,,,X,,,X,X,X,X,SI,SI,4,SI,2,,X,X,,X,,X,,,X,X,X,X,X,,,,SI,SI,3,SI,X,X,,X,,,SI,SI,SI,SI,SI,SI,SI,0,,,SI,NO,,//,SI,SI,SI,SI,SI,NO,,,,,,,,,,X,X,X,,,X,X,X,,X,X,X,,,007-2025,,SI,SI,SI,,X,,,X,,,,,,X,NO,,,,,,,NO,,,,,,F0,B4,1,040122,040002
1341502,0,572886,3AS,CIMAS,MAJES,EL PEDREGAL,1,,1,1 JER-Jornada Escolar Regular,,,,,NO,,,,,,,,SI,SI,,,SI,X,,,,,,SI,SI,,,X,,,,NO,NO,,,SI,X,,,,,,SI,NO,X,,,,,,,,9,NO,,,,,,,NO,,X,X,X,,,,X,,,SI,SI,SI,SI,NO,,,,,,,X,,,,,,X,SI,SI,1,SI,1,,,,,,X,,,,,,X,,,,,,SI,SI,6,SI,,,,X,,,SI,SI,SI,SI,SI,SI,SI,0,,,SI,NO,,//,SI,SI,NO,SI,SI,NO,,,,,,,,,X,,,,,X,,,,,X,,,,,44,44,SI,SI,NO,,,,,,,,,,,,NO,,,,,,,NO,,,,,,F0,B4,1,040520,040010
1794940,0,068085,3AS,40278,QUICACHA,SIFUENTES,1,,1,1 JER-Jornada Escolar Regular,,,,,SI,SI,,,,X,,,NO,,,,SI,X,,,X,,,SI,SI,,,X,,,,SI,NO,,,SI,X,,,,,,SI,SI,,,,,,X,,,6,SI,,,X,X,,,,,X,X,X,,X,X,,,,SI,SI,SI,SI,NO,,X,,,,,,,,X,,,,SI,SI,4,SI,3,,X,,,X,X,X,,,X,X,,,,,,,SI,SI,2,SI,,X,,,,,SI,SI,SI,SI,SI,SI,SI,0,,,NO,,,//,NO,SI,SI,SI,SI,SI,,,,,,,X,X,X,X,,,X,X,,,,,X,,,,,35-2024,55-2024,NO,,NO,,,,,,,,,,,,SI,X,,,,,,SI,X,,,,,F0,A1,2,040312,040004
0897751,0,060065,3AS,SEÑOR DE LAS PIEDADES,CERRO COLORADO,AREQUIPA,1,,1,1 JER-Jornada Escolar Regular,,,,,NO,,,,,,,,SI,SI,,,SI,,,,,,X,SI,SI,,X,X,X,,,SI,NO,,,NO,,,,,,,SI,NO,X,,,,,,,,8,SI,,X,,,,,SI,3,X,X,X,,,X,X,,,SI,SI,SI,SI,SI,1,X,X,,,,,,,X,X,,X,NO,SI,6,SI,1,,,,,X,,,,,X,X,X,,,,,,SI,SI,4,SI,X,X,,X,,,SI,SI,SI,SI,SI,NO,SI,0,,,SI,NO,,//,SI,SI,SI,SI,SI,SI,X,X,,,,,,,X,,,,X,,,,,,X,,X,,,020-2025,007,SI,SI,,,,,,,,,,,,,SI,X,,,,,,NO,,,,,,F0,B4,1,040104,040001
1776129,0,845599,3AS,DANIEL CHRISTIAN SCHOOL,CERRO COLORADO,LA LIBERTAD,1,,1,1 JER-Jornada Escolar Regular,,,,,NO,,,,,,,,SI,SI,,,SI,,,X,X,X,,SI,SI,,,X,,,,SI,NO,,,SI,X,,,,,,SI,NO,X,,X,X,,X,,,8,NO,,,,,,,NO,,X,X,X,X,X,X,,,,SI,SI,SI,SI,SI,4,X,X,X,X,,,,,X,X,X,X,SI,SI,10,SI,9,X,X,X,,X,X,,,,X,X,,,X,,,,SI,SI,20,SI,,X,,X,,,SI,SI,SI,SI,SI,SI,SI,0,,,SI,NO,,//,NO,SI,SI,SI,SI,SI,X,X,,,,,,,,,X,,,,,X,,,X,,,,,40-2024,,SI,NO,NO,,,,,,,,,,,,NO,,,,,,,NO,,,,,,F0,B4,1,040104,040001
1624196,0,530518,3AS,HOWARD GARDNER,ATICO,LA FLORIDA,1,,1,1 JER-Jornada Escolar Regular,,,,,NO,,,,,,,,SI,SI,,,SI,X,,,,,,SI,SI,,,X,,,,NO,NO,,,SI,X,,X,,,,SI,SI,,,X,X,,,,,8,NO,,,,,,,NO,,X,,X,,,,X,,,SI,SI,SI,SI,SI,1,X,,,,,,,,X,,,,SI,SI,13,SI,2,,X,,,X,,,,,X,X,,,,,,,SI,SI,2,NO,X,,,,,,SI,SI,SI,NO,SI,SI,SI,0,,,SI,NO,,//,NO,SI,SI,SI,SI,NO,,,,,,,,,X,,,,X,,,,,,X,,,,,05,09,SI,SI,NO,,,,,,,,,,,,NO,,,,,,,NO,,,,,,F0,B4,1,040303,040004
0794438,0,060433,3AS,40043 NUESTRA SEÑORA DE LA MEDALLA MILAGROSA,JACOBO HUNTER,HUNTER,2,,2,2 JEC-Jornada Escolar Completa,,,,,NO,,,,,,,,SI,SI,,,SI,X,,,,,,SI,SI,,X,X,,,,SI,NO,,,SI,,,X,,,,SI,SI,,X,,,,X,,,9,NO,,,,,,,,,X,X,X,,,,X,,,SI,SI,SI,SI,SI,2,X,,,,,,,,X,,X,,SI,SI,2,SI,2,X,X,,,,,,,,,X,X,,,X,,TALLERES,SI,NO,,SI,X,,,,,,SI,SI,SI,NO,SI,SI,SI,0,,,NO,,,//,NO,SI,SI,SI,SI,NO,,,,,,,,,,,X,,,,X,,,,X,,,,,026,0,SI,SI,NO,,,,,,,,,,,,SI,,X,,,,,NO,,,,,,F0,A1,1,040107,040002
1253863,0,058166,3AS,NUESTRA SEÑORA DE GUADALUPE,ALTO SELVA ALEGRE,VILLA HERMOSA,2,,2,2 JEC-Jornada Escolar Completa,,,,,NO,,,,,,,,SI,SI,,,SI,X,,,,X,,SI,SI,,X,X,,,,SI,NO,,,SI,X,X,X,,,,SI,SI,X,,,,,X,,,6,SI,X,X,,X,,,,,X,X,X,X,X,X,X,,,SI,SI,SI,SI,SI,5,X,X,,X,X,X,,,X,X,X,X,SI,SI,4,SI,2,X,X,X,X,X,X,X,,,X,X,X,X,X,,,,SI,SI,5,SI,,X,,X,,,SI,SI,SI,SI,SI,SI,SI,0,,,SI,SI,1,20/9/2024,SI,SI,SI,SI,SI,SI,,,X,X,,,,,X,,X,,X,X,X,X,,,,,X,,,,,,,,,,,,,,,,,,,SI,,X,,X,,,NO,,,,,,F0,A4,1,040102,040002
0895755,0,062984,3AS,SOR ANA,PAUCARPATA,CIUDAD BLANCA,1,,1,1 JER-Jornada Escolar Regular,,,,,NO,,,,,,,,SI,SI,,,NO,,,,,,X,SI,SI,,X,,,,,SI,NO,,,NO,,,,,,,NO,SI,,,,,,X,,,9,SI,X,,,,,,,,X,X,X,,,,X,,,SI,SI,SI,SI,SI,2,,,,X,,X,,,X,X,,,SI,SI,13,NO,,,,,,,,,,,,X,,X,,,,,SI,NO,,SI,,X,,X,,,SI,SI,SI,NO,SI,SI,SI,1,,,SI,NO,,//,SI,SI,SI,SI,NO,SI,,,,,X,X,,,,X,,X,,,X,,,,X,,,,,038,00,SI,SI,NO,,,,,,,,,,,,NO,,,,,,,NO,,,,,,F0,A4,1,040112,040002
1271659,0,061041,3AS,40353 SANTIAGO ANTUNEZ DE MAYOLO,LA JOYA,SAN CAMILO ASENTAMIENTO 7,1,,1,1 JER-Jornada Escolar Regular,,,,,NO,,,,,,,,SI,SI,,,SI,X,,X,,,,SI,SI,,X,X,,,,SI,NO,,,SI,X,,,,,,SI,SI,,,X,,,X,,,8,SI,X,,X,,,,,,X,X,X,X,X,X,,,,SI,SI,SI,SI,SI,3,,X,,X,,X,,,X,X,X,X,SI,SI,11,SI,2,,X,,,,X,X,,,X,X,X,X,,,,,SI,SI,5,SI,,,,X,,,SI,SI,SI,SI,SI,NO,SI,0,,,SI,NO,,//,NO,SI,SI,SI,SI,SI,X,X,,,,,,,X,,X,X,,X,X,,X,X,X,X,X,,,075-2024,,SI,NO,SI,X,,,,,,,,,,X,NO,,,,,,,SI,,X,,,,F0,A1,2,040108,040010
1270537,0,063078,3AS,JUAN JACOBO ROUSSEAU,PAUCARPATA,UGEL AREQUIPA SUR,2,5,1,1 JER-Jornada Escolar Regular,,,,,NO,,,,,,,,SI,SI,,,SI,,,,,,X,SI,NO,,,,,,,,NO,,,NO,,,,,,,SI,SI,,,,,,X,,,8,NO,,,,,,,NO,,X,X,X,X,X,X,,,,SI,SI,SI,SI,SI,3,X,X,,,,,,,X,X,,,SI,SI,4,SI,1,,,,,,X,,,,X,X,,,,,,,SI,SI,10,SI,X,,,,,,SI,SI,SI,SI,SI,SI,SI,0,,,SI,NO,,//,NO,SI,SI,SI,SI,NO,,,,,,,,,,,,X,,,X,,,,X,,,,,017,,SI,SI,NO,,,,,,,,,,,,SI,,,,X,,,NO,,,,,,F0,B4,1,040112,040002
1337260,0,060367,3AS,40637 FERNANDO BELAUNDE TERRY,CHIGUATA,ANEXO ESPIRITU SANTO,1,,1,1 JER-Jornada Escolar Regular,,,,,NO,,,,,,,,SI,SI,,,SI,,,,,,X,SI,SI,,,X,,,,SI,NO,,,SI,X,,X,,,,SI,SI,,,X,,,X,,,8,SI,,X,,X,,,,,X,,X,X,X,X,,,,SI,SI,SI,SI,SI,3,,X,,X,,,,,X,,X,X,SI,SI,11,SI,1,,,,,,X,,,,X,X,,,X,,,,SI,SI,15,SI,X,,,X,X,REVISION DE EVIDENCIAS DE ATENCIÓN A TUTORIS INDIVIDUAL Y GRUPAL,SI,SI,SI,SI,SI,SI,SI,1,,,SI,NO,,//,SI,SI,SI,SI,SI,SI,X,X,,,,,,,X,,X,X,X,,,X,X,X,X,,X,,,0011,00,SI,SI,,,,,,,,,,,,,NO,,,,,,,NO,,,,,,F0,A1,2,040106,040002
0723189,0,070941,3AS,TECNICO AGROPECUARIO MADRIGAL,MADRIGAL,MADRIGAL,1,,1,1 JER-Jornada Escolar Regular,,,,,NO,,,,,,,,SI,SI,,,SI,X,,,,,,SI,SI,,X,X,,,,SI,NO,,,SI,X,X,,,,,SI,SI,X,X,,,,,,,8,NO,,,,,,,,,X,X,,,X,X,,,,SI,SI,SI,SI,NO,,X,,X,,,X,,,,,X,X,SI,SI,4,SI,8,X,X,X,X,X,X,X,,,X,X,,,,,,,SI,SI,2,SI,X,,X,,,,SI,SI,SI,SI,SI,SI,SI,0,,,SI,NO,,//,NO,NO,,NO,NO,SI,X,X,,,,,,,X,,,,X,,,,X,,X,,,,,014,,NO,,,,,,,,,,,,,,NO,,,,,,,NO,,,,,,F0,A1,2,040513,040006
0589382,0,067689,3AS,FRANCISCO FLORES BERRUEZO,BELLA UNION,BELLA UNION,1,,1,1 JER-Jornada Escolar Regular,,,,,NO,,,,,,,,SI,SI,,,SI,,,,,,X,SI,SI,X,,X,,X,ESCUELA PARA PADRES,SI,NO,,,SI,X,,,,X,BUCAL,SI,SI,,,X,,,X,,,6,SI,,X,X,X,,,,,X,X,X,X,X,X,,,,SI,SI,SI,SI,NO,,X,,,,,X,,,X,,X,,SI,SI,9,SI,1,,X,,,X,X,,,,X,X,,X,,,,,SI,SI,12,SI,,X,,X,,,SI,SI,SI,SI,SI,SI,SI,1,,,SI,NO,,//,NO,SI,SI,SI,SI,SI,X,X,,,X,X,,,,,X,X,X,,,,X,,X,,X,,,036,,SI,SI,,,,,,,,,,,,,NO,,,,,,,SI,X,,,,,F0,A1,1,040305,040004
0309237,0,066576,3AS,SEBASTIAN BARRANCA,CAMANA,CAMANA,1,,1,1 JER-Jornada Escolar Regular,,,,,NO,,,,,,,,SI,SI,,,SI,X,X,X,X,X,,SI,SI,X,X,X,X,,,SI,SI,,8,SI,X,,X,X,,,SI,SI,,,X,X,X,,,,6,SI,,X,,X,X,DERIVACION DE CASOS A LA DEMUNA,,,X,X,X,X,X,X,X,,,SI,SI,SI,SI,SI,7,X,X,,,,X,,,X,X,X,X,SI,SI,45,SI,4,X,X,X,X,X,X,X,,,X,X,X,X,,,,,SI,SI,6,SI,,X,X,X,,,SI,SI,SI,SI,SI,SI,SI,6,,,SI,SI,4,27/11/2024,SI,SI,SI,SI,SI,SI,,,,,X,X,,,,,X,,X,,,X,,,X,,,,,125,,SI,SI,NO,,,,,,,,,,,,SI,,X,X,X,,,SI,X,,,,,F0,A1,1,040201,040003
1799741,0,723512,3AS,KAROL JOSEF WOJTYLA,SOCABAYA,HORACIO ZEVALLOS GAMEZ SUB SECTOR D,1,,1,1 JER-Jornada Escolar Regular,,,,,NO,,,,,,,,NO,,,,NO,X,,,,,,SI,SI,X,X,X,,,,NO,NO,,,NO,,,,,,,SI,SI,X,,,,,,,,9,NO,,,,,,,NO,,,,,,,,,,,NO,,,,,,X,,,X,,,,,X,X,,,NO,SI,4,NO,,,,,,,,,,,X,X,,,,,,,SI,NO,,SI,,X,,,,,NO,,,,SI,SI,SI,1,,,SI,NO,,//,SI,SI,SI,SI,SI,NO,,,,,,,,,X,,,,X,,,,X,X,,,,,,,,,,,,,,,,,,,,,,NO,,,,,,,NO,,,,,,F0,B4,1,040122,040002
0500736,0,070291,3AS,CARLOS LA FUENTE LARRAURI,HUANCA,HUANCA,1,,1,1 JER-Jornada Escolar Regular,,,,,NO,,,,,,,,NO,,,,SI,,,,X,,,SI,SI,,X,X,,X,DIA DE LA FAMILIA,SI,NO,,,SI,X,X,X,,,,SI,NO,X,,,,,X,,,6,SI,X,X,,X,,,,,X,,X,X,X,X,X,,,SI,SI,NO,SI,NO,,X,X,X,,X,,,,X,X,X,X,SI,SI,8,SI,2,,X,,,X,X,X,,,X,X,X,X,X,,,,SI,NO,,SI,,X,,,,,SI,SI,SI,SI,SI,NO,NO,,4,,SI,NO,,//,NO,SI,SI,SI,SI,SI,X,X,,,,,,,X,,X,X,X,X,,X,X,X,X,,X,,,0,0,SI,NO,,,,,,,,,,,,,NO,,,,,,,NO,,,,,,F0,A1,2,040508,040001
1343474,0,510153,3AS,TOMAS MARSANO,ALTO SELVA ALEGRE,ALTO SELVA ALEGRE,2,,2,2 JEC-Jornada Escolar Completa,,,,,SI,SI,,,,X,,,SI,SI,,,SI,X,,,,X,,SI,SI,,,X,,,,SI,NO,,,SI,X,X,,,,,SI,SI,,,,,,X,,,3,SI,,,,X,,,SI,1,X,X,X,X,X,X,X,,,SI,SI,SI,SI,SI,3,X,X,,X,,,,,X,,X,,SI,SI,5,SI,3,,X,,,X,X,,,,X,X,,X,,,,,NO,SI,20,SI,X,X,,,,,SI,SI,SI,SI,SI,SI,SI,0,,,SI,NO,,//,SI,SI,SI,SI,SI,NO,,,,,,,,,X,,X,,X,,,X,,,X,,,,,021,,SI,SI,NO,,,,,,,,,,,,NO,,,,,,,NO,,,,,,F0,B4,1,040102,040002
1515311,0,712599,3AS,SANTIAGO RAMON Y CAJAL,UCHUMAYO,CONGATA,1,,1,1 JER-Jornada Escolar Regular,,,,,NO,,,,,,,,SI,SI,,,SI,,,,,,X,SI,SI,,X,X,,,,SI,NO,,,SI,,,X,X,,,SI,NO,,,,,,X,,,1,SI,X,,,,,,NO,,,,,,,,,,,NO,,,,,,,,,X,,,,,,X,X,,NO,SI,6,SI,4,,X,X,X,,,,,,X,X,,X,,,,,NO,SI,100,SI,,,,X,,,SI,SI,SI,SI,SI,SI,SI,0,,,SI,NO,,//,SI,SI,SI,SI,SI,SI,,,,,,,X,X,,,X,,,X,,,X,,,,X,,,,,,,,,,,,,,,,,,,NO,,,,,,,NO,,,,,,F0,B4,1,040124,040001
0898932,0,065176,3AS,VANCOUVER,YANAHUARA,UMACOLLO,,3,6,6 Secundaria Tutorial,,,,,SI,SI,,,,X,,,SI,NO,1,,SI,,,,X,X,,SI,SI,X,X,X,X,,,SI,NO,,,SI,X,X,,,,,SI,SI,,,,X,,X,,,6,SI,X,X,X,X,,,NO,,X,X,X,X,X,X,X,,,SI,SI,SI,SI,SI,4,X,X,,X,X,X,,,X,,X,,SI,SI,5,SI,5,,X,X,X,X,X,X,,,X,X,,X,X,,,,NO,SI,25,SI,X,X,,X,,,SI,SI,SI,SI,SI,SI,SI,2,,,SI,SI,1,27/6/2024,SI,SI,SI,SI,SI,SI,,,,,X,X,,,X,X,,X,X,X,,X,,,X,,X,X,LIDERAZGO,,09-2025,SI,NO,,,,,,,,,,,,,SI,,X,X,X,,,NO,,,,,,F0,B4,1,040126,040001
1695402,0,864149,3AS,JOULE SAN PABLO,MARIANO MELGAR,AREQUIPA,1,,1,1 JER-Jornada Escolar Regular,,,,,NO,,,,,,,,NO,SI,,,SI,X,,,,,,SI,SI,,,X,,,,NO,NO,,,NO,,,,,,,SI,NO,,,X,,,,,,3,NO,,,,,,,NO,,X,,X,,,,,,,SI,SI,SI,NO,,,,,X,,,,,,,,,X,NO,SI,5,SI,2,,X,X,,,X,X,,,,X,X,,,,,,SI,SI,10,SI,X,,,,,,SI,SI,SI,SI,SI,SI,SI,0,,,SI,NO,,//,SI,SI,SI,SI,SI,SI,,,,,X,X,,,X,,,,X,,,,,,X,,,,,035,040,SI,SI,NO,,,,,,,,,,,,NO,,,,,,,NO,,,,,,F0,B4,1,040109,040002
1368372,0,530491,3AS,SANTISIMO SALVADOR,SOCABAYA,LARA,2,,2,2 JEC-Jornada Escolar Completa,,,,,SI,SI,,,,X,,,NO,,,,SI,,,,,,X,SI,SI,X,X,X,,,,SI,NO,,,SI,X,X,X,,,,SI,NO,,,,,,X,,,5,SI,,,,X,,,SI,53,X,X,X,X,X,X,X,,,SI,SI,SI,SI,SI,6,X,X,,X,,X,,,X,,X,X,SI,SI,26,NO,,,,,,,,,,,X,X,,X,,,,,SI,SI,60,SI,,X,,,,,SI,SI,SI,SI,SI,SI,SI,7,,,SI,SI,4,17/10/2024,NO,SI,SI,SI,SI,NO,,,,,,,,,X,X,X,X,X,X,,X,,,X,,X,,,108,,SI,SI,,,,,,,,,,,,,NO,,,,,,,NO,,,,,,F0,B4,1,040122,040002
1753235,0,826609,3AS,VENN EULER,ORCOPAMPA,ORCOPAMPA,1,,1,1 JER-Jornada Escolar Regular,,,,,NO,,,,,,,,SI,SI,,,SI,X,,,,,,SI,SI,X,X,,X,,,SI,NO,,,SI,X,,X,,,,SI,NO,X,,,,,,,,3,SI,,,,X,,,NO,,,,,,,,,,,SI,SI,NO,SI,NO,,X,X,X,X,X,X,,,X,X,X,X,SI,SI,5,SI,1,,X,,,,,,,,,X,,X,,,,,SI,SI,10,SI,,X,,,,,SI,SI,SI,SI,SI,NO,SI,0,,,NO,,,//,NO,SI,SI,SI,SI,SI,,,,,,,X,X,X,,X,,X,,X,,X,,,,,,,,,,,,,,,,,,,,,,,NO,,,,,,,NO,,,,,,F0,B4,1,040409,040005
0679019,0,067482,3AS,FRANCISCO BOLOGNESI,ACARI,OTAPARA,1,,1,1 JER-Jornada Escolar Regular,,,,,NO,,,,,,,,SI,SI,,,SI,X,,,,,,SI,SI,X,X,X,,,,SI,NO,,,SI,X,,X,,,,SI,SI,,,X,X,X,X,,,8,SI,X,,,,,,,,X,X,X,X,X,X,X,,,SI,SI,SI,SI,SI,2,X,X,,,X,,,,X,X,X,,SI,SI,4,SI,2,,X,,,,X,,,,X,X,X,X,X,,,,SI,SI,10,SI,X,X,,X,,,SI,SI,SI,SI,SI,SI,SI,0,,,SI,NO,,//,NO,SI,SI,SI,SI,SI,X,X,,,,,,,,X,,,,X,,,X,X,X,,X,,,017,038,SI,SI,,,,,,,,,,,,,NO,,,,,,,SI,X,,,,,F0,A1,2,040302,040004
0309526,0,061989,3AS,FRANCISCO JAVIER DE LUNA PIZARRO,MIRAFLORES,UNION EDIFICADORES MISTI,2,,2,2 JEC-Jornada Escolar Completa,,,,,NO,,,,,,,,SI,SI,,,SI,X,,,,X,,SI,SI,X,X,X,,,,SI,SI,5,2,SI,X,X,X,,X,DESPISTAJE DE ANEMIA,SI,NO,,,X,X,X,X,,,9,NO,,,,,,,,,X,X,X,X,X,X,X,,,SI,SI,SI,NO,,,X,X,,X,X,,X,PROGRAMAS SICOEDUCATIVOS,,X,X,X,SI,SI,2,NO,,,,,,,,,,,X,X,X,X,X,,,,SI,SI,35,SI,X,X,,X,,,SI,SI,SI,SI,SI,SI,SI,3,,,SI,SI,3,18/11/2024,NO,SI,SI,SI,SI,SI,X,X,,,,,,,X,,X,,X,X,X,X,X,X,X,,X,X,IDEAS EN ACCION,022,116,SI,SI,,,,,,,,,,,,,SI,X,,,,,,SI,X,X,X,,,F0,A1,1,040110,040002
3042579,0,843623,3AS,CLEMENTS MARKHAM,YURA,CIUDAD DE DIOS,1,,1,1 JER-Jornada Escolar Regular,,,,,NO,,,,,,,,SI,SI,,,SI,X,,,,,,SI,SI,,X,X,,,,NO,NO,,,NO,,,,,,,NO,NO,X,,,,,,,,8,NO,,,,,,,NO,,X,,X,,X,X,X,,,SI,SI,NO,SI,SI,3,X,X,,X,,X,,,X,,,,SI,SI,4,NO,,,,,,,,,,,,X,,,X,,,,SI,NO,,SI,X,,,,,,SI,SI,SI,SI,SI,SI,SI,0,,,SI,NO,,//,SI,SI,NO,SI,SI,SI,,,,,X,X,,,,,,X,,,,X,X,,X,,,,,,042-2024,SI,NO,,,,,,,,,,,,,NO,,,,,,,NO,,,,,,F0,B4,1,040128,040001
1520584,0,078785,3AS,INTERNACIONAL ALBERT L. LEHNINGER,AREQUIPA,AREQUIPA,1,,1,1 JER-Jornada Escolar Regular,,,,,NO,,,,,,,,NO,,,,SI,,,,,,X,SI,SI,,X,X,,,,SI,NO,,,NO,,,,,,,SI,NO,X,,,X,,,,,3,SI,,,X,X,,,NO,,X,X,X,X,X,X,X,,,SI,SI,SI,SI,SI,2,X,X,,X,,X,,,X,,X,X,SI,SI,5,NO,,,,,,,,,,,,X,,,X,,,,SI,SI,2,SI,,X,,X,,,SI,SI,SI,SI,SI,SI,SI,0,,,SI,NO,,//,SI,SI,SI,SI,SI,SI,,,,,X,X,,,,,X,X,X,X,X,X,X,,X,,X,,,11,,SI,SI,NO,,,,,,,,,,,,NO,,,,,,,NO,,,,,,F0,B4,1,040101,040001
3049384,0,913852,3AS,SAN JOSE SANCHEZ DEL RIO,TIABAYA,SAN JOSÉ,1,,1,1 JER-Jornada Escolar Regular,,,,,NO,,,,,,,,SI,SI,,,SI,X,,,,,,SI,SI,X,X,X,X,,,NO,NO,,,SI,X,,X,,,,SI,SI,,,,,,X,,,3,SI,X,X,,,,,SI,1,X,X,X,X,,,,,,SI,SI,SI,SI,SI,4,X,X,,X,,,,,X,X,X,X,SI,SI,1,NO,,,,,,,,,,,,X,X,X,X,,,,SI,NO,,SI,,X,,X,,,SI,SI,SI,NO,SI,NO,NO,,4,,SI,NO,,//,NO,SI,SI,SI,SI,SI,,,,,X,X,,,X,,,X,X,,,X,,,X,X,X,,,024,030,SI,SI,SI,,,X,,,,,,,,X,NO,,,,,,,NO,,,,,,F0,B4,1,040123,040001
1335355,0,060107,3AS,NANTERRE,CERRO COLORADO,AREQUIPA,1,,1,1 JER-Jornada Escolar Regular,,,,,NO,,,,,,,,SI,SI,,,SI,,,,,,X,SI,SI,,,X,,,,NO,NO,,,SI,,,X,,,,SI,SI,X,,,,,,,,8,NO,,,,,,,NO,,X,X,,,,,X,,,SI,SI,NO,SI,SI,1,X,X,X,,,,,,X,X,X,X,SI,SI,5,NO,,,,,,,,,,,X,X,,,,,,,SI,SI,2,SI,X,,,,,,SI,SI,SI,SI,SI,SI,SI,0,,,SI,NO,,//,NO,SI,NO,SI,NO,SI,,X,,,X,,,,,X,X,,X,,,X,,,X,,,,,RD-76,,NO,,NO,,,,,,,,,,,,SI,,X,,,,,NO,,,,,,F0,B4,1,040104,040001
1631100,0,533239,3AS,ARCANGEL SAN MIGUEL,JOSE LUIS BUSTAMANTE Y RIVERO,SIMON BOLIVAR,1,,1,1 JER-Jornada Escolar Regular,,,,,NO,,,,,,,,SI,SI,,,SI,,,,,,X,SI,SI,,X,X,,,,SI,NO,,,SI,X,,X,,,,SI,NO,,,,X,,X,,,3,SI,,X,,,,,NO,,X,X,X,X,X,X,X,,,SI,SI,SI,SI,SI,3,X,X,,,,X,,,X,X,X,,SI,SI,5,NO,,,,,,,,,,,X,X,,X,X,,,,SI,SI,45,SI,X,X,,X,,,SI,SI,SI,SI,SI,SI,SI,0,,,SI,NO,,//,SI,SI,NO,SI,SI,NO,,,,,,,,,X,,,,X,,,,,,X,,,,,7,15,SI,SI,NO,,,,,,,,,,,,NO,,,,,,,NO,,,,,,F0,B4,1,040129,040002
0518373,0,072209,3AS,JORGE BASADRE,YANAQUIHUA,YANAQUIHUA,2,,2,2 JEC-Jornada Escolar Completa,,,,,NO,,,,,,,,NO,,,,SI,X,,,,,,SI,SI,,,X,,,,SI,NO,,,SI,X,X,X,X,,,SI,SI,,,,,,X,,,8,NO,,,,,,,,,X,X,X,X,X,X,X,,,SI,SI,NO,SI,SI,3,X,X,,,X,,,,X,,X,X,SI,SI,5,SI,1,,X,,,,X,,,,X,X,,X,X,,,,SI,SI,15,SI,,,,X,,,SI,SI,SI,SI,SI,SI,SI,1,,,SI,NO,,//,NO,SI,SI,SI,SI,SI,X,X,,,X,X,,,,X,X,,X,X,,X,,,X,,,,,X,RD 006,SI,SI,SI,,,,,,X,,,,X,,SI,X,,,,,,SI,X,,,,,F0,A1,2,040608,040007
0895847,0,063785,3AS,40217 VIRGEN DE LA ASUNTA,SAN JUAN DE TARUCANI,SALINAS HUITO,1,,1,1 JER-Jornada Escolar Regular,,,,,NO,,,,,,,,SI,SI,,,SI,X,,,X,,,SI,SI,X,X,X,,,,SI,NO,,,SI,X,,X,,,,SI,NO,X,,,,,X,,,8,NO,,,,,,,,,X,X,X,X,X,X,,,,SI,SI,SI,SI,SI,2,X,,,X,,,,,X,,,,SI,SI,5,SI,1,,,,,,X,,,,X,X,,X,,,,,SI,SI,2,SI,,X,,,,,SI,SI,SI,SI,SI,SI,SI,0,,,SI,NO,,//,NO,SI,SI,SI,SI,SI,X,X,,,,,,,,,X,,,,X,,,,X,,X,,,040-2024,120-2024,SI,SI,,,,,,,,,,,,,SI,,X,X,,,,SI,X,,,,,F0,A1,2,040119,040002
1260348,0,059905,3AS,HIJOS DE MARIA AUXILIADORA,CERRO COLORADO,SEMI RURAL PACHACUTEC,1,,1,1 JER-Jornada Escolar Regular,,,,,SI,SI,,,,X,,,SI,SI,,,SI,X,,,X,,,SI,SI,,X,X,X,,,NO,NO,,,SI,X,,,,X,VACUNACION,SI,NO,,,X,,,X,,,8,NO,,,,,,,NO,,X,X,X,,X,,X,,,SI,NO,SI,SI,NO,,X,X,,X,,,,,X,,X,,SI,SI,5,SI,6,,X,X,,X,X,X,,,X,X,,,X,,,,SI,SI,2,SI,,X,,X,,,SI,NO,NO,NO,SI,SI,SI,0,,,SI,NO,,//,SI,SI,SI,SI,SI,SI,X,X,,,,,,,,X,,X,,,,X,X,,,,,,,,,SI,NO,SI,,,,,,X,,,,,X,NO,,,,,,,NO,,,,,,F0,B4,1,040104,040001
0895607,0,062880,3AS,NUESTRA SEÑORA DE COPACABANA,PAUCARPATA,CIUDAD BLANCA,1,,1,1 JER-Jornada Escolar Regular,,,,,NO,,,,,,,,SI,SI,,,SI,X,,,,,,SI,SI,,X,,,,,NO,NO,,,NO,,,,,,,NO,SI,,,X,,,,,,6,SI,X,,,,,,,,X,,X,X,X,X,,,,SI,SI,SI,SI,SI,5,,X,X,X,X,X,,,X,X,X,X,SI,SI,10,SI,1,X,X,X,X,X,X,X,,,X,X,X,X,X,,,,SI,SI,2,SI,,,,X,,,SI,SI,SI,SI,SI,SI,SI,1,,,SI,NO,,//,SI,SI,SI,SI,SI,SI,X,X,,,,,,,X,,X,,X,X,,,X,X,X,,X,,,64,065,SI,SI,,,,,,,,,,,,,NO,,,,,,,NO,,,,,,F0,A4,1,040112,040002
0895722,0,066109,3AS,PAMER AREQUIPA,AREQUIPA,AREQUIPA,2,,2,2 JEC-Jornada Escolar Completa,,,,,NO,,,,,,,,NO,,,,NO,X,,,,,,SI,NO,,,,,,,,NO,,,NO,,,,,,,SI,NO,X,,,,,,,,6,NO,,,,,,,NO,,,,,,,,,,,NO,,,,,,X,,,,,,,,X,,,,NO,NO,,SI,1,X,,,,,,,,,X,,,,,,,,NO,NO,,NO,X,,,,,,SI,SI,SI,NO,SI,SI,SI,0,,,SI,NO,,//,NO,SI,SI,SI,NO,NO,,,,,,,,,X,,,,X,,,,,,X,,,,,,001,NO,,NO,,,,,,,,,,,,NO,,,,,,,NO,,,,,,F0,B4,1,040129,040002
0679027,0,068429,3AS,NUESTRA SEÑORA DE LAS PEÑAS,APLAO,APLAO,2,,2,2 JEC-Jornada Escolar Completa,,,,,NO,,,,,,,,SI,SI,,,SI,X,,,,,,SI,SI,X,X,X,X,,,SI,NO,,,SI,X,X,X,X,,,SI,SI,,,X,,X,X,,,5,SI,X,,X,,,,,,X,X,X,X,X,X,X,,,SI,SI,SI,SI,SI,2,X,X,,X,X,,,,X,X,X,X,SI,SI,14,SI,4,X,X,,X,,X,X,,,X,X,X,X,X,,,,SI,SI,6,SI,X,,,X,,,SI,SI,SI,SI,SI,SI,SI,0,,,SI,NO,,//,SI,SI,SI,SI,SI,SI,,,X,X,,,,,X,,X,X,X,X,X,X,X,X,X,X,X,,,011,,SI,SI,SI,,,,,,X,,,,,X,SI,,,X,,,,SI,X,,,,,F0,A4,1,040401,040005
1380120,0,848908,3AS,ALLIN YACHAYWASI,CHACHAS,TOLCONI,,2,5,5 Secundaria en Alternancia,,,,,SI,SI,,X,,X,,,SI,SI,,,NO,X,X,,X,X,,SI,SI,,X,X,,,,SI,NO,,,SI,X,X,X,X,,,SI,SI,,,,,,X,,,1,SI,X,,,,,,,,X,X,X,X,X,X,X,,,SI,SI,SI,SI,SI,3,X,X,,X,X,X,,,X,X,X,X,SI,SI,14,SI,5,X,X,X,X,,X,X,,,X,X,X,X,X,,,,SI,SI,6,SI,X,,,X,,,SI,SI,SI,NO,SI,NO,NO,,1,,SI,SI,12,10/11/2024,NO,SI,SI,SI,SI,SI,,,X,X,,,,,X,X,X,X,X,X,X,X,X,X,,X,,,,,,,,SI,X,,,,,,,,,X,,SI,X,,X,,,,NO,,,,,,F0,A1,2,040404,040006
0894824,0,832059,3AS,GRAN PADRE SAN AGUSTIN,SACHACA,AREQUIPA,1,,1,1 JER-Jornada Escolar Regular,,,,,SI,SI,,X,,,,,SI,SI,,,SI,,,,,,X,SI,SI,,X,,,,,SI,NO,,,SI,X,,,,,,SI,NO,X,,X,,,,,,3,NO,,,,,,,NO,,,,,,,,,,,SI,SI,SI,SI,NO,,,X,,X,,,,,,X,,X,SI,SI,9,SI,9,,X,,,,X,X,,,,X,X,,X,,,,NO,NO,,NO,X,,,X,,,SI,SI,SI,SI,SI,SI,SI,4,,,SI,SI,4,14/8/2024,SI,SI,SI,SI,SI,SI,,,,,X,X,,,,,X,,,X,,,X,,,,,,,,,,,,,,,,,,,,,,,NO,,,,,,,NO,,,,,,F0,B4,1,040117,040001
1525344,0,530504,3AS,STANFORD MOORE,SOCABAYA,SOCABAYA,1,,1,1 JER-Jornada Escolar Regular,,,,,NO,,,,,,,,SI,SI,,,SI,,,,,,X,SI,SI,,,X,,,,SI,NO,,,SI,X,,,X,,,SI,SI,X,,,,,,,,6,NO,,,,,,,SI,5,X,X,X,X,X,X,X,,,SI,SI,SI,SI,NO,,X,X,X,X,X,X,,,X,X,X,X,NO,SI,4,SI,2,X,,,,,,,,,X,X,,X,X,,,,SI,NO,,SI,,X,,,,,SI,SI,SI,SI,SI,SI,SI,0,,,SI,NO,,//,NO,SI,SI,SI,SI,NO,,,,,,,,,X,,X,,X,,X,,X,X,X,X,X,,,0014,0,SI,SI,SI,,,,,,X,,,,X,,NO,,,,,,,NO,,,,,,F0,B4,1,040122,040002
1754506,0,706918,3AS,SAN CRISTÓBAL,YANAQUIHUA,SAN CRISTÓBAL,1,,1,1 JER-Jornada Escolar Regular,,,,,NO,,,,,,,,SI,SI,,,SI,,,,,,X,SI,SI,,X,X,,,,SI,NO,,,SI,X,,,,,,SI,NO,,,,,,X,,,8,SI,X,X,,,,,,,X,X,X,X,X,X,,,,SI,SI,SI,SI,NO,,,X,,,,,,,X,,,,SI,SI,5,SI,2,,X,,,,X,X,,,X,X,,X,,,,,SI,NO,,SI,,X,,X,,,SI,SI,NO,SI,SI,NO,SI,0,,,SI,NO,,//,NO,SI,NO,SI,SI,SI,,,X,X,,,,,X,X,,,X,X,,,,,X,X,,,,,070,SI,NO,SI,X,X,,,,,,,,,X,NO,,,,,,,SI,,X,,,,F0,A1,2,040608,040007
0712414,0,067788,3AS,VIRGEN DE COPACABANA,CAHUACHO,CAHUACHO,1,,1,1 JER-Jornada Escolar Regular,,,,,NO,,,,,,,,NO,,,,SI,X,,,,,,SI,SI,,X,X,,,,SI,NO,,,SI,X,,X,,,,SI,SI,,,X,,,,,,8,SI,X,X,,,,,,,X,X,X,,X,X,,,,SI,SI,SI,SI,NO,,,X,,,,X,,,X,X,,,SI,SI,5,SI,2,X,X,,,X,X,,,,X,X,X,,X,,,,SI,SI,10,SI,,,,X,,,SI,SI,SI,SI,SI,SI,SI,0,,,SI,NO,,//,SI,SI,SI,SI,SI,SI,,,,,X,X,,,X,,,,X,,,X,,X,X,,X,,,RD-18-2025-IEVC,,SI,SI,,,,,,,,,,,,,SI,,X,,,,,SI,,X,,,,F0,A1,2,040306,040004
0636217,0,060602,3AS,SAN ANTONIO MARIA CLARET,JACOBO HUNTER,SAN JUAN DE DIOS,2,,2,2 JEC-Jornada Escolar Completa,,,,,NO,,,,,,,,SI,SI,,,SI,X,,,,,,SI,SI,,X,X,,,,SI,SI,4,,SI,X,X,X,,,,SI,SI,,,,X,,X,,,5,SI,,,X,X,,,,,X,X,X,X,X,X,X,,,SI,SI,SI,SI,SI,3,X,X,X,X,X,X,,,X,,X,,SI,SI,16,SI,4,X,X,X,X,X,X,X,,,X,X,X,,X,,,,SI,SI,20,SI,X,,X,X,,,SI,SI,SI,SI,SI,SI,SI,1,,,SI,SI,16,12/12/2024,SI,SI,SI,SI,SI,SI,,,X,X,,,,,X,,X,,,X,X,,X,X,X,,,,,42,29,SI,SI,,,,,,,,,,,,,SI,X,,,,,,SI,,,X,,,F0,A4,1,040107,040002
1338920,0,551191,3AS,MARKKHAN,PAUCARPATA,LA COLONIAL,1,,1,1 JER-Jornada Escolar Regular,,,,,SI,NO,,,,,,,NO,,,,SI,,,,,,X,SI,SI,X,X,,,,,SI,NO,,,SI,X,,,,,,SI,SI,X,,,,,,,,8,SI,X,,X,X,,,NO,,X,X,X,X,X,X,X,,,SI,SI,SI,SI,SI,5,X,X,,,X,X,,,X,,X,,SI,SI,4,NO,,,,,,,,,,,X,X,X,X,X,,,,SI,SI,3,SI,X,,X,X,,,SI,SI,SI,SI,SI,SI,SI,0,,,SI,NO,,//,SI,SI,NO,SI,SI,NO,,,,,,,,,,X,X,,,X,X,,,,X,,X,,,0098,0099,SI,SI,,,,,,,,,,,,,SI,,X,X,X,,,SI,X,,X,,,F0,B4,1,040112,040002
0899419,0,065690,3AS,ESPECIAL DE RAPIDO APRENDIZAJE ALFRED BINET,JOSE LUIS BUSTAMANTE Y RIVERO,EL QUINCE,1,,1,1 JER-Jornada Escolar Regular,,,,,NO,,,,,,,,NO,,,,SI,,,,,,X,SI,SI,X,X,X,X,,,SI,SI,5,,SI,X,X,,,,,SI,SI,,,X,X,,,,,3,NO,,,,,,,,,X,X,X,X,X,X,X,,,SI,SI,SI,SI,SI,2,X,X,,X,,,,,X,X,,,SI,SI,5,NO,,,,,,,,,,,X,X,X,X,X,,,,SI,SI,10,SI,,,,X,,,SI,SI,SI,SI,SI,SI,SI,0,,,SI,NO,,//,SI,SI,SI,NO,SI,SI,X,X,,,,,,,X,,,,X,X,,,,,X,,X,,,10,21,SI,SI,,,,,,,,,,,,,NO,,,,,,,SI,,X,,,,F0,A1,1,040129,040002
1798677,0,680857,3AS,LOS DINAMICOS,MAJES,PEDREGAL SUR,1,,1,1 JER-Jornada Escolar Regular,,,,,NO,,,,,,,,SI,SI,,,SI,X,,,,,,SI,SI,,X,X,,X,ESCUELA DE PADRES,SI,NO,,,SI,,,X,,,,SI,SI,,,X,,,X,,,8,SI,,X,,,,,,,X,X,X,X,X,X,,,,SI,SI,SI,SI,SI,4,X,X,,X,X,X,,,X,X,X,X,SI,SI,5,NO,,,,,,,,,,,X,X,X,X,X,X,,TALLERES A ESTUDIANTES,SI,SI,3,SI,X,X,X,X,,,SI,SI,SI,SI,SI,SI,SI,0,,,SI,SI,6,13/12/2024,SI,SI,SI,SI,SI,SI,,,X,X,,,,,X,X,X,X,X,X,X,X,,X,X,,X,,,010-2025,013-2025,SI,SI,,,,,,,,,,,,,SI,,X,X,X,,,SI,,X,,,,F0,A1,1,040520,040010
0617191,0,062658,3AS,40315 JOSE MARIA ARGUEDAS,PAUCARPATA,CIUDAD BLANCA,2,,2,2 JEC-Jornada Escolar Completa,,,,,NO,,,,,,,,SI,SI,,,SI,X,,,,,,SI,SI,,X,,,,,NO,NO,,,SI,X,,,,,,SI,SI,X,,,,,,,,1,NO,,,,,,,,,,,,,,,,,,NO,,,,,,X,,,,,,,,,X,,,SI,SI,5,SI,2,X,,,,,,,,,X,X,,,,,,,NO,NO,,NO,X,X,,,,,NO,,,,SI,SI,SI,0,,,NO,,,//,NO,SI,NO,SI,SI,NO,,,,,,,,,X,,X,,X,X,,,X,,X,,,,,0,0,NO,,,,,,,,,,,,,,SI,X,,,,,,NO,,,,,,F0,A1,1,040112,040002
1271733,0,610435,3AS,CARLOS NORIEGA JIMENEZ,HUANUHUANU,MOLLEHUACA,1,,1,1 JER-Jornada Escolar Regular,,,,,NO,,,,,,,,SI,SI,,,SI,,,,,,X,SI,SI,,X,,,,,NO,NO,,,SI,X,,,,X,ALIMENTACION SALUDABLE,SI,SI,,,,,,X,,,6,SI,X,,,,,,,,X,X,X,,,,,X,DEMUNA DEL DISTRITO DE HUANUHUANU,SI,SI,SI,SI,SI,1,,X,,,,,,,X,,X,,SI,SI,10,SI,2,,,,,,X,,,,,X,,,,,,,SI,SI,20,SI,,X,,,,,SI,SI,SI,SI,SI,SI,SI,2,,,SI,NO,,//,SI,SI,SI,SI,SI,SI,X,X,,,,,X,X,,,X,,,X,,X,,,X,,,,,RD N° 037-2024,,SI,SI,SI,,X,,,,,,,,,X,SI,,X,X,X,,,SI,,,,X,PAGINA OFICIAL DEL MINEDU,F0,A1,2,040309,040004
1782846,0,776906,3AS,EL MIRADOR AQP,ALTO SELVA ALEGRE,INDEPENDENCIA,1,,1,1 JER-Jornada Escolar Regular,,,,,SI,SI,,,,X,,,SI,SI,,,SI,,,,,,X,SI,SI,,X,X,,,,NO,NO,,,SI,X,,X,,,,SI,SI,,,,,,X,,,8,NO,,,,,,,,,X,,X,X,X,X,,,,SI,SI,SI,SI,SI,5,X,X,,X,,X,,,X,X,X,X,SI,SI,3,SI,3,,,,,,X,X,,,,,X,X,X,,,,SI,SI,8,SI,X,X,,X,,,SI,SI,SI,SI,SI,SI,SI,0,,,SI,NO,,//,NO,SI,SI,SI,SI,SI,,,X,X,,,,,,,,X,X,X,X,X,X,X,X,,X,,,RD. N.° 25-202,,SI,NO,,,,,,,,,,,,,SI,,X,X,X,,,SI,,X,,,,F0,A4,1,040102,040002
0898122,0,070795,3AS,VIRGEN DE CHAPI,MAJES,CIIUDAD MAJES,1,,1,1 JER-Jornada Escolar Regular,,,,,NO,,,,,,,,SI,SI,,,SI,,,,,,X,SI,NO,,,,,,,,NO,,,NO,,,,,,,SI,SI,,,X,,,X,,,7,NO,,,,,,,NO,,,,,,,,,,,SI,SI,NO,NO,,,X,X,,,,,,,X,X,,,NO,SI,1,NO,,,,,,,,,,,X,,X,,,,,,SI,SI,2,NO,X,,,,,,NO,,,,NO,,SI,0,,,SI,NO,,//,SI,NO,,SI,SI,NO,,,,,,,,,X,,,,X,X,,,X,,,,,,,,,,,,,,,,,,,,,,,NO,,,,,,,NO,,,,,,F0,B4,1,040520,040010
1349380,0,517908,3AS,VIRGEN DE LA RECONCILIACION,CAMANA,CAMANA,1,,1,1 JER-Jornada Escolar Regular,,,,,SI,SI,X,X,,,,,NO,,,,SI,X,,X,X,,,SI,SI,X,,X,,X,ESCUELA DE PADRES,NO,NO,,,SI,X,,,,,,SI,SI,X,,X,,,X,,,8,NO,,,,,,,NO,,X,X,X,,X,X,,,,SI,SI,SI,SI,NO,,X,X,X,X,,X,,,X,X,X,,SI,SI,5,NO,,,,,,,,,,,X,X,,X,X,,,,SI,SI,6,SI,X,X,,,,,SI,SI,SI,SI,SI,SI,SI,0,,,SI,SI,1,5/5/2024,SI,SI,SI,SI,SI,SI,,,,,,,X,X,X,,X,X,,X,,X,X,X,,,X,,,,,,,,,,,,,,,,,,,SI,,X,X,,,,SI,X,X,,,,F0,B4,1,040201,040003
0579698,0,062502,3AS,40163 BENIGNO BALLON FARFAN,PAUCARPATA,AREQUIPA,2,,2,2 JEC-Jornada Escolar Completa,,,,,SI,SI,,,,X,,,SI,SI,,,SI,,,X,,X,,SI,SI,X,X,,,,,SI,SI,6,,SI,X,,X,X,,,SI,SI,,X,X,,,X,,,5,SI,X,X,X,X,,,,,X,X,X,X,X,X,X,,,SI,SI,SI,SI,SI,3,X,X,,,,X,,,X,X,X,X,SI,SI,18,SI,1,,,,,,X,,,,X,X,X,X,X,,,,SI,SI,24,SI,X,X,,X,,,SI,SI,SI,SI,SI,SI,SI,7,,,SI,SI,2,15/11/2024,NO,SI,SI,SI,SI,SI,X,X,,,,,,,X,X,X,X,X,X,X,X,X,X,X,X,X,,,032,225,SI,NO,SI,,X,X,,,,,,X,,X,NO,,,,,,,SI,X,X,,,,F0,A1,1,040112,040002
0589440,0,068170,3AS,SAN ANTONIO DE LA PIEDRA,QUICACHA,QUICACHA,2,,2,2 JEC-Jornada Escolar Completa,,,,,SI,NO,,,,,,,SI,SI,,,SI,X,,,,,,SI,SI,,X,X,,,,SI,NO,,,SI,X,X,,,X,CHARLAS,SI,SI,,,,,,X,,,3,SI,X,X,X,,,,,,X,X,X,X,X,X,X,,,SI,SI,SI,SI,SI,3,X,X,,X,,X,,,X,X,X,X,SI,SI,7,SI,3,X,X,X,,X,X,X,,,X,X,X,X,X,,,,SI,SI,20,SI,X,X,,X,,,SI,SI,SI,SI,SI,SI,SI,3,,,SI,SI,3,24/10/2024,SI,SI,SI,SI,SI,SI,,,X,X,,,,,X,X,X,X,X,,X,X,,,X,X,X,,,018,024,SI,NO,SI,,X,,,,,,,X,X,,SI,,X,,,,,SI,X,X,,,,F0,A1,2,040312,040004
1722156,0,803877,3AS,NEWTON PERUARBO,CAYMA,AREQUIPA,1,,1,1 JER-Jornada Escolar Regular,,,,,NO,,,,,,,,NO,,,,SI,X,X,,X,X,,SI,NO,,,,,,,,NO,,,SI,X,X,X,X,,,SI,SI,X,,,,,,,,6,NO,,,,,,,NO,,X,X,X,X,,,X,,,NO,,,,,,X,X,X,X,,,,,X,X,X,X,NO,SI,2,SI,1,X,X,X,,X,,X,,,X,,X,,X,,,,SI,SI,20,SI,X,X,,,,,SI,SI,SI,NO,SI,NO,SI,0,,,SI,SI,1,22/8/2024,SI,SI,SI,SI,SI,NO,,,,,,,,,X,X,X,X,X,,X,X,,,,,,X,NINGUNO,,,,,,,,,,,,,,,,,NO,,,,,,,NO,,,,,,F0,B4,1,040104,040001
0309401,0,058883,3AS,MAYTA CAPAC,CAYMA,CAYMA,1,,1,1 JER-Jornada Escolar Regular,,,,,SI,SI,,,,X,,,NO,,,,SI,X,,,,X,,SI,SI,,X,X,,,,SI,SI,8,4,SI,X,X,X,,,,SI,SI,,,X,,,,X,ESCALA MAGISTERIAL,9,SI,X,X,X,X,,,,,X,X,X,X,X,X,X,X,AUXILIAR EDUCACION,SI,SI,SI,SI,SI,7,X,X,X,X,X,,,,X,X,X,,SI,SI,12,SI,9,X,X,X,X,X,X,X,,,X,X,X,X,,,,,SI,SI,22,SI,X,,,X,,,SI,SI,SI,SI,SI,SI,SI,5,,,SI,NO,,//,SI,SI,SI,NO,NO,SI,,,X,X,X,,,,,X,X,X,X,X,,X,X,X,X,,X,,,018-2025,,SI,NO,,,,,,,,,,,,,SI,,,X,,,,NO,,,,,,F0,A1,1,040103,040001
1538511,0,625093,3AS,ST MICHAEL'S SCHOOL,CERRO COLORADO,LA LIBERTAD,1,,1,1 JER-Jornada Escolar Regular,,,,,NO,,,,,,,,NO,,,,SI,,,,,,X,SI,NO,,,,,,,,NO,,,NO,,,,,,,SI,SI,X,,,,,,,,3,SI,,X,,,,,NO,,,,,,,,,,,NO,,,,,,,,X,,,,,,,X,,,NO,NO,,NO,,,,,,,,,,,X,,,,,,,,SI,NO,,SI,X,,,,,,SI,SI,SI,SI,SI,SI,SI,0,,,NO,,,//,NO,NO,,SI,NO,NO,,,,,,,,,X,,,,,,X,,,X,,,,,,,,,,,,,,,,,,,,,,NO,,,,,,,NO,,,,,,F0,B4,1,040104,040001
1117571,0,064389,3AS,CIENCIAS LEONARD EULER,SOCABAYA,SAN MARTIN DE SOCABAYA,1,,1,1 JER-Jornada Escolar Regular,,,,,SI,SI,,,,,X,VIRTUAL,SI,SI,,,SI,,,,,X,,SI,SI,X,,X,,,,SI,NO,,,SI,X,,X,,,,SI,NO,X,,,,,,,,6,SI,,X,,,,,NO,,X,X,X,X,X,X,X,,,SI,SI,SI,SI,SI,3,X,X,,X,,,,,X,X,X,X,SI,SI,5,SI,1,X,,X,,X,X,X,,,X,X,X,X,X,,,,SI,SI,5,SI,X,,,X,,,SI,SI,SI,NO,SI,SI,SI,2,,,SI,NO,,//,SI,SI,SI,SI,SI,NO,,,,,,,,,X,X,X,X,X,X,X,X,X,,X,,X,,,073,,SI,NO,,,,,,,,,,,,,SI,X,,,,,,SI,,,X,,,F0,B4,1,040122,040002
1032135,0,066246,3AS,WOLFGANG GOETHE,JOSE LUIS BUSTAMANTE Y RIVERO,URBANIZACION VILLA ELECTRICA,1,,1,1 JER-Jornada Escolar Regular,,,,,NO,,,,,,,,SI,SI,,,SI,X,,,X,X,,SI,SI,X,,X,,,,NO,NO,,,SI,X,X,,,,,SI,NO,X,,,,,,,,8,SI,,,X,,,,NO,,,,,,,,,,,SI,SI,SI,SI,SI,4,X,X,,,,,,,X,X,,,SI,SI,5,NO,,,,,,,,,,,X,X,X,X,X,,,,SI,SI,3,SI,X,X,,X,,,SI,SI,SI,SI,SI,SI,SI,0,,,SI,NO,,//,SI,SI,SI,SI,SI,SI,,,X,X,,,,,X,X,X,X,X,,,X,,,X,,X,,,014,,SI,NO,,,,,,,,,,,,,NO,,,,,,,NO,,,,,,F0,B4,1,040129,040002
1645548,0,728048,3AS,SANTISIMO NIÑO DE MARIA,MIRAFLORES,22 DE AGOSTO 405,1,,1,1 JER-Jornada Escolar Regular,,,,,NO,,,,,,,,SI,SI,,,SI,,,,,,X,SI,SI,X,X,X,,,,SI,NO,,,SI,X,X,X,X,,,SI,NO,,,,,,X,,,6,SI,X,,X,X,,,NO,,X,X,X,,X,X,X,,,SI,SI,NO,NO,,,,X,X,,X,X,,,X,X,X,X,SI,SI,5,NO,,,,,,,,,,,X,X,X,X,X,,,,SI,SI,18,SI,X,X,X,,,,SI,SI,SI,SI,SI,SI,SI,0,,,SI,NO,,//,SI,SI,NO,SI,SI,SI,X,X,,,,,,,X,X,X,X,X,X,X,X,,,X,,,,,035,125,SI,NO,NO,,,,,,,,,,,,NO,,,,,,,NO,,,,,,F0,B4,1,040110,040002
1686823,0,722310,3AS,CRISTO REY DE REYES,MARIANO NICOLAS VALCARCEL,SECOCHA,1,,1,1 JER-Jornada Escolar Regular,,,,,NO,,,,,,,,SI,SI,,,SI,,,,,,X,SI,SI,X,X,X,,,,SI,NO,,,SI,X,,X,,,,SI,SI,X,X,,X,,,,,2,SI,,X,X,,,,NO,,X,,X,X,,,,,,SI,SI,SI,SI,NO,,X,X,,,,,,,X,X,,,SI,SI,2,SI,1,X,,,X,,,,,,,,X,,X,,,,SI,SI,2,SI,X,,,X,,,SI,SI,SI,SI,SI,SI,SI,0,,,SI,NO,,//,SI,SI,SI,SI,SI,SI,X,X,,,,,,,X,X,,,X,X,,,X,,,,,,,,,,,,,,,,,,,,,,,NO,,,,,,,NO,,,,,,F0,B4,1,040203,040003
1800820,0,767718,3AS,VENADO,MARIANO NICOLAS VALCARCEL,VENADO DE ORO,1,,1,1 JER-Jornada Escolar Regular,,,,,NO,,,,,,,,SI,SI,,,SI,,,,,,X,SI,SI,,X,X,,,,SI,NO,,,SI,,,X,,,,SI,SI,X,,X,X,,X,,,8,SI,X,X,X,X,,,,,X,X,X,X,X,X,,,,SI,SI,SI,SI,SI,3,X,X,,,,X,,,X,X,X,X,SI,SI,2,SI,1,X,X,,X,,X,,,,X,X,X,X,X,,,,SI,SI,5,SI,,X,,X,,,SI,SI,SI,SI,SI,SI,SI,0,,,SI,NO,,//,SI,SI,SI,SI,SI,SI,,,,,X,,,X,X,,X,X,,X,,,,X,X,X,X,,,06,06,NO,,SI,X,X,,,,X,,,,X,,NO,,,,,,,SI,X,X,,,,F0,A1,2,040203,040003
1773712,0,778458,3AS,EL BUEN PASTOR,ISLAY,AVIS BELLO HORIZONTE,1,,1,1 JER-Jornada Escolar Regular,,,,,NO,NO,,,,,,,SI,SI,1,,SI,X,,X,,,,SI,SI,,X,X,,,,SI,NO,,,SI,X,,X,,,,SI,SI,,,,,,X,,,8,SI,X,,,,,,NO,,X,X,X,X,X,X,,,,SI,SI,SI,SI,NO,,X,,,X,,,,,X,X,X,,SI,SI,6,SI,2,,X,,,,X,,,,X,X,,X,,,,,SI,SI,2,SI,X,,,X,,,SI,SI,SI,SI,SI,SI,SI,1,,,SI,NO,,//,SI,SI,SI,SI,SI,SI,,,X,X,,,,,X,,X,,X,,,,,,X,,,,,0009,,SI,SI,SI,,,,,X,,,,,,X,SI,,X,,,,,SI,X,,,,,F0,A1,1,040704,040008
1271691,0,070559,3AS,40661 ISABEL KRIEGER BEATO,MAJES,ASENTAMIENTO E 3,2,,2,2 JEC-Jornada Escolar Completa,,,,,NO,,,,,,,,SI,NO,1,,SI,X,,,,,,SI,SI,,X,X,,,,SI,NO,,,SI,X,,X,,,,SI,NO,,X,X,,X,X,,,6,NO,,,,,,,,,X,X,X,X,X,X,X,,,SI,SI,SI,SI,SI,3,X,X,X,X,X,X,,,X,X,X,,SI,SI,10,SI,1,,,,,,X,,,,X,X,,,X,,,,SI,SI,7,SI,,X,,X,,,SI,SI,SI,SI,SI,SI,SI,10,,,SI,SI,6,17/12/2024,SI,SI,SI,SI,SI,SI,X,X,,,,,,,X,X,,,X,X,,,X,,X,,X,,,048-2024,,SI,SI,,,,,,,,,,,,,NO,,,,,,,NO,,,,,,F0,A1,2,040520,040010
1799303,0,863300,3AS,ECOSCHOOL,PAUCARAPATA,GUARDIA CIVIL,1,,1,1 JER-Jornada Escolar Regular,,,,,NO,,,,,,,,NO,,,,SI,,,,,,X,SI,SI,X,X,X,X,,,SI,NO,,,SI,X,,X,,,,SI,SI,X,,X,,,X,,,8,NO,,,,,,,NO,,X,X,X,X,X,X,X,,,SI,SI,SI,SI,SI,3,X,X,,X,,X,,,X,X,X,X,SI,SI,3,SI,1,,,,,,,,X,NINGUNO,X,X,,X,X,,,,NO,SI,4,SI,X,X,X,X,,,SI,SI,SI,SI,SI,SI,SI,0,,,SI,NO,,//,SI,SI,NO,SI,SI,SI,,,,,X,X,,,X,X,X,X,X,X,,X,X,X,,,,,,,,,,,,,,,,,,,,,,SI,,X,,X,,,NO,,,,,,F0,B4,1,040112,040002
1770080,0,840667,3AS,FERNANDO VARGAS RUIZ DE SOMOCURCIO,JACOBO HUNTER,,2,,2,2 JEC-Jornada Escolar Completa,,,,,NO,,,,,,,,SI,SI,,,NO,,,,,,X,SI,SI,X,,X,X,,,NO,NO,,,NO,,,,,,,SI,SI,,,,,,X,,,3,NO,,,,,,,NO,,,,,,,,,,,SI,SI,SI,SI,SI,4,X,X,,,,,,,X,X,,X,NO,SI,11,SI,2,,X,,,X,,,,,,X,,,,,,,SI,SI,20,SI,,X,,,,,SI,SI,SI,NO,SI,NO,SI,0,,,SI,NO,,//,SI,SI,SI,NO,SI,SI,,,,,X,X,,,X,,X,X,X,,X,X,,,,,X,,,,,,,,,,,,,,,,,,,NO,,,,,,,NO,,,,,,F0,B4,1,040107,040002
1626928,0,071771,3AS,40577 CHOCÑIHUAQUI,CAYARANI,COMUNIDAD DE CHOCÑIHUAQUI,1,,1,1 JER-Jornada Escolar Regular,,,,,NO,,,,,,,,SI,SI,,,SI,X,,,X,X,,SI,SI,X,,X,X,,,SI,NO,,,SI,X,X,,,,,SI,SI,X,,,,X,X,,,9,SI,X,X,,X,,,,,X,X,,,X,X,,,,SI,SI,SI,SI,SI,2,X,X,,X,,X,,,X,,X,X,SI,SI,5,SI,2,,X,,X,,,X,,,X,X,,X,,,,,SI,SI,2,SI,X,X,,X,,,SI,SI,SI,SI,SI,SI,SI,0,,,SI,NO,,//,SI,SI,SI,SI,NO,SI,X,X,,,,,,,,X,,X,X,X,X,,,,X,,,,,13,34,SI,SI,NO,,,,,,,,,,,,NO,,,,,,,SI,X,X,,,,F0,A1,2,040603,040006
1379361,0,067161,3AS,CPED 40281,SAMUEL PASTOR,,1,,1,1 JER-Jornada Escolar Regular,,,,,NO,,,,,,,,SI,SI,,,SI,,,,X,X,,SI,SI,X,X,X,,,,SI,SI,2,0,SI,X,X,X,X,,,SI,SI,,,X,,X,,,,8,SI,X,X,X,X,,,,,X,X,X,X,X,X,,,,SI,SI,SI,SI,SI,2,,X,X,X,,X,,,X,X,X,X,SI,SI,5,SI,5,X,X,X,X,X,X,X,,,X,X,X,X,X,,,,SI,SI,5,SI,X,,,X,,,SI,SI,SI,SI,SI,SI,SI,0,,,SI,NO,,//,SI,SI,SI,SI,SI,SI,X,X,,,,,,,X,,X,X,X,X,X,X,X,X,X,X,X,,,35-2025,055,SI,SI,SI,,X,X,,X,,,,,X,X,SI,,X,X,X,,,SI,X,X,,,,F0,A1,1,040208,040003
0891846,0,067081,3AS,41515 REINO DE ESPAÑA,OCOÑA,ANEXO LA PLANCHADA,1,,1,1 JER-Jornada Escolar Regular,,,,,NO,,,,,,,,SI,SI,,,SI,X,,,,,,SI,SI,,X,X,,,,SI,NO,,,SI,X,,X,X,,,SI,SI,,,X,,,,,,8,SI,X,X,,,,,,,X,X,X,X,X,X,,,,SI,SI,SI,SI,SI,3,X,X,,X,,,,,X,,X,,SI,SI,5,SI,3,X,X,X,X,,X,X,,,X,X,X,X,X,,,,SI,SI,15,SI,X,,X,X,,,SI,SI,SI,SI,SI,SI,SI,0,,,SI,SI,1,4/10/2024,NO,SI,SI,SI,SI,SI,X,X,,,,,,,X,,X,,X,X,,,X,X,X,,X,,,029-2025,,SI,SI,,,,,,,,,,,,,SI,,,X,,,,SI,,X,,,,F0,A1,2,040206,040003
1527001,0,066741,3AS,40194,MARIANO NICOLAS VALCARCEL,SECOCHA,1,,1,1 JER-Jornada Escolar Regular,,,,,SI,SI,,X,,,X,VIRTUAL,SI,SI,,,SI,X,,X,,X,,SI,SI,,X,X,,,,SI,NO,,,SI,X,X,X,,,,SI,SI,,,X,,,,X,RVM MINEDU,5,SI,X,,X,X,,,,,X,X,X,X,X,X,X,,,SI,SI,SI,SI,SI,10,X,X,X,X,X,X,,,X,,X,X,SI,SI,16,SI,2,,X,,,X,X,X,,,X,X,X,X,X,,,,SI,SI,50,SI,,X,,X,,,SI,SI,SI,SI,SI,SI,SI,2,,,SI,SI,4,25/10/2024,NO,SI,SI,SI,SI,SI,,,X,X,,,,,X,,X,,,X,X,X,X,,X,,X,,,070-2025,,SI,NO,,,,,,,,,,,,,NO,,,,,,,SI,X,,,,,F0,A1,1,040203,040003
1797067,0,866332,3AS,DE CIENCIAS Y HUMANIDADES LORD KELVIN BUSTAMANTE,PAUCARPATA,JORGE CHAVEZ,1,,1,1 JER-Jornada Escolar Regular,,,,,NO,,,,,,,,SI,SI,,,SI,,,,,,X,SI,NO,,,,,,,,NO,,,NO,,,,,,,SI,NO,,X,,,,,,,8,NO,,,,,,,NO,,X,,,,,,,,,SI,SI,SI,SI,NO,,,X,,X,,,,,X,,,,NO,SI,2,SI,1,,,,,,X,,,,,X,X,,,,,,NO,NO,,NO,,X,,,,,SI,SI,SI,SI,SI,SI,SI,0,,,SI,NO,,//,SI,SI,SI,SI,SI,NO,,,,,,,,,,,X,,,,X,,,,X,,,,,026,008,SI,SI,NO,,,,,,,,,,,,NO,,,,,,,NO,,,,,,F0,B4,1,040112,040002
0498782,0,063530,3AS,40075 HORACIO MORALES DELGADO,SACHACA,,1,,1,1 JER-Jornada Escolar Regular,,,,,SI,SI,,,,X,,,NO,NO,,,SI,X,,,,,,SI,SI,X,X,X,,,,SI,SI,6,1,NO,,,,,,,SI,NO,,,,,,X,,,9,SI,X,X,,,,,,,X,X,X,X,X,X,,,,SI,SI,SI,SI,SI,4,X,X,,X,X,,,,X,X,X,,SI,SI,12,SI,8,,X,X,,X,,X,,,X,,X,X,,,,,SI,SI,2,SI,,X,,X,,,SI,SI,SI,SI,SI,SI,SI,1,,,SI,SI,1,29/11/2024,NO,SI,SI,SI,SI,SI,X,X,X,X,X,X,X,X,X,,X,,X,,X,,X,,X,,,,,040-2025,040,SI,SI,,,,,,,,,,,,,NO,,,,,,,NO,,,,,,F0,A1,1,040117,040001
1434810,0,575743,3AS,COLEGIO DE CIENCIAS PROMEDIO 21,AREQUIPA,AREQUIPA,1,,1,1 JER-Jornada Escolar Regular,,,,,SI,SI,X,,,,,,SI,SI,,,SI,,,,,X,,SI,SI,,,X,,,,SI,NO,,,NO,,,,,,,SI,NO,,,,,,X,,,6,SI,,,,X,,,NO,,X,,X,X,,X,,,,SI,SI,SI,SI,SI,1,X,,,,,,,,,X,,,NO,SI,5,NO,,,,,,,,,,,X,X,,,,,,,SI,SI,10,SI,X,,,,,,SI,SI,SI,SI,SI,NO,SI,0,,,SI,NO,,//,SI,SI,NO,SI,SI,SI,,,,,X,X,,,,,X,,X,,,,X,,,,,,,,,,,,,,,,,,,,,,,SI,,X,,,,,SI,,,X,,,F0,B4,1,040101,040001
0898031,0,070804,3AS,JUSTO JUEZ,MAJES,EL PEDREGAL,1,,1,1 JER-Jornada Escolar Regular,,,,,NO,,,,,,,,SI,SI,,,SI,X,,,,,,SI,SI,,X,X,,,,SI,SI,2,,SI,X,,,,,,SI,NO,X,,,,,,,,2,NO,,,,,,,SI,10,X,X,X,X,X,X,X,,,SI,SI,SI,SI,NO,,X,X,,,,,,,,X,,,SI,SI,5,SI,2,,X,,X,,,X,,,,X,,X,X,,,,SI,SI,20,SI,X,,,,,,SI,SI,SI,SI,SI,SI,SI,7,,,SI,NO,,//,SI,SI,SI,SI,SI,SI,X,X,,,X,,,,X,,X,X,X,X,,X,,,X,,X,,,,035,SI,NO,,,,,,,,,,,,,SI,,,X,,,,SI,,X,,,,F0,B4,1,040520,040010
0309724,0,064940,3AS,VICTOR RAUL HAYA DE LA TORRE,VITOR,,2,,2,2 JEC-Jornada Escolar Completa,,,,,NO,,,,,,,,SI,SI,,,SI,,,,,,X,SI,SI,X,X,,,,,SI,NO,,,SI,X,X,X,X,,,SI,SI,X,,,,X,X,,,5,SI,,,,X,,,,,X,X,X,X,X,X,X,,,SI,SI,SI,SI,SI,3,X,X,X,X,,X,,,X,X,X,X,SI,SI,10,SI,1,,,X,X,,X,X,,,X,X,,X,,,,,SI,SI,160,SI,,X,,X,,,SI,SI,SI,SI,SI,SI,SI,7,,,SI,NO,,//,SI,SI,SI,SI,SI,SI,X,X,,,,,,,X,,,X,,X,X,,,,X,,,,,75-2025,145,SI,SI,SI,,X,,,,,,,,,,SI,,,X,,,,SI,X,,,,,F0,A1,2,040125,040010
1719772,0,865851,3AS,BRYCE LA JOYA,LA JOYA,LA JOYA,1,,1,1 JER-Jornada Escolar Regular,,,,,NO,,,,,,,,SI,SI,,,SI,X,,,,,,SI,SI,,,X,,,,SI,SI,1,,SI,X,,,,,,SI,SI,X,,,,,,,,3,SI,X,X,,,,,NO,,X,X,,X,X,X,X,,,SI,NO,NO,SI,NO,,X,,X,,,,,,X,,,,SI,SI,5,SI,1,,X,,,,,X,,,X,X,,,,,,,SI,SI,5,SI,X,,X,,,,SI,SI,SI,SI,SI,SI,SI,1,,,SI,NO,,//,SI,SI,SI,SI,SI,SI,X,X,,,,,,,X,,,,X,,,,,,X,,,,,20-2024,2,SI,SI,NO,,,,,,,,,,,,NO,,,,,,,NO,,,,,,F0,B4,1,040108,040010
0891788,0,066524,3AS,41041 CRISTO REY,CAMANA,CAMANA,1,,1,1 JER-Jornada Escolar Regular,,,,,NO,,,,,,,,SI,NO,1,,SI,X,,X,X,X,,SI,SI,X,X,X,,,,SI,SI,,12,SI,X,X,X,X,,,SI,SI,,X,X,,X,,,,6,SI,X,X,X,,,,,,X,X,X,X,X,X,X,,,SI,SI,SI,SI,SI,10,X,X,X,X,X,X,X,COORDINADOR DE TUTORIA,X,X,X,X,SI,SI,18,SI,2,X,X,X,X,X,X,X,,,X,X,X,X,X,,,,SI,SI,10,SI,X,X,X,X,,,SI,SI,SI,SI,SI,SI,SI,7,,,SI,SI,2,14/4/2024,SI,SI,SI,SI,SI,SI,X,X,,,,X,,,X,,X,X,,X,X,,,X,X,,X,,,003,,SI,SI,,,,,,,,,,,,,SI,X,X,X,X,,,SI,X,,,,,F0,A1,1,040201,040003
1341320,0,066802,3AS,40236 CESAR VALLEJO,MARISCAL CACERES,PUCCHUN,2,,2,2 JEC-Jornada Escolar Completa,,,,,NO,,,,,,,,SI,SI,,,SI,X,,,,X,,SI,SI,X,X,X,,,,NO,SI,1,8,SI,X,X,X,,,,SI,SI,,,,,,X,,,5,SI,X,X,X,X,,,,,X,X,X,X,X,X,X,,,SI,SI,SI,SI,SI,3,X,X,X,X,X,X,,,X,,X,,SI,SI,10,SI,2,X,X,,,X,X,X,,,,X,X,X,X,,,,SI,SI,10,SI,X,X,,X,,,SI,SI,SI,SI,SI,NO,SI,0,,,SI,NO,,//,SI,SI,SI,SI,SI,SI,,,X,X,,,,,X,,,X,X,X,,X,,,X,,X,,,RD 086-2025,,SI,SI,NO,,,,,,,,,,,,NO,,,,,,,SI,X,,,,,F0,A1,1,040204,040003
1370105,0,532414,3AS,CRISTIANO JESUS EL MAESTRO,NICOLAS DE PIEROLA,SAN JACINTO,2,,2,2 JEC-Jornada Escolar Completa,,,,,NO,,,,,,,,SI,SI,,,SI,,,,,,X,SI,SI,X,X,X,,,,SI,NO,,,SI,X,,,,,,SI,NO,,,,,X,X,,,8,SI,X,,,,,,NO,,X,X,X,X,,X,X,,,SI,NO,NO,SI,SI,2,,,X,,,X,,,X,,,,SI,SI,1,SI,1,,,,,,,X,,,X,X,,,,,,,SI,SI,2,SI,X,,,,,,SI,SI,SI,SI,SI,SI,SI,0,,,SI,NO,,//,SI,SI,SI,SI,SI,NO,,,,,,,,,X,,,,X,,,,,,X,,,,,,012,SI,SI,NO,,,,,,,,,,,,SI,X,,,,,,NO,,,,,,F0,B4,1,040205,040003
1278530,0,546576,3AS,JOYCE,AREQUIPA,AREQUIPA,1,,1,1 JER-Jornada Escolar Regular,,,,,NO,,,,,,,,SI,SI,,,SI,X,,,,,,SI,SI,,X,X,,,,SI,NO,,,NO,,,,,,,SI,NO,X,,,,,,,,2,SI,,X,,,,,NO,,X,X,X,,X,X,X,,,SI,SI,SI,SI,SI,2,X,X,,X,,,,,X,,,,SI,SI,1,SI,3,,X,X,,X,X,X,,,,X,X,,X,,,,SI,NO,,SI,X,,X,,,,SI,SI,SI,SI,SI,SI,SI,0,,,SI,NO,,//,NO,SI,SI,SI,SI,NO,,,,,,,,,X,,X,,X,,X,,,X,,,,,,,,,,,,,,,,,,,,,,NO,,,,,,,SI,X,,,,,F0,B4,1,040101,040001
0309542,0,060956,3AS,CARLOS W. SUTTON,LA JOYA,LA JOYA,2,,2,2 JEC-Jornada Escolar Completa,,,,,NO,,,,,,,,SI,NO,4,FALTA DESDOBLAMIENTO DE AULAS SEGÚN UGEL FALTA PRESUPUESTO  PARA CONTRATAR MAS,SI,X,,,,,,SI,SI,,X,X,,,,NO,SI,1,1,SI,X,,X,,,,SI,SI,,,,,,X,,,9,SI,X,X,X,X,,,,,X,X,X,X,X,X,X,,,SI,SI,SI,SI,SI,6,X,X,,X,,X,,,X,,X,,SI,SI,27,SI,2,X,X,X,X,X,X,,,,X,X,,X,X,,,,SI,SI,20,SI,X,,,X,,,SI,SI,SI,SI,SI,SI,SI,18,,,SI,SI,9,17/12/2024,SI,SI,SI,SI,SI,SI,,,X,X,,,,,X,,X,X,X,X,X,X,X,X,X,X,X,X,ENCUENTRO DE JOVENES LIDERES,162,,SI,SI,SI,,,,,,X,,,,X,,NO,,,,,,,SI,X,,,,,F0,A1,1,040108,040010
1371392,0,550417,3AS,DIVINA PROVIDENCIA,SOCABAYA,HORACIO ZEVALLOS GAMEZ,1,,1,1 JER-Jornada Escolar Regular,,,,,SI,SI,,,,X,,,SI,SI,,,SI,X,X,,,X,,SI,SI,,X,X,,,,SI,NO,,,SI,X,X,X,X,,,SI,NO,,,,,,X,,,9,SI,X,X,,X,,,,,X,X,X,X,X,X,,,,SI,SI,SI,SI,SI,3,,X,,X,X,,,,X,,X,,SI,SI,25,SI,10,X,X,X,X,X,X,X,,,X,X,X,,X,,,,SI,SI,1,SI,X,X,,X,,,SI,SI,SI,SI,SI,SI,SI,0,,,SI,NO,,//,NO,SI,SI,SI,NO,SI,X,X,,,,,X,,X,,,X,X,,X,,X,X,X,,,,,09-25,,SI,SI,,,,,,,,,,,,,NO,,,,,,,SI,X,,,,,F0,A4,1,040122,040002
1372390,0,522151,3AS,JESUS MAESTRO,CERRO COLORADO,BENIGNO BALLÓN FARFÁN,1,,1,1 JER-Jornada Escolar Regular,,,,,NO,,,,,,,,SI,SI,,,SI,,,,,,X,SI,SI,,,X,X,,,NO,NO,,,NO,,,,,,,SI,NO,,,,,,X,,,8,SI,,X,X,,,,NO,,X,X,X,X,X,X,X,,,SI,SI,SI,NO,NO,,X,X,X,,,X,,,X,X,X,,SI,SI,5,NO,,,,,,,,,,,X,X,X,,X,,,,SI,SI,10,SI,,,,X,,,SI,SI,SI,SI,SI,NO,SI,0,,,SI,NO,,//,NO,SI,NO,SI,NO,SI,X,X,,,,,,,,,,X,,,,X,,,X,,,,,08-2025-DIEP-JM,004-2025,SI,NO,NO,,,,,,,,,,,,NO,,,,,,,NO,,,,,,F0,B4,1,040104,040001
0309591,0,067496,3AS,NICOLAS DE PIEROLA,ACARI,ACARI,2,,2,2 JEC-Jornada Escolar Completa,,,,,SI,SI,,,,X,,,SI,SI,,,SI,X,,,,,,SI,SI,,X,X,,,,SI,NO,,,SI,X,X,X,X,,,SI,SI,,,,,,X,,,5,SI,,X,,,,,,,X,X,X,X,X,X,X,,,SI,SI,SI,SI,SI,8,X,X,,X,X,X,,,X,X,X,X,SI,SI,11,SI,2,X,X,X,,,X,X,,,X,X,X,X,X,,,,SI,SI,15,SI,X,X,,X,,,SI,SI,SI,SI,NO,,SI,4,,,SI,SI,2,30/10/2024,NO,SI,SI,SI,SI,SI,,,X,X,,,,,X,X,X,X,X,X,X,X,,X,X,,X,,,023,048,SI,SI,,,,,,,,,,,,,NO,,,,,,,SI,X,,,,,F0,A1,1,040302,040004
1607498,0,865894,3AS,SANTA MARIA DEL ROSARIO,MAJES,PEDREGAL,1,,1,1 JER-Jornada Escolar Regular,,,,,SI,SI,,,,X,,,SI,SI,,,SI,X,,,,X,,SI,SI,,X,,,,,NO,NO,,,SI,X,,X,,,,SI,SI,X,,,,,X,,,8,SI,,X,,,,,NO,,X,X,,,,,,,,NO,,,,,,X,,,X,,,,,,,,X,NO,SI,2,SI,3,,X,,,,X,X,,,X,,,,,,,,NO,SI,5,NO,,X,,,,,SI,SI,SI,NO,SI,NO,SI,0,,,SI,NO,,//,NO,SI,SI,SI,SI,NO,,,,,,,,,X,,,,X,,,,,,,,X,,,,,,,,,,,,,,,,,,,NO,,,,,,,NO,,,,,,F0,B4,1,040520,040010
0794552,0,626993,3AS,40284 PEDRO PAULET MOSTAJO,MAJES,SAN JUAN EL ALTO,2,,2,2 JEC-Jornada Escolar Completa,,,,,SI,SI,,,,X,,,SI,SI,,,SI,X,,,X,X,,SI,SI,X,X,X,,,,SI,NO,,,SI,X,,X,X,,,SI,SI,,,,,,X,,,5,SI,X,X,X,X,,,NO,,X,X,X,X,X,X,X,X,AUXILIAR,SI,SI,NO,SI,SI,5,X,X,,X,X,,,,X,X,X,,SI,SI,12,SI,1,,,,,,X,,,,X,X,X,X,X,X,,LIDERAGO ESTUDIANTIL,SI,SI,300,SI,,X,,X,X,INORMES DEL COORDINADOR DE TUTORÍA,SI,SI,SI,SI,SI,SI,SI,10,,,SI,SI,1,24/12/2024,NO,SI,SI,SI,SI,SI,,,X,X,,,,,X,,X,X,X,X,,X,X,,X,,X,,,,167-2025,SI,SI,,,,,,,,,,,,,SI,,X,X,,,,SI,,X,,,,F0,A1,2,040520,040010
0310219,0,065812,3AS,COLEGIO PARTICULAR MIXTO SANTA CLARA,JOSE LUIS BUSTAMANTE Y RIVERO,AREQUIPA,1,,1,1 JER-Jornada Escolar Regular,,,,,NO,,,,,,,,SI,SI,,,SI,X,,,X,X,,SI,SI,X,X,X,X,,,SI,NO,,,SI,X,X,X,X,,,SI,SI,X,,X,X,,,,,2,NO,,,,,,,NO,,X,X,X,X,X,X,X,,,SI,SI,SI,SI,SI,10,X,X,X,X,X,X,,,X,X,X,X,SI,SI,30,SI,4,X,X,X,X,,X,X,,,X,X,X,,X,,,,SI,SI,8,SI,X,X,X,X,,,SI,SI,SI,SI,SI,SI,SI,1,,,SI,NO,,//,SI,SI,SI,SI,SI,SI,X,X,,,,,,,X,X,X,X,X,X,X,X,X,X,X,,X,,,,064,SI,SI,,,,,,,,,,,,,SI,X,,,,,,SI,,X,,,,F0,B4,1,040129,040002
1801901,0,865752,3AS,SAN DIEGO,MAJES,PEDREGAL,1,,1,1 JER-Jornada Escolar Regular,,,,,NO,,,,,,,,SI,SI,,,SI,,,,,,X,SI,SI,,,,,X,ESCUELA DE PADRES,SI,NO,,,NO,,,,,,,SI,NO,X,,,,X,,,,8,SI,,X,,,,,NO,,X,,,,,,,,,SI,SI,SI,SI,SI,2,X,X,,,,,X,ESCUELA DE PADRES,X,,X,,NO,SI,4,NO,,,,,,,,,,,,X,,,,,,,SI,SI,5,SI,X,,,,,,SI,SI,SI,SI,SI,SI,SI,0,,,SI,NO,,//,SI,SI,NO,SI,SI,NO,,,,,,,,,X,,X,,X,X,,,,,,,,X,MEDIANTE LOS DOCENTES,,,,,,,,,,,,,,,,,SI,,X,,X,,,SI,X,,,,,F0,B4,1,040520,040010
0309450,0,065360,3AS,MONSEÑOR LEONIDAS BERNEDO MALAGA,YARABAMBA,PUEBLO TRADICIONAL DE YARABAMBA,1,,1,1 JER-Jornada Escolar Regular,,,,,SI,SI,X,X,,,,,SI,NO,1,,SI,X,,,,X,,SI,SI,X,X,X,,,,SI,NO,,,SI,X,,X,,,,SI,SI,,,,,,X,,,7,SI,,X,,X,,,,,X,X,X,,X,X,X,X,AUXILIAR DE EDUCACION,SI,SI,SI,SI,SI,8,X,X,,X,X,X,,,X,X,X,X,SI,SI,10,SI,3,X,,X,,X,,X,,,X,X,,X,X,,,,NO,SI,95,SI,X,X,X,,,,SI,SI,SI,SI,SI,SI,SI,0,,,SI,NO,,//,SI,SI,SI,SI,SI,SI,X,,X,,,X,X,,X,,X,,,X,X,,X,X,X,,X,,,,168-2024,SI,SI,,,,,,,,,,,,,NO,,,,,,,SI,X,,,,,F0,A1,2,040127,040002
0695288,0,065591,3AS,40122 MANUEL SCORZA TORRES,JOSE LUIS BUSTAMANTE Y RIVERO,CERRO JULI,2,,2,2 JEC-Jornada Escolar Completa,,,,,NO,,,,,,,,SI,SI,,,SI,,,,,X,,SI,SI,,X,X,,,,NO,SI,3,4,SI,X,,X,X,,,SI,SI,X,X,,X,,X,,,6,SI,X,X,X,X,,,,,X,X,X,X,X,X,X,,,SI,SI,SI,SI,SI,3,X,X,X,,,X,,,X,X,X,X,SI,SI,10,SI,3,X,X,X,,X,X,X,,,X,X,X,X,X,,,,SI,SI,100,SI,X,X,X,X,,,SI,SI,SI,SI,SI,SI,SI,3,,,SI,SI,3,6/11/2024,SI,SI,SI,SI,SI,SI,,,X,X,,,,,X,X,X,X,X,X,X,X,X,X,X,X,X,,,,173-2024,SI,SI,SI,,X,,,,,,,,X,X,SI,X,,,,,,SI,,X,,,,F0,A1,1,040129,040002
1277664,0,551167,3AS,SAN ANDRES,JACOBO HUNTER,JACOBO HUNTER,1,,1,1 JER-Jornada Escolar Regular,,,,,NO,,,,,,,,SI,SI,,,SI,,,,,,X,SI,SI,,,X,,,,SI,NO,,,SI,X,,,X,,,SI,SI,X,,,,,,,,6,NO,,,,,,,SI,5,X,X,X,X,X,X,X,,,SI,SI,SI,SI,NO,,X,X,X,X,X,X,,,X,X,X,X,NO,SI,4,SI,2,X,,,,,,,,,X,X,,X,X,,,,SI,NO,,SI,,X,,,,,SI,SI,SI,SI,SI,SI,SI,0,,,SI,NO,,//,NO,SI,SI,SI,SI,NO,,,,,,,,,X,,X,,X,,X,,X,X,X,X,X,,,0014,0,SI,SI,SI,,,,,,X,,,,X,,NO,,,,,,,NO,,,,,,F0,B4,1,040107,040002
3029790,0,908695,3AS,DEEVY COLLEGE'S,MARIANO MELGAR,ALTO SAN MARTIN,1,,1,1 JER-Jornada Escolar Regular,,,,,NO,,,,,,,,SI,SI,,,SI,,,,,,X,SI,SI,,,X,,,,SI,NO,,,NO,,,,,,,SI,NO,X,,,,,,,,3,SI,X,,,,,,NO,,X,,X,X,X,X,X,,,SI,SI,SI,NO,,,,,X,X,,,,,X,X,X,,NO,SI,5,NO,,,,,,,,,,,,X,,,,,,,SI,NO,,SI,X,X,,,,,SI,SI,SI,NO,SI,SI,SI,0,,,SI,NO,,//,NO,SI,NO,SI,SI,SI,,,,,X,X,,,,,X,,X,,,,,,,,X,,,,,,,,,,,,,,,,,,,NO,,,,,,,NO,,,,,,F0,B4,1,040109,040002
1236108,0,549909,3AS,PERUANO FRANCES JEAN HARZIC,JACOBO HUNTER,HUNTER,2,,2,2 JEC-Jornada Escolar Completa,,,,,NO,,,,,,,,SI,SI,,,SI,,,,,,X,SI,SI,,,X,,,,NO,NO,,,NO,,,,,,,SI,NO,X,,,,,,,,8,NO,,,,,,,NO,,,,,,,,,,,SI,SI,NO,SI,NO,,,X,,,,,,,X,,,,SI,SI,2,NO,,,,,,,,,,,,,,,,,X,,SI,SI,28,SI,,X,,,,,SI,SI,SI,NO,SI,NO,SI,0,,,SI,NO,,//,NO,SI,NO,SI,SI,NO,,,,,,,,,X,,,,,,,X,,,,,X,,,,,,,,,,,,,,,,,,,NO,,,,,,,NO,,,,,,F0,B4,1,040107,040002
1422468,0,865870,3AS,40698 SAN JUAN BAUTISTA DE MAJES,MAJES,PEDREGAL SUR,1,,1,1 JER-Jornada Escolar Regular,,,,,NO,,,,,,,,NO,,,,SI,X,,,,,,SI,SI,X,X,,X,,,SI,NO,,,SI,X,X,X,,,,SI,SI,,,X,,X,X,,,6,NO,,,,,,,,,X,,X,X,,X,X,,,SI,SI,SI,SI,SI,8,X,X,X,X,X,X,,,X,X,X,X,SI,SI,7,SI,5,X,X,X,,X,X,,,,X,X,X,X,X,,,,SI,SI,10,SI,,,,X,,,SI,SI,SI,SI,SI,SI,SI,1,,,SI,NO,,//,SI,SI,SI,SI,SI,SI,,,,,X,X,,,X,X,X,X,X,X,X,X,X,X,X,X,X,,,X,010,SI,SI,SI,,X,,,,,,,X,X,,NO,,,,,,,SI,X,,,,,F0,A1,1,040520,040010
1337039,0,547825,3AS,LA VALLEJO,AREQUIPA,AREQUIPA,1,,1,1 JER-Jornada Escolar Regular,,,,,NO,,,,,,,,NO,,,,SI,X,,,,,,SI,SI,,X,X,,,,SI,SI,3,0,NO,,,,,,,SI,NO,X,X,,,,,,,8,NO,,,,,,,NO,,,,,,,,,,,SI,SI,SI,SI,SI,4,X,X,X,X,,,,,X,X,,,NO,SI,5,SI,10,X,X,X,X,X,X,X,,,X,X,,,X,,,,SI,SI,5,SI,X,X,,X,,,SI,SI,SI,SI,SI,SI,SI,0,,,SI,NO,,//,SI,SI,SI,SI,SI,SI,X,X,,,,,,,X,X,X,,X,,,X,,X,,,,,,,,,,,,,,,,,,,,,,NO,,,,,,,NO,,,,,,F0,B4,1,040101,040001
1420488,0,578713,3AS,LUIS FELIPE DE ORLEANS,AREQUIPA,IV CENTENARIO,1,,1,1 JER-Jornada Escolar Regular,,,,,SI,SI,,,,X,X,CLASES VIRTUALES,SI,SI,,,SI,,,,,,X,SI,SI,,X,X,,,,SI,NO,,,SI,X,,,,,,SI,NO,X,,,,,X,,,8,SI,,X,X,X,,,SI,2,X,X,X,X,X,X,X,,,SI,SI,SI,SI,SI,2,X,X,X,X,,,,,X,X,X,X,SI,SI,4,SI,4,,X,,,X,X,X,,,,X,X,X,,,,,SI,SI,56,SI,X,X,,X,,,SI,SI,SI,SI,SI,SI,SI,0,,,SI,NO,,//,SI,SI,SI,SI,SI,SI,X,X,,,,,X,X,,X,X,,X,X,X,X,X,,X,X,X,,,090-2024,054-2024,SI,SI,SI,,X,,,,,,,,X,X,SI,,X,X,,,,SI,,,X,,,F0,B4,1,040101,040001
1031293,0,548170,3AS,LOS RANGERS,AREQUIPA,AREQUIPA,1,,1,1 JER-Jornada Escolar Regular,,,,,NO,,,,,,,,NO,,,,SI,X,,,,,,SI,SI,,X,X,,,,SI,SI,3,0,NO,,,,,,,SI,NO,X,X,,,,,,,8,NO,,,,,,,NO,,,,,,,,,,,SI,SI,SI,SI,SI,4,X,X,X,X,,,,,X,X,,,NO,SI,2,SI,10,X,X,X,X,X,X,X,,,X,X,,,X,,,,SI,SI,5,SI,X,X,,X,,,SI,SI,SI,SI,SI,SI,SI,0,,,SI,NO,,//,SI,SI,SI,SI,SI,SI,X,X,,,,,,,X,X,X,,X,,,X,,X,,,,,,,,,,,,,,,,,,,,,,NO,,,,,,,NO,,,,,,F0,B4,1,040101,040001
0723197,0,589759,3AS,40395,TISCO,COTA COTA,1,,1,1 JER-Jornada Escolar Regular,,,,,NO,,,,,,,,SI,SI,,,SI,,,,,,X,SI,SI,,X,X,,,,SI,NO,,,SI,X,,X,,,,SI,SI,,,,,,X,,,8,NO,,,,,,,,,X,X,X,X,X,X,,,,SI,SI,SI,SI,SI,2,X,X,,,,,,,X,X,X,,SI,SI,5,SI,2,X,X,X,,,,,,,X,X,X,,X,,,,SI,SI,10,SI,,,X,X,,,SI,SI,SI,SI,SI,SI,SI,0,,,SI,NO,,//,SI,SI,SI,SI,SI,SI,,,X,X,,,,,X,X,X,,X,X,,,X,X,X,X,X,,,022-2025,,SI,SI,SI,,,,,X,X,,,,,X,SI,,X,X,,,,SI,X,,,,,F0,A1,2,040517,040006
1339555,0,058449,3AS,SAGRADOS CORAZONES DE JESUS Y MARIA,ALTO SELVA ALEGRE,APURIMAC,2,,2,2 JEC-Jornada Escolar Completa,,,,,NO,,,,,,,,SI,SI,,,SI,X,,,,,,SI,SI,,X,,,,,SI,NO,,,SI,,,X,,,,SI,SI,,,,,,X,,,8,NO,,,,,,,NO,,X,X,X,X,X,,,,,SI,SI,SI,SI,SI,1,X,X,,,,,,,X,,X,,SI,SI,5,SI,2,,X,,,,X,X,,,X,X,X,X,X,,,,SI,SI,2,SI,,X,X,X,,,SI,SI,SI,SI,SI,SI,SI,0,,,SI,NO,,//,SI,SI,SI,SI,SI,NO,,,,,,,,,X,X,X,X,X,X,X,X,,,X,,,,,031,009,SI,NO,NO,,,,,,,,,,,,NO,,,,,,,NO,,,,,,F0,B4,1,040102,040002
1719780,0,701652,3AS,INTERNACIONAL SAN JUAN BAUTISTA,MAJES,EL PEDREGAL,1,,1,1 JER-Jornada Escolar Regular,,,,,NO,,,,,,,,SI,SI,,,SI,X,,,,,,SI,SI,,,X,,,,NO,NO,,,SI,X,,,,,,SI,NO,X,,,,,,,,9,SI,,,,X,,,NO,,X,,X,X,,,X,,,SI,SI,SI,SI,NO,,,,,,,X,,,X,,,,NO,SI,1,SI,1,,,X,,,,,,,,X,,,,,,,SI,NO,,NO,,,,X,,,SI,SI,SI,SI,SI,SI,SI,0,,,SI,NO,,//,SI,SI,NO,SI,SI,NO,,,,,,,,,,,,X,,,,X,,,X,,,,,36,36,SI,SI,NO,,,,,,,,,,,,NO,,,,,,,NO,,,,,,F0,B4,1,040108,040010
1336957,0,063163,3AS,SAN SEBASTIAN,PAUCARPATA,VILLA PORONGOCHE,2,,2,2 JEC-Jornada Escolar Completa,,,,,NO,,,,,,,,SI,SI,,,SI,,,,,,X,SI,SI,,,X,,,,NO,NO,,,SI,X,,X,,,,SI,SI,,,X,,,,,,6,SI,,X,,,,,NO,,X,X,X,X,X,X,X,,,SI,SI,SI,SI,SI,3,X,,,,,X,,,X,,X,,SI,SI,5,SI,2,X,,,,,X,,,,X,X,X,X,X,,,,SI,SI,12,SI,X,,,X,,,SI,SI,SI,SI,SI,SI,SI,0,,,SI,NO,,//,SI,SI,SI,SI,SI,NO,,,,,,,,,X,X,X,X,X,X,X,X,X,,X,,,,,00-2025,,SI,SI,,,,,,,,,,,,,NO,,,,,,,SI,X,,,,,F0,B4,1,040112,040002
1622836,0,825959,3AS,JOULE CAYMA,CAYMA,PUEBLO TRADICIONAL,1,,1,1 JER-Jornada Escolar Regular,,,,,NO,,,,,,,,NO,,,,SI,,,,,,X,SI,SI,,X,X,,,,SI,NO,,,NO,,,,,,,SI,NO,X,,,X,,,,,3,SI,,,X,X,,,NO,,X,X,X,X,X,X,X,,,SI,SI,SI,SI,SI,2,X,X,,X,,X,,,X,,X,X,SI,SI,5,NO,,,,,,,,,,,,X,,,X,,,,SI,SI,2,SI,,X,,X,,,SI,SI,SI,SI,SI,SI,SI,0,,,SI,NO,,//,SI,SI,SI,SI,SI,SI,,,,,X,X,,,,,X,X,X,X,X,X,X,,X,,X,,,11,,SI,SI,NO,,,,,,,,,,,,NO,,,,,,,NO,,,,,,F0,B4,1,040103,040001
1273655,0,071766,3AS,40568,CAYARANI,ARCATA,1,,1,1 JER-Jornada Escolar Regular,,,,,NO,,,,,,,,NO,,,,SI,X,,,,,,SI,SI,X,X,X,X,,,SI,NO,,,SI,X,X,X,X,,,NO,SI,,X,,,X,,,,1,SI,X,X,,,,,,,X,X,X,X,X,X,,,,SI,SI,SI,NO,,,X,,,,,X,,,X,,,,SI,NO,,NO,,,,,,,,,,,X,,,,X,,,,NO,NO,,SI,,,X,X,,,NO,,,,NO,,NO,,1,,NO,,,//,NO,SI,SI,SI,SI,SI,X,X,,,,,,,X,,,,X,,,,X,,X,,,,,017,028,NO,,,,,,,,,,,,,,NO,,,,,,,SI,X,,,,,F0,A1,2,040603,040006
1763176,0,835251,3AS,CULTURA ORIENTAL,AREQUIPA,AREQUIPA,1,,1,1 JER-Jornada Escolar Regular,,,,,NO,,,,,,,,SI,SI,,,NO,X,X,,,,,SI,SI,X,,X,,,,SI,NO,,,NO,,,,,,,SI,SI,X,,,,,,,,3,NO,,,,,,,NO,,X,X,X,X,,,,,,SI,SI,NO,SI,NO,,X,X,X,X,X,X,,,X,X,X,X,NO,SI,2,SI,1,X,,,,,,,,,X,X,,X,X,,,,SI,SI,3,SI,X,X,X,X,,,SI,SI,SI,NO,SI,NO,SI,1,,,SI,NO,,//,NO,SI,NO,SI,SI,NO,,,,,,,,,X,,,,X,X,X,X,X,,,,,,,,,,,,,,,,,,,,,,,NO,,,,,,,NO,,,,,,F0,B4,1,040101,040001
0309583,0,067811,3AS,HORTENCIA PARDO MANCEBO,CHALA,CHALA,2,,2,2 JEC-Jornada Escolar Completa,,,,,NO,,,,,,,,SI,NO,1,,SI,X,,,,X,,SI,SI,,X,X,,,,SI,NO,,,SI,X,,X,,X,CAMPAÑAS DE ATENCIÓN INTEGRAL,SI,SI,X,X,X,X,X,X,,,5,NO,,,,,,,,,X,X,X,X,X,X,X,,,SI,SI,SI,SI,SI,3,X,X,X,X,X,X,,,X,X,X,X,SI,SI,27,SI,1,X,X,X,X,X,X,,,,X,X,X,X,,,,,SI,SI,2,SI,X,X,,X,,,SI,SI,SI,SI,SI,SI,SI,2,,,SI,SI,2,22/10/2024,NO,SI,SI,SI,SI,SI,,,X,X,,,,,,X,X,,X,X,X,,,,X,,,,,101-2024,101-2024,SI,SI,SI,,X,,,,,,,,X,X,SI,X,,X,,,,NO,,,,,,F0,A1,1,040307,040004
1607191,0,546449,3AS,NUESTRO SEÑOR DE LOS MILAGROS,LA JOYA,SAN CAMILO,1,,1,1 JER-Jornada Escolar Regular,,,,,NO,NO,,,,,,,NO,,,,SI,,,,,,X,SI,NO,,,,,,,,NO,,,SI,X,,,,,,SI,NO,,,,,,,X,NESECIDAD DE LOS ALUMNOS,8,NO,,,,,,,NO,,X,X,X,X,X,X,X,X,ALUMNOS,SI,SI,SI,NO,NO,,X,,,,,,,,X,,,,SI,SI,4,NO,,,,,,,,,,,X,X,,,,,,,SI,SI,10,SI,,,,X,,,SI,SI,SI,SI,SI,NO,NO,,1,,NO,NO,,//,SI,SI,SI,NO,SI,SI,X,X,,,,,,,X,X,,,X,,,,,X,,,,,,X,,SI,,NO,,,,,,,,,,,,NO,,,,,,,NO,,,,,,F0,B4,2,040108,040010
1651488,0,863932,3AS,CONO NORTE LINUS PAULING,CERRO COLORADO,URB JOSE LUIS  BUSTAMANTE Y RIVERO,1,,1,1 JER-Jornada Escolar Regular,,,,,NO,,,,,,,,NO,,,,SI,,,,,,X,SI,SI,,X,X,,,,SI,NO,,,NO,,,,,,,SI,NO,X,,,X,,,,,3,SI,,,X,X,,,NO,,X,X,X,X,X,X,X,,,SI,SI,SI,SI,SI,2,X,X,,X,,X,,,X,,X,X,SI,SI,5,NO,,,,,,,,,,,,X,,,X,,,,SI,SI,2,SI,,X,,X,,,SI,SI,SI,SI,SI,SI,SI,0,,,SI,NO,,//,SI,SI,SI,SI,SI,SI,,,,,X,X,,,,,X,X,X,X,X,X,X,,X,,X,,,11,,SI,SI,NO,,,,,,,,,,,,NO,,,,,,,NO,,,,,,F0,B4,1,040104,040001
1654136,0,735826,3AS,PALMER,PAUCARPATA,JORGE CHAVEZ,1,,1,1 JER-Jornada Escolar Regular,,,,,NO,,,,,,,,SI,SI,,,SI,,,,,,X,SI,NO,,,,,,,,NO,,,NO,,,,,,,SI,NO,,X,,,,,,,8,NO,,,,,,,NO,,X,,,,,,,,,SI,SI,SI,SI,NO,,,X,,X,,,,,X,,,,NO,SI,2,SI,1,,,,,,X,,,,,X,X,,,,,,NO,NO,,NO,,X,,,,,SI,SI,SI,SI,SI,SI,SI,0,,,SI,NO,,//,SI,SI,SI,SI,SI,NO,,,,,,,,,,,X,,,,X,,,,X,,,,,030,006,SI,SI,NO,,,,,,,,,,,,NO,,,,,,,NO,,,,,,F0,B4,1,040112,040002
1799857,0,864045,3AS,REAL SCHOOL CAM,YURA,CIUDAD DE DIOS,1,,1,1 JER-Jornada Escolar Regular,,,,,NO,,,,,,,,NO,,,,SI,,,,,,X,SI,SI,,X,X,,,,SI,NO,,,NO,,,,,,,SI,NO,X,,,X,,,,,3,SI,,,X,X,,,NO,,X,X,X,X,X,X,X,,,SI,SI,SI,SI,SI,2,X,X,,X,,X,,,X,,X,X,SI,SI,5,NO,,,,,,,,,,,,X,,,X,,,,SI,SI,2,SI,,X,,X,,,SI,SI,SI,SI,SI,SI,SI,0,,,SI,NO,,//,SI,SI,SI,SI,SI,SI,,,,,X,X,,,,,X,X,X,X,X,X,X,,X,,X,,,11,,SI,SI,NO,,,,,,,,,,,,NO,,,,,,,NO,,,,,,F0,B4,1,040128,040001
1607159,0,070540,3AS,40656 SAN FRANCISCO DE ASÍS,MAJES,CENTRO POBLADO E2,2,,2,2 JEC-Jornada Escolar Completa,,,,,NO,,,,,,,,SI,SI,,,SI,X,,,,,,SI,SI,,X,X,,,,SI,NO,,,SI,X,,X,,,,SI,NO,X,,,,X,,,,9,SI,X,X,,X,,,,,X,X,X,,,,,,,SI,SI,SI,SI,SI,3,X,X,,X,,X,,,X,X,X,X,SI,SI,9,SI,1,X,X,,,,X,,,,X,X,X,X,,,,,SI,SI,22,SI,X,X,,X,,,SI,SI,SI,SI,SI,SI,SI,4,,,SI,NO,,//,NO,SI,SI,SI,SI,SI,,,X,X,,,,,X,X,,X,X,X,,X,,,X,,,,,26-2025,,SI,NO,NO,,,,,,,,,,,,NO,,,,,,,SI,,,X,,,F0,A1,2,040520,040010
1636406,0,998672,3AS,ANDRES DE SANTA CRUZ,CERRO COLORADO,ZAMACOLA,1,,1,1 JER-Jornada Escolar Regular,,,,,NO,,,,,,,,SI,SI,,,SI,X,,,,X,,SI,SI,X,X,X,X,,,SI,NO,,,SI,X,,X,,,,SI,NO,,X,X,,,X,,,8,SI,,X,X,X,,,SI,3,X,X,X,X,,,,,,SI,SI,SI,SI,SI,5,X,,,X,X,X,,,X,X,X,X,SI,SI,7,SI,7,X,X,X,X,X,X,X,,,X,X,X,X,X,,,,SI,SI,20,SI,X,X,,X,,,SI,SI,SI,SI,SI,SI,SI,0,,,SI,NO,,//,SI,SI,SI,SI,SI,SI,,,X,X,,,,,X,X,X,X,X,X,,X,,,X,,X,,,018,014,SI,NO,,,,,,,,,,,,,NO,,,,,,,NO,,,,,,F0,B4,1,040104,040001
0589838,0,070205,3AS,ANDRES AVELINO CACERES,HUAMBO,HUAMBO,1,,1,1 JER-Jornada Escolar Regular,,,,,NO,,,,,,,,NO,,,,SI,X,,,,,,SI,SI,,X,,,,,SI,NO,,,SI,X,,X,,,,NO,SI,,,,,,X,,,8,NO,,,,,,,,,X,X,X,X,,,X,,,SI,SI,SI,SI,SI,3,X,X,,X,,,,,X,X,X,,SI,SI,5,SI,2,X,,,,X,X,,,,X,X,X,X,X,,,,SI,SI,10,SI,,,,X,,,SI,SI,SI,SI,SI,SI,SI,1,,,SI,SI,1,17/10/2024,NO,SI,SI,SI,SI,SI,X,X,,,,,,,X,,X,X,X,X,,X,X,,X,,,,,013,050,SI,SI,,,,,,,,,,,,,NO,,,,,,,SI,X,,,,,F0,A1,2,040507,040010
1532928,0,061442,3AS,SAN IGNACIO,MARIANO MELGAR,PUEBLO JOVEN ATALAYA,1,,1,1 JER-Jornada Escolar Regular,,,,,SI,SI,,,,,X,SE RECUPERO UN DIA DE  CLASES DE FORMA VIRTUAL,SI,SI,,,SI,X,,,X,,,SI,SI,X,X,X,X,X,ESCUELA DE PAFRES,SI,NO,,,SI,,,,X,,,SI,SI,,,X,,,X,,,8,SI,X,X,X,X,X,ORIENTACIONES CONSECUENCIAS INASISTENCIAS CONTINUAS,NO,,X,X,X,X,X,X,,X,UN REPRESENTANTE DEL CONEI,SI,SI,SI,SI,SI,6,X,X,,X,X,X,X,CHARLAS DEL CENTRO DE SALUD,X,X,X,X,SI,SI,5,SI,18,X,X,X,X,X,X,X,X,MEDIDAS CORRECTIVAS,X,X,X,X,X,X,,SEGUIMIENTO DE CASOS,SI,SI,1,SI,X,X,,X,,,SI,SI,SI,SI,SI,SI,SI,3,,,SI,NO,,//,SI,SI,SI,SI,SI,SI,X,X,,,,,,,X,X,X,X,X,X,X,X,X,X,X,X,X,X,VEEDURIAS ESCOLARES,56,197,SI,SI,SI,,,,,,X,,,,X,X,SI,X,X,X,X,,,SI,X,,,,,F0,A4,1,040109,040002
1455047,0,550257,3AS,GRAN MAESTRO JUAN ENRIQUE PESTALOZZI,JACOBO HUNTER,UGEL AREQUIPA SUR,2,5,1,1 JER-Jornada Escolar Regular,,,,,NO,,,,,,,,SI,SI,,,SI,,,,,,X,SI,NO,,,,,,,,NO,,,NO,,,,,,,SI,SI,,,,,,X,,,8,NO,,,,,,,NO,,X,X,X,X,X,X,,,,SI,SI,SI,SI,SI,3,X,X,,,,,,,X,X,,,SI,SI,4,SI,1,,,,,,X,,,,X,X,,,,,,,SI,SI,10,SI,X,,,,,,SI,SI,SI,SI,SI,SI,SI,0,,,SI,NO,,//,NO,SI,SI,SI,SI,NO,,,,,,,,,,,,X,,,X,,,,X,,,,,017,,SI,SI,NO,,,,,,,,,,,,SI,,,,X,,,NO,,,,,,F0,B4,1,040107,040002
1335231,0,064676,3AS,DE CIENCIAS DIVINO NIÑO JESUS,TIABAYA,TIABAYA,1,,1,1 JER-Jornada Escolar Regular,,,,,NO,,,,,,,,SI,NO,1,,SI,X,,,,,,SI,SI,,,X,,,,SI,NO,,,SI,X,,,,X,VACUNACION,SI,NO,,,,,X,X,,,7,SI,X,,,,,,NO,,X,X,X,X,X,X,X,,,SI,SI,SI,SI,SI,2,X,X,X,,,,,,X,X,X,X,SI,SI,5,SI,3,,X,X,X,,X,,,,X,,X,X,X,,,,SI,NO,,SI,,,X,X,,,SI,SI,SI,SI,SI,SI,SI,0,,,SI,SI,1,30/6/2024,SI,SI,SI,SI,SI,SI,X,X,,,,,,,,X,,X,,X,,X,,,X,,,,,25,24,SI,NO,NO,,,,,,,,,,,,SI,,X,,,,,NO,,,,,,F0,B4,1,040123,040001
0891812,0,066736,3AS,JULIO ERNESTO PORTUGAL,JULIO ERNESTO PORTUGAL ESCOBEDO,HUACAPUY,1,,1,1 JER-Jornada Escolar Regular,,,,,NO,,,,,,,,SI,SI,,,SI,X,,,,,,SI,SI,,,X,,,,SI,NO,,,SI,,,X,,,,SI,SI,,,,,,X,,,3,SI,X,X,,,,,,,X,X,X,X,X,X,,,,SI,SI,SI,SI,SI,1,,X,,,,,,,X,,,,SI,SI,2,SI,1,X,X,,,X,X,,,,X,X,,X,,,,,SI,SI,20,SI,,X,,X,,,SI,SI,SI,SI,SI,SI,SI,2,,,SI,SI,2,26/8/2024,SI,SI,NO,SI,SI,SI,,,X,X,,,,,,,X,,X,,,X,,,X,,X,,,X,012,SI,SI,,,,,,,,,,,,,NO,,,,,,,NO,,,,,,F0,A1,1,040202,040003
1334663,0,065534,3AS,SOLARIS,YURA,CIUDAD DE DIOS,1,,1,1 JER-Jornada Escolar Regular,,,,,NO,,,,,,,,SI,SI,,,SI,X,,,,X,,SI,SI,,X,,,,,SI,NO,,,NO,,,,,,,SI,NO,,,,,,X,,,8,SI,,X,,X,,,SI,1,X,X,,,,,X,,,SI,SI,NO,SI,SI,5,X,X,X,X,,,,,X,,X,,SI,SI,5,SI,3,,,X,,X,X,X,,,X,X,,,X,,,,SI,SI,13,SI,,X,X,,,,SI,SI,SI,SI,SI,SI,SI,0,,,SI,NO,,//,NO,SI,SI,SI,SI,NO,,,,,,,,,,X,X,,X,X,,X,,,X,,X,,,085,04,SI,NO,NO,,,,,,,,,,,,NO,,,,,,,NO,,,,,,F0,B4,1,040128,040001
1263441,0,513750,3AS,MAXWELL SCHOOL,MAJES,EL PEDREGAL,1,,1,1 JER-Jornada Escolar Regular,,,,,NO,,,,,,,,SI,SI,,,SI,,,,,X,,SI,NO,,,,,,,NO,NO,,,NO,,,,,,,NO,NO,X,,,,,,,,1,SI,,X,,,,,NO,,,,,,,,,,,SI,NO,SI,SI,SI,3,X,X,X,X,,X,,,X,X,X,X,SI,SI,1,SI,1,,X,X,,X,X,X,,,,X,X,X,X,,,,SI,SI,8,SI,X,,X,,,,SI,SI,SI,SI,SI,NO,SI,0,,,SI,NO,,//,SI,SI,SI,SI,SI,NO,,,,,,,,,X,X,X,,X,X,X,,,,,,X,,,,,,,,,,,,,,,,,,,SI,,,,,X,PROY DE VIDA Y ORIENT VOCACIONAL,SI,X,,,,,F0,B4,1,040520,040010
1031707,0,062936,3AS,PAULO VI,PAUCARPATA,AREQUIPA,1,,1,1 JER-Jornada Escolar Regular,,,,,NO,,,,,,,,SI,SI,,,SI,X,,,X,,,SI,SI,,,X,,,,SI,NO,,,SI,,,X,,,,SI,SI,,,,,,X,,,9,SI,,,,X,,,,,X,,X,,X,X,,,,SI,SI,NO,SI,NO,,,X,,,,X,,,,,X,X,SI,SI,5,SI,3,,X,X,,,X,,,,X,X,,X,,,,,SI,SI,20,SI,,X,,X,,,SI,SI,SI,SI,SI,SI,SI,1,,,SI,NO,,//,SI,SI,NO,SI,SI,SI,X,X,,,,,,,X,,X,,,X,,,X,,,,,,,,,,,,,,,,,,,,,,,SI,,,X,,,,SI,,,X,,,F0,A4,1,040112,040002
1797919,0,070615,3AS,41502,MAJES,ASENTAMIENTO D5,1,,1,1 JER-Jornada Escolar Regular,,,,,NO,,,,,,,,SI,SI,,,SI,X,,,,,,SI,SI,X,,X,,,,SI,NO,,,SI,X,,X,,,,SI,SI,X,,,,,X,,,9,SI,X,,,X,,,,,X,,X,X,X,X,X,,,SI,SI,SI,SI,SI,1,X,X,,,,,,,X,,X,,SI,SI,3,SI,1,X,X,X,X,,X,,,,X,X,X,X,X,,,,SI,SI,2,SI,X,,X,X,,,SI,SI,SI,SI,SI,SI,SI,0,,,SI,SI,1,30/10/2024,SI,SI,SI,SI,SI,SI,,,,,X,X,,,X,,X,,X,X,X,,,,X,,X,,,8,58,SI,SI,,,,,,,,,,,,,SI,X,,,,,,SI,X,,,,,F0,A1,2,040520,040010
0579573,0,061908,3AS,40159 EJERCITO AREQUIPA,MIRAFLORES,AREQUIPA,1,,1,1 JER-Jornada Escolar Regular,,,,,NO,,,,,,,,SI,SI,,,SI,X,,,,,,SI,SI,X,X,X,X,X,ESCUELA PARA FAMILIAS,SI,NO,,,SI,X,,X,,,,SI,NO,,X,,,X,X,,,3,SI,X,X,,,,,,,X,X,X,X,X,X,X,,,SI,SI,SI,SI,SI,3,X,X,,,X,X,,,X,,X,,SI,SI,15,SI,3,,X,X,,X,X,,,,X,X,X,,X,,,,SI,NO,,SI,X,X,,X,,,SI,SI,SI,SI,SI,SI,SI,8,,,SI,SI,3,6/11/2024,NO,SI,SI,SI,SI,SI,,,X,X,,,,,X,,X,,X,X,X,X,X,,X,X,X,X,BAPES,103,,SI,SI,SI,X,,,,,X,,,,X,,SI,,X,,,,,SI,X,X,,,,F0,A2,1,040110,040002
0636514,0,062314,3AS,SANTA TERESITA DE LISIEUX,MIRAFLORES,MIRAFLORES,2,,2,2 JEC-Jornada Escolar Completa,,,,,SI,SI,,,,,X,CLASES VIRTUALES,SI,SI,,,SI,,,,,X,,SI,SI,X,X,,,,,NO,SI,2,,SI,,X,,,,,SI,NO,,,X,,,,,,8,NO,,,,,,,SI,3,X,X,X,X,X,X,X,,,SI,SI,SI,SI,SI,4,X,,,X,,X,,,X,X,X,X,SI,SI,5,SI,2,,,,,,X,,,,,X,,,,,,,NO,SI,3,SI,X,,,,,,SI,SI,SI,SI,SI,SI,SI,0,,,SI,SI,1,10/6/2024,NO,SI,SI,SI,SI,NO,,,,,,,,,,,X,,,X,,,,,X,,X,,,,056,NO,,,,,,,,,,,,,,NO,,,,,,,SI,X,,,,,F0,B4,1,040110,040002
0309302,0,055592,3AS,JUANA CERVANTES DE BOLOGNESI,AREQUIPA,,2,,2,2 JEC-Jornada Escolar Completa,,,,,NO,,,,,,,,SI,SI,,,SI,X,X,,,,,SI,SI,,X,X,,,,NO,SI,8,6,NO,,,,,,,SI,NO,X,,,,,,,,7,SI,X,X,X,X,,,,,,,,,,,,,,SI,SI,NO,SI,SI,5,X,,,,,,,,X,,X,,NO,SI,3,SI,1,,,,X,,X,,,,X,X,X,X,X,,,,NO,SI,50,SI,X,X,X,,,,SI,SI,SI,SI,SI,NO,SI,3,,,SI,SI,4,1/10/2024,NO,SI,SI,SI,SI,SI,X,X,X,X,,,,,,X,X,,X,X,X,X,X,,,,,,,,,,,,,,,,,,,,,,,SI,,X,,X,,,NO,,,,,,F0,A1,1,040101,040001
1769041,0,717224,3AS,HOWARD GARDNER SCHOOL,YURA,CIUDAD DE DIOS,1,,1,1 JER-Jornada Escolar Regular,,,,,NO,NO,,,,,,,NO,,,,SI,X,,,,,,SI,NO,,X,,,,,,NO,,,SI,X,,,,,,SI,NO,X,,,,,,,,8,SI,X,,,,,,NO,,,,,,,,,,,SI,SI,SI,SI,SI,2,X,,,,,,,,X,X,,,SI,SI,3,SI,3,,,,,,,X,,,,X,,,,,,,SI,NO,,SI,X,,,,,,SI,SI,SI,SI,SI,SI,SI,0,,,SI,NO,,//,SI,SI,SI,SI,SI,NO,,,,,,,,,,X,,,X,,,,X,,,,,,,,,,,,,,,,,,,,,,,SI,,X,,,,,SI,X,,,,,F0,B4,1,040128,040001
1692060,0,775983,3AS,PIEDADES DE CIUDAD DE DIOS,YURA,CIUDAD DE DIOS,1,,1,1 JER-Jornada Escolar Regular,,,,,NO,,,,,,,,SI,SI,,,SI,X,,,,X,,SI,SI,,X,X,,,,SI,NO,,,SI,X,X,X,X,,,SI,SI,X,X,,,,X,,,3,SI,X,X,X,X,,,SI,2,X,X,,,X,X,X,,,SI,SI,SI,SI,SI,2,X,X,X,X,X,X,,,X,X,X,X,SI,SI,5,SI,2,X,X,X,X,X,X,X,,,X,X,X,X,X,,,,SI,SI,3,SI,,X,X,X,,,SI,SI,SI,SI,SI,SI,SI,0,,,SI,SI,7,26/11/2024,SI,SI,SI,SI,SI,SI,,,,,,,X,X,X,X,X,X,X,X,X,X,X,X,X,X,X,,,013,040,SI,SI,SI,X,X,X,X,X,X,,,X,X,X,SI,X,X,X,X,,,SI,X,X,X,,,F0,B4,1,040128,040001
0309534,0,067364,3AS,INDEPENDENCIA DEL PERU,CARAVELÍ,CARAVELÍ,2,,2,2 JEC-Jornada Escolar Completa,,,,,NO,,,,,,,,NO,,,,SI,X,,,X,,,SI,SI,,X,X,,,,SI,NO,,,SI,X,X,X,X,,,NO,SI,,X,,,,X,,,6,SI,X,X,X,X,,,,,X,X,X,X,X,X,X,,,SI,SI,SI,SI,SI,3,X,X,,X,X,,,,X,,X,X,SI,SI,14,SI,1,,,X,X,,X,X,,,X,X,X,,X,,,,SI,SI,5,SI,,X,,X,,,SI,SI,SI,SI,SI,SI,SI,0,,,NO,,,//,SI,SI,SI,SI,NO,NO,,,,,,,,,,,X,,,X,,,,,X,,X,,,024,0,NO,,,,,,,,,,,,,,NO,,,,,,,SI,X,,,,,F0,A1,1,040301,040004
1799105,0,737632,3AS,SAN FRANCISCO DE SALES,CERRO COLORADO,ASOCIACION PRIMAVERA,1,,1,1 JER-Jornada Escolar Regular,,,,,NO,,,,,,,,SI,SI,,,SI,,,,,X,,SI,SI,,X,,,,,SI,NO,,,SI,X,,,,,,SI,SI,,,,,,X,,,8,SI,,X,,,,,NO,,X,,,,,X,X,,,SI,SI,SI,SI,SI,3,X,,,,,,,,,,X,,SI,SI,5,SI,2,,X,,X,,,,,,X,X,,,,,,,SI,SI,5,SI,X,,,,,,SI,SI,SI,SI,SI,SI,SI,0,,,SI,NO,,//,SI,SI,SI,SI,SI,SI,,,,,,,X,X,X,,,,X,,,,X,,,,,,,,,,,,,,,,,,,,,,,SI,,X,,,,,NO,,,,,,F0,B4,2,040104,040001
1540947,0,512604,3AS,NUESTRA SEÑORA DEL DIVINO AMOR,CERRO COLORADO,AREQUIPA,1,,1,1 JER-Jornada Escolar Regular,,,,,NO,,,,,,,,NO,,,,SI,,,,,,X,SI,SI,,X,X,,,,SI,NO,,,SI,X,,,,,,SI,SI,X,,X,X,,,,,3,NO,,,,,,,,,X,X,X,,X,,X,,,SI,SI,SI,SI,SI,3,X,X,,X,,X,,,X,X,X,,SI,SI,9,SI,6,,,X,,,X,X,,,X,X,X,X,X,,,,SI,SI,65,SI,X,,,X,,,SI,SI,SI,SI,SI,SI,SI,0,,,SI,NO,,//,SI,SI,SI,SI,SI,SI,,,X,X,,,,,X,X,X,X,X,X,X,X,,,X,,X,,,135-2025,89-2025,SI,SI,,,,,,,,,,,,,NO,,,,,,,SI,X,,X,,,F0,A4,1,040104,040001
1369701,0,057732,3AS,CEDEU LEONCIO PRADO,AREQUIPA,AREQUIPA,1,,1,1 JER-Jornada Escolar Regular,,,,,NO,,,,,,,,NO,,,,SI,X,,X,,,,SI,SI,,X,X,X,,,SI,NO,,,SI,X,,X,,,,SI,NO,,,X,X,,X,,,6,SI,X,X,,X,,,NO,,X,,X,,,,X,,,SI,SI,SI,SI,NO,,X,X,,,,X,,,X,X,X,X,SI,SI,1,SI,2,,,X,,X,X,,,,,,X,X,X,,,,SI,NO,,SI,X,,X,,,,SI,SI,SI,NO,NO,,SI,0,,,SI,NO,,//,SI,SI,SI,SI,SI,NO,,,,,,,,,X,,X,,X,,X,,X,,,,,,,,,,,,,,,,,,,,,,,SI,,X,,X,,,NO,,,,,,F0,B4,1,040101,040001
0579599,0,062465,3AS,40010 JULIO C TELLO,PAUCARPATA,CIUDAD BLANCA,2,,2,2 JEC-Jornada Escolar Completa,,,,,NO,,,,,,,,SI,SI,,,SI,X,,,,,,SI,SI,X,X,,,,,SI,NO,,,SI,X,,,,,,SI,SI,,,X,,,,,,3,SI,X,X,,X,,,,,X,X,X,X,X,X,X,,,SI,SI,SI,SI,SI,5,X,X,X,X,,,,,X,X,X,X,SI,SI,9,NO,,,,,,,,,,,X,X,X,X,X,,,,SI,SI,7,SI,X,,X,,,,SI,SI,SI,SI,SI,SI,SI,1,,,SI,NO,,//,SI,SI,NO,SI,SI,SI,,,X,X,,,,,X,,X,X,X,X,,,X,X,X,X,X,,,105,,NO,,SI,X,,,,,,,,X,,,SI,X,X,X,,,,SI,X,,,,,F0,A1,1,040112,040002
0698308,0,070385,3AS,40201 TECNICO AGROPECUARIO LA COLINA,MAJES,CP SANTA MARIA LA COLINA,2,,2,2 JEC-Jornada Escolar Completa,,,,,NO,,,,,,,,SI,NO,1,,SI,X,,,,X,,SI,SI,,X,,,,,SI,NO,,,SI,,,X,,X,CHARLAS DE NUTRICIÓN Y EDUCACIÓN SEXUAL,SI,SI,,,,,,X,,,9,SI,X,,X,,,,,,X,X,X,X,X,X,X,,,SI,SI,SI,SI,SI,3,X,X,,,X,,,,X,X,X,,SI,SI,13,SI,2,,X,,,,X,,,,X,X,X,X,,,,,SI,SI,13,SI,,,,X,,,SI,SI,SI,SI,SI,SI,SI,0,,,SI,SI,1,11/11/2024,SI,SI,SI,SI,SI,SI,X,X,,,,,,,,,X,,X,X,,,X,,X,,X,,,022,034,SI,NO,,,,,,,,,,,,,NO,,,,,,,SI,X,,,,,F0,A1,1,040520,040010
1801398,0,843784,3AS,DOMINGO SAVIO,MARIANO NICOLAS VALCARCEL,SECOCHA,1,,1,1 JER-Jornada Escolar Regular,,,,,NO,,,,,,,,NO,,,,SI,,,,,,X,SI,NO,,,,,,,,NO,,,NO,,,,,,,SI,NO,,,X,,,,,,3,SI,X,,,,,,NO,,,,,,,,,,,NO,,,,,,X,,,,,,,,,X,,,SI,NO,,NO,,,,,,,,,,,X,X,,,,,,,SI,SI,2,SI,X,,,,,,SI,SI,SI,NO,SI,SI,SI,0,,,SI,NO,,//,NO,NO,,SI,SI,NO,,,,,,,,,X,,,,X,,,,,,,,X,,,,,,,,,,,,,,,,,,,NO,,,,,,,NO,,,,,,F0,B4,1,040203,040003
1335132,0,849521,3AS,FARADAY,AREQUIPA,AREQUIPA,2,,2,2 JEC-Jornada Escolar Completa,,,,,NO,,,,,,,,NO,,,,SI,,,,,,X,SI,SI,,X,X,,,,SI,NO,,,NO,,,,,,,SI,SI,X,X,,,X,,,,2,SI,X,X,X,,,,SI,10,,,,,,,,,,SI,SI,SI,SI,SI,1,X,,,,,X,,,,X,,,SI,SI,11,NO,,,,,,,,,,,,X,X,,X,,,,SI,SI,4,SI,X,,X,,,,SI,SI,SI,SI,SI,SI,SI,2,,,SI,NO,,//,NO,SI,NO,SI,NO,SI,X,X,,,,,,,X,,X,,,X,,X,X,,X,,X,,,,06-2025,SI,SI,,,,,,,,,,,,,NO,,,,,,,NO,,,,,,F0,B4,1,040101,040001
0891937,0,066595,3AS,GRUPO MEGA,CAMANA,CAMANA,1,,1,1 JER-Jornada Escolar Regular,,,,,NO,,,,,,,,SI,SI,,,SI,,,,,,X,SI,SI,X,X,X,,,,SI,SI,1,2,SI,X,,X,,,,SI,NO,X,,,,,,,,2,NO,,,,,,,NO,,X,X,X,,X,X,X,,,SI,SI,SI,SI,NO,,X,,X,X,,,,,X,,X,,NO,SI,8,SI,3,,,X,,,X,X,,,X,X,,X,,,,,SI,NO,,SI,X,X,,,,,SI,SI,SI,SI,SI,SI,SI,1,,,SI,SI,1,4/10/2024,SI,SI,SI,SI,SI,NO,,,,,,,,,,,,X,,,,X,X,,X,,,,,015-2025,,SI,NO,,,,,,,,,,,,,NO,,,,,,,NO,,,,,,F0,B4,1,040201,040003
1692078,0,717709,3AS,VIRGEN DE COPACABANA,MARIANO NICOLAS VALCARCEL,SECOCHA,1,,1,1 JER-Jornada Escolar Regular,,,,,NO,,,,,,,,NO,,,,SI,,,,,,X,SI,NO,,,,,,,,NO,,,SI,,,X,,,,SI,NO,,,X,,,,,,3,SI,X,,,,,,NO,,X,X,,,X,,,,,NO,,,,,,,,,,,,X,NINGUNO,X,X,,,SI,NO,,NO,,,,,,,,,,,X,X,,,,,,,SI,SI,2,SI,X,,,,,,SI,SI,SI,NO,SI,SI,SI,0,,,SI,NO,,//,NO,SI,SI,SI,SI,SI,X,X,,,,,,,X,,,,X,,,,X,,,,X,,,,,,,,,,,,,,,,,,,NO,,,,,,,SI,X,,,,,F0,B4,1,040203,040003
1703701,0,786383,3AS,JOULE CIUDAD MUNICIPAL,CERRO COLORADO,CIUDAD MUNICIPAL,1,,1,1 JER-Jornada Escolar Regular,,,,,NO,,,,,,,,NO,,,,SI,,,,,,X,SI,SI,,X,X,,,,SI,NO,,,NO,,,,,,,SI,NO,X,,,X,,,,,3,SI,,,X,X,,,NO,,X,X,X,X,X,X,X,,,SI,SI,SI,SI,SI,2,X,X,,X,,X,,,X,,X,X,SI,SI,5,NO,,,,,,,,,,,,X,,,X,,,,SI,SI,2,SI,,X,,X,,,SI,SI,SI,SI,SI,SI,SI,0,,,SI,NO,,//,SI,SI,SI,SI,SI,SI,,,,,X,X,,,,,X,X,X,X,X,X,X,,X,,X,,,11,,SI,SI,NO,,,,,,,,,,,,NO,,,,,,,NO,,,,,,F0,B4,1,040104,040001
1790690,0,812278,3AS,I.E.P. EDWARD NORTON,SOCABAYA,AREQUIPA,1,,1,1 JER-Jornada Escolar Regular,,,,,NO,,,,,,,,SI,SI,,,SI,X,,,X,X,,SI,SI,,X,X,X,,,SI,NO,,,SI,X,,,,,,SI,SI,X,,,,,,,,8,NO,,,,,,,NO,,X,X,X,,,,,,,SI,SI,SI,SI,NO,,X,,X,,,,,,X,X,,X,NO,SI,5,NO,,,,,,,,,,,,X,,,,,,,NO,SI,3,SI,X,,,X,,,SI,SI,SI,SI,SI,SI,SI,0,,,SI,NO,,//,SI,SI,SI,SI,SI,SI,,,,,,,X,X,X,,,X,X,,,X,X,X,X,,,,,011,3,SI,SI,,,,,,,,,,,,,NO,,,,,,,NO,,,,,,F0,B4,1,040122,040002
3001088,0,900835,3AS,J. POINCARÉ,AREQUIPA,AREQUIPA,1,,1,1 JER-Jornada Escolar Regular,,,,,NO,,,,,,,,NO,,,,SI,,,,,,X,SI,SI,,X,X,,,,SI,SI,2,2,NO,,,,,,,SI,NO,X,,,X,,,,,3,SI,,,X,X,,,NO,,X,X,X,X,X,X,X,,,SI,SI,SI,SI,SI,2,X,X,,X,,X,,,X,,X,X,SI,SI,5,NO,,,,,,,,,,,,X,,,X,,,,SI,SI,2,SI,,X,,X,,,SI,SI,SI,SI,SI,SI,SI,0,,,SI,NO,,//,SI,SI,SI,SI,SI,SI,,,,,X,X,,,,,X,X,X,X,X,X,X,,X,,X,,,11,,SI,SI,NO,,,,,,,,,,,,NO,,,,,,,NO,,,,,,F0,B4,1,040104,040001
1607316,0,070371,3AS,40097 REPUBLICA DE CANADA,MAJES,BELLO HORIZONTE,1,,1,1 JER-Jornada Escolar Regular,,,,,NO,,,,,,,,SI,NO,1,,SI,X,,,,X,,SI,SI,,X,X,,,,SI,NO,,,SI,X,,,,,,SI,NO,,,,,,X,,,8,SI,,X,X,X,,,,,X,X,X,,X,X,,,,SI,SI,SI,SI,NO,,X,X,,,,X,,,X,X,X,X,NO,SI,6,SI,1,,X,X,,,X,X,,,X,X,,,X,,,,SI,NO,,SI,,X,,X,,,SI,SI,SI,SI,SI,NO,SI,0,,,SI,SI,3,10/10/2024,NO,SI,SI,SI,NO,SI,X,X,,,X,X,,,X,X,X,X,,X,X,,,,X,,X,,,034,,SI,NO,,,,,,,,,,,,,NO,,,,,,,NO,,,,,,F0,A1,2,040520,040010
1465798,0,514617,3AS,SANTO CATOLICO DON BOSCO,HUNTER,AREQUIPA,2,,2,2 JEC-Jornada Escolar Completa,,,,,NO,,,,,,,,SI,SI,,,SI,,,,,,X,SI,SI,,X,X,X,,,SI,NO,,,SI,X,,,,,,SI,SI,,,,,,X,,,8,NO,,,,,,,NO,,X,X,X,,X,X,X,,,SI,SI,SI,SI,SI,3,X,X,X,X,,X,,,X,X,X,X,SI,SI,9,SI,1,,X,,,,,X,,,X,X,X,X,X,,,,SI,SI,5,SI,X,X,,X,,,SI,SI,SI,SI,SI,SI,SI,0,,,SI,NO,,//,SI,SI,SI,SI,SI,NO,,,,,,,,,X,,X,X,X,X,X,X,X,X,X,,X,,,016,16,SI,SI,,,,,,,,,,,,,SI,,,X,,,,SI,,,X,,,F0,B4,1,040107,040002
1649656,0,726346,3AS,NOVA STEINER,MARIANO MELGAR,,1,,1,1 JER-Jornada Escolar Regular,,,,,NO,,,,,,,,SI,SI,,,SI,X,,,,,,SI,SI,,X,X,,,,SI,NO,,,NO,,,,,,,SI,NO,X,,,,,X,,,6,SI,X,X,,X,,,NO,,X,X,X,X,X,X,X,,,SI,SI,SI,SI,NO,,,X,,X,,,,,X,,X,,SI,SI,5,SI,5,,X,X,,X,X,X,,,X,X,,X,,,,,SI,NO,,SI,X,,,,,,SI,SI,SI,SI,SI,SI,SI,0,,,SI,NO,,//,SI,SI,SI,SI,SI,NO,,,,,,,,,,,X,,X,X,,,,,X,,,,,RD 015,OF 010,SI,NO,NO,,,,,,,,,,,,NO,,,,,,,NO,,,,,,F0,B4,1,040109,040002
1768506,0,838891,3AS,EL EMPERADOR,CERRO COLORADO,CARLOS BACA FLOR,1,,1,1 JER-Jornada Escolar Regular,,,,,SI,SI,,,,,X,CLASES VIRTUALES,SI,SI,,,SI,X,X,X,,X,,SI,SI,X,X,X,,,,SI,NO,,,SI,X,,,,,,SI,SI,X,,,,,X,,,8,SI,X,X,X,X,,,NO,,,,,,,,,,,SI,SI,SI,SI,SI,2,X,X,X,X,X,X,,,X,X,X,X,SI,SI,5,SI,3,X,,X,X,X,X,X,,,X,X,X,X,X,,,,SI,SI,8,SI,X,X,X,X,,,SI,SI,SI,SI,SI,SI,SI,0,,,SI,NO,,//,SI,SI,SI,SI,SI,NO,,,,,,,,,X,,,X,X,X,X,X,X,X,X,X,X,,,31,5,SI,SI,SI,,,X,,X,X,,,,,X,SI,X,X,,X,,,SI,X,X,,,,F0,B4,1,040104,040001
0310177,0,063686,3AS,COLEGIO PERUANO ALEMÁN MAX UHLE,SACHACA,AREQUIPA,2,,2,2 JEC-Jornada Escolar Completa,,,,,NO,,,,,,,,SI,SI,,,SI,,,,,,X,SI,SI,,X,,,,,SI,NO,,,NO,,,,,,,SI,NO,,,,,,,X,RAZONES PEDAGÓGICAS,2,NO,,,,,,,SI,11,X,,X,X,X,,X,,,SI,SI,NO,SI,SI,3,X,X,,X,,,,,X,X,X,X,SI,SI,20,SI,9,,,,,,X,,,,X,X,X,,X,,,,NO,SI,30,SI,,,,,X,REVISIÓN DEL CLASSROOM,SI,SI,SI,SI,SI,SI,SI,4,,,SI,SI,3,24/10/2024,NO,SI,SI,SI,SI,SI,X,X,,,,,,,X,,,,X,,,,,X,,,,X,CONSEJO ESTUDIANTIL,,,,,,,,,,,,,,,,,NO,,,,,,,NO,,,,,,F0,B4,1,040117,040001
1379379,0,066996,3AS,CPED 40259,OCOÑA,PUMACOTO,,4,8,8 CEPED-Centro Piloto de Educación a Distancia,,,,,NO,,,,,,,,NO,,,,SI,X,,,X,,,SI,SI,,X,,,,,SI,NO,,,SI,X,,X,,,,NO,NO,,,X,X,,,,,8,NO,,,,,,,,,X,X,X,X,X,X,,,,SI,SI,SI,SI,SI,2,,X,X,,,,,,X,X,,,SI,SI,5,SI,4,X,,X,X,,,,,,,X,,X,,,,,SI,SI,10,SI,X,,,X,,,SI,SI,SI,SI,SI,SI,SI,2,,,SI,SI,5,15/9/2024,NO,NO,,SI,NO,SI,,,X,X,,,,,X,,,,X,X,,,,,X,,,,,,36 - 2024,SI,NO,NO,,,,,,,,,,,,NO,,,,,,,SI,X,,,,,F0,A1,2,040206,040003
1262328,0,059255,3AS,CRISTIAN BARNARD,CAYMA,FRNCISCO BOLGNESI,2,,2,2 JEC-Jornada Escolar Completa,,,,,NO,,,,,,,,SI,SI,,,SI,,,,,X,,SI,SI,,,X,,,,SI,NO,,,NO,,,,,,,SI,SI,,,X,,,,,,3,SI,X,,,,,,NO,,X,,X,,,,,,,SI,SI,SI,SI,SI,3,X,X,,,,,,,X,X,,,SI,SI,6,NO,,,,,,,,,,,,X,X,,,,,,SI,SI,12,SI,X,X,,,,,SI,SI,SI,SI,SI,NO,NO,,4,,SI,NO,,//,SI,SI,NO,SI,SI,SI,X,X,,,,,,,X,X,,,X,X,,,,,X,,,,,048-25,,SI,SI,SI,,X,,,,,,,,,X,NO,,,,,,,NO,,,,,,F0,B4,1,040103,040001
1333426,0,060089,3AS,VIRGEN DEL ROSARIO,CERRO COLORADO,AREQUIPA,2,,2,2 JEC-Jornada Escolar Completa,,,,,NO,,,,,,,,SI,SI,,,SI,X,,,,,,SI,SI,,X,X,X,,,SI,NO,,,SI,,,,,X,CAMPAÑA DE VACUNACION,SI,SI,,,,,,X,,,8,SI,X,X,X,X,,,NO,,X,X,X,X,X,X,X,,,SI,SI,SI,SI,SI,4,X,X,X,X,X,X,,,X,X,X,X,SI,SI,10,SI,10,X,X,X,X,X,X,X,,,,X,X,X,X,,,,SI,SI,1,SI,X,X,X,X,,,SI,SI,SI,SI,SI,SI,SI,0,,,SI,NO,,//,SI,SI,SI,SI,SI,SI,,,,,X,X,,,X,X,X,X,X,X,X,X,,,X,,X,,,0113-2024-IEPVR,0114-2024-IEPVR,SI,SI,,,,,,,,,,,,,NO,,,,,,,NO,,,,,,F0,B4,1,040104,040001
1629856,0,699772,3AS,SAN PEDRO DE ALCANTARA,JACOBO HUNTER,SAN JUAN DE DIOS,1,,1,1 JER-Jornada Escolar Regular,,,,,SI,SI,X,,,,,,SI,SI,,,SI,,,,,,X,SI,SI,,X,X,,,,NO,NO,,,SI,X,X,X,X,,,SI,SI,X,,,X,,,,,7,SI,X,,,,,,NO,,X,X,X,X,X,X,X,,,SI,SI,SI,SI,SI,2,X,X,,X,,,,,X,X,X,,SI,SI,5,SI,2,,X,,,,,,,,X,,X,X,,,,,NO,NO,,NO,,X,,X,,,SI,SI,SI,SI,SI,SI,SI,0,,,SI,NO,,//,NO,SI,SI,SI,SI,NO,,,,,,,,,X,,X,,,X,,X,,,X,,X,,,036,011,SI,SI,NO,,,,,,,,,,,,NO,,,,,,,NO,,,,,,F0,B4,1,040107,040002
1773258,0,066755,3AS,40234 JUAN PABLO II,MARIANO NICOLAS VALCARCEL,URASQUI,1,,1,1 JER-Jornada Escolar Regular,,,,,NO,,,,,,,,SI,NO,1,,SI,X,,,X,,,SI,SI,,,X,,,,SI,NO,,,SI,X,,X,,,,SI,NO,,,X,X,X,,,,9,NO,,,,,,,,,X,X,X,X,X,X,,,,SI,SI,SI,SI,SI,2,,,,X,,,,,X,X,X,X,NO,SI,8,SI,10,X,X,X,X,,X,,,,X,X,,X,,,,,NO,SI,15,SI,X,,,X,,,SI,SI,SI,SI,SI,SI,SI,0,,,SI,NO,,//,NO,SI,SI,SI,NO,SI,X,X,,,,,,,X,,X,,X,X,,,X,X,X,,X,,,084-2024,,SI,SI,,,,,,,,,,,,,NO,,,,,,,SI,X,,,,,F0,A1,2,040203,040003
1337146,0,551209,3AS,MI PEQUEÑO REYNO SAN LORENZO,MARIANO MELGAR,SAN LORENZO,1,,1,1 JER-Jornada Escolar Regular,,,,,SI,SI,,,,,X,VIRTUAL,SI,SI,,,SI,X,,,,,,SI,SI,,,X,,X,ESCUELA DE PADRES,NO,NO,,,NO,,,,,,,SI,NO,,,,X,,X,,,7,NO,,,,,,,NO,,X,X,X,X,X,X,X,,,SI,SI,SI,SI,SI,2,X,X,,,,X,,,X,,X,,SI,SI,5,SI,2,,,,,,X,X,,,,X,,,,,,,SI,NO,,SI,X,X,,X,,,SI,SI,SI,NO,SI,SI,SI,0,,,SI,SI,1,22/7/2024,NO,SI,SI,SI,SI,SI,X,X,,,,,,,,,X,X,X,,,,,,X,,X,,,58,,SI,NO,,,,,,,,,,,,,NO,,,,,,,NO,,,,,,F0,B4,1,040109,040002
1765544,0,514556,3AS,ALEXANDER GRAHAM BELL,MARIANO MELGAR,MARIANO MELGAR,1,,1,1 JER-Jornada Escolar Regular,,,,,NO,,,,,,,,SI,SI,,,SI,,,,,,X,SI,SI,,,X,,,,SI,NO,,,SI,X,,,X,,,SI,SI,X,,,,,,,,6,NO,,,,,,,SI,5,X,X,X,X,X,X,X,,,SI,SI,SI,SI,NO,,X,X,X,X,X,X,,,X,X,X,X,NO,SI,4,SI,2,X,,,,,,,,,X,X,,X,X,,,,SI,NO,,SI,,X,,,,,SI,SI,SI,SI,SI,SI,SI,0,,,SI,NO,,//,NO,SI,SI,SI,SI,NO,,,,,,,,,X,,X,,X,,X,,X,X,X,X,X,,,0014,0,SI,SI,SI,,,,,,X,,,,X,,NO,,,,,,,NO,,,,,,F0,B4,1,040109,040002
0712745,0,073237,3AS,40515 SAN SEBASTIAN,CHARCANA,CHARCANA,1,,1,1 JER-Jornada Escolar Regular,,,,,NO,,,,,,,,NO,,,,SI,,,,,,X,SI,NO,,,,,,,,NO,,,NO,,,,,,,SI,NO,X,X,,,,,,,8,NO,,,,,,,,,,,,,,,,,,NO,,,,,,,,,X,,,,,,,X,,NO,SI,5,SI,2,,,,,X,,,,,X,,,,,,,,SI,SI,2,NO,,,X,,,,SI,SI,SI,SI,SI,NO,NO,,3,,NO,,,//,SI,NO,,SI,SI,NO,,,,,,,,,,,X,,,,X,,X,,,,,,,,,,,,,,,,,,,,,,,NO,,,,,,,NO,,,,,,F0,A1,2,040803,040009
1364892,0,811976,3AS,BRITANICO EUROPEO DUNALASTAIR,SACHACA,YANAHUARA,1,,1,1 JER-Jornada Escolar Regular,,,,,NO,,,,,,,,SI,NO,3,,SI,X,,,,X,,SI,SI,,,X,,,,NO,NO,,,SI,,,,,X,VACUNACION,SI,NO,X,,,X,,,,,4,NO,,,,,,,NO,,X,X,X,X,X,X,X,,,SI,SI,SI,SI,SI,3,,X,X,,X,X,,,X,X,X,,SI,SI,10,NO,,,,,,,,,,,X,X,X,,X,,,,SI,SI,3,SI,X,,,X,,,SI,SI,SI,SI,SI,SI,SI,2,,,SI,NO,,//,NO,SI,NO,SI,SI,NO,,,,,,,,,X,,,,X,,,,X,,,,,,,,,,,,,,,,,,,,,,,NO,,,,,,,NO,,,,,,F0,B4,1,040117,040001
0895763,0,060145,3AS,VINCENT VAN GOGH,CERRO COLORADO,LA LIBERTAD,1,,1,1 JER-Jornada Escolar Regular,,,,,NO,,,,,,,,SI,SI,,,SI,,,,,,X,SI,NO,,,,,,,,NO,,,NO,,,,,,,SI,NO,X,,,,,,,,8,NO,,,,,,,NO,,,,,,,,,,,NO,,,,,,X,,,,,,,,X,,,,NO,SI,1,NO,,,,,,,,,,,X,,,,,,,,NO,NO,,NO,X,,,,,,NO,,,,NO,,SI,0,,,SI,NO,,//,NO,SI,NO,NO,NO,NO,,,,,,,,,X,,,,,X,,,X,,,,,,,,,,,,,,,,,,,,,,,NO,,,,,,,SI,X,,,,,F0,B4,1,040104,040001
1470046,0,576573,3AS,REICH LA PERLA,AREQUIPA,AREQUIPA,2,,2,2 JEC-Jornada Escolar Completa,,,,,NO,,,,,,,,SI,SI,,,SI,,,,,,X,SI,SI,,X,X,,,,NO,NO,,,NO,,,,,,,SI,NO,X,,,,,,,,8,SI,,X,X,,,,NO,,X,X,X,X,,,X,,,SI,SI,SI,SI,NO,,X,,,,,X,,,X,X,X,,NO,SI,5,SI,1,,,X,,,,,,,X,,,,X,,,,SI,SI,3,NO,X,,,X,,,SI,SI,SI,NO,SI,SI,SI,0,,,SI,NO,,//,NO,SI,NO,SI,SI,SI,,,,,X,X,,,,,,X,X,,,,,,,,X,,,,,,,,,,,,,,,,,,,NO,,,,,,,NO,,,,,,F0,B4,1,040101,040001
1802123,0,865525,3AS,JOSE LUIS BUSTAMANTE SCHOOL,PAUCARPATA,CAMPO MARTE,1,,1,1 JER-Jornada Escolar Regular,,,,,NO,,,,,,,,NO,,,,SI,X,,,,X,,SI,NO,,,,,,,,NO,,,SI,,,X,,,,SI,SI,,X,X,,,X,,,3,SI,,X,X,,,,NO,,,,,,,,,,,SI,SI,SI,NO,,,X,X,,,,,,,,,X,,SI,NO,,NO,,,,,,,,,,,X,X,,,,,,,SI,SI,5,SI,X,X,,,,,SI,SI,SI,SI,SI,SI,SI,0,,,SI,NO,,//,SI,SI,SI,SI,SI,SI,,,,,X,X,,,X,,,,X,,,,,,X,,,,,0016,,NO,,NO,,,,,,,,,,,,SI,X,,,,,,NO,,,,,,F0,B4,1,040112,040002
1629542,0,059514,3AS,40106 JUAN SANTOS ATAHUALPA,CERRO COLORADO,JOSE SANTOS ATAHUALPA,1,,1,1 JER-Jornada Escolar Regular,,,,,NO,,,,,,,,SI,NO,1,,SI,,,,,,X,SI,SI,,,X,,,,NO,NO,,,SI,X,X,X,X,,,SI,SI,,X,X,,,X,,,6,SI,,,X,X,,,,,X,X,X,X,,X,X,,,SI,SI,SI,SI,SI,6,X,X,,X,X,X,,,X,X,X,,SI,SI,7,NO,,,,,,,,,,,X,X,X,X,X,,,,SI,SI,28,SI,X,X,,X,,,SI,SI,SI,SI,SI,SI,SI,0,,,SI,SI,3,26/6/2024,NO,SI,SI,SI,SI,SI,X,X,,,,,,,,,X,,,,,X,,,X,,X,,,108-2024,098-2024,SI,SI,NO,,,,,,,,,,,,SI,,X,,,,,SI,X,,,,,F0,A1,1,040104,040001
1654573,0,735949,3AS,GRAN SABIO ALBERT EINSTEIN,MARIANO NICOLAS VALCARCEL,SECOCHA,1,,1,1 JER-Jornada Escolar Regular,,,,,NO,,,,,,,,SI,SI,,,SI,,,,,,X,SI,SI,X,X,,,,,SI,NO,,,SI,X,,,,,,SI,SI,X,,,,,,,,3,SI,X,,X,,,,NO,,,X,X,X,,,,,,SI,SI,SI,SI,NO,,X,,,X,,,,,X,,X,,SI,SI,1,SI,1,X,,,,X,,,,,,X,,X,,,,,SI,SI,1,SI,X,X,,,,,SI,SI,SI,SI,SI,SI,SI,0,,,SI,NO,,//,SI,SI,SI,SI,SI,NO,,,,,,,,,X,,X,,X,,X,,X,,,,,,,,,,,,,,,,,,,,,,,NO,,,,,,,NO,,,,,,F0,B4,1,040203,040003
1620236,0,064073,3AS,I.E.40221 CORAZON DE JESUS,SOCABAYA,PUEBLO VIEJO,1,,1,1 JER-Jornada Escolar Regular,,,,,NO,,,,,,,,SI,NO,1,,SI,X,X,,,,,SI,SI,X,X,X,,,,SI,NO,,,SI,X,X,X,X,,,SI,SI,X,,,,,,,,3,SI,X,X,,X,,,,,X,X,X,X,X,X,,,,SI,SI,SI,SI,SI,4,X,X,X,X,X,X,,,X,X,X,X,SI,NO,,SI,4,X,X,X,X,X,X,X,,,,,,,,,X,,SI,SI,4,SI,X,X,X,X,,,SI,SI,SI,SI,SI,SI,SI,4,,,SI,SI,4,1/7/2024,SI,SI,SI,SI,SI,SI,,,X,X,,,,,X,X,X,X,X,X,X,X,X,,X,,,,,006,100,SI,SI,,,,,,,,,,,,,NO,,,,,,,SI,X,,,,,F0,A1,1,040122,040002
1790161,0,856861,3AS,DEL SOLAR,PAUCARPATA,PAUCARPATA,1,,1,1 JER-Jornada Escolar Regular,,,,,NO,,,,,,,,SI,SI,,,SI,,,,,,X,SI,SI,,,X,,,,SI,NO,,,SI,X,,,X,,,SI,SI,X,,,,,,,,6,NO,,,,,,,SI,5,X,X,X,X,X,X,X,,,SI,SI,SI,SI,NO,,X,X,X,X,X,X,,,X,X,X,X,NO,SI,4,SI,2,X,,,,,,,,,X,X,,X,X,,,,SI,NO,,SI,,X,,,,,SI,SI,SI,SI,SI,SI,SI,0,,,SI,NO,,//,NO,SI,SI,SI,SI,NO,,,,,,,,,X,,X,,X,,X,,X,X,X,X,X,,,0014,0,SI,SI,SI,,,,,,X,,,,X,,NO,,,,,,,NO,,,,,,F0,B4,1,040112,040002
1117456,0,864998,3AS,LA CANTUTA DE AREQUIPA,MIRAFLORES,AREQUIPA,1,,1,1 JER-Jornada Escolar Regular,,,,,SI,SI,,,,X,,,SI,SI,,,NO,,,,,,X,SI,SI,,X,,,,,NO,NO,,,SI,,,,,X,VACUNACION,SI,NO,X,,,,,,,,5,SI,,,,X,,,NO,,X,,X,,X,X,X,,,SI,NO,NO,SI,NO,,X,,,,,X,,,X,,,,SI,SI,9,NO,,,,,,,,,,,,X,,,,,,,SI,SI,2,SI,X,,,,,,SI,SI,SI,NO,SI,SI,SI,1,,,SI,SI,4,7/7/2024,NO,SI,SI,SI,SI,NO,,,,,,,,,X,,,,X,,,,X,,,,,,,,,,,,,,,,,,,,,,,NO,,,,,,,NO,,,,,,F0,B4,1,040110,040002
1777069,0,733648,3AS,RONALD FISHER,CERRO COLORADO,PERUARBO,1,,1,1 JER-Jornada Escolar Regular,,,,,SI,SI,,X,,,,,SI,SI,,,SI,,,,,,X,SI,SI,,X,X,,,,SI,SI,3,,SI,X,X,X,X,,,SI,SI,X,,X,,,X,,,8,NO,,,,,,,NO,,X,X,X,X,X,X,X,,,SI,SI,SI,SI,SI,2,X,X,X,,,,,,X,X,X,X,NO,SI,5,NO,,,,,,,,,,,X,X,,,X,,,,SI,SI,10,SI,X,X,,,,,SI,SI,SI,SI,SI,SI,SI,0,,,SI,NO,,//,SI,SI,NO,SI,SI,SI,X,X,,,,,,,X,X,X,X,X,X,X,X,X,,X,,X,,,25-2025,32,SI,SI,,,,,,,,,,,,,SI,,X,,,,,SI,,X,,,,F0,B4,1,040104,040001
1253905,0,058171,3AS,SAN JOSE OBRERO,ALTO SELVA LEGRE,AREQUIPA,1,,1,1 JER-Jornada Escolar Regular,,,,,NO,,,,,,,,SI,SI,,,SI,X,,,X,X,,SI,SI,,X,X,,,,SI,NO,,,SI,X,,,,,,SI,NO,,X,,,,X,,,6,SI,,,,X,,,,,,X,X,X,,,,,,SI,SI,SI,SI,SI,3,,X,,X,,X,,,X,,X,,SI,SI,4,SI,2,,,,,,X,X,,,X,X,,,,,,,SI,SI,3,SI,X,X,,X,,,SI,SI,SI,SI,SI,SI,SI,0,,,SI,SI,2,10/9/2024,SI,SI,SI,SI,SI,SI,,,X,X,,,,,X,,X,,X,X,,X,,X,X,,,,,0108,197-2024,SI,NO,,,,,,,,,,,,,SI,,X,,X,,,SI,X,X,,,,F0,A4,1,040102,040002
0309716,0,067566,3AS,MIGUEL GRAU,ATICO,LA FLORIDA,1,,1,1 JER-Jornada Escolar Regular,,,,,NO,,,,,,,,SI,SI,,,SI,,,,,,X,SI,SI,,X,X,,,,SI,NO,,,SI,X,,X,,,,SI,SI,,X,X,,,X,,,9,SI,X,,,X,,,,,X,X,X,X,X,X,X,,,SI,SI,SI,SI,SI,3,,X,,,,X,,,X,,X,,SI,SI,15,SI,2,,,,,,X,X,,,X,X,,,X,,,,SI,SI,2,SI,X,X,,X,,,SI,SI,SI,SI,SI,SI,SI,7,,,SI,SI,4,24/7/2024,NO,SI,SI,SI,SI,SI,,,X,X,,,X,X,X,,X,X,X,X,,X,X,,X,,X,,,094-2024,0415-2024,SI,SI,,,,,,,,,,,,,SI,,X,,,,,SI,X,X,,,,F0,A1,1,040303,040004
1756394,0,802137,3AS,HOLY SCHOOLS,CERRO COLORADO,,1,,1,1 JER-Jornada Escolar Regular,,,,,NO,,,,,,,,SI,SI,,,SI,,,,X,X,,SI,SI,X,X,X,,,,SI,NO,,,SI,X,,,,,,SI,SI,,,X,,,X,,,6,SI,X,X,X,X,,,NO,,X,X,X,,X,,X,,,SI,SI,SI,SI,SI,4,X,X,X,X,,X,,,X,,X,X,SI,SI,15,NO,,,,,,,,,,,X,X,X,X,X,,,,SI,SI,8,SI,X,X,,X,,,SI,SI,SI,SI,SI,NO,SI,0,,,SI,NO,,//,SI,SI,SI,SI,SI,SI,,,,,X,X,,,,,X,X,X,X,X,X,,,X,,,,,,015,SI,SI,SI,,,,,X,X,,,,,X,SI,X,,,,,,SI,X,,,,,F0,B4,1,040104,040001
1262120,0,064501,3AS,SANTA MARIA DE FATIMA,SOCABAYA,SOCABAYA,1,,1,1 JER-Jornada Escolar Regular,,,,,NO,,,,,,,,SI,SI,,,SI,,,,,,X,SI,SI,,,X,,,,SI,NO,,,SI,X,,,X,,,SI,SI,X,,,,,,,,6,NO,,,,,,,SI,5,X,X,X,X,X,X,X,,,SI,SI,SI,SI,NO,,X,X,X,X,X,X,,,X,X,X,X,NO,SI,4,SI,2,X,,,,,,,,,X,X,,X,X,,,,SI,NO,,SI,,X,,,,,SI,SI,SI,SI,SI,SI,SI,0,,,SI,NO,,//,NO,SI,SI,SI,SI,NO,,,,,,,,,X,,X,,X,,X,,X,X,X,X,X,,,0014,0,SI,SI,SI,,,,,,X,,,,X,,NO,,,,,,,NO,,,,,,F0,B4,1,040122,040002
0309468,0,064214,3AS,SAN MARTIN DE SOCABAYA,SOCABAYA,SOCABAYA,2,,2,2 JEC-Jornada Escolar Completa,,,,,NO,,,,,,,,SI,SI,,,SI,X,,,,,,SI,SI,,X,,X,,,SI,SI,10,,SI,X,X,X,X,,,SI,SI,,,,,,X,,,9,SI,,X,,X,,,,,X,X,X,X,X,X,X,,,SI,SI,SI,NO,,,X,X,,,,,,,X,,,X,SI,SI,2,SI,3,X,X,X,,X,X,X,,,,X,X,X,X,,,,SI,NO,,SI,X,X,,X,,,SI,SI,SI,SI,SI,SI,SI,0,,,SI,SI,12,10/12/2024,SI,SI,SI,SI,SI,SI,,,X,X,,,,,X,X,X,X,X,X,,X,,X,,,,,,,,,,,,,,,,,,,,,,NO,,,,,,,NO,,,,,,F0,A1,1,040122,040002
1203843,0,065143,3AS,BALMER JESUCRISTO REY,YANAHUARA,AREQUIPA,1,,1,1 JER-Jornada Escolar Regular,,,,,NO,,,,,,,,SI,SI,,,SI,,,,,,X,SI,SI,,,X,,,,NO,NO,,,NO,,,,,,,SI,NO,,,,,,X,,,8,NO,,,,,,,NO,,X,X,X,X,X,X,X,,,SI,SI,NO,NO,,,,X,,,,X,,,X,,X,,NO,SI,4,NO,,,,,,,,,,,,X,,,,,,,SI,NO,,SI,,,,X,,,SI,SI,SI,SI,NO,,SI,0,,,SI,NO,,//,NO,SI,NO,SI,SI,NO,,,,,,,,,,,X,,,,X,,X,,X,,,,,00005 2025,,SI,SI,,,,,,,,,,,,,SI,,X,,,,,SI,X,,,,,F0,B4,1,040126,040001
1031582,0,064025,3AS,40172,SOCABAYA,VILLA EL GOLF,2,,2,2 JEC-Jornada Escolar Completa,,,,,NO,,,,,,,,SI,SI,,,SI,,,,,,X,SI,SI,,X,,,,,SI,NO,,,SI,X,,X,,,,SI,NO,,,,,,X,,,9,SI,X,,,,,,,,X,X,X,X,X,X,X,,,SI,SI,SI,SI,SI,1,X,,,X,,,,,X,,X,,SI,SI,10,NO,,,,,,,,,,,X,X,,,X,,,,SI,SI,4,SI,X,,,X,,,SI,SI,SI,SI,SI,SI,SI,2,,,SI,NO,,//,NO,SI,NO,SI,SI,SI,X,X,,,,,,,X,,,X,X,,,X,,,X,,,,,0025,0054,SI,SI,NO,,,,,,,,,,,,NO,,,,,,,SI,X,,X,,,F0,A1,1,040122,040002
0695270,0,064087,3AS,40256 CARLOS MANCHEGO RENDON,SOCABAYA,4 DE OCTUBRE,1,,1,1 JER-Jornada Escolar Regular,,,,,NO,,,,,,,,SI,SI,,,SI,,,,,,X,SI,SI,,X,X,,,,NO,NO,,,SI,X,,,,,,SI,SI,,,,,,X,,,8,NO,,,,,,,,,X,X,X,X,,,,,,SI,SI,SI,SI,NO,,X,X,X,X,X,X,,,X,X,X,X,SI,SI,12,SI,2,X,X,X,,,,,,,X,X,X,,,,,,SI,SI,8,SI,,X,,,,,SI,SI,SI,SI,SI,SI,SI,2,,,SI,SI,3,12/10/2024,SI,SI,SI,SI,SI,SI,X,X,,,,,,,X,X,,,X,X,X,,X,X,X,,X,,,0034,,SI,SI,,,,,,,,,,,,,NO,,,,,,,NO,,,,,,F0,A1,1,040122,040002
1764844,0,750058,3AS,SAN FRANCISCO JAVIER - CIRCA,MARIANO MELGAR,,1,,1,1 JER-Jornada Escolar Regular,,,,,NO,,,,,,,,SI,SI,,,SI,X,,,,,,SI,SI,,X,X,,,,SI,NO,,,SI,X,X,X,,,,SI,SI,,,,X,,X,,,8,SI,,X,X,,,,,,X,X,X,X,X,X,,,,SI,SI,SI,SI,SI,2,X,X,X,X,X,X,,,X,,X,,SI,SI,5,SI,4,X,X,X,X,X,X,X,,,X,,X,,X,,,,SI,SI,10,SI,X,,X,X,,,SI,SI,SI,SI,SI,SI,SI,0,,,SI,NO,,//,SI,SI,SI,SI,SI,SI,,,X,X,,,,,X,,X,,,X,X,,X,X,X,,,,,62,148,SI,SI,,,,,,,,,,,,,SI,X,,,,,,SI,,,X,,,F0,A4,1,040109,040002
0310144,0,826402,3AS,SAGRADO CORAZON,CERRO COLORADO,AREQUIPA,1,,1,1 JER-Jornada Escolar Regular,,,,,NO,,,,,,,,SI,SI,,,SI,X,,,,,,SI,SI,X,X,X,,,,SI,NO,,,SI,X,,,,,,SI,SI,,,X,X,X,X,,,7,SI,,X,,,,,NO,,X,X,X,X,X,X,X,,,SI,SI,SI,SI,SI,2,X,X,X,X,,,,,X,X,X,,SI,SI,10,SI,4,X,X,X,X,X,X,X,,,X,X,X,X,X,,,,SI,SI,4,SI,,X,,X,,,SI,SI,SI,SI,SI,SI,SI,3,,,SI,NO,,//,SI,SI,SI,SI,SI,NO,,,,,,,,,,X,X,,X,X,X,,,,X,,,,,0036/2024,0174-2024,SI,SI,NO,,,,,,,,,,,,SI,,X,X,X,,,SI,X,,,,,F0,B4,1,040104,040001
0899427,0,059887,3AS,BRUNING HANS HEIMBRICH,CERRO COLORADO,,1,,1,1 JER-Jornada Escolar Regular,,,,,NO,,,,,,,,NO,,,,SI,,,,,,X,SI,SI,,X,X,,,,SI,NO,,,SI,X,,X,,,,SI,SI,X,,X,X,,,,,8,NO,,,,,,,NO,,X,X,X,,,,X,,,SI,SI,SI,SI,SI,2,X,,X,,X,,,,X,,X,X,SI,SI,5,NO,,,,,,,,,,,X,X,X,,X,,,,SI,SI,4,SI,,X,X,,,,SI,SI,SI,NO,SI,SI,SI,0,,,SI,NO,,//,SI,SI,NO,SI,SI,SI,X,X,,,,,,,,X,,X,X,,X,,,,X,,X,,,,045-2025,SI,SI,,,,,,,,,,,,,SI,X,X,,,,,SI,X,,,,,F0,B4,1,040104,040001
1367184,0,529732,3AS,HEFZIBA,YANAHUARA,AREQUIPA,2,,2,2 JEC-Jornada Escolar Completa,,,,,NO,,,,,,,,SI,SI,,,SI,,,,,,X,SI,SI,X,,,,,,SI,NO,,,SI,X,,,,,,SI,SI,X,,,,,,,,6,SI,X,,,,,,NO,,X,X,X,X,X,X,X,,,SI,SI,SI,SI,NO,,,,,,,X,,,X,,,,SI,SI,2,NO,,,,,,,,,,,X,,,,,,,,SI,SI,2,SI,X,,,,,,SI,SI,SI,SI,SI,SI,SI,0,,,SI,NO,,//,NO,SI,SI,SI,SI,NO,,,,,,,,,X,,,,X,,,,X,,,,,,,,,,,,,,,,,,,,,,,SI,X,,,,,,SI,X,,,,,F0,B4,1,040126,040001
1368463,0,554811,3AS,HENRY FORD,CHALA,CHALA,1,,1,1 JER-Jornada Escolar Regular,,,,,NO,,,,,,,,SI,SI,,,SI,,,X,,,,SI,SI,,X,X,,,,SI,NO,,,SI,,,,,X,VACUNAS,SI,SI,X,,X,,,,,,6,NO,,,,,,,SI,3,X,X,X,,X,,X,,,SI,SI,SI,SI,SI,3,,,X,,,X,,,X,,X,,NO,SI,8,NO,,,,,,,,,,,,X,X,X,,,,,SI,SI,26,SI,,X,,,,,SI,SI,SI,SI,SI,SI,SI,0,,,SI,SI,3,14/11/2024,NO,NO,,SI,NO,SI,,,,,X,X,,,,,,X,X,,,,X,X,X,,X,,,N043-2025,,SI,SI,,,,,,,,,,,,,SI,,X,,,,,SI,X,,,,,F0,B4,1,040307,040004
1116185,0,064681,3AS,SAN IGNACIO DE LOYOLA,CERRO COLORADO,AREQUIPA,2,,2,2 JEC-Jornada Escolar Completa,,,,,NO,,,,,,,,SI,SI,,,SI,,,,,,X,SI,SI,X,,,,,,SI,NO,,,SI,X,,,,,,SI,SI,X,,,,,,,,6,SI,X,,,,,,NO,,X,X,X,X,X,X,X,,,SI,SI,SI,SI,NO,,,,,,,X,,,X,,,,SI,SI,2,NO,,,,,,,,,,,X,,,,,,,,SI,SI,2,SI,X,,,,,,SI,SI,SI,SI,SI,SI,SI,0,,,SI,NO,,//,NO,SI,SI,SI,SI,NO,,,,,,,,,X,,,,X,,,,X,,,,,,,,,,,,,,,,,,,,,,,SI,X,,,,,,SI,X,,,,,F0,B4,1,040123,040001
1628767,0,913244,3AS,SAN MAXIMILIANO KOLBE,CERRO COLORADO,MONSERRAT,1,,1,1 JER-Jornada Escolar Regular,,,,,NO,,,,,,,,SI,SI,,,SI,X,,,X,,,SI,NO,,,,,,,,SI,,1,NO,,,,,,,SI,SI,X,,,,,,,,8,NO,,,,,,,SI,1,X,,X,,,X,,,,SI,SI,SI,SI,NO,,,X,,,,,,,X,,,,SI,SI,1,NO,,,,,,,,,,,,X,,,,,,,SI,NO,,SI,X,,,,,,SI,SI,SI,SI,SI,NO,NO,,4,,SI,NO,,//,NO,NO,,SI,NO,NO,,,,,,,,,X,,,X,X,,X,,,,X,,X,,,RD.019-SMK,234,SI,SI,,,,,,,,,,,,,NO,,,,,,,NO,,,,,,F0,B4,1,040104,040001
1572346,0,645326,3AS,MILAGROSA VIRGEN DEL CARMEN,CERRO COLORADO,VILLA PARAISO,1,,1,1 JER-Jornada Escolar Regular,,,,,NO,,,,,,,,SI,SI,,,SI,,,,,,X,SI,SI,,X,,,,,SI,NO,,,NO,,,,,,,SI,NO,,,,,,X,,,8,SI,X,,,X,,,SI,10,X,X,X,X,X,X,,,,SI,SI,SI,SI,NO,,X,,,X,,,,,X,,,X,SI,SI,5,SI,5,,X,,,X,,,,,X,,,,,,,,SI,NO,,SI,X,,,,,,SI,SI,SI,SI,SI,NO,SI,0,,,SI,NO,,//,SI,SI,SI,SI,SI,NO,,,,,,,,,X,,,,X,,,,,,X,,,,,,025-2025,SI,SI,NO,,,,,,,,,,,,NO,,,,,,,NO,,,,,,F0,B4,1,040104,040001
1634252,0,706598,3AS,MARIA DEL REDENTOR,PAUCARPATA,MANCO CAPAC,1,,1,1 JER-Jornada Escolar Regular,,,,,NO,,,,,,,,SI,SI,,,SI,,,,,,X,SI,NO,,,,,,,NO,NO,,,SI,X,,,,,,SI,SI,,X,,,,,,,3,NO,,,,,,,,,,,,,,,,,,SI,SI,SI,NO,,,X,,,,,,,,X,,,,SI,NO,,NO,,,,,,,,,,,X,,,,,,,,SI,NO,,NO,X,,,,,,SI,SI,SI,SI,SI,SI,SI,0,,,SI,NO,,//,SI,SI,SI,SI,SI,SI,X,X,X,X,X,X,X,X,X,,,,X,,,,X,,X,,,,,0025,0028,SI,SI,,,,,,,,,,,,,NO,,,,,,,NO,,,,,,F0,A4,1,040112,040002
3047594,0,913140,3AS,DIOS ES AMOR,UCHUMAYO,CERRO VERDE,1,,1,1 JER-Jornada Escolar Regular,,,,,NO,,,,,,,,SI,SI,,,SI,,,,,,X,SI,NO,,,,,,,,NO,,,SI,,,X,X,,,SI,SI,,,,,,X,,,3,SI,,,X,,,,NO,,X,X,X,,,,,,,SI,SI,SI,SI,SI,3,,,,X,,,,,X,,,,SI,SI,1,NO,,,,,,,,,,,X,,,,X,,,,SI,SI,3,SI,X,,,,,,SI,SI,SI,SI,SI,SI,SI,0,,,SI,NO,,//,SI,SI,NO,SI,SI,SI,X,X,,,,,,,,X,,X,X,,,,,,X,,,,,030-2025,,SI,SI,NO,,,,,,,,,,,,NO,,,,,,,NO,,,,,,F0,B4,1,040124,040001
1443860,0,781899,3AS,SAN FERNANDO,CAYMA,LA TOMILLA,1,,1,1 JER-Jornada Escolar Regular,,,,,NO,,,,,,,,SI,SI,,,SI,,,,,,X,SI,SI,,,,X,,,NO,NO,,,SI,X,,,,,,SI,SI,X,,,,,,,,8,NO,,,,,,,NO,,X,,X,,X,X,,,,SI,SI,SI,SI,SI,3,X,X,,X,,,,,X,,,,SI,SI,4,NO,,,,,,,,,,,,X,X,,,,,,SI,NO,,SI,X,,,,,,SI,SI,SI,SI,SI,SI,SI,0,,,SI,NO,,//,SI,SI,NO,SI,SI,SI,X,X,,,,,,,X,,,,X,,,,X,,,,,,,,,,,,,,,,,,,,,,,NO,,,,,,,NO,,,,,,F0,B4,1,040103,040001
1776590,0,735954,3AS,MONTE CARMELO,SAMUEL PASTOR,SAMUEL PASTOR,1,,1,1 JER-Jornada Escolar Regular,,,,,NO,,,,,,,,SI,SI,,,SI,,,,,,X,SI,SI,X,,X,,,,SI,NO,,,SI,X,,,,,,SI,SI,X,,,X,,,,,4,SI,X,,,,,,NO,,X,,X,,,,,,,SI,SI,SI,SI,NO,,,X,,,X,,,,,X,,X,SI,SI,1,SI,1,,X,,X,,,,,,,,X,,,,,,SI,SI,2,SI,X,,X,,,,SI,SI,SI,SI,SI,SI,SI,0,,,SI,NO,,//,SI,SI,SI,SI,SI,SI,X,X,,,,,,,X,,X,,X,,X,,X,,,,,,,,,,,,,,,,,,,,,,,NO,,,,,,,NO,,,,,,F0,B4,1,040208,040003
0613158,0,068052,3AS,SAN FRANCISCO DE ASIS,JAQUI,JAQUI,1,,1,1 JER-Jornada Escolar Regular,,,,,SI,SI,X,,,,,,SI,SI,,,SI,X,,,,,,SI,SI,,X,X,,,,SI,NO,,,SI,X,,,,,,SI,SI,,,,,,X,,,9,SI,X,,,X,,,,,X,X,X,X,X,X,,,,SI,SI,SI,SI,SI,2,X,X,,,X,,,,X,,X,,SI,SI,6,SI,3,,X,,,,X,X,,,X,X,X,,X,,,,SI,SI,6,SI,,X,,X,,,SI,SI,SI,SI,SI,SI,SI,0,,,SI,NO,,//,SI,SI,SI,SI,SI,SI,X,X,,,,,,,X,,X,X,X,,,X,X,X,,,X,,,,,,,,,,,,,,,,,,,NO,,,,,,,SI,,X,,,,F0,A1,2,040310,040004
1751056,0,824889,3AS,BALMER CAYMA,CAYMA,ACEQUIA ALTA,1,,1,1 JER-Jornada Escolar Regular,,,,,NO,,,,,,,,SI,SI,,,SI,,,,,,X,SI,SI,,,X,X,,,NO,SI,1,,NO,,,,,,,SI,SI,X,,,,X,X,,,9,NO,,,,,,,NO,,X,X,X,,X,,X,,,SI,SI,SI,NO,,,X,,,X,,,,,X,X,,,NO,SI,1,NO,,,,,,,,,,,,X,X,,,,,,SI,NO,,SI,,X,,X,,,SI,SI,SI,SI,SI,SI,SI,0,,,SI,NO,,//,NO,SI,SI,SI,SI,NO,,,,,,,,,X,,X,X,X,X,,,X,X,,,,,,,,,,,,,,,,,,,,,,NO,,,,,,,NO,,,,,,F0,B4,1,040103,040001
1032234,0,066133,3AS,SAN VICENTE DE PAUL,JOSE LUIS BUSTAMANTE Y RIVERO,DOLORES,1,,1,1 JER-Jornada Escolar Regular,,,,,SI,SI,,X,,,,,SI,SI,,,SI,X,,,,,,SI,SI,,X,X,,,,NO,NO,,,NO,,,,,,,SI,SI,,,,,,X,,,8,NO,,,,,,,NO,,X,X,X,,X,X,X,,,SI,SI,SI,NO,,,X,X,,X,,X,,,X,X,X,X,SI,SI,5,NO,,,,,,,,,,,X,X,X,,X,,,,SI,NO,,SI,X,X,,,,,SI,SI,SI,SI,SI,SI,SI,0,,,SI,NO,,//,SI,SI,NO,SI,SI,NO,,,,,,,,,X,,X,,X,,,X,,,X,,,,,012,020,SI,SI,NO,,,,,,,,,,,,SI,,X,,,,,NO,,,,,,F0,B4,1,040129,040002
0501189,0,060310,3AS,40127 SEÑOR DEL ESPIRITU SANTO,CHIGUATA,CHIGUATA,1,,1,1 JER-Jornada Escolar Regular,,SI,,,NO,,,,,,,,SI,SI,,,SI,X,,,,,,SI,SI,X,X,X,X,,,SI,NO,,,SI,X,X,,,,,SI,SI,,,X,,X,,,,3,SI,X,X,X,X,,,,,X,X,X,X,X,X,,,,SI,SI,SI,SI,SI,2,X,X,X,X,X,X,,,X,X,X,X,SI,SI,5,SI,2,X,X,X,X,X,X,X,,,X,X,X,X,X,,,,SI,SI,6,SI,X,X,X,X,,,SI,SI,SI,SI,SI,SI,SI,0,,,SI,SI,6,12/11/2024,SI,SI,SI,SI,SI,SI,,,X,X,,,,,X,X,X,X,X,X,X,X,X,X,X,X,X,,,014-2025,,SI,SI,SI,,X,,,,,,,X,X,X,SI,X,X,X,,,,SI,,X,,,,F0,A1,2,040106,040002
1237346,0,625578,3AS,ANDENES DE CHILINA,ALTO SELVA ALGRE,INDEPENDENCIA,1,,1,1 JER-Jornada Escolar Regular,,,,,SI,SI,,,,X,,,SI,SI,,,SI,,,,X,,,SI,NO,,,,,,,NO,NO,,,NO,,,,,,,SI,NO,,,X,,,,,,9,NO,,,,,,,NO,,X,X,X,X,X,X,X,,,SI,SI,NO,SI,NO,,,X,,,,,,,,,X,,NO,SI,28,NO,,,,,,,,,,,X,,,,,,,,SI,NO,,SI,,,,X,,,SI,SI,SI,SI,SI,SI,SI,3,,,SI,NO,,//,SI,SI,NO,SI,SI,NO,,,,,,,,,X,X,X,,X,X,,,,,,,X,,,,,,,,,,,,,,,,,,,NO,,,,,,,NO,,,,,,F0,B4,1,040102,040002
1337872,0,913201,3AS,SAN IGNACIO EDUCADOR,PAUCARPATA,AREQUIPA,1,,1,1 JER-Jornada Escolar Regular,,,,,NO,,,,,,,,NO,,,,SI,X,X,X,X,X,,SI,SI,,X,X,,,,NO,NO,,,SI,X,X,X,X,,,SI,SI,,,,,,X,,,8,NO,,,,,,,NO,,X,X,X,X,,X,X,,,SI,SI,SI,SI,SI,3,X,X,,X,X,,,,X,X,,X,SI,SI,11,NO,,,,,,,,,,,X,X,X,X,X,,,,SI,SI,20,SI,X,X,,X,,,SI,SI,SI,SI,SI,SI,SI,0,,,SI,NO,,//,SI,SI,SI,SI,SI,NO,,,,,,,,,X,X,X,,X,X,X,X,X,,X,,X,,,26,,SI,NO,,,,,,,,,,,,,NO,,,,,,,SI,,X,,,,F0,B4,1,040112,040002
1371640,0,581225,3AS,CORONEL LEONCIO PRADO,MAJES,EL PEDREGAL,1,,1,1 JER-Jornada Escolar Regular,,,,,NO,,,,,,,,SI,NO,2,,NO,,,,,,X,NO,NO,,,,,,,NO,SI,1,,NO,,,,,,,NO,NO,,,,,,X,,,9,NO,,,,,,,NO,,,,,,,,,,,NO,,,SI,NO,,X,,,X,,,,,,,,X,NO,NO,,NO,,X,,,,,,,,,,,,,,,X,,NO,SI,3,NO,X,,,,,,SI,SI,NO,SI,NO,,SI,2,,,NO,NO,,//,NO,NO,,NO,NO,NO,,,,,,,,,,X,,,,,X,,,X,,,,,,,,NO,,NO,,,,,,,,,,,,NO,,,,,,,NO,,,,,,F0,B4,1,040520,040010
1694116,0,777604,3AS,J.N. ANDREWS - VILLA ESPERANZA,LA JOYA,SAN JOSE,1,,1,1 JER-Jornada Escolar Regular,,,,,NO,,,,,,,,SI,SI,,,SI,,,,,,X,SI,SI,,X,,,,,SI,NO,,,SI,X,,X,,,,SI,NO,,,X,,,,X,SEGÚN ESPECIALIZACIÓN Y EXPERECIENCIA,8,SI,X,,,X,,,SI,15,X,X,X,,,,,,,SI,SI,NO,SI,SI,6,X,X,X,X,,X,,,X,,,X,SI,SI,14,SI,1,,,X,,,,,,,X,X,,X,X,,,,SI,SI,30,SI,X,X,X,,,,SI,SI,SI,SI,SI,SI,SI,0,,,SI,NO,,//,SI,SI,SI,SI,SI,SI,,,,,X,X,,,X,,X,X,X,X,,X,X,,X,X,X,,,027,,NO,,SI,,,,,X,X,,,,X,,NO,,,,,,,NO,,,,,,F0,B4,1,040108,040010
3051109,0,914347,3AS,EL PACIFICADOR LINUS PAULING,CERRO COLORADO,AREQUIPA,1,,1,1 JER-Jornada Escolar Regular,,,,,NO,,,,,,,,NO,,,,SI,,,,,,X,SI,SI,,,X,,,,SI,NO,,,SI,X,,,,,,SI,SI,,,X,X,,,,,6,SI,,X,,,,,NO,,X,X,X,,,,X,,,SI,SI,NO,NO,,,,,X,,,,,,X,,,,SI,SI,4,NO,,,,,,,,,,,X,X,,,,,,,NO,SI,2,SI,X,X,,,,,SI,SI,SI,NO,SI,NO,NO,,4,,SI,NO,,//,SI,SI,NO,SI,SI,NO,,,,,,,,,,X,X,,X,,,,,,,,X,,,,,,,,,,,,,,,,,,,NO,,,,,,,SI,X,,,,,F0,B4,1,040104,040001
1463694,0,913220,3AS,GRAN PADRE AMADO,PAUCARPATA,NICARAGUA,1,,1,1 JER-Jornada Escolar Regular,,,,,NO,,,,,,,,SI,SI,,,SI,X,,,,,,SI,SI,X,X,X,,,,SI,NO,,,NO,,,,,,,SI,SI,,,,,,X,,,8,NO,,,,,,,NO,,X,X,X,X,,,X,,,SI,SI,SI,SI,SI,3,X,X,X,,,,,,X,,X,X,SI,NO,,NO,,,,,,,,,,,,X,X,X,X,X,,ORIENTACION VOCACIONAL,SI,SI,10,SI,,X,X,X,,,SI,SI,SI,NO,SI,SI,SI,0,,,SI,NO,,//,SI,SI,SI,SI,SI,SI,,,,,X,X,,,X,X,X,X,X,X,X,X,,,X,,,,,,101,SI,NO,NO,,,,,,,,,,,,NO,,,,,,,NO,,,,,,F0,B4,1,040112,040002
1333400,0,574164,3AS,ALEXANDER FLEMING,MAJES,EL PEDREGAL,1,,1,1 JER-Jornada Escolar Regular,,,,,NO,,,,,,,,SI,SI,,,SI,X,,,,,,SI,SI,,,X,,,,SI,NO,,,SI,X,,,,,,SI,SI,X,,,,,,,,9,NO,,,,,,,NO,,X,,X,X,,,X,,,SI,SI,SI,NO,,,,,,,,X,,,X,,,,SI,SI,1,SI,1,,,,,,X,,,,,X,,,,,,,SI,NO,,NO,,,,X,,,SI,SI,SI,NO,SI,SI,SI,0,,,SI,NO,,//,SI,SI,NO,SI,SI,NO,,,,,,,,,X,,,,X,,,,,,X,,,,,50,50,SI,SI,NO,,,,,,,,,,,,NO,,,,,,,NO,,,,,,F0,B4,1,040520,040010
1751437,0,635898,3AS,DIVINO MAESTRO DE CHAPARRA,CHAPARRA,CHAPARRA,1,,1,1 JER-Jornada Escolar Regular,,,,,NO,,,,,,,,SI,SI,,,SI,,,,,,X,SI,SI,,X,,,,,SI,NO,,,SI,X,,X,,,,SI,NO,,,X,,X,,,,8,SI,X,,,X,,,NO,,X,X,X,,,,,,,SI,SI,NO,SI,NO,,X,X,X,X,,X,,,X,,,X,SI,SI,4,SI,1,,,X,,,,,,,X,X,,X,X,,,,SI,SI,4,SI,X,X,X,,,,SI,SI,SI,SI,SI,SI,SI,0,,,SI,NO,,//,SI,SI,SI,SI,SI,SI,,,,,X,X,,,X,,X,X,X,X,,X,,,X,X,X,,,28,,NO,,SI,,,,,X,X,,,,X,,NO,,,,,,,NO,,,,,,F0,B4,2,040308,040004
1334689,0,581386,3AS,GABRIELA MISTRAL,AREQUIPA,AREQUIPA,2,,2,2 JEC-Jornada Escolar Completa,,,,,NO,,,,,,,,SI,SI,,,SI,X,,,,,,SI,SI,,X,X,,,,NO,NO,,,NO,,,,,,,SI,NO,X,,X,,X,X,,,8,NO,,,,,,,NO,,X,X,X,,X,X,X,,,SI,SI,SI,SI,NO,,,X,X,,,,,,X,X,X,,NO,SI,5,NO,,,,,,,,,,,X,X,X,X,X,,,,SI,SI,5,SI,X,X,,X,,,SI,SI,SI,SI,SI,SI,SI,0,,,SI,NO,,//,NO,SI,NO,SI,SI,NO,,,,,,,,,X,,X,X,,X,X,X,,,X,,,,,018-2025,015-2025,SI,NO,NO,,,,,,,,,,,,NO,,,,,,,NO,,,,,,F0,B4,1,040101,040001
1119247,0,554316,3AS,SANTA MARIA NEW SCHOOL,CAMANA,CAMANA,1,,1,1 JER-Jornada Escolar Regular,,,,,NO,,,,,,,,NO,,,,SI,,,,,,X,SI,NO,,,,,,,,NO,,,NO,,,,,,,SI,NO,,,X,,,,,,3,SI,X,,,,,,NO,,,,,,,,,,,NO,,,,,,X,,,,,,,,,X,,,SI,NO,,NO,,,,,,,,,,,X,X,,,,,,,SI,SI,2,SI,X,,,,,,SI,SI,SI,NO,SI,SI,SI,0,,,SI,NO,,//,NO,NO,,SI,SI,NO,,,,,,,,,X,,,,X,,,,,,,,X,,,,,,,,,,,,,,,,,,,NO,,,,,,,NO,,,,,,F0,B4,1,040201,040003
1032226,0,060640,3AS,JACOBO DICKSON HUNTER,JACOBO HUNTER,AREQUIPA,1,,1,1 JER-Jornada Escolar Regular,,,,,NO,,,,,,,,SI,SI,,,SI,,,,,X,,SI,SI,X,X,X,,,,SI,SI,1,,NO,,,,,,,SI,SI,X,,,,,X,,,8,SI,X,X,,,,,NO,,X,X,X,X,X,X,X,,,SI,SI,SI,SI,SI,3,X,X,,,,X,,,X,X,X,X,NO,NO,,SI,3,,X,X,,X,X,X,,,X,X,,,,,,,SI,SI,15,SI,X,,,,,,SI,SI,SI,NO,SI,SI,SI,0,,,SI,NO,,//,NO,SI,SI,SI,SI,NO,,,,,,,,,,X,,X,X,,,X,X,,,,,,,,,,,,,,,,,,,,,,,NO,,,,,,,NO,,,,,,F0,B4,1,040107,040002
0695213,0,526045,3AS,STANFORD,AREQUIPA,AREQUIPA,1,,1,1 JER-Jornada Escolar Regular,,,,,NO,,,,,,,,SI,SI,,,SI,,,,,,X,SI,SI,,,X,,,,NO,NO,,,SI,X,X,,,,,SI,SI,X,,,X,,,,,2,NO,,,,,,,NO,,X,X,,,,,,,,SI,SI,SI,SI,SI,3,X,X,,,,,,,X,X,,,SI,SI,5,NO,,,,,,,,,,,X,X,,,,,,,SI,SI,21,SI,X,X,,,,,SI,SI,SI,SI,SI,SI,SI,0,,,SI,SI,1,11/12/2024,NO,SI,NO,SI,SI,NO,,,,,,,,,X,,,,X,,X,,X,,X,,,,,031,026,SI,SI,,,,,,,,,,,,,NO,,,,,,,NO,,,,,,F0,B4,1,040101,040001
0899302,0,061140,3AS,JESUS,LA JOYA,LA JOYA,1,,1,1 JER-Jornada Escolar Regular,,,,,NO,,,,,,,,SI,NO,1,,SI,X,,,,X,,SI,SI,X,X,X,X,X,RETIROS ESPIRITUALES,SI,NO,,,SI,X,,X,,,,SI,SI,,,X,,X,X,,,8,NO,,,,,,,SI,6,X,X,X,X,X,X,X,,,SI,SI,SI,SI,SI,3,X,X,X,X,X,,,,X,X,X,X,SI,SI,5,SI,4,,X,X,X,X,X,X,,,X,X,X,X,X,,,,SI,SI,25,SI,X,X,,X,,,SI,SI,SI,SI,SI,SI,SI,0,,,SI,NO,,//,SI,SI,SI,SI,SI,SI,X,X,,,,,,,X,X,X,X,X,X,X,X,X,X,X,X,X,,,53,110,SI,SI,SI,,,X,,X,X,,,,,X,SI,,X,X,X,,,SI,X,,X,,,F0,B2,1,040108,040010
1622778,0,630396,3AS,JOHN FORBES,CERRO COLORADO,,1,,1,1 JER-Jornada Escolar Regular,,,,,NO,,,,,,,,SI,SI,,,SI,,,X,,,,SI,SI,,X,X,,,,SI,NO,,,SI,X,,X,,,,SI,SI,X,,,,,,,,4,NO,,,,,,,NO,,X,X,X,,,X,,,,SI,SI,SI,NO,,,,,X,,,X,,,X,,X,X,NO,SI,10,SI,2,,X,,,,X,,,,,,X,,X,,,,SI,SI,20,SI,X,X,,X,,,SI,SI,SI,SI,SI,SI,SI,0,,,SI,NO,,//,SI,SI,SI,SI,SI,NO,,,,,,,,,X,,X,,X,,X,,,X,,,,,,,,,,,,,,,,,,,,,,NO,,,,,,,SI,X,,,,,F0,B4,1,040104,040001
0310185,0,062842,3AS,JESÚS NAZARENO,PAUCARPATA,PUEBLO TRADICIONAL,1,,1,1 JER-Jornada Escolar Regular,,,,,SI,SI,,,,X,,,SI,SI,,,SI,,,,,,X,SI,SI,,X,,,,,NO,NO,,,SI,X,X,X,X,,,SI,SI,,,X,,,X,X,SEGÚN NORMATIVIDAD,8,NO,,,,,,,,,X,X,X,X,X,X,,,,SI,SI,SI,SI,SI,3,X,X,,X,X,X,,,X,X,X,X,SI,SI,5,SI,3,,X,,,X,X,,,,X,X,,X,X,,,,SI,SI,20,SI,,,,X,,,SI,SI,SI,SI,SI,SI,SI,0,,,SI,NO,,//,NO,SI,SI,SI,SI,SI,X,X,,,,,,,X,,,,X,X,X,,X,X,X,,X,,,118-2025,,SI,NO,,,,,,,,,,,,,SI,,,X,,,,NO,,,,,,F0,A4,1,040112,040002
1801919,0,844161,3AS,SANTISIMA VIRGEN DE CHAPI,SOCABAYA,SOCABAYA,1,,1,1 JER-Jornada Escolar Regular,,,,,NO,,,,,,,,SI,SI,,,SI,,,,,,X,SI,SI,,,X,,,,SI,NO,,,SI,X,,,X,,,SI,SI,X,,,,,,,,6,NO,,,,,,,SI,5,X,X,X,X,X,X,X,,,SI,SI,SI,SI,NO,,X,X,X,X,X,X,,,X,X,X,X,NO,SI,4,SI,2,X,,,,,,,,,X,X,,X,X,,,,SI,NO,,SI,,X,,,,,SI,SI,SI,SI,SI,SI,SI,0,,,SI,NO,,//,NO,SI,SI,SI,SI,NO,,,,,,,,,X,,X,,X,,X,,X,X,X,X,X,,,0014,0,SI,SI,SI,,,,,,X,,,,X,,NO,,,,,,,NO,,,,,,F0,B4,1,040122,040002
0891994,0,066637,3AS,MENDEL CAMANA,CAMANÁ,CAMANÁ,1,,1,1 JER-Jornada Escolar Regular,,,,,NO,,,,,,,,SI,SI,,,SI,,,,,,X,SI,SI,,X,X,,,,SI,NO,,,SI,,,X,X,,,SI,SI,X,,,,,X,,,3,NO,,,,,,,SI,5,,,X,,,,,,,SI,SI,SI,SI,SI,3,X,X,,X,,X,,,X,X,X,X,SI,SI,5,NO,,,,,,,,,,,,X,,X,X,,,,SI,SI,55,SI,X,,X,X,,,SI,SI,SI,SI,SI,SI,SI,1,,,SI,NO,,//,SI,SI,SI,SI,SI,SI,,,,,,,X,X,X,X,X,X,X,X,X,X,,X,X,,,,,RD 038,,SI,SI,NO,,,,,,,,,,,,NO,,,,,,,NO,,,,,,F0,B4,1,040201,040003
1525245,0,514561,3AS,ITALO PERUANO ALESSANDRO VOLTA,CHARACATO,CHARACATO,2,,2,2 JEC-Jornada Escolar Completa,,,,,NO,,,,,,,,SI,SI,,,SI,X,,,,,,SI,SI,X,X,X,,,,SI,NO,,,SI,X,,X,,,,SI,SI,X,,,,,,,,7,SI,,X,,X,,,NO,,X,,X,X,X,X,X,,,SI,SI,SI,SI,SI,2,X,X,X,X,,,,,X,X,X,X,SI,SI,5,SI,2,X,X,X,X,,,,,,X,X,,X,,,,,SI,NO,,SI,X,X,X,,,,SI,SI,SI,SI,SI,SI,SI,0,,,SI,NO,,//,SI,SI,SI,SI,SI,NO,,,,,,,,,X,X,X,,X,X,X,,,,X,,X,,,N0031,,SI,SI,,,,,,,,,,,,,NO,,,,,,,NO,,,,,,F0,B4,1,040105,040002
1278571,0,546680,3AS,THOMAS M.C.,YURA,CIUDAD DE DIOS,1,,1,1 JER-Jornada Escolar Regular,,,,,NO,,,,,,,,SI,SI,,,SI,X,X,,,,,SI,SI,,,X,,,,NO,NO,,,SI,X,X,,,,,SI,SI,,,,,,X,,,3,SI,,,,,X,PRIVADO,SI,2,X,X,,,,,,,,SI,SI,SI,SI,NO,,X,X,,,,,,,X,X,,,SI,SI,10,SI,3,X,X,X,,,,,,,,X,,,,,,,SI,NO,,SI,X,,,,,,SI,SI,SI,SI,SI,SI,SI,0,,,SI,NO,,//,SI,SI,SI,SI,SI,SI,,,X,X,,,,,X,X,,,X,X,,,,,X,,,,,008-2025,,SI,SI,NO,,,,,,,,,,,,NO,,,,,,,NO,,,,,,F0,B4,1,040128,040001
1761675,0,787288,3AS,EUROAMERICANO DIVINO NIÑO JESUS,CERRO COLORADO,MARISCAL CASTILLA,2,,2,2 JEC-Jornada Escolar Completa,,,,,SI,NO,,,,,,,,SI,,,SI,,,,,,X,SI,,,,,,,,,NO,,,SI,X,X,,,,,SI,NO,X,,X,,,,,,8,SI,,,,X,,,NO,,X,X,X,X,X,X,X,,,SI,SI,SI,SI,SI,3,X,X,,,X,,,,X,,X,X,SI,NO,,NO,,,,,,,,,,,X,X,X,,X,,,,SI,NO,,SI,X,X,,X,,,SI,SI,SI,NO,SI,SI,SI,0,,,SI,NO,,//,SI,SI,NO,SI,SI,SI,,,,,X,,,X,X,,X,,X,,,X,,,X,,X,,,031-2025,18-2025,SI,SI,,,,,,,,,,,,,NO,,,,,,,NO,,,,,,F0,B4,1,040104,040001
1780865,0,998752,3AS,BALMER JUVENTUS,CERRO COLORADO,CERRO COLORADO,1,,1,1 JER-Jornada Escolar Regular,,,,,SI,SI,X,X,,,,,NO,,,,SI,,,,,,X,SI,SI,X,,X,,X,ESCUELA DE PADRES,NO,NO,,,SI,X,,,,,,SI,SI,X,,X,,,X,,,8,NO,,,,,,,NO,,X,X,X,,X,X,,,,SI,SI,SI,SI,NO,,X,X,X,X,,X,,,X,X,X,,SI,SI,5,NO,,,,,,,,,,,X,X,,X,X,,,,SI,SI,6,SI,X,X,,,,,SI,SI,SI,SI,SI,SI,SI,0,,,SI,SI,1,5/5/2024,SI,SI,SI,SI,SI,SI,,,,,,,X,X,X,,X,X,,X,,X,X,X,,,X,,,,,,,,,,,,,,,,,,,SI,,X,X,,,,SI,X,X,,,,F0,B4,1,040104,040001
1470582,0,540169,3AS,VIRGEN DEL CARMEN MILAGROSA,AREQUIPA,AREQUIPA,1,,1,1 JER-Jornada Escolar Regular,,,,,NO,,,,,,,,SI,SI,,,SI,,,,,,X,SI,SI,,X,,,,,SI,NO,,,NO,,,,,,,SI,NO,,,,,,X,,,8,SI,X,,,X,,,SI,5,X,X,X,X,X,X,,,,SI,SI,NO,SI,NO,,,X,,,,X,,,X,,,,NO,SI,4,NO,,,,,,,,,,,X,,,,,,,,SI,SI,4,SI,X,,,,,,SI,SI,SI,SI,SI,NO,SI,0,,,SI,NO,,//,SI,SI,SI,SI,SI,NO,,,,,,,,,X,,,,,,,X,,,,,X,,,,,,,,,,,,,,,,,,,NO,,,,,,,NO,,,,,,F0,B4,1,040101,040001
1338763,0,862150,3AS,BENJAMIN FRANKLIN,SACHACA,PAMPAS DE CAMARONES,1,,1,1 JER-Jornada Escolar Regular,,,,,NO,,,,,,,,SI,SI,,,SI,X,,,,,,SI,SI,X,X,X,,,,SI,NO,,,SI,,,,,X,VACUNAS,SI,SI,X,,,,,,,,8,SI,,,,X,,,NO,,X,X,X,,,,,,,SI,SI,SI,SI,NO,,,,X,X,,,,,X,,,,SI,SI,5,NO,,,,,,,,,,,,,,,X,,,,SI,NO,,SI,,X,,,,,SI,SI,SI,NO,SI,SI,SI,0,,,SI,NO,,//,NO,SI,NO,SI,SI,SI,X,X,,,,,,,X,,,,X,,,,,,X,,,,,,0125,SI,NO,NO,,,,,,,,,,,,NO,,,,,,,SI,,,X,,,F0,B4,1,040117,040001
1761188,0,833898,3AS,SAN MATEO ANGLICAN SCHOOL SEDE ALTO LIBERTAD,CERRO COLORADO,,2,,2,2 JEC-Jornada Escolar Completa,,,,,NO,,,,,,,,SI,SI,2,,NO,,,,,,X,SI,SI,X,,,,,,NO,NO,,,SI,,,X,,,,NO,SI,X,,,,,,,,6,NO,,,,,,,NO,,X,,,,,,,,,NO,,,,,,X,,,,,,,,X,,,,SI,NO,,NO,,,,,,,,,,,X,,X,,,,,,SI,SI,3,NO,,,X,,,,SI,SI,SI,SI,SI,SI,SI,0,,,SI,SI,6,26/9/2024,NO,NO,,NO,SI,SI,,,,,X,X,,,X,,,,X,,,,X,,,,,,,,,,,,,,,,,,,,,,,NO,,,,,,,NO,,,,,,F0,B4,1,040104,040001
1658194,0,060876,3AS,40093 NIVEL SECUNDARIO,LA JOYA,LA CANO,1,,1,1 JER-Jornada Escolar Regular,,SI,,,NO,,,,,,,,SI,SI,,,SI,X,,,,X,,SI,SI,X,,X,X,,,SI,NO,,,SI,X,,X,,,,NO,SI,,,,,X,X,,,9,SI,X,,,X,,,,,X,X,X,X,X,X,X,,,SI,SI,SI,SI,SI,2,X,X,,X,,X,,,X,X,X,X,SI,SI,9,SI,3,X,,X,X,,,,,,X,X,,X,,,,,SI,SI,3,SI,X,,,X,,,SI,SI,SI,SI,SI,SI,SI,0,,,SI,SI,11,30/10/2024,SI,SI,SI,SI,SI,SI,X,X,,,,,,,X,,X,X,X,,X,,X,X,X,,X,,,012,,SI,SI,,,,,,,,,,,,,SI,X,,,X,,,SI,X,X,,,,F0,A1,2,040108,040010
0892091,0,067934,3AS,SIMON BOLIVAR,CHÁPARRA,CHÁPARRA,2,,2,2 JEC-Jornada Escolar Completa,,,,,NO,,,,,,,,SI,SI,,,SI,X,,,,,,SI,SI,,X,,,,,SI,NO,,,SI,X,,X,,,,SI,SI,,,X,,X,,,,9,SI,X,,,,,,,,X,X,X,X,X,X,X,X,REPRESENTANTE ADMINISTRATIVO,SI,SI,SI,SI,SI,2,X,X,,X,,X,,,X,,X,,SI,SI,10,SI,3,,X,X,,X,X,,,,,,X,,X,,,,SI,NO,,SI,X,,,X,,,SI,SI,SI,SI,SI,SI,SI,1,,,SI,NO,,//,SI,SI,SI,SI,SI,SI,,,X,X,,,,,X,,X,,X,,X,,X,X,X,X,X,,,RD 007,,SI,NO,SI,,X,,,,,,,,,X,SI,X,,,,,,SI,,X,,,,F0,A1,2,040308,040004
1799782,0,060386,3AS,40675 GRAL. VELAZCO ALVARADO,CHIGUATA,LOS PORTALES,1,,1,1 JER-Jornada Escolar Regular,,,,,NO,,,,,,,,SI,SI,,,SI,X,X,,,X,,SI,SI,X,X,X,,,,SI,NO,,,SI,X,X,X,X,,,SI,SI,,,,,,X,,,8,SI,X,X,X,X,,,,,X,X,X,X,X,X,X,,,SI,SI,SI,SI,SI,5,X,X,X,X,X,X,,,X,X,X,X,SI,SI,2,SI,2,X,X,X,X,X,X,X,,,X,X,X,X,X,,,,SI,SI,5,SI,X,X,X,X,,,SI,SI,SI,SI,SI,SI,SI,0,,,SI,NO,,//,SI,SI,SI,SI,SI,SI,,,X,X,,,,,X,X,X,X,X,X,,X,X,X,X,X,X,,,011,03,SI,SI,NO,X,X,X,,,,,,,,X,SI,X,X,,X,,,SI,X,,,,,F0,A1,1,040106,040002
1443795,0,547566,3AS,CEDEU ALFRED BINET,AREQUIPA,AREQUIPA,1,,1,1 JER-Jornada Escolar Regular,,,,,NO,,,,,,,,SI,SI,,,SI,,,,,,X,SI,SI,X,X,,,,,NO,NO,,,SI,X,,X,,,,SI,SI,,,,,,X,,,6,SI,,X,,X,,,NO,,X,X,,,,,,,,SI,SI,SI,NO,,,X,X,,,X,X,,,X,,X,,SI,SI,1,NO,,,,,,,,,,,,X,,,X,,,,SI,NO,,SI,X,,X,,,,SI,SI,SI,NO,SI,NO,SI,0,,,SI,NO,,//,SI,SI,NO,SI,SI,NO,,,,,,,,,X,,X,,X,,X,,,X,,,X,,,,,,,,,,,,,,,,,,,NO,,,,,,,SI,X,,X,,,F0,B4,1,040101,040001
1731785,0,809469,3AS,VILLARREAL,SOCABAYA,SOCABAYA,1,,1,1 JER-Jornada Escolar Regular,,,,,NO,,,,,,,,SI,SI,,,SI,X,,,,,,SI,SI,X,X,X,,,,SI,NO,,,SI,,,,,X,VACUNAS,SI,SI,X,,,,,,,,8,SI,,,,X,,,NO,,X,X,X,,,,,,,SI,SI,SI,SI,NO,,,,X,X,,,,,X,,,,SI,SI,5,NO,,,,,,,,,,,,,,,X,,,,SI,NO,,SI,,X,,,,,SI,SI,SI,NO,SI,SI,SI,0,,,SI,NO,,//,NO,SI,NO,SI,SI,SI,X,X,,,,,,,X,,,,X,,,,,,X,,,,,,0125,SI,NO,NO,,,,,,,,,,,,NO,,,,,,,SI,,,X,,,F0,B4,1,040122,040002
1279652,0,548127,3AS,SAN MATEO ANGLICAN SCHOOL SEDE ZAMACOLA,CERRO COLORADO,,2,,2,2 JEC-Jornada Escolar Completa,,,,,NO,,,,,,,,SI,SI,2,,NO,,,,,,X,SI,SI,X,,,,,,NO,NO,,,SI,,,X,,,,NO,SI,X,,,,,,,,6,NO,,,,,,,NO,,X,,,,,,,,,NO,,,,,,X,,,,,,,,X,,,,SI,NO,,NO,,,,,,,,,,,X,,X,,,,,,SI,SI,3,NO,,,X,,,,SI,SI,SI,SI,SI,SI,SI,0,,,SI,SI,6,26/9/2024,NO,NO,,NO,SI,SI,,,,,X,X,,,X,,,,X,,,,X,,,,,,,,,,,,,,,,,,,,,,,NO,,,,,,,NO,,,,,,F0,B4,1,040104,040001
1642867,0,575173,3AS,SEÑOR DE LA CAÑA,CERRO COLORADO,AREQUIPA,1,,1,1 JER-Jornada Escolar Regular,,,,,NO,,,,,,,,NO,,,,SI,,,,,,X,SI,SI,,,,X,,,NO,NO,,,NO,,,,,,,SI,NO,,,X,,,,,,6,NO,,,,,,,NO,,,,,,,,,,,NO,,,,,,X,,,,,,,,X,,,,NO,NO,,NO,,,,,,,,,,,,X,,,,,,,SI,NO,,SI,X,,,,,,SI,SI,SI,SI,SI,SI,SI,0,,,SI,SI,4,14/12/2024,NO,NO,,NO,SI,NO,,,,,,,,,,,,X,X,,,,,,,,,X,ACTIVIDADES DEPORTIVAS Y ARTISITICAS,,,,,,,,,,,,,,,,,NO,,,,,,,NO,,,,,,F0,B4,1,040104,040001
1435528,0,638793,3AS,GRUPO AMERICAN SCHOOLS,CERRO COLORADO,AREQUIPA,1,,1,1 JER-Jornada Escolar Regular,,,,,NO,,,,,,,,SI,SI,,,SI,X,X,,,,,SI,SI,,,X,,,,SI,SI,1,1,SI,X,X,,,,,SI,SI,X,,,,X,,,,3,NO,,,,,,,SI,1,,,,,,,,,,NO,,,,,,X,X,,X,X,,,,X,,,X,SI,SI,5,NO,,,,,,,,,,,,X,,X,,,,,SI,SI,6,SI,X,,,,,,SI,SI,SI,SI,NO,,NO,,4,,SI,NO,,//,NO,SI,NO,SI,SI,SI,,,,,X,X,,,,X,,,,X,X,,,,X,,,,,0025 - 2025,0015-2025,SI,NO,NO,,,,,,,,,,,,NO,,,,,,,NO,,,,,,F0,B4,1,040101,040001
1662949,0,506429,3AS,SAN MARCOS - AREQUIPA,CERRO COLORADO,PERUARBO,1,,1,1 JER-Jornada Escolar Regular,,,,,NO,,,,,,,,NO,,,,SI,X,,,,,,SI,NO,,,,,,,,NO,,,SI,,,,,X,VACUNAS,SI,SI,X,,,,X,,,,8,NO,,,,,,,NO,,X,X,X,,,,,,,SI,SI,SI,NO,,,X,X,,,,,,,X,,,,SI,SI,3,SI,6,X,X,,,,,,,,X,X,,,,,,,SI,SI,5,SI,X,X,,,,,SI,SI,SI,SI,SI,SI,SI,0,,,SI,NO,,//,SI,SI,SI,SI,SI,NO,,,,,,,,,X,,X,,X,,X,,X,,,,,,,,,,,,,,,,,,,,,,,SI,X,,,,,,SI,X,,,,,F0,B4,1,040104,040001
1800838,0,713674,3AS,I.E.P SAN FRANCISCO DE CIUDAD DE DIOS,YURA,AREQUIPA,1,,1,1 JER-Jornada Escolar Regular,,,,,NO,,,,,,,,SI,SI,,,SI,X,X,,,,,SI,SI,X,X,X,X,,,SI,SI,2,,SI,X,X,X,X,,,SI,SI,X,,,X,,X,,,8,SI,X,X,X,,,,SI,2,X,X,X,,,,,,,SI,SI,SI,SI,SI,4,X,X,X,X,X,X,,,X,X,X,X,SI,SI,2,NO,,,,,,,,,,,X,,X,,X,,,,SI,SI,2,SI,X,X,,,,,SI,SI,SI,SI,SI,SI,SI,0,,,SI,NO,,//,SI,SI,SI,SI,SI,SI,X,X,,,,,,,X,X,,,X,,X,,X,,,,,,,,,,,,,,,,,,,,,,,SI,X,,,,,,SI,X,,,,,F0,B4,1,040128,040001
3020617,0,905531,3AS,SAN PABLO DE AREQUIPA,AREQUIPA,CERCADO,1,,1,1 JER-Jornada Escolar Regular,,,,,NO,,,,,,,,SI,SI,,,SI,,,,,,X,SI,SI,,,X,,,,SI,NO,,,SI,X,,,X,,,SI,SI,X,,,,,,,,6,NO,,,,,,,SI,5,X,X,X,X,X,X,X,,,SI,SI,SI,SI,NO,,X,X,X,X,X,X,,,X,X,X,X,NO,SI,4,SI,2,X,,,,,,,,,X,X,,X,X,,,,SI,NO,,SI,,X,,,,,SI,SI,SI,SI,SI,SI,SI,0,,,SI,NO,,//,NO,SI,SI,SI,SI,NO,,,,,,,,,X,,X,,X,,X,,X,X,X,X,X,,,0014,0,SI,SI,SI,,,,,,X,,,,X,,NO,,,,,,,NO,,,,,,F0,B4,1,040101,040001
1391929,0,548071,3AS,IBEROAMERICANO,CERRO COLORADO,SEMI RURAL PACHACUTEC,1,,1,1 JER-Jornada Escolar Regular,,,,,NO,,,,,,,,SI,SI,,,SI,,,,,,X,SI,SI,,,X,,,,SI,NO,,,SI,,,X,,,,NO,NO,,,X,,,,,,8,NO,,,,,,,NO,,,,X,,,,,,,NO,,,,,,,X,,,X,,,,,,X,,SI,NO,,NO,,,,,,,,,,,,X,,,,,,,SI,SI,4,SI,,X,,,,,SI,SI,SI,NO,SI,SI,SI,1,,,SI,NO,,//,SI,SI,SI,SI,SI,NO,,,,,,,,,X,,,,X,,,,X,,,,,,,,,,,,,,,,,,,,,,,NO,,,,,,,NO,,,,,,F0,B4,1,040104,040001
1431865,0,278818,3AS,BALMER,CERRO COLORADO,AREQUIPA,2,,2,2 JEC-Jornada Escolar Completa,,,,,NO,,,,,,,,NO,,,,NO,X,,,,,,SI,SI,,,X,,,,NO,SI,1,0,NO,,,,,,,SI,NO,X,,,,,X,,,6,SI,,X,,,,,NO,,,,,,,,,,,NO,,,,,,X,,,,,,,,X,,,,SI,SI,1,SI,2,,X,,,,,X,,,,X,,,,,,,SI,SI,2,SI,,X,,,,,SI,SI,SI,SI,SI,SI,SI,1,,,SI,SI,1,15/12/2024,NO,SI,SI,SI,SI,NO,,,,,,,,,X,,,,X,,,,,,X,,,,,0010-2025,0010-2025,NO,,NO,,,,,,,,,,,,NO,,,,,,,NO,,,,,,F0,B4,1,040104,040001
1720101,0,527709,3AS,SAN ESTEBAN,CERRO COLORADO,AREQUIPA,1,,1,1 JER-Jornada Escolar Regular,,,,,NO,,,,,,,,SI,SI,,,SI,,,,,,X,SI,SI,,X,X,,,,NO,NO,,,SI,X,X,,,,,SI,NO,X,X,,,,,,,2,NO,,,,,,,NO,,X,,X,,,,X,,,SI,SI,NO,SI,NO,,X,X,X,X,,,,,X,X,X,,SI,SI,2,SI,1,,,,,,,,X,NINGUNO,X,X,X,X,X,,,,SI,SI,20,SI,X,X,,,,,SI,SI,SI,NO,SI,SI,SI,0,,,SI,NO,,//,SI,SI,SI,SI,SI,SI,,,,,,,X,X,X,X,X,X,X,X,X,X,,,,X,,,,,,,,SI,,,,,,X,,,,,X,NO,,,,,,,NO,,,,,,F0,B4,1,040104,040001
3050341,0,780418,3AS,JESUS MAESTRO I,CERRO COLORADO,VILLA SANTA MARIA,1,,1,1 JER-Jornada Escolar Regular,,,,,NO,,,,,,,,NO,,,,SI,,,,,,X,SI,NO,,,,,,,,NO,,,NO,,,,,,,SI,NO,,,,,,X,,,8,SI,,X,X,,,,NO,,X,X,X,X,X,X,X,,,NO,,,NO,NO,,,X,X,,,,,,X,X,,,NO,SI,5,NO,,,,,,,,,,,,X,X,,,,,,SI,SI,10,NO,,,,X,,,NO,,,,SI,NO,NO,,5,NO SE HA REPORTADO ALGUN CASO,SI,NO,,//,NO,SI,NO,SI,NO,SI,X,X,,,,,,,,,,X,,,,X,,,X,,,,,9,6,NO,,NO,,,,,,,,,,,,NO,,,,,,,NO,,,,,,F0,B4,1,040104,040001
1338680,0,066213,3AS,STELLA MARIS,JOSE LUIS BUSTAMANTE Y RIVERO,ADEPA,1,,1,1 JER-Jornada Escolar Regular,,,,,NO,,,,,,,,SI,SI,,,SI,X,,,,X,,SI,SI,,X,X,,,,NO,NO,,,SI,X,,X,,,,SI,SI,,,,,,X,,,8,NO,,,,,,,SI,1,X,X,X,,,X,X,,,SI,SI,SI,SI,SI,5,X,X,X,,,X,,,X,,X,X,SI,SI,5,SI,1,,,,,,X,,,,X,X,X,X,X,,,,SI,SI,4,SI,X,,,X,,,SI,SI,SI,SI,SI,SI,SI,0,,,SI,NO,,//,SI,SI,SI,SI,SI,SI,,,,,X,X,,,X,X,X,X,X,X,X,X,,,X,,X,,,010,007 - 2025,SI,SI,,,,,,,,,,,,,SI,,X,X,X,,,SI,X,,,,,F0,B4,1,040129,040002
3050168,0,914069,3AS,MATER DEI SCHOOL,CHARACATO,AREQUIPA,2,,2,2 JEC-Jornada Escolar Completa,,,,,NO,,,,,,,,SI,SI,,,SI,,,,,,X,SI,SI,X,,,,,,SI,NO,,,SI,X,,,,,,SI,SI,X,,,,,,,,6,SI,X,,,,,,NO,,X,X,X,X,X,X,X,,,SI,SI,SI,SI,NO,,,,,,,X,,,X,,,,SI,SI,2,NO,,,,,,,,,,,X,,,,,,,,SI,SI,2,SI,X,,,,,,SI,SI,SI,SI,SI,SI,SI,0,,,SI,NO,,//,NO,SI,SI,SI,SI,NO,,,,,,,,,X,,,,X,,,,X,,,,,,,,,,,,,,,,,,,,,,,SI,X,,,,,,SI,X,,,,,F0,B4,1,040105,040002
1339514,0,550889,3AS,PADRE MARTIN,JACOBO HUNTER,JACOBO HUNTER,1,,1,1 JER-Jornada Escolar Regular,,,,,NO,,,,,,,,NO,,,,SI,,,,,,X,SI,SI,X,X,,X,,,SI,NO,,,SI,X,,X,,,,SI,SI,,,,,,X,,,6,SI,,X,X,,,,SI,1,X,X,X,X,X,,,,,SI,SI,SI,SI,SI,2,,X,X,,,,,,,X,X,X,SI,SI,6,SI,2,,X,X,X,,,,,,X,X,,,,,,,SI,SI,4,SI,,,,X,,,SI,SI,SI,SI,SI,SI,SI,0,,,SI,NO,,//,SI,SI,SI,SI,SI,SI,,,,,X,X,,,,X,X,,,X,X,,X,,X,,,,,12,,SI,SI,,,,,,,,,,,,,NO,,,,,,,NO,,,,,,F0,B4,1,040107,040002
1120484,0,802991,3AS,SAN CARLOS,JOSE LUIS BUSTAMANTE Y RIVERO,,1,,1,1 JER-Jornada Escolar Regular,,,,,NO,,,,,,,,SI,SI,,,SI,,,,,,X,SI,SI,,,X,,,,NO,NO,,,NO,,,,,,,SI,NO,,,X,,,,,,8,NO,,,,,,,SI,1,X,X,X,X,X,X,X,,,SI,SI,SI,SI,SI,4,X,X,,,,,,,X,X,X,,SI,SI,8,SI,1,,,,,,X,X,,,,X,,,,,,,NO,SI,20,SI,,X,,X,,,SI,SI,SI,NO,SI,SI,SI,0,,,SI,NO,,//,SI,SI,SI,SI,SI,SI,,,X,X,,,,,,,X,,,X,,,,,X,,X,,,218,,SI,SI,,,,,,,,,,,,,NO,,,,,,,NO,,,,,,F0,B4,1,040129,040002
1337088,0,064450,3AS,THALES DE MILETO,SOCABAYA,AREQUIPA,2,,2,2 JEC-Jornada Escolar Completa,,,,,NO,,,,,,,,SI,SI,,,SI,X,,,,,,SI,SI,X,X,X,,,,SI,NO,,,NO,,,,,,,SI,NO,,,,,,X,,,1,NO,,,,,,,NO,,X,X,X,X,X,X,X,,,SI,SI,SI,SI,SI,2,,X,,X,,X,,,X,,X,,SI,NO,,SI,2,,X,,,X,X,X,,,X,X,,,X,,,,SI,NO,,SI,X,X,,X,,,SI,SI,SI,SI,SI,SI,SI,0,,,SI,SI,2,14/11/2024,SI,SI,SI,SI,SI,SI,,,,,X,X,,,,,X,,X,,,X,,X,X,,,,,,0029-2024,SI,NO,NO,,,,,,,,,,,,NO,,,,,,,NO,X,,,,,F0,B4,1,040122,040002
1663871,0,589721,3AS,ALEJANDRO BULLON PAUCAR,SOCABAYA,AREQUIPA,1,,1,1 JER-Jornada Escolar Regular,,,,,NO,,,,,,,,NO,SI,,,SI,,,,,,X,SI,SI,,X,X,,,,SI,NO,,,NO,,,,,,,SI,NO,X,,,,,,,,3,SI,,X,X,,,,NO,,X,X,,,,,X,,,SI,SI,NO,NO,,,,,X,X,,,,,,X,,,NO,SI,5,NO,,,,,,,,,,,,,X,,,,,,NO,SI,2,SI,,X,,,,,SI,SI,SI,NO,SI,NO,NO,,4,,NO,NO,,//,NO,SI,NO,NO,SI,NO,,,,,,,,,,,,X,,,,X,,,X,,,,,1,1,SI,NO,NO,,,,,,,,,,,,NO,,,,,,,NO,,,,,,F0,B4,1,040122,040002
1253947,0,864597,3AS,LEONCIO PRADO,ALTO SELVA ALEGRE,AREQUIPA,1,,1,1 JER-Jornada Escolar Regular,,,,,NO,,,,,,,,SI,SI,,,SI,,,,,,X,SI,NO,,,,,,,,NO,,,NO,,,,,,,SI,NO,X,,,,,,,,5,NO,,,,,,,NO,,X,X,X,X,X,X,X,,,SI,SI,SI,NO,,,,,,X,X,,,,,X,,X,NO,NO,,NO,,,,,,,,,,,,,X,,X,,,,SI,NO,,NO,,,X,,,,SI,SI,SI,SI,SI,SI,SI,0,,,SI,NO,,//,NO,NO,,SI,SI,SI,X,X,,,,,,,,,,X,X,,,,,,X,,,,,,ACTA,NO,,NO,,,,,,,,,,,,NO,,,,,,,NO,,,,,,F0,B4,1,040102,040002
1667286,0,750807,3AS,SAN FERNANDO REY,SOCABAYA,SOCABAYA,2,,2,2 JEC-Jornada Escolar Completa,,,,,NO,,,,,,,,SI,SI,,,SI,X,,,,,,SI,SI,,,X,,,,SI,SI,1,,SI,X,,,,,,SI,SI,X,,,,,,,,8,SI,,X,,,,,NO,,X,X,X,X,X,X,X,,,SI,SI,SI,SI,SI,3,X,X,,,,,,,X,X,X,X,SI,SI,5,SI,2,X,X,X,,,,,,,X,X,,,,,,,SI,SI,5,SI,X,X,X,X,,,SI,SI,SI,SI,SI,SI,SI,0,,,SI,NO,,//,SI,SI,SI,SI,SI,SI,X,X,,,,,,,X,,,,X,,,,,,X,,,,,RD-053,,SI,SI,NO,,,,,,,,,,,,NO,,,,,,,NO,,,,,,F0,B4,1,040122,040002
1691625,0,062210,3AS,MERE DU CHRIST,MIRAFLORES,AREQUIPA,1,,1,1 JER-Jornada Escolar Regular,,,,,NO,,,,,,,,SI,NO,3,,SI,,,,,,X,SI,NO,,,,,,,,NO,,,NO,,,,,,,SI,NO,X,,,,,X,,,6,NO,,,,,,,SI,6,X,X,X,,,,X,,,SI,SI,NO,SI,SI,3,X,,X,X,,X,,,X,X,X,,SI,SI,5,NO,,,,,,,,,,,X,X,X,X,X,,,,SI,SI,10,SI,X,X,,X,,,SI,SI,SI,SI,SI,SI,SI,0,,,SI,SI,12,20/10/2024,NO,SI,NO,SI,SI,NO,,,,,,,,,X,,,,,X,,,,,X,,,,,09,,SI,NO,NO,,,,,,,,,,,,NO,,,,,,,NO,,,,,,F0,B4,1,040110,040002
1751320,0,825030,3AS,ILUMINADORA VIRGEN DEL CARMEN,CERRO COLORADO,AREQUIPA,1,,1,1 JER-Jornada Escolar Regular,,,,,SI,SI,,X,,X,,,SI,SI,,,SI,,,,,X,,SI,SI,,X,,,,,SI,NO,,,SI,X,,,,,,SI,SI,,,,,,X,,,8,SI,,X,,X,,,NO,,X,X,X,X,X,X,,,,SI,SI,SI,SI,NO,,,X,,,,X,,,,X,X,,NO,SI,4,SI,4,,X,X,X,,X,,,,X,X,,X,,,,,SI,SI,4,SI,X,X,,,,,SI,SI,SI,SI,SI,NO,NO,,4,,SI,NO,,//,SI,SI,SI,SI,SI,SI,,,,,X,X,,,X,,,,X,,,,,,,,X,,,,,,,,,,,,,,,,,,,NO,,,,,,,NO,,,,,,F0,B4,1,040104,040001
3039377,0,909765,3AS,HAPPY CHILDREN,ATICO,LA FLORIDA,1,,1,1 JER-Jornada Escolar Regular,,,,,NO,,,,,,,,SI,SI,,,SI,X,,,X,,,SI,SI,X,,X,,,,NO,NO,,,SI,X,,,,,,SI,SI,X,,,,,X,,,5,SI,,,X,X,,,SI,3,X,,X,,,,,,,SI,SI,SI,SI,SI,2,,X,,,,X,,,,X,,X,SI,SI,7,SI,3,,X,,,X,,,,,,,X,,X,,,,SI,SI,3,SI,X,X,,,,,SI,SI,SI,SI,SI,SI,SI,1,,,SI,SI,1,16/7/2024,SI,SI,SI,SI,SI,SI,X,X,,,X,X,,,X,,X,,X,,,X,,,,X,X,,,,,,,SI,,,X,,,,,,,X,,SI,X,X,X,,,,SI,X,X,,,,F0,B4,1,040303,040004
1634187,0,638444,3AS,GRECOS,CERRO COLORADO,GUILLERMO MERCADO,1,,1,1 JER-Jornada Escolar Regular,,,,,NO,,,,,,,,SI,SI,,,SI,,,,X,,,SI,SI,,X,X,,,,SI,NO,,,NO,,,,,,,SI,SI,X,,,,,X,,,8,SI,,,,X,,,NO,,X,X,X,,,,,,,SI,SI,NO,SI,SI,2,X,X,X,,,,,,X,X,,,NO,SI,5,NO,,,,,,,,,,,,X,,X,X,,,,SI,SI,4,SI,X,,,,,,SI,SI,SI,SI,SI,SI,SI,0,,,SI,SI,2,12/10/2024,SI,SI,SI,SI,SI,SI,,,,,X,X,,,X,,,,,,,X,,,X,,,,,,27-2025,SI,NO,SI,,,X,,,,,,,X,,NO,,,,,,,NO,,,,,,F0,B4,1,040104,040001
0895938,0,064426,3AS,SAN BENITO DE PALERMO,SOCABAYA,SAN MARTIN DE SOCABAYA,1,,1,1 JER-Jornada Escolar Regular,,,,,NO,,,,,,,,SI,SI,,,SI,,,,,,X,SI,NO,,,,,,,,NO,,,SI,X,,X,,,,SI,SI,X,,,X,X,X,,,8,NO,,,,,,,SI,5,X,X,X,X,X,X,X,,,SI,SI,SI,SI,SI,2,X,X,X,X,,X,,,X,X,X,X,SI,SI,5,NO,,,,,,,,,,,X,X,X,X,X,,,,NO,SI,34,SI,X,X,X,X,,,SI,SI,SI,SI,SI,SI,SI,0,,,SI,NO,,//,SI,SI,SI,SI,SI,NO,,,,,,,,,X,X,X,X,X,X,X,X,X,,X,,,,,006,0027,SI,SI,,,,,,,,,,,,,SI,,X,X,X,,,SI,,,X,,,F0,B4,1,040122,040002
1344514,0,852194,3AS,SANTILLANA,SOCABAYA,LARA TRADICIONAL,1,,1,1 JER-Jornada Escolar Regular,,,,,NO,,,,,,,,SI,SI,,,SI,X,,,X,X,,SI,SI,X,X,X,,,,NO,NO,,,NO,,,,,,,SI,NO,,,X,,,X,,,8,SI,,X,X,X,,,NO,,,,,,,,,,,SI,SI,SI,SI,SI,3,X,X,,X,,,,,X,,X,X,SI,SI,4,SI,2,,X,,,,X,X,,,X,X,X,X,X,,,,SI,SI,10,SI,X,X,,X,,,SI,SI,SI,SI,SI,SI,SI,0,,,SI,NO,,//,NO,SI,SI,SI,NO,SI,X,X,,,X,X,,,X,X,X,X,X,X,,X,X,,X,,X,,,025,,SI,SI,,,,,,,,,,,,,SI,,X,X,,,,SI,X,,,,,F0,B4,1,040122,040002
1802024,0,864106,3AS,PALMER DE MARIANO MELGAR,MARIANO MELGAR,,1,,1,1 JER-Jornada Escolar Regular,,,,,NO,,,,,,,,SI,SI,,,SI,,,,,,X,SI,NO,,,,,,,,NO,,,NO,,,,,,,SI,NO,,X,,,,,,,8,NO,,,,,,,NO,,X,,,,,,,,,SI,SI,SI,SI,NO,,,X,,X,,,,,X,,,,NO,SI,2,SI,1,,,,,,X,,,,,X,X,,,,,,NO,NO,,NO,,X,,,,,SI,SI,SI,SI,SI,SI,SI,0,,,SI,NO,,//,SI,SI,SI,SI,SI,NO,,,,,,,,,,,X,,,,X,,,,X,,,,,020,005,SI,SI,NO,,,,,,,,,,,,NO,,,,,,,NO,,,,,,F0,B4,1,040109,040002
0899393,0,059496,3AS,ESTADO DE SUECIA,CERRO COLORADO,12 DE OCTUBRE,1,,1,1 JER-Jornada Escolar Regular,,,,,NO,,,,,,,,SI,SI,,,SI,X,,,X,,,SI,SI,,X,X,,,,SI,NO,,,NO,,,,,,,SI,SI,,X,,,,,,,8,NO,,,,,,,,,X,X,X,X,,X,,,,SI,SI,SI,SI,SI,2,,X,,,,,,,X,X,X,X,SI,SI,5,SI,2,,X,,X,,,,,,X,X,,,,,,,NO,SI,12,SI,X,,,X,,,SI,SI,SI,SI,SI,SI,SI,0,,,SI,NO,,//,NO,SI,SI,SI,SI,SI,,,X,X,,,,,X,,,,X,,,,,,X,,,,,040,035,SI,SI,NO,,,,,,,,,,,,NO,,,,,,,NO,,,,,,F0,A1,1,040104,040001
0896837,0,866657,3AS,PABLO FREIRE,CHARACAO,CHARACATO,1,,1,1 JER-Jornada Escolar Regular,,,,,NO,,,,,,,,SI,SI,,,SI,,,,,,X,SI,SI,X,,X,,,,NO,NO,,,NO,,,,,,,SI,SI,X,,,,,,,,3,SI,X,,,,,,NO,,,,,,,,,,,NO,,,,,,X,,,,,,,,,,X,,NO,SI,4,NO,,,,,,,,,,,X,X,,,,,,,SI,SI,7,SI,X,,,,,,SI,SI,SI,NO,NO,,SI,0,,,SI,NO,,//,NO,SI,NO,SI,SI,SI,X,X,,,,,,,X,X,,,X,,X,,X,,,,,,,,,,,,,,,,,,,,,,,NO,,,,,,,NO,,,,,,F0,B4,1,040105,040002
1254267,0,621660,3AS,SAN PEDRO CHANEL,CERRO COLORADO,MERCADO MAYORISTA,1,,1,1 JER-Jornada Escolar Regular,,,,,NO,,,,,,,,SI,SI,,,SI,,,,,,X,SI,SI,,X,X,X,,,SI,NO,,,SI,X,,,,,,SI,SI,,,X,,X,,,,3,NO,,,,,,,SI,6,X,X,X,X,X,X,X,,,SI,SI,SI,SI,SI,3,X,X,X,,X,,,,X,,X,,SI,SI,6,SI,8,X,X,,X,,X,X,,,X,X,X,X,X,,,,SI,SI,10,SI,X,X,X,X,,,SI,SI,SI,SI,SI,SI,SI,0,,,SI,NO,,//,SI,SI,SI,SI,SI,SI,X,X,,,,,,,X,X,X,X,X,X,X,X,X,X,X,,X,,,025,,SI,SI,,,,,,,,,,,,,SI,X,X,X,X,,,SI,X,,,,,F0,B4,1,040104,040001
1798354,0,864314,3AS,MIGUEL ANGEL ASTURIAS SCHOOL,CERRO COLORADO,APIPA,1,,1,1 JER-Jornada Escolar Regular,,,,,NO,,,,,,,,SI,SI,,,SI,,,,,,X,SI,SI,,X,X,X,,,SI,NO,,,SI,X,,,,,,SI,SI,,,X,,X,,,,3,NO,,,,,,,SI,8,X,X,X,X,X,X,X,,,SI,SI,SI,SI,SI,3,X,X,X,,X,,,,X,,X,,SI,SI,7,SI,8,X,X,,X,,X,X,,,X,X,X,X,X,,,,SI,SI,10,SI,X,X,X,X,,,SI,SI,SI,SI,SI,SI,SI,0,,,SI,NO,,//,SI,SI,SI,SI,SI,SI,,,X,X,,,,,X,X,X,X,X,X,X,X,X,X,X,,X,,,040,,SI,SI,,,,,,,,,,,,,SI,X,X,X,X,,,SI,X,,,,,F0,B4,1,040104,040001
1305770,0,785048,3AS,THOMAS M.C. II,CAYMA,LAS MALVINAS,1,,1,1 JER-Jornada Escolar Regular,,,,,NO,,,,,,,,NO,,,,SI,,,,,,X,SI,NO,,,,,,,,NO,,,NO,,,,,,,NO,NO,X,,,,,,,,3,NO,,,,,,,NO,,X,,,,,,,,,NO,,,NO,NO,,,X,,,,,,,X,,,,NO,SI,5,NO,,,X,,,,,,,,X,X,,,,,,,SI,SI,3,NO,,X,,,,,SI,SI,SI,SI,SI,SI,SI,0,,,NO,,,//,NO,NO,,SI,SI,SI,X,X,,,,,,,,,X,,,X,,,,,X,,,,,20,23,NO,,NO,,,,,,,,,,,,NO,,,,,,,NO,,,,,,F0,B4,1,040103,040001
1402528,0,551600,3AS,WOLFANG AMADEUS MOZART,JOSE LUIS BUSTAMANTE Y RIVERO,URBANA,1,,1,1 JER-Jornada Escolar Regular,,NO,,,NO,,,,,,,,NO,,,,SI,,,,,,X,SI,SI,X,X,,,,,NO,NO,,,NO,,,,,,,SI,SI,X,,,,X,,,,6,NO,,,,,,,NO,,X,,,,,,X,,,SI,SI,SI,NO,,,X,,X,,,,,,X,,,,SI,SI,2,NO,,,,,,,,,,,,X,,,,,,,SI,NO,,SI,,X,,,,,SI,SI,SI,SI,SI,SI,SI,0,,,SI,NO,,//,NO,SI,SI,SI,SI,NO,,,,,,,,,X,,,,X,,,,,,X,,,,,025,,SI,SI,NO,,,,,,,,,,,,NO,,,,,,,NO,,,,,,F0,B4,1,040129,040002
0589416,0,067929,3AS,NUESTRA SEÑORA MARIA DEL PILAR,CHAPARRA,ACHANIZO,1,,1,1 JER-Jornada Escolar Regular,,,,,SI,NO,,,,,,,NO,,,,SI,,,,,,X,SI,SI,,,X,,X,TALLER DE ESCUELA DE PADRES,SI,NO,,,SI,X,,X,,,,SI,SI,,X,X,,X,X,,,8,NO,,,,,,,,,X,X,X,,X,X,,,,SI,SI,SI,SI,SI,1,X,X,,X,,,,,X,,X,,SI,SI,4,SI,6,X,X,X,X,X,X,X,,,X,X,X,X,,,,,SI,SI,2,SI,,,,X,,,SI,SI,SI,SI,SI,SI,SI,0,,,SI,NO,,//,NO,SI,SI,SI,SI,SI,X,X,,,,,,,X,X,,,X,X,X,,,,X,X,X,,,034,,SI,SI,SI,X,X,X,,,X,,,X,,,NO,,,,,,,SI,X,X,,,,F0,A1,2,040308,040004
1656644,0,913239,3AS,SEÑOR DEL GRAN PODER,SOCABAYA,AREQUIPA,1,,1,1 JER-Jornada Escolar Regular,,,,,SI,SI,,,,X,,,NO,,,,SI,X,X,,,,,SI,SI,,,X,X,,,SI,NO,,,SI,X,,,,,,SI,NO,,X,,,,X,,,8,SI,,,,X,,,NO,,X,X,X,X,X,X,X,,,SI,SI,SI,SI,SI,3,X,X,,X,X,,,,X,X,X,X,SI,SI,5,SI,4,X,X,X,X,,,X,,,X,X,X,X,X,,,,SI,SI,4,SI,,X,,X,,,SI,SI,SI,SI,SI,SI,SI,0,,,SI,NO,,//,SI,SI,SI,SI,SI,SI,X,X,,,,,,,X,,X,X,X,X,,X,,,X,,X,,,028,,SI,SI,,,,,,,,,,,,,SI,X,X,X,,,,SI,,,X,,,F0,B4,1,040122,040002
1120526,0,776143,3AS,GALILEANO PERUANO ITALIANO,AREQUIPA,AREQUIPA,1,,1,1 JER-Jornada Escolar Regular,,,,,NO,,,,,,,,NO,,,,SI,,,,,,X,SI,NO,,,,,,,,NO,,,NO,,,,,,,NO,NO,X,,,,,,,,3,NO,,,,,,,NO,,X,,,,,,,,,NO,,,NO,NO,,,X,,,,,,,X,,,,NO,SI,5,NO,,,X,,,,,,,,X,X,,,,,,,SI,SI,3,NO,,X,,,,,SI,SI,SI,SI,SI,SI,SI,0,,,NO,,,//,NO,NO,,SI,SI,SI,X,X,,,,,,,,,X,,,X,,,,,X,,,,,20,23,NO,,NO,,,,,,,,,,,,NO,,,,,,,NO,,,,,,F0,B4,1,040101,040001
0723353,0,060584,3AS,MARIA DE LA MERCED,JACOBO HUNTER,HUNTER,1,,1,1 JER-Jornada Escolar Regular,,,,,NO,NO,,,,,,,SI,SI,,,SI,X,,,,,,SI,SI,X,X,X,,X,JORNADA ESPIRITUAL,NO,SI,1,,SI,X,,X,,,,SI,NO,,,,,,X,,,8,NO,,,,,,,NO,,X,X,X,X,X,X,X,,,SI,SI,SI,SI,SI,1,X,,X,,,,,,X,,,,SI,SI,11,NO,,,,,,,,,,,,,,X,,,,,SI,NO,,NO,,,,X,,,SI,SI,SI,NO,SI,NO,SI,0,,,NO,NO,,//,SI,SI,SI,SI,SI,SI,,,,,X,X,,,X,,,,X,,,,,,X,,X,,,,079-2024,SI,SI,NO,,,,,,,,,,,,NO,,,,,,,SI,,,X,,,F0,A4,1,040107,040002
0579631,0,062451,3AS,40009 SAN MARTIN DE PORRES,PAUCARPATA,PAUCARPATA,2,,2,2 JEC-Jornada Escolar Completa,,,,,NO,,,,,,,,SI,SI,,,SI,,,,,,X,SI,SI,,,,,X,ESCUELA DE FAMILIAS,SI,SI,3,,SI,X,,X,,,,SI,SI,,,,X,,,,,3,NO,,,,,,,,,X,X,X,,X,X,X,,,SI,SI,SI,SI,SI,3,,X,,,X,X,,,X,X,X,X,SI,SI,8,SI,2,X,X,X,X,X,X,,,,X,X,,,,,,,SI,SI,10,SI,,X,,X,,,SI,SI,SI,SI,SI,SI,SI,1,,,SI,SI,50,5/12/2024,SI,SI,SI,SI,SI,SI,,,X,X,,,,,X,X,X,X,X,X,X,X,X,,X,,X,,,031-2024,011,SI,SI,,,,,,,,,,,,,NO,,,,,,,SI,,X,,,,F0,A4,1,040112,040002
1116417,0,056737,3AS,MARIA REYNA,AREQUIPA,AREQUIPA,2,,2,2 JEC-Jornada Escolar Completa,,,,,NO,,,,,,,,SI,SI,,,SI,,,,,,X,SI,SI,,X,X,,,,NO,NO,,,NO,,,,,,,SI,SI,X,,,,,,,,8,NO,,,,,,,NO,,X,X,,,,,,,,SI,SI,SI,NO,,,X,X,,,,,,,,,,X,SI,SI,5,SI,1,X,X,X,,X,X,,,,X,X,,X,X,,,,SI,SI,8,SI,X,,,,,,SI,SI,SI,NO,SI,SI,SI,0,,,SI,NO,,//,SI,SI,NO,SI,SI,SI,X,X,,,,,,,,,X,,X,,,X,,,,,,X,CONVERSACIONES,,,,,,,,,,,,,,,,,SI,,X,,,,,NO,,,,,,F0,B4,1,040101,040001
1415983,0,073322,3AS,40542,HUAYNACOTAS,HUARCAYA,1,,1,1 JER-Jornada Escolar Regular,,,,,NO,,,,,,,,NO,,,,SI,X,,,X,X,,SI,SI,,X,X,,,,SI,NO,,,SI,X,,X,,,,NO,SI,,,,,,X,,,8,NO,,,,,,,,,X,X,X,X,X,X,,,,SI,SI,SI,SI,NO,,X,,,X,,,,,X,X,,,SI,SI,5,SI,1,,X,,,,X,,,,X,X,,X,,,,,SI,NO,,SI,,,X,X,,,SI,SI,SI,SI,SI,SI,SI,0,,,SI,NO,,//,SI,SI,SI,SI,NO,SI,X,X,,,,,,,X,,,X,X,X,,,,,X,,X,,,16,04-2025,SI,SI,SI,X,,,,,,,,,,X,NO,,,,,,,SI,,X,,,,F0,A1,2,040804,040009
1749373,0,066784,3AS,40667 CRISTO MORADO,MARIANO NICOLAS VALCARCEL,LA EUGENIA,1,,1,1 JER-Jornada Escolar Regular,,,,,NO,,,,,,,,SI,SI,,,SI,,,,,,X,SI,SI,X,,X,,,,SI,NO,,,SI,X,,X,,,,NO,NO,,,,X,,X,,,6,SI,X,X,,,,,NO,,X,X,X,X,X,X,,,,SI,SI,SI,SI,SI,2,X,,X,,,X,,,X,,X,,SI,SI,7,SI,2,X,X,,,,X,,,,X,X,,X,,,,,SI,SI,2,SI,,,,X,,,SI,SI,SI,SI,SI,SI,SI,0,,,SI,SI,2,22/8/2024,NO,SI,SI,SI,SI,SI,X,,,,,,,X,X,X,,X,X,X,,X,,X,,,,,,,,,,,,,,,,,,,,,,SI,,X,X,,,,SI,X,,X,,,F0,A1,2,040203,040004
1339977,0,648532,3AS,JENS KNUDSEN,AREQUIPA,CERCADO,1,,1,1 JER-Jornada Escolar Regular,,,,,NO,,,,,,,,NO,,,,SI,,,,,,X,SI,NO,,,,,,,,NO,,,NO,,,,,,,SI,NO,,,,,,X,,,8,NO,,,,,,,SI,6,X,,X,,X,X,X,,,SI,SI,SI,NO,,,X,X,,X,,X,,,X,X,X,X,SI,SI,1,SI,1,,X,,,,,,,,,X,X,X,X,,,,NO,SI,3,NO,X,,,,,,SI,SI,SI,SI,SI,SI,SI,0,,,SI,SI,1,12/7/2024,NO,SI,NO,SI,SI,SI,,,,,X,X,,,X,,,,,X,,,X,,,,,,,,,,,,,,,,,,,,,,,NO,,,,,,,NO,,,,,,F0,B4,1,040101,040001
0309187,0,061357,3AS,G.U.E. MARIANO MELGAR VALDIVIESO,MARIANO MELGAR,AREQUIPA,2,,2,2 JEC-Jornada Escolar Completa,,NO,,,SI,SI,,,,,X,CLASES VIRTUALES,SI,SI,,,SI,,,,,X,,SI,SI,,X,X,,,,SI,SI,50,5,SI,X,,,,,,SI,SI,,,,,,X,,,9,SI,X,X,,X,,,NO,,X,X,X,X,,,X,,,SI,SI,SI,SI,SI,10,X,X,X,X,X,X,,,X,X,X,X,SI,SI,36,SI,4,X,X,X,X,X,X,X,,,X,X,X,X,X,,,,SI,SI,50,SI,X,X,X,X,,,SI,SI,SI,SI,SI,SI,SI,1,,,SI,NO,,//,NO,SI,SI,SI,SI,SI,,,X,X,,,,,X,X,X,X,X,X,X,X,,X,X,,X,,,037,212,SI,SI,,,,,,,,,,,,,SI,,X,X,X,,,SI,,X,,,,F0,A1,1,040109,040002
1697002,0,527691,3AS,CIRCULO JOULE,AREQUIPA,AREQUIPA,1,,1,1 JER-Jornada Escolar Regular,,,,,NO,,,,,,,,NO,,,,SI,,,,,,X,SI,NO,,,,,,,,NO,,,NO,,,,,,,NO,NO,X,,,,,,,,3,NO,,,,,,,NO,,X,,,,,,,,,NO,,,NO,NO,,,X,,,,,,,X,,,,NO,SI,5,NO,,,X,,,,,,,,X,X,,,,,,,SI,SI,3,NO,,X,,,,,SI,SI,SI,SI,SI,SI,SI,0,,,NO,,,//,NO,NO,,SI,SI,SI,X,X,,,,,,,,,X,,,X,,,,,X,,,,,20,23,NO,,NO,,,,,,,,,,,,NO,,,,,,,NO,,,,,,F0,B4,1,040101,040001
1642263,0,723507,3AS,FUTURA SCHOOLS JOSE LUIS BUSTAMANTE Y RIVERO,JOSE LUIS BUSTAMANTE Y RIVERO,AREQUIPA,1,,1,1 JER-Jornada Escolar Regular,,,,,NO,,,,,,,,SI,SI,,,SI,X,,,,,,SI,SI,X,X,X,,,,NO,NO,,,SI,X,,X,X,,,SI,SI,X,,X,,,X,,,9,SI,,X,,,,,SI,20,,,,,,,,,,SI,SI,SI,SI,SI,2,X,X,,,,,,,X,X,,,NO,SI,2,NO,,,,,,,,,,,,,X,,,,,,SI,SI,150,SI,X,X,,,,,SI,SI,SI,SI,SI,SI,SI,3,,,SI,SI,5,13/12/2024,NO,SI,SI,SI,SI,SI,,,,,X,X,,,X,,,X,X,,X,,,X,X,,,,,04,35,SI,NO,,,,,,,,,,,,,NO,,,,,,,NO,,,,,,F0,B4,1,040129,040002
0579714,0,065732,3AS,INMACULADA CONCEPCION,JOSE LUIS BUSTAMANTE Y RIVERO,PEDRO DIEZ CANSECO,1,,1,1 JER-Jornada Escolar Regular,,,,,NO,,,,,,,,SI,SI,,,SI,,,,,X,,SI,SI,,,X,,,,SI,SI,10,5,SI,X,,X,,,,SI,SI,,,,,,X,,,9,SI,,,X,X,,,,,X,X,X,X,X,X,X,,,SI,SI,NO,SI,SI,3,X,,,,X,X,,,X,,X,X,SI,SI,39,SI,2,,,,,,X,,X,PREVENCIÓN DEL SUICIDIO,X,X,X,,,,,,SI,SI,12,SI,,X,,,,,SI,SI,SI,SI,SI,SI,SI,4,,,SI,SI,1,28/8/2024,SI,SI,SI,SI,SI,SI,,,X,X,,,,,,,X,,,X,,,X,X,X,,X,,,102,,SI,SI,,,,,,,,,,,,,NO,,,,,,,NO,,,,,,F0,A1,1,040129,040002
1679760,0,764258,3AS,NUCLEO JOULE,AREQUIPA,AREQUIPA,1,,1,1 JER-Jornada Escolar Regular,,,,,NO,,,,,,,,NO,,,,SI,,,,,,X,SI,NO,,,,,,,,NO,,,NO,,,,,,,NO,NO,X,,,,,,,,3,NO,,,,,,,NO,,X,,,,,,,,,NO,,,NO,NO,,,X,,,,,,,X,,,,NO,SI,5,NO,,,X,,,,,,,,X,X,,,,,,,SI,SI,3,NO,,X,,,,,SI,SI,SI,SI,SI,SI,SI,0,,,NO,,,//,NO,NO,,SI,SI,SI,X,X,,,,,,,,,X,,,X,,,,,X,,,,,20,23,NO,,NO,,,,,,,,,,,,NO,,,,,,,NO,,,,,,F0,B4,1,040101,040001
3025863,0,906781,3AS,GRUPO JOULE,CHARACATO,LA HUAYLLA,1,,1,1 JER-Jornada Escolar Regular,,,,,NO,,,,,,,,SI,SI,,,SI,,,,,,X,SI,NO,,,,,,,,NO,,,NO,,,,,,,SI,NO,,X,,,,,,,8,NO,,,,,,,NO,,X,,,,,,,,,SI,SI,SI,SI,NO,,,X,,X,,,,,X,,,,NO,SI,2,SI,1,,,,,,X,,,,,X,X,,,,,,NO,NO,,NO,,X,,,,,SI,SI,SI,SI,SI,SI,SI,0,,,SI,NO,,//,SI,SI,SI,SI,SI,NO,,,,,,,,,,,X,,,,X,,,,X,,,,,028,005,SI,SI,NO,,,,,,,,,,,,NO,,,,,,,NO,,,,,,F0,B4,2,040105,040002
1419423,0,551389,3AS,CEDEU JULIO RODRIGUEZ ENRIQUEZ,ALTO SELVA ALEGRE,GRAFICOS,1,,1,1 JER-Jornada Escolar Regular,,,,,NO,,,,,,,,SI,SI,,,SI,,,,,,X,SI,SI,,X,X,,,,NO,NO,,,NO,,,,,,,SI,SI,,,X,,,,,,6,SI,,X,,X,,,NO,,X,X,,,,,,,,SI,SI,SI,SI,NO,,,X,,,,X,,,X,,X,,SI,SI,1,NO,,,,,,,,,,,,X,,X,X,,,,SI,NO,,SI,X,,,X,,,SI,SI,SI,NO,SI,SI,SI,0,,,SI,NO,,//,SI,SI,NO,SI,SI,NO,,,,,,,,,X,,X,,X,X,X,,X,,,,,,,,,,,,,,,,,,,,,,,NO,,,,,,,SI,X,,,,,F0,B4,1,040102,040002
1465756,0,550686,3AS,JOULMER,MIRAFLORES,MIRAFLORES,1,,1,1 JER-Jornada Escolar Regular,,,,,NO,,,,,,,,SI,SI,,,SI,,,,,,X,SI,SI,,,X,,,,SI,NO,,,SI,X,,,X,,,SI,SI,X,,,,,,,,6,NO,,,,,,,SI,5,X,X,X,X,X,X,X,,,SI,SI,SI,SI,NO,,X,X,X,X,X,X,,,X,X,X,X,NO,SI,4,SI,2,X,,,,,,,,,X,X,,X,X,,,,SI,NO,,SI,,X,,,,,SI,SI,SI,SI,SI,SI,SI,0,,,SI,NO,,//,NO,SI,SI,SI,SI,NO,,,,,,,,,X,,X,,X,,X,,X,X,X,X,X,,,0014,0,SI,SI,SI,,,,,,X,,,,X,,NO,,,,,,,NO,,,,,,F0,B4,1,040110,040002
1259381,0,064252,3AS,LA CAMPIÑA,SOCABAYA,URB  LA CAMPIÑA,2,,2,2 JEC-Jornada Escolar Completa,,,,,NO,,,,,,,,SI,SI,,,SI,X,X,,X,X,,SI,SI,,X,X,,,,SI,SI,4,,SI,X,,X,X,,,SI,SI,X,X,X,,X,X,,,9,SI,X,X,X,X,,,,,X,X,X,X,X,X,X,,,SI,SI,SI,SI,SI,4,X,X,X,X,X,X,,,X,X,X,X,SI,SI,11,SI,1,,,,,X,X,,,,X,X,X,X,X,,,,SI,SI,4,SI,X,X,,X,,,SI,SI,SI,SI,SI,SI,SI,3,,,SI,SI,11,19/12/2024,NO,SI,SI,SI,SI,SI,X,X,,,,,,,X,X,,,X,X,,,X,X,X,,X,,,068-2025,0076,SI,SI,,,,,,,,,,,,,SI,X,,,,,,SI,X,X,,,,F0,A1,1,040122,040002
1799774,0,827661,3AS,THOMAS M.C. III,CERRO COLORADO,HÉROES DE LA BREÑA,1,,1,1 JER-Jornada Escolar Regular,,,,,NO,,,,,,,,SI,SI,,,SI,X,X,,,,,SI,SI,,,X,,,,NO,NO,,,SI,X,X,,,,,SI,SI,,,,,,X,,,3,SI,,,,,X,PRIVADO,SI,2,X,X,,,,,,,,SI,SI,SI,SI,NO,,X,X,,,,,,,X,X,,,SI,SI,10,SI,3,X,X,X,,,,,,,,X,,,,,,,SI,NO,,SI,X,,,,,,SI,SI,SI,SI,SI,SI,SI,0,,,SI,NO,,//,SI,SI,SI,SI,SI,SI,,,X,X,,,,,X,X,,,X,X,,,,,X,,,,,008-2025,,SI,SI,NO,,,,,,,,,,,,NO,,,,,,,NO,,,,,,F0,B4,1,040104,040001
1336866,0,058270,3AS,D'ANGELOUS CRISTI,ALTO SELVA ALEGRE,URB INDEPENDENCIA,1,,1,1 JER-Jornada Escolar Regular,,,,,NO,,,,,,,,NO,,,,SI,,,,,,X,SI,SI,,X,X,,,,SI,NO,,,NO,,,,,,,SI,SI,X,,,X,,,,,8,SI,,X,,,,,NO,,X,X,X,,,,,,,SI,SI,SI,SI,SI,3,X,,X,,,X,,,X,,,,SI,SI,8,NO,,,,,,,,,,,X,,X,X,,,,,SI,SI,3,SI,X,,X,,,,SI,SI,SI,SI,SI,SI,SI,0,,,SI,NO,,//,SI,SI,SI,SI,SI,SI,X,X,,,,,,,X,,X,,,X,,X,,,,,X,,,,,,,,,,,,,,,,,,,SI,,X,,X,,,SI,X,,,,,F0,B4,1,040102,040002
