COD_MOD,ANEXO,CODLOCAL,NROCED,CEN_EDU,DISTRITO,LOCALIDAD,P104A,P105A,P105A_S_1,P105A_S_2,P105A_S_3,P105A_S_4,P105A_S_5,P105A_S_5O,P106A,P107A,P107A_NO,P107A_NO_O,P108A,P109A_1,P109A_2,P109A_3,P109A_4,P109A_5,P109A_6,P110A,P111A_1,P111A_2,P111A_3,P111A_4,P111A_5,P111A_6,P111A_5_OT,P112A,P112A_SI,P113A,P113A_S_1,P113A_S_2,P113A_S_3,P113A_S_4,P113A_S_5,P113A_S_6,P113A_S_6O,P114A,P114A_S_1,P114A_S_2,P114A_S_3,P114A_S_4,P114A_S_5,P114A_S_5O,P116A,P117A,P117A_1_CP,P117A_2_CP,P118A,P118A_S_1,P118A_S_2,P118A_S_3,P118A_S_4,P118A_S_5,P118A_S_5O,P119A,P120A,P121A,P122A,P122A_S_1,P122A_S_2,P122A_S_3,P122A_S_4,P122A_S_5,P122A_S_5O,P123A,P123A_SI,P102B_1,P102B_2,P102B_3,P102B_4,P102B_5,P102B_6,P102B_7,P102B_8,P102B_8_OT,P103B,P103B_SI_1,P103B_SI_2,P105B,P106B,P106B_SI,P109B_1,P109B_2,P109B_3,P109B_4,P109B_5,P109B_6,P109B_7,P109B_7_OT,P110B_1,P110B_2,P110B_3,P110B_4,P111B,P112B,P112B_SI,P113B,P113B_SI,P114B_1,P114B_2,P114B_3,P114B_4,P114B_5,P114B_6,P114B_7,P114B_8,P114B_8_OT,P115B_1,P115B_2,P115B_3,P115B_4,P115B_5,P115B_6,P115B_7,P115B_6_OT,P117B,P118B,P118B_SI,P119B,P120B_1,P120B_2,P120B_3,P120B_4,P120B_5,P120B_5_OT,P121B,P121B_SI_1,P121B_SI_2,P122B,P123B,P123B_SI,P124B,P124B_SI,P124B_NO,P124B_NO_O,P125B,P126B,P126B_SI_1,P126B_SI_2,P127B,P128B,P128B_SI,P129B,P130B,P131B_1,P131B_2,P131B_3,P131B_4,P131B_5,P131B_6,P131B_7,P132B_1,P132B_2,P133B,P133B_SI,P134B,P134B_S1_1,P134B_S1_2,P134B_S1_3,P134B_S1_4,P134B_S1_5,P134B_S1_6,P134B_S1_7,P134B_S1_O,P134B_S2_1,P134B_S2_2,P134B_S2_3,P135B,P135B_S_1,P135B_S_2,P135B_S_3,P135B_S_4,P135B_S_5,P135B_SI_5,P136B,P136B_S_1,P136B_S_2,P136B_S_3,P136B_S_4,P136B_S_4O,NIV_MOD,GES_DEP,AREA_CENSO,CODGEO,CODOOII
1720556,0,852373,3AP,SIR ALEXANDER FLEMING,CERCADO,,NO,,,,,,,,NO,,,,NO,X,,,,,,SI,X,,,X,,,,NO,,NS,,,,,,,,NO,,,,,,,,SI,5,0,NO,,,,,,,SI,SI,6,NO,,,,,,,NO,,,,,,,,,,,SI,SI,SI,NO,,,X,,X,X,,X,,,X,,,,SI,SI,12,SI,5,,,,,,,,X,,,X,,,,,,,SI,SI,12,SI,,,,X,,,SI,SI,SI,SI,SI,SI,NO,,2,,SI,NO,,//,SI,SI,SI,SI,SI,X,X,X,,X,,,,,SI,SI,NO,,,,,,,,,,,,SI,X,,,,,,SI,X,X,,,,B0,B4,1,040101,040001
0313890,0,073181,3AP,40513 SAN MIGUEL ARCANGEL,ALCA,ANEXO DE CAHUANA,NO,,,,,,,,NO,,,,SI,,,,,,X,SI,X,X,X,X,,,,SI,SI,SI,,,X,,,,,SI,X,,X,,,,SI,NO,,,SI,X,X,X,,,,SI,SI,8,SI,,,X,X,,,,,X,X,X,X,X,X,,,,SI,SI,SI,SI,SI,3,X,X,X,,,,,,X,X,X,X,SI,SI,3,SI,3,X,X,,X,,,,,,X,X,X,X,,,,,SI,SI,4,SI,X,X,X,X,,,SI,SI,SI,SI,SI,SI,SI,0,,,SI,NO,,//,NO,SI,SI,SI,SI,X,X,X,X,X,,,31,58,SI,SI,SI,X,X,X,,,,,,X,,X,SI,X,X,X,X,,,SI,X,X,X,,,B0,A1,2,040802,040009
1529767,0,553166,3AP,COLEGIO SUPERIOR DE CIENCIAS NEWTON VIANNEY,YURA,,NO,,,,,,,,SI,SI,,,SI,,,,,,X,SI,X,,,,,,,NO,,NO,,,,,,,,NO,,,,,,,,NO,,,NO,,,,,,,SI,NO,1,NO,,,,,,,NO,,,,,,,,,,,NO,,,,,,,,,,,X,,,X,,,,SI,SI,6,SI,1,,X,,,,,,,,,,,,X,,,,SI,SI,50,NO,,,,X,,,SI,SI,SI,NO,SI,SI,SI,0,,,SI,NO,,//,NO,NO,,SI,NO,,,X,,,,,,OFICIO 013,SI,SI,NO,,,,,,,,,,,,NO,,,,,,,SI,,X,,,,B0,B4,1,040128,040001
0307819,0,072025,3AP,41511 LIBERTADORES DE AMERICA,RIO GRANDE,SAN JUAN DE CHORUNGA,NO,,,,,,,,SI,SI,,,SI,,,,X,X,,SI,,X,,,,,,NO,,NO,,,,,,,,NO,,,,,,,,NO,,,NO,,,,,,,NO,NO,5,NO,,,,,,,,,X,X,X,X,X,X,,,,SI,SI,SI,NO,,,X,X,,,,,,,X,,,,SI,SI,1,SI,2,,X,X,,,X,,,,X,X,,,X,,,,SI,SI,2,SI,X,,,,,,SI,SI,SI,SI,SI,SI,SI,0,,,SI,NO,,//,NO,SI,SI,SI,SI,X,,,,X,,,,,,,,,,,,,,,,,,,NO,,,,,,,NO,,,,,,B0,A1,2,040606,040007
0314237,0,073435,3AP,40547,PAMPAMARCA,TECCA,NO,,,,,,,,NO,,,,SI,X,,,,,,SI,X,X,,,,,,NO,,SI,X,,,,,,,SI,X,X,X,X,,,SI,NO,,,SI,X,,,,,,SI,SI,9,SI,,,X,,,,,,X,X,X,X,X,X,,,,SI,SI,SI,NO,,,X,X,X,,,X,,,X,X,X,X,SI,SI,4,SI,1,,X,,,,,,,,X,X,,,,,,,SI,SI,4,SI,X,X,,X,,,SI,SI,SI,SI,SI,SI,SI,0,,,SI,NO,,//,NO,SI,NO,SI,SI,X,,X,,X,,,009,,SI,SI,SI,,,X,,,,,,,X,,SI,,X,X,,,,SI,X,,,,,B0,A1,2,040805,040009
0312611,0,069909,3AP,40380,CALLALI,CALLALLI,NO,,,,,,,,SI,SI,,,SI,,,,,,X,SI,X,,X,X,,,,SI,NO,SI,,,X,,,,,SI,,X,X,,,,SI,NO,,,SI,X,,X,X,,,NO,SI,8,SI,,,X,,,,,,X,X,X,,X,X,,,,SI,SI,SI,SI,SI,2,X,X,,X,,,,,X,X,X,,SI,SI,8,SI,2,X,X,,X,,X,X,,,,X,X,,,,,,SI,SI,2,SI,,,,X,,,SI,SI,SI,SI,SI,SI,SI,0,,,SI,NO,,//,NO,SI,SI,SI,SI,,,X,,X,,,012,,SI,SI,NO,,,,,,,,,,,,NO,,,,,,,NO,,,,,,B0,A1,2,040504,040006
0637215,0,071059,3AP,40582,SIBAYO,ANEXO SIOBAYO,NO,,,,,,,,NO,,,,SI,X,,,X,,,SI,X,X,,,,,,SI,SI,SI,,,X,,,,,SI,X,X,X,X,,,SI,NO,,,SI,X,X,X,,,,SI,SI,3,SI,X,X,X,X,,,,,X,X,X,X,X,,,,,SI,SI,SI,SI,SI,3,X,X,,,X,X,,,X,X,X,X,SI,SI,2,SI,2,X,X,X,X,X,X,X,,,X,X,X,X,X,,,,SI,SI,1,SI,X,X,X,X,,,SI,SI,SI,SI,SI,SI,SI,0,,,SI,NO,,//,SI,SI,SI,SI,SI,X,,X,,X,,,020,,SI,SI,SI,,X,,,,,,,,,X,SI,,X,X,X,,,SI,X,,,,,B0,A1,2,040515,040006
1333285,0,546133,3AP,TERESITA DE JESUS,CAYMA,DEAN VALDIVIA,NO,,,,,,,,NO,,,,SI,,,,,X,,SI,X,,,,,,,NO,,SI,,,X,,,,,SI,,,X,,,,SI,NO,,,SI,X,,,,,,SI,NO,8,SI,X,X,,,,,NO,,X,X,X,X,,,,,,SI,NO,NO,SI,NO,,,X,,X,X,,,,X,X,X,,NO,SI,6,SI,2,,,,,,,X,,,X,,,X,,,,,SI,SI,4,SI,X,X,,,,,SI,SI,SI,NO,SI,SI,SI,0,,,SI,NO,,//,NO,SI,NO,SI,SI,,,,,X,,,,,,,NO,,,,,,,,,,,,NO,,,,,,,NO,,,,,,B0,B4,1,040103,040001
1203561,0,072450,3AP,40681 FRAY MARTIN,MOLLENDO,BELLAVISTA,NO,,,,,,,,NO,,,,SI,X,X,,X,,,SI,X,,X,,,,,SI,SI,SI,,,X,,,,,SI,,,X,,,,SI,SI,0,1,SI,X,,X,,,,SI,SI,8,SI,,X,,X,,,,,X,X,X,X,,,,,,SI,SI,SI,SI,SI,2,X,,,,X,,,,X,X,,X,SI,SI,6,SI,4,,X,,X,X,X,,,,X,,X,X,,,,,SI,SI,6,SI,,X,,,,,SI,SI,SI,SI,SI,SI,SI,0,,,SI,NO,,//,SI,SI,SI,SI,NO,X,X,X,X,,,,027,043,SI,SI,SI,X,X,,,,,,,,,X,NO,,,,,,,NO,,,,,,B0,A1,1,040701,040008
0891374,0,073379,3AP,41065,HUAYNACOTAS,CULYPAMPA,NO,,,,,,,,NO,,,,SI,X,,,X,,,SI,X,,,,,,,NO,,NO,,,,,,,,SI,,X,X,,,,SI,NO,,,SI,X,,,,,,NO,SI,8,NO,,,,,,,,,X,,,,X,X,,,,SI,SI,SI,SI,SI,3,X,X,X,X,,X,,,X,,,X,SI,SI,1,SI,1,X,X,,X,,X,X,,,X,X,,X,,,,,NO,SI,4,SI,,,X,X,,,SI,SI,SI,SI,SI,SI,SI,0,,,SI,NO,0,//,SI,SI,SI,SI,SI,X,,,,X,,,,,NO,,NO,,,,,,,,,,,,SI,X,X,,,,,SI,X,,,,,B0,A1,2,040804,040009
0612416,0,072087,3AP,40501,SALAMANCA,PALCUYO,NO,,,,,,,,SI,SI,,,SI,X,X,,X,X,,SI,X,X,X,X,,,,NO,,SI,,,X,X,,,,SI,X,X,X,X,,,NO,NO,,,SI,X,X,,,,,SI,SI,8,NO,,,,,,,,,,,,,,,,,,SI,SI,SI,SI,NO,,X,,,X,,X,,,X,,,,NO,NO,,SI,2,,,X,,X,,,,,X,X,X,X,X,,,,SI,SI,2,SI,,,X,X,,,SI,SI,SI,SI,SI,SI,SI,0,,,NO,,,//,NO,SI,NO,SI,SI,X,,,,X,,,,,,,,,,,,,,,,,,,NO,,,,,,,NO,,,,,,B0,A1,2,040607,040007
1608454,0,672008,3AP,STEPHEN WILLIAM HAWKING,CERRO COLORADO,FRANCISCO GARCIA CALDDERON,SI,SI,,,,X,,,SI,SI,,,SI,X,,,,,,SI,X,,,,,,,SI,SI,SI,,,X,,,,,SI,X,X,X,X,,,SI,NO,,,SI,,,X,,,,SI,SI,8,SI,X,,X,X,,,SI,2,X,X,X,X,X,X,X,,,SI,SI,SI,SI,SI,4,,X,,,,X,,,X,,X,X,SI,SI,6,SI,7,X,X,X,,X,X,,,,X,X,X,X,,,,,SI,SI,7,SI,X,,,X,,,SI,SI,SI,SI,SI,SI,SI,0,,,SI,NO,,//,SI,SI,SI,SI,SI,,,X,X,,,,X,009,SI,SI,SI,,,X,,,,,,,,X,SI,,X,,,,,SI,,,,X,DIRECCION,B0,B4,1,040104,040001
0219519,0,061828,3AP,40144 AUGUSTO SALAZAR BONDY,MIRAFLORES,CHAPI CHICO,NO,,,,,,,,SI,NO,1,,SI,X,,,,,,SI,X,,X,,,,,NO,,NO,,,,,,,,SI,X,X,X,,,,NO,NO,,,SI,X,X,X,X,,,SI,SI,9,SI,X,X,X,X,,,,,X,X,X,X,X,,X,,,SI,SI,SI,SI,SI,2,X,X,X,X,X,,,,X,,X,,SI,SI,14,SI,2,,X,,,,X,X,,,X,X,,X,X,,,,SI,NO,,SI,,X,,,,,SI,SI,SI,SI,SI,SI,SI,1,,,SI,SI,2,3/8/2024,NO,SI,SI,SI,SI,,,X,,X,,,025,014,SI,NO,NO,,,,,,,,,,,,NO,,,,,,,NO,,,,,,B0,A1,1,040110,040002
0314120,0,073831,3AP,40536 TUPAC AMARU II,TORO,ANEXO CASPI,NO,,,,,,,,NO,,,,SI,X,,,,,,SI,,X,,,,,,NO,,NO,,,,,,,,SI,,,X,,,,SI,NO,,,SI,X,,,,,,SI,SI,8,SI,X,,,,,,,,,,,,,,,,,SI,SI,NO,SI,SI,3,,,,X,,,,,X,X,,,SI,SI,1,SI,1,,,,,,X,,,,,X,,,,,,,SI,SI,2,SI,X,,,,,,SI,SI,NO,SI,SI,SI,SI,0,,,SI,NO,,//,NO,SI,SI,SI,SI,X,X,,,,,,,,,,NO,,,,,,,,,,,,NO,,,,,,,NO,,,,,,B0,A1,2,040811,040009
1335181,0,055484,3AP,GRAN PACIFICADOR LINUS PAULING,AREQUIPA,AREQUIPA,NO,,,,,,,,SI,SI,,,SI,X,X,,X,X,,SI,X,,,,,,,SI,SI,SI,X,,X,,,,,SI,X,X,X,X,,,SI,NO,,,SI,X,X,X,X,,,SI,SI,8,NO,,,,,,,NO,,X,X,X,X,X,X,X,,,SI,SI,SI,SI,SI,5,X,X,X,X,X,X,,,X,X,,X,SI,SI,8,SI,10,X,X,X,X,X,X,X,,,X,X,X,X,X,,,,SI,SI,5,SI,X,X,X,X,,,SI,SI,SI,SI,SI,SI,SI,0,,,SI,NO,,//,SI,SI,SI,SI,SI,X,,X,X,X,,,079-2024,040-2024,SI,SI,NO,,,,,,,,,,,,SI,,X,X,X,,,SI,X,,,,,B0,B4,1,040101,040001
0695122,0,070390,3AP,40230 SAN ANTONIO DEL PEDREGAL,MAJES,PEDREGAL,NO,,,,,,,,SI,NO,1,,SI,X,,,,,,SI,X,,,,,,,NO,,SI,,,X,,,,,SI,X,X,X,,,,SI,NO,,,SI,X,X,,,,,SI,SI,9,SI,X,,,X,,,,,X,X,,,,,X,,,SI,SI,SI,SI,SI,4,X,X,,,X,,,,X,X,X,,SI,SI,16,SI,2,,,,,X,X,X,,,X,X,,,,,,,SI,SI,25,SI,,,,X,,,SI,SI,SI,SI,SI,SI,SI,0,,,SI,SI,1,27/6/2024,SI,SI,SI,SI,SI,X,,X,,X,,,262,,SI,NO,SI,,,,,,,,,,,X,SI,X,,,,,,SI,X,,,,,B0,A1,1,040520,040010
0313270,0,072011,3AP,40447 LA INMACULADA CONCEPCION,RIO GRANDE,PIUCA,NO,,,,,,,,NO,,,,SI,X,,,,X,,SI,,,,,,X,,NO,,NO,,,,,,,,SI,X,X,X,,,,NO,NO,,,SI,X,X,,,,,NO,SI,8,NO,,,,,,,,,X,,X,X,X,X,,,,SI,SI,SI,SI,NO,,X,,X,,X,,,,X,X,,X,SI,SI,3,SI,2,X,X,,,X,X,X,,,X,X,X,X,X,,,,SI,SI,2,SI,,X,,X,,,SI,SI,NO,SI,SI,SI,SI,0,,,SI,NO,,//,NO,SI,SI,SI,NO,X,X,X,X,X,,,023,144,SI,SI,NO,,,,,,,,,,,,NO,,,,,,,NO,,,,,,B0,A1,2,040606,040007
3000908,0,900680,3AP,SANTA MARGARITA KIDS,JACOBO HUNTER,,SI,SI,,,,X,,,SI,SI,,,SI,,,,,,X,SI,X,,,,,,,SI,SI,NO,,,,,,,,SI,,X,X,,,,NO,NO,,,SI,X,,,,,,SI,SI,9,SI,X,X,,,,,NO,,X,X,X,X,X,,,,,SI,SI,SI,SI,SI,2,,,X,X,,X,,,X,X,X,X,SI,SI,1,SI,1,X,X,X,X,X,X,X,,,X,,,X,,,,,SI,SI,1,SI,,,,X,,,SI,SI,SI,SI,SI,SI,SI,0,,,NO,,,//,SI,SI,SI,SI,SI,X,X,X,,,,,127,019,SI,SI,NO,,,,,,,,,,,,NO,,,,,,,NO,,,,,,B0,B4,1,040107,040002
0313189,0,072148,3AP,40438,YANAQUIHUA,YANAQUIHUA,NO,,,,,,,,SI,SI,,,SI,X,,,X,,,SI,X,X,,,,,,SI,SI,SI,,,X,X,,,,SI,,X,,X,,,SI,NO,,,SI,X,X,X,X,,,SI,SI,8,SI,,,,X,,,,,X,X,X,X,X,X,,,,SI,SI,SI,SI,SI,4,X,X,X,X,,,,,X,X,X,X,SI,SI,5,SI,4,,X,,,X,X,X,,,,X,,X,X,,,,SI,SI,5,SI,X,,,X,,,SI,SI,SI,SI,SI,SI,SI,0,,,SI,NO,,//,SI,SI,SI,SI,SI,X,,X,,X,,,RD 008,,SI,SI,SI,X,,,,,,,,,,X,SI,X,,,,,,SI,X,,,,,B0,A1,2,040608,040007
0313106,0,071653,3AP,40430 JOSE SIMEON TEJEDA,ANDARAY,ANDARAY,NO,,,,,,,,NO,,,,SI,,,,,,X,SI,X,,,,,,,NO,,SI,,,X,,,,,SI,,X,X,,,,NO,NO,,,SI,X,X,X,,,,SI,SI,3,NO,,,,,,,,,X,X,X,X,X,X,,,,SI,SI,SI,SI,SI,1,X,,,,X,,,,X,X,,,SI,SI,10,SI,1,,X,,,,,,,,,X,X,X,,,,,SI,NO,,SI,X,,,X,,,SI,SI,SI,SI,SI,SI,SI,0,,,SI,NO,,//,SI,SI,SI,SI,NO,,,X,,,,,026,077,SI,NO,NO,,,,,,,,,,,,NO,,,,,,,NO,,,,,,B0,A1,2,040602,040007
1705508,0,907163,3AP,SCHOOL MI PEQUEÑO PARAISO,CERRO COLORADO,,NO,,,,,,,,SI,SI,,,SI,X,,,X,X,,SI,X,,,,,,,SI,NO,SI,,,X,,,,,NO,,,,,,,,NO,,,SI,X,X,,,,,SI,SI,8,SI,,X,,X,,,NO,,X,X,X,X,X,,,,,SI,SI,SI,NO,,,X,X,,,,,,,X,,X,,SI,SI,6,SI,2,,X,,,,X,X,,,X,X,,,,,,,SI,SI,4,SI,X,,,,,,SI,SI,SI,SI,SI,SI,SI,0,,,SI,NO,,//,SI,SI,SI,SI,SI,,X,,X,,,,,,,,NO,,,,,,,,,,,,SI,,X,X,,,,SI,,,X,,,B0,B4,1,040104,040001
1776145,0,845603,3AP,LA PLACE,DEAN VALDIVIA,,NO,,,,,,,,SI,SI,,,SI,,,,,,X,SI,X,,,,,,,NO,,NO,,,,,,,,SI,X,X,,,,,NO,NO,,,NO,,,,,,,SI,SI,6,SI,X,,,X,,,NO,,,,,,,,,,,SI,SI,SI,NO,,,X,,,X,X,,,,X,,,X,SI,SI,3,SI,1,,X,,,X,,,,,,X,X,,X,,,,NO,NO,,NO,X,X,,,,,SI,SI,SI,NO,SI,NO,SI,0,,,SI,NO,,//,NO,SI,NO,SI,SI,,,,X,,,,,,,,NO,,,,,,,,,,,,NO,,,,,,,NO,,,,,,B0,B4,1,040703,040008
0845347,0,068448,3AP,41053 SAN TARSICIO,APLAO,APLAO,NO,,,,,,,,SI,NO,1,,SI,X,,,,,,SI,,,X,,,,,NO,,NO,,,,,,,,SI,,X,X,X,,,NO,SI,,1,SI,,,X,X,,,SI,SI,5,NO,,,,,,,,,X,X,X,X,X,X,X,,,SI,SI,SI,SI,SI,3,X,X,X,X,X,X,,,X,X,X,X,SI,SI,12,SI,3,X,,,,X,X,,,,X,X,X,X,X,,,,SI,SI,5,SI,X,X,X,X,,,SI,SI,SI,SI,SI,SI,SI,0,,,SI,NO,,//,SI,SI,SI,SI,SI,,,X,X,,,,RD 90,,SI,SI,NO,,,,,,,,,,,,SI,X,X,X,,,,NO,,,,,,B0,A4,1,040401,040005
1658186,0,072619,3AP,LAPLACE MOLLENDO,MOLLENDO,,NO,,,,,,,,SI,SI,,,SI,,,,,,X,SI,X,,,,,,,NO,,NO,,,,,,,,SI,,X,X,,,,SI,NO,,,NO,,,,,,,SI,SI,6,SI,,,X,X,,,NO,,,,,,,,,,,SI,SI,NO,NO,,,X,X,,,,,,,X,,X,,SI,SI,4,SI,1,,X,,,X,X,,,,,X,,,X,,,,NO,SI,1,NO,,X,,X,,,SI,SI,SI,NO,SI,SI,SI,0,,,SI,NO,,//,NO,SI,SI,SI,SI,,,,X,,,,,,,,NO,,,,,,,,,,,,NO,,,,,,,NO,,,,,,B0,B4,1,040701,040008
0612689,0,068735,3AP,40569,CHOCO,ANEXO PACHAUMA,NO,,,,,,,,NO,,,,SI,X,,,,X,,SI,X,X,,,,,,SI,SI,SI,,,X,X,,,,SI,,X,X,X,,,NO,NO,,,SI,X,,,,,,SI,SI,2,SI,,X,X,,,,NO,,X,,,,X,X,,,,SI,SI,SI,SI,NO,,X,,,X,,X,,,X,X,X,,NO,SI,1,SI,2,X,X,,,,,X,,,X,X,,,,,,,SI,SI,2,SI,,,,X,,,SI,SI,SI,SI,SI,NO,SI,0,,,SI,NO,,//,SI,SI,SI,SI,SI,X,X,,,X,,,X,,NO,,NO,,,,,,,,,,,,NO,,,,,,,SI,X,,,,,B0,A1,2,040406,040006
0307587,0,056718,3AP,MARIA MONTESSORI,AREQUIPA,AREQUIPA,NO,,,,,,,,SI,SI,,,NO,X,,,,,,SI,X,,,,,,,NO,,NO,,,,,,,,SI,,,X,,,,NO,NO,,,NO,,,,,,,SI,NO,8,NO,,,,,,,NO,,,,,,,,,,,NO,,,,,,X,,,X,,,,,X,,X,,NO,SI,6,SI,3,,,X,,,X,,,,,X,,,,,,,NO,NO,,SI,X,,,,,,SI,SI,SI,NO,SI,SI,SI,0,,,SI,NO,,//,NO,SI,NO,SI,SI,X,,,,,,,,,,,,,,,,,,,,,,,NO,,,,,,,NO,,,,,,B0,B4,1,040101,040001
1598515,0,856842,3AP,JASLIN,CAYMA,EMBAJADA DE JAPON,SI,SI,,,,X,,,NO,,,,SI,,,,,,X,SI,X,,X,,,,,SI,SI,SI,,,X,,,,,SI,,,,X,,,SI,NO,,,SI,,,X,,,,SI,SI,8,NO,,,,,,,NO,,X,X,X,X,X,X,X,,,SI,SI,SI,SI,NO,,,X,,,,X,,,X,,X,X,SI,SI,2,NO,,,,,,,,X,,,,X,X,,X,,,,SI,SI,5,SI,,X,,X,,,SI,SI,SI,NO,SI,SI,SI,0,,,NO,,,//,NO,SI,SI,SI,SI,,,,,X,,,,,,,NO,,,,,,,,,,,,NO,,,,,,,NO,,,,,,B0,B4,1,040103,040001
0891341,0,073360,3AP,41058,HUAYNACOTAS,LLIHUA,NO,,,,,,,,NO,,,,NO,X,,,,,,SI,,,,,,X,,NO,,NS,,,,,,,,NO,,,,,,,,NO,,,NO,,,,,,,NO,NO,8,NO,,,,,,,NO,,X,,,,X,,,,,SI,SI,NO,SI,NO,,,,,X,,,,,X,,,,NO,SI,1,SI,1,,X,,,X,,X,,,X,,,,X,,,,SI,SI,2,SI,,,,,X,UNIDOCENTE,SI,SI,NO,SI,SI,SI,SI,0,,,NO,,,//,NO,SI,SI,SI,NO,,X,,,,,,,,,,,,,,,,,,,,,,NO,,,,,,,SI,,X,,,,B0,A1,2,040804,040009
1537851,0,625074,3AP,NESTOR KIRCHNER,CERRO COLRADO,ALTO LIBERTAD,SI,SI,X,,X,,,,SI,SI,,,SI,,,,,X,,SI,,X,,,,,,SI,SI,SI,,,X,,,,,SI,X,X,X,,,,SI,SI,,2,SI,X,,,,,,SI,SI,6,SI,,X,X,,,,NO,,X,X,,,,,,,,SI,SI,NO,SI,SI,2,X,,X,,,,,,,X,X,,SI,SI,1,SI,1,,X,,,,,,,,X,,,X,,,,,SI,NO,,SI,X,,X,,,,SI,SI,SI,SI,SI,SI,SI,0,,,SI,NO,,//,SI,SI,NO,SI,SI,,X,,,,,,,,,,NO,,,,,,,,,,,,SI,,X,,,,,NO,,,,,,B0,B4,1,040104,040001
0287789,0,066519,3AP,41040 JOSE CARLOS MARIATEGUI,CAMANA,CAMANA,NO,,,,,,,,SI,SI,,,SI,X,,,X,X,,SI,X,X,,,X,,,NO,,NO,,,,,,,,SI,X,X,X,,,,NO,NO,,,SI,X,X,,,,,SI,SI,9,NO,,,,,,,,,X,X,X,X,X,X,X,,,SI,SI,SI,SI,SI,4,X,X,,X,X,X,,,X,X,X,X,SI,SI,16,SI,1,,,,,,X,,,,X,X,X,X,X,,,,SI,SI,48,SI,,,,,X,SESIONES,SI,SI,SI,SI,SI,SI,SI,0,,,SI,SI,3,11/10/2024,NO,SI,NO,SI,SI,,,,,X,,,,,,,,,,,,,,,,,,,NO,,,,,,,NO,,,,,,B0,A1,1,040201,040003
1271840,0,556042,3AP,SANTA CRUZ,CHIVAY,CHIVAY,NO,,,,,,,,SI,SI,,,SI,,,,,,X,SI,,,,,,X,,NO,,NO,,,,,,,,NO,,,,,,,,NO,,,NO,,,,,,,SI,NO,8,SI,,X,,,,,NO,,X,,X,,,,,,,SI,SI,SI,SI,NO,,,,X,,,,,,X,,,X,SI,SI,6,SI,1,,,,,,,,X,NINGUNO,,X,,,,,,,NO,NO,,SI,,X,,,,,SI,SI,SI,SI,SI,SI,SI,0,,,SI,NO,,//,SI,SI,NO,SI,SI,,X,,,,,,,,,,,,,,,,,,,,,,NO,,,,,,,SI,X,,,,,B0,B4,1,040501,040006
0314039,0,073751,3AP,40527,SAYLA,SAINA,NO,,,,,,,,NO,,,,SI,X,,,,,,SI,,X,,,,,,NO,,NO,,,,,,,,NO,,,,,,,,NO,,,SI,X,,,,,,NO,NO,8,NO,,,,,,,,,X,X,,,X,X,,,,NO,,,,,,,,,,,X,,,,X,,,NO,SI,1,NO,,,,,,,,X,,,X,,X,,,,,,SI,SI,2,SI,,,X,,,,SI,SI,SI,SI,NO,,SI,0,,,SI,NO,,//,SI,SI,SI,SI,SI,,X,,,,,,,,,,,,,,,,,,,,,,SI,,X,,,,,SI,X,,,,,B0,A1,2,040808,040009
1344258,0,858167,3AP,CIENCIAS ITALO PERUANO ENRICO FERMI,MOLLENDO,MOLLENDO,NO,,,,,,,,NO,,,,SI,X,,,,X,,SI,X,,,,,,,NO,,NO,,,,,,,,SI,X,,X,,,,SI,NO,,,NO,,,,,,,SI,NO,5,SI,,X,,,,,NO,,X,X,X,X,X,X,X,,,SI,SI,SI,NO,,,,,X,,,X,,,X,,,X,SI,SI,2,SI,3,,X,,,X,X,X,,,X,X,,,X,,,,SI,SI,5,SI,X,,X,,,,SI,SI,SI,NO,SI,SI,SI,0,,,SI,NO,,//,SI,SI,SI,SI,SI,,,,X,,,,,,,,NO,,,,,,,,,,,,SI,,X,X,X,,,SI,,,X,,,B0,B4,1,040701,040008
0313593,0,072902,3AP,40479 MIGUEL GRAU,ISLAY,ISLAY,NO,,,,,,,,SI,SI,,,SI,X,,,,,,SI,X,,,,,,,NO,,SI,,,X,,,,,NO,,,,,,,,NO,,,SI,,,X,,,,NO,SI,9,SI,X,X,,X,,,,,X,,X,X,,,X,,,SI,SI,SI,SI,SI,2,X,X,X,X,,X,,,X,X,X,,SI,SI,8,SI,4,X,,,,X,X,,,,X,X,,,,,,,SI,SI,4,SI,,X,,X,,,SI,SI,SI,SI,SI,NO,SI,0,,,SI,NO,,//,NO,SI,SI,SI,SI,X,,X,,X,,,45,12,SI,SI,NO,,,,,,,,,,,,NO,,,,,,,NO,,,,,,B0,A1,1,040704,040008
1272004,0,550035,3AP,40696 SANTA MARIA,PAUCARPATA,SANTA MARIA,NO,,,,,,,,SI,SI,,,SI,X,,,X,,,SI,X,,,,,,,SI,NO,SI,X,,X,,,,,SI,X,X,X,,,,SI,SI,,1,SI,X,,X,,,,SI,SI,8,SI,X,X,,,,,,,X,X,X,X,X,X,,,,SI,SI,NO,SI,SI,3,X,X,,X,X,X,,,X,X,X,,SI,SI,7,SI,2,,X,,,X,X,X,,,X,X,X,X,,,,,SI,NO,,SI,X,,,,,,SI,SI,SI,SI,SI,SI,SI,0,,,SI,NO,,//,SI,SI,SI,SI,SI,,,X,,X,,,042,0,SI,NO,NO,,,,,,,,,,,,NO,,,,,,,NO,,,,,,B0,A1,1,040112,040002
1204163,0,060758,3AP,LA FAYETTE,SACHACA,HUARANGUILLO,NO,,,,,,,,NO,,,,SI,X,,,,X,,SI,X,,,,,,,NO,,NO,,,,,,,,SI,,X,X,,,,SI,NO,,,SI,X,,,,,,SI,NO,8,NO,,,,,,,NO,,X,X,X,X,,X,X,,,SI,SI,SI,SI,SI,1,X,X,,,,,,,X,X,,,SI,SI,7,SI,6,X,X,X,X,X,X,X,,,,X,,,X,,,,SI,SI,1,SI,X,,,,,,SI,SI,SI,SI,SI,SI,SI,0,,,SI,NO,,//,NO,SI,SI,SI,SI,,,,X,,,,,,,,NO,,,,,,,,,,,,SI,X,,,,,,NO,,,,,,B0,B4,1,040117,040001
1798495,0,798593,3AP,11 DE MAYO,CAYMA,ONCE DE MAYO,NO,,,,,,,,NO,,,,SI,,,,,,X,SI,,,,,,X,,NO,,NO,,,,,,,,NO,,,,,,,,NO,,,NO,,,,,,,SI,NO,8,NO,,,,,,,,,X,,,,X,,,X,PROFESORA DE AULA,NO,,,,,,,,X,,,,,,,X,,,NO,SI,1,SI,1,,X,,,,,,,,X,X,,,,,,,SI,SI,4,SI,,X,,,,,SI,SI,SI,SI,SI,NO,SI,0,,,SI,NO,,//,NO,SI,NO,SI,NO,,X,,,,,,,,,,,,,,,,,,,,,,NO,,,,,,,NO,,,,,,B0,A1,1,040103,040001
0313619,0,068877,3AP,40481,MACHAGUAY,HUASICAC,NO,,,,,,,,NO,,,,SI,X,,,,,,SI,,,,,,X,,NO,,NO,,,,,,,,SI,,,X,,,,NO,NO,,,SI,X,X,,,,,SI,NO,9,NO,,,,,,,,,X,X,X,X,X,X,,,,SI,SI,SI,SI,SI,3,X,,,X,,,,,X,,,,SI,SI,1,SI,3,,X,,X,,X,,,,X,X,,,,,,,SI,NO,,SI,,,,X,,,SI,SI,SI,SI,SI,SI,SI,0,,,SI,NO,,//,SI,SI,SI,SI,SI,,,,X,,,,,,,,NO,,,,,,,,,,,,NO,,,,,,,NO,,,,,,B0,A1,2,040408,040005
1279496,0,055974,3AP,BLAS PASCAL,AREQUIPA,CERCADO,NO,,,,,,,,SI,SI,,,SI,X,,,,,,SI,X,,,,,,,NO,,NO,,,,,,,,SI,,,,,X,ESCUELA PARA PADRES,NO,NO,,,NO,,,,,,,SI,NO,8,NO,,,,,,,SI,8,,,,,X,,,,,SI,SI,SI,SI,SI,3,X,X,X,X,,X,,,X,X,X,X,SI,SI,6,SI,6,X,X,X,X,X,X,X,,,X,X,X,X,X,,,,SI,SI,15,SI,X,X,X,X,,,SI,SI,SI,SI,SI,SI,SI,1,,,SI,NO,,//,SI,SI,SI,SI,SI,,,X,,,,,112,020,SI,SI,SI,X,,,,,,,,,,X,SI,,X,X,X,,,NO,,,,,,B0,B4,1,040101,040001
0218651,0,546270,3AP,40059 ALEJANDRO SANCHEZ ARTEAGA,CERRO COLORADO,SEMI RURAL PACHACUTEC,NO,,,,,,,,SI,SI,,,SI,X,,,,,,SI,X,,X,,,,,SI,SI,SI,,,X,,,,,SI,X,X,X,X,,,NO,SI,12,0,SI,X,,X,,,,SI,SI,5,SI,X,X,,X,,,,,X,X,X,X,X,,X,,,SI,SI,SI,SI,SI,4,X,X,,,,,,,X,X,X,X,SI,SI,13,SI,2,,X,X,,X,,,,,X,,,,,,,,SI,SI,8,SI,X,X,,,,,SI,SI,SI,SI,SI,SI,SI,2,,,SI,SI,1,5/11/2024,SI,SI,SI,SI,SI,,,X,,X,,,020,057,SI,SI,NO,,,,,,,,,,,,SI,,,X,,,,SI,X,,,,,B0,A1,1,040104,040001
1117332,0,057435,3AP,ALEXANDER FLEMING,AREQUIPA,AREQUIPA,NO,,,,,,,,SI,SI,,,SI,X,,,,,,SI,X,,,,,,,NO,,NO,,,,,,,,NO,,,,,,,,NO,,,NO,,,,,,,SI,NO,5,NO,,,,,,,NO,,X,X,X,X,X,X,X,,,SI,SI,SI,SI,SI,4,X,X,X,X,X,,,,X,,X,X,SI,SI,12,SI,8,X,X,X,,X,X,X,,,X,,X,X,X,,,,NO,SI,10,SI,,X,,X,,,SI,SI,SI,SI,SI,SI,SI,1,,,SI,SI,1,19/7/2024,NO,SI,SI,SI,SI,,,X,,,,,,095,SI,SI,NO,,,,,,,,,,,,NO,,,,,,,NO,,,,,,B0,B4,1,040101,040001
1721018,0,803009,3AP,ROBERT F. KENNEDY,PAUCARPATA,INDUISTRIAL EL CAYRO,NO,,,,,,,,SI,SI,,,SI,,,X,X,,,SI,X,,,,,,,NO,,NO,,,,,,,,SI,,X,X,,,,SI,NO,,,SI,X,,,,,,SI,SI,9,SI,,X,,,,,NO,,X,X,X,X,X,X,X,,,SI,SI,SI,SI,SI,6,X,X,,,,,,,X,X,X,,SI,SI,12,SI,4,X,X,,,X,,X,,,X,X,X,,,,,,SI,SI,2,SI,X,,,,,,SI,SI,SI,NO,SI,SI,SI,1,,,SI,NO,,//,NO,SI,SI,SI,SI,,,X,,,,,,025,SI,NO,NO,,,,,,,,,,,,NO,,,,,,,NO,,,,,,B0,B4,1,040112,040002
1618909,0,680701,3AP,JUAN PABLO MAGNO,TIABAYA,NORTE,NO,,,,,,,,SI,SI,,,SI,,,,,,X,SI,,,,,,X,,NO,,NO,,,,,,,,SI,X,X,,,,,NO,NO,,,NO,,,,,,,SI,NO,3,SI,,X,,X,,,NO,,X,X,X,X,X,X,X,,,SI,SI,SI,SI,SI,3,X,X,,X,X,,,,X,,X,,NO,SI,6,NO,,,,X,,,,,,,X,,X,,,,,,SI,SI,10,SI,X,,X,,,,SI,SI,SI,SI,SI,NO,SI,0,,,SI,NO,,//,SI,SI,NO,SI,SI,,X,,,,,,,,,,,,,,,,,,,,,,NO,,,,,,,NO,,,,,,B0,B4,1,040123,040001
0287573,0,055479,3AP,41014 FORTUNATA GUTIERREZ DE BERNED,AREQUIPA,AREQUIPA,SI,SI,,X,,,,,SI,SI,,,SI,X,,,,,,SI,X,,X,,,,,NO,,NO,,,,,,,,NO,,,,,,,,SI,3,,NO,,,,,,,NO,SI,5,SI,,X,,,,,,,X,X,X,X,X,X,,,,SI,SI,SI,NO,,,,X,,X,X,X,,,X,,,,SI,SI,1,SI,1,,,,,X,X,X,,,,X,X,,,,,,SI,NO,,SI,X,,,,,,SI,SI,SI,SI,SI,NO,SI,1,,,SI,NO,,//,NO,SI,NO,SI,NO,,,X,,,,,052,,SI,SI,SI,,X,,,,,,,,,,SI,,,X,,,,SI,X,,,,,B0,A1,1,040101,040001
0312017,0,068783,3AP,40320 NUESTRA SEÑORA DEL ROSARIO,HUANCARQUI,HUANCARQUI,NO,,,,,,,,NO,,,,SI,X,,,,X,,SI,X,,X,X,,,,SI,SI,SI,,,X,,,,,SI,,,X,,,,SI,NO,,,SI,X,,X,,,,SI,SI,5,SI,X,,,X,,,,,X,X,X,X,X,X,X,,,SI,SI,SI,SI,SI,3,X,X,,,,X,,,X,,X,,SI,SI,6,SI,2,,X,,X,,X,,,,X,X,,,,,,,SI,SI,3,SI,X,,,X,,,SI,SI,SI,SI,SI,SI,SI,0,,,SI,SI,1,12/9/2024,SI,SI,SI,SI,SI,,,X,,,,,16,45,SI,SI,NO,,,,,,,,,,,,NO,,,,,,,SI,X,,,,,B0,A1,2,040407,040005
0313080,0,071498,3AP,40428 VIRGEN DE FATIMA,CHUQUIBAMBA,CHUQUIBAMBA,NO,,,,,,,,SI,SI,,,SI,,,,,,X,SI,X,,,,,,,SI,SI,SI,,,X,,,,,SI,,,X,,,,NO,NO,,,SI,X,X,,,,,SI,SI,9,NO,,,,,,,NO,,X,X,X,,X,X,,,,SI,SI,SI,SI,SI,1,,X,,,,,,,X,X,X,X,SI,SI,9,SI,1,,,,,,,X,,,X,,X,X,X,,,,SI,SI,5,SI,,X,X,,,,SI,SI,SI,SI,SI,SI,SI,0,,,SI,NO,,//,SI,SI,NO,SI,SI,X,X,,,X,,,023,150,SI,SI,NO,,,,,,,,,,,,SI,X,X,X,,,,SI,X,,,,,B0,A1,1,040601,040007
0307413,0,057138,3AP,SAN JOSE DE AREQUIPA,AREQUIPA,AREQUIPA,NO,,,,,,,,SI,NO,4,NO APROBARON ALGUN CRITERIO DE EVALUACION,SI,,,,,,X,SI,X,,,,,,,NO,,NO,,,,,,,,SI,,X,X,,X,TE Y MAÑANA DE CONFRATERNIDAD,SI,SI,3,,SI,X,X,,,,,SI,SI,4,NO,,,,,,,NO,,X,,X,X,X,X,,,,SI,SI,SI,SI,SI,3,,X,,,,X,,,X,X,X,X,SI,SI,18,SI,8,X,X,X,,X,X,X,,,X,X,,X,,,,,NO,SI,502,SI,,X,,X,,,SI,SI,SI,SI,SI,SI,SI,3,,,SI,SI,4,22/8/2024,SI,SI,SI,SI,SI,X,,X,,,,,SN,SN,SI,NO,NO,,,,,,,,,,,,NO,,,,,,,NO,,,,,,B0,B4,1,040101,040001
0313254,0,071832,3AP,40445 SAN MARTIN DE PORRAS DE YANQUE,CHICHAS,YANQUE,NO,,,,,,,,SI,SI,,,SI,X,,,,,,SI,X,,,,,,,SI,SI,SI,,X,X,,,,,SI,,,X,,,,NO,NO,,,SI,,,,,X,CONTROL DE PESO,SI,SI,8,SI,X,,,,,,,,X,,,,X,,,,,SI,SI,SI,NO,,,,,,,,,X,REUNION CON PADRE DE FAMILIA,X,,,,SI,SI,1,SI,2,,,,,,,X,,,,,,,X,,,,SI,SI,3,SI,,,,X,,,SI,SI,SI,SI,SI,SI,SI,0,,,SI,NO,,//,NO,SI,SI,SI,SI,X,X,X,X,X,,,06-2025,003-2025,SI,SI,NO,,,,,,,,,,,,NO,,,,,,,NO,,,,,,B0,A1,2,040604,040007
1333731,0,836496,3AP,MADRE PEREGRINA SANTISIMA VIRGEN DE CHAPI,CERRO COLORADO,,NO,,,,,,,,SI,SI,,,NO,,,,,,X,SI,X,,,,,,,NO,,NO,,,,,,,,SI,,,X,,,,NO,NO,,,NO,,,,,,,SI,NO,9,NO,,,,,,,SI,2,X,X,X,X,,,,,,SI,SI,SI,SI,SI,1,X,X,,,,,,,X,,X,X,SI,SI,12,SI,5,,X,,,X,,,,,X,,,,,,,,SI,SI,30,SI,X,,,,,,SI,SI,SI,SI,SI,SI,SI,0,,,SI,NO,,//,SI,SI,SI,SI,SI,,,X,,,,,065,,SI,SI,NO,,,,,,,,,,,,NO,,,,,,,NO,,,,,,B0,B4,1,040104,040001
1342336,0,069495,3AP,NUESTRA SEÑORA DEL CARMEN,URACA,CORIRE,NO,,,,,,,,SI,NO,4,SE NECESITA DESDOBLAR LA SECCION,SI,X,,,,,,SI,X,,X,X,,,,NO,,SI,,,X,,,,,NO,,,,,,,,NO,,,SI,X,X,X,X,,,SI,SI,6,SI,,X,X,,,,,,X,X,X,X,X,X,X,,,NO,,,,,,X,,,X,X,X,,,X,X,X,X,SI,SI,28,SI,2,,X,X,,X,X,X,,,X,X,X,X,X,,,,SI,SI,12,SI,X,,,X,,,SI,SI,SI,SI,SI,NO,SI,0,,,SI,NO,,//,NO,SI,SI,SI,SI,,X,X,,X,,,10,11,SI,NO,,,,,,,,,,,,,NO,,,,,,,SI,X,,,,,B0,A4,1,040413,040005
0218792,0,063931,3AP,40073 VICTOR MANUEL PEROCHENA LUQUE,SANTA RITA DE SIGUAS,SANTA RITA DE SIGUAS,NO,,,,,,,,SI,SI,,,SI,,,,,,X,SI,,,,X,,,,NO,,SI,,,X,,,,,SI,X,X,X,X,,,SI,NO,,,SI,,X,X,,,,SI,SI,6,SI,X,,,,,,,,X,,X,X,X,X,,,,SI,SI,SI,SI,SI,1,X,X,X,,,,,,X,X,,,SI,SI,18,SI,1,,,,,,X,,,,X,X,,,,,,,SI,SI,3,SI,X,X,X,X,,,SI,SI,SI,SI,SI,SI,SI,0,,,SI,SI,3,12/5/2024,SI,SI,SI,SI,SI,,,,X,,,,,,,,NO,,,,,,,,,,,,NO,,,,,,,NO,,,,,,B0,A1,1,040121,040010
0307462,0,057077,3AP,DE LOS SAGRADOS CORAZONES,CERCADO,AREQUIPA,NO,,,,,,,,SI,NO,4,NO CUMPLEN LOS REQUISITOS DE LA IE,SI,X,,,X,,,SI,X,,X,,,,,NO,,NO,,,,,,,,SI,X,X,X,,,,SI,NO,,,SI,X,X,,,,,SI,NO,4,NO,,,,,,,SI,5,X,X,X,X,X,X,X,,,SI,SI,SI,SI,SI,4,X,X,X,,,X,,,X,X,X,X,SI,SI,12,SI,4,,X,,,X,X,X,,,X,X,X,X,X,,,,NO,SI,363,SI,X,X,X,X,,,SI,SI,SI,NO,SI,SI,SI,0,,,SI,NO,,//,NO,SI,SI,SI,SI,,,X,,X,,,,12-2024,SI,NO,NO,,,,,,,,,,,,NO,,,,,,,NO,,,,,,B0,B4,1,040101,040001
0312256,0,068306,3AP,40344,APLAO,ANDAMAYO,NO,,,,,,,,SI,SI,,,SI,X,,,,,,SI,,X,,,,,,NO,,NO,,,,,,,,NO,,,,,,,,NO,,,SI,X,,,,,,SI,NO,6,NO,,,,,,,,,,,,,,,,,,SI,SI,SI,NO,,,,,,X,,,,,,X,,,NO,SI,1,SI,1,,,,,X,X,,,,,X,,,,,,,SI,SI,2,SI,,,,,X,CHARLAS GRUPALES,SI,SI,SI,SI,SI,SI,SI,0,,,SI,NO,,//,NO,SI,SI,SI,SI,,,X,X,,,,X,004,NO,,NO,,,,,,,,,,,,NO,,,,,,,NO,,,,,,B0,A1,2,040401,040005
0311142,0,066500,3AP,40229 VIRGEN DE LA MEDALLA MILAGROSA,CAMANA,UCHUMAYO,NO,,,,,,,,SI,SI,,,SI,X,,,,,,SI,,,,X,,,,SI,SI,SI,,,X,,,,,SI,,X,,,,,SI,NO,,,SI,X,X,X,X,,,SI,SI,8,SI,X,X,X,,,,,,,,,X,X,X,,,,SI,SI,SI,SI,NO,,X,,X,X,,X,,,X,X,X,X,SI,SI,1,SI,2,,X,X,,X,,X,,,X,X,,X,X,,,,SI,SI,5,SI,,,X,X,,,SI,SI,SI,SI,SI,SI,SI,0,,,SI,NO,,//,SI,SI,SI,SI,SI,X,,,,X,,,,,,,,,,,,,,,,,,,SI,,X,,,,,SI,X,,,,,B0,A1,1,040201,040003
3029766,0,908676,3AP,40641,TIPAN,CHUPACRA,NO,,,,,,,,SI,SI,,,SI,,,,,X,,SI,,X,,,,,,NO,,NO,,,,,,,,SI,,X,X,,,,NO,NO,,,SI,X,,,,,,SI,SI,9,SI,,X,X,,,,,,X,,X,,X,X,,,,NO,,,,,,,,,,,,X,CHARLA DE PSICOLOGO A PPFF,X,,X,,NO,SI,1,SI,1,,,,,,X,,,,X,X,,,,,,,SI,SI,2,SI,,,X,,,,SI,SI,SI,SI,SI,NO,NO,,1,,SI,NO,,//,NO,SI,SI,SI,SI,,X,,,,,,,,,,NO,,,,,,,,,,,,NO,,,,,,,NO,,,,,,B0,A1,2,040411,040005
0313833,0,073058,3AP,40507,COTAHUASI,CACHANA,NO,,,,,,,,SI,SI,,,SI,X,,X,,,,SI,X,X,,,,,,SI,SI,SI,,,X,,,,,SI,X,X,X,X,,,SI,NO,,,SI,X,,X,X,,,SI,SI,9,SI,X,X,,,,,,,X,,X,X,,X,,,,SI,SI,SI,SI,SI,3,X,X,,X,,X,,,X,X,X,X,SI,SI,2,SI,2,X,X,X,,X,X,X,,,X,X,,X,,,,,SI,SI,4,SI,X,,,X,,,SI,SI,SI,SI,SI,SI,SI,0,,,SI,NO,,//,NO,SI,SI,SI,SI,X,X,X,X,X,,,014,012,SI,SI,SI,X,X,,,,,,,,X,X,SI,,X,,,,,SI,,X,,,,B0,A1,2,040801,040009
0219741,0,073044,3AP,40167 MARIA AUXILIADORA,COTAHUASI,COTAHUASI,NO,,,,,,,,SI,SI,,,SI,,,,X,,,SI,X,X,,,,,,NO,,NO,,,,,,,,SI,X,X,X,,,,SI,NO,,,SI,X,,,X,,,SI,SI,5,SI,,X,X,X,,,,,X,X,X,X,X,X,,,,SI,SI,SI,SI,SI,3,X,X,,X,,,,,X,X,,X,SI,SI,18,SI,2,X,X,,X,X,X,X,,,X,X,,X,,,,,SI,SI,5,SI,X,,,X,,,SI,SI,SI,SI,SI,SI,SI,1,,,SI,SI,6,27/5/2024,SI,SI,SI,SI,SI,,,X,,X,,,054,,SI,SI,NO,,,,,,,,,,,,NO,,,,,,,NO,,,,,,B0,A1,1,040801,040009
0313494,0,072068,3AP,40469,SALAMANCA,MAUCALLACTA,NO,,,,,,,,SI,SI,,,SI,,,,,,X,SI,,X,,,,,,SI,SI,NO,,,,,,,,SI,,X,X,,,,SI,NO,,,SI,X,,,,,,SI,SI,8,NO,,,,,,,,,X,,,,X,,,,,SI,SI,SI,SI,SI,1,,,,X,,,,,X,,,,SI,SI,1,SI,1,,X,,,,,,,,,X,,,X,,,,SI,NO,,SI,,X,,,,,SI,SI,SI,SI,SI,NO,NO,,5,NO HAY CASOS,SI,NO,,//,NO,SI,SI,SI,SI,,X,,,,,,04,07,NO,SI,NO,,,,,,,,,,,,SI,,X,,,,,SI,X,,,,,B0,A1,2,040607,040007
1334390,0,210908,3AP,AMERICO GARIBALDI,YANAHUARA,AREQUIPA,SI,SI,X,,,,,,SI,SI,,,SI,,,,,,X,SI,,,,,,X,,SI,SI,SI,,,X,,,,,SI,,X,X,X,,,NO,NO,,,SI,X,,X,,,,SI,SI,8,NO,,,,,,,NO,,X,X,X,X,X,X,X,,,SI,SI,SI,SI,NO,,X,,,X,,X,,,X,,X,X,SI,SI,6,SI,1,,,,,,X,,,,X,X,X,,X,,,,SI,SI,2,SI,X,X,,X,,,SI,SI,SI,SI,SI,NO,SI,0,,,SI,NO,,//,SI,SI,NO,SI,SI,,,X,,X,,,X,027,SI,SI,NO,,,,,,,,,,,,SI,,X,X,X,,,NO,,,,,,B0,B4,1,040126,040001
0220293,0,065355,3AP,40225,YARABAMBA,SAN ANTONIO,NO,,,,,,,,SI,SI,,,SI,X,,,,,,SI,X,,,,,,,SI,SI,SI,,,,X,,,,SI,X,X,X,,,,SI,NO,,,SI,X,,,,,,NO,NO,8,NO,,,,,,,,,X,X,,X,X,X,X,,,SI,SI,SI,SI,NO,,X,X,X,X,X,,,,X,,X,,SI,SI,1,SI,1,,X,X,,X,X,X,,,X,X,,X,,,,,SI,SI,8,SI,,,,X,,,SI,SI,SI,SI,SI,SI,SI,0,,,SI,NO,,//,NO,SI,SI,SI,NO,X,,X,,,,,0019,,SI,NO,SI,,X,,,,,,,,,X,NO,,,,,,,SI,,X,,,,B0,A1,2,040127,040002
0477570,0,072983,3AP,40506 EDUARDO LOPEZ DE ROMAÑA,PUNTA DE BOMBON,CATAS,NO,,,,,,,,SI,SI,,,SI,X,,,,,,SI,,,,,,X,,NO,,SI,,,,X,,,,SI,,,X,,,,SI,NO,,,SI,,,X,,,,SI,NO,8,SI,,,X,,,,NO,,X,,,,X,X,,,,SI,SI,NO,NO,,,X,,X,X,,X,,,X,X,X,X,SI,SI,1,SI,2,,X,,,X,X,X,,,,X,X,X,X,,,,SI,SI,5,SI,,,,X,,,SI,SI,SI,SI,SI,SI,SI,0,,,SI,NO,,//,NO,SI,SI,SI,SI,X,,,,X,,,,,,,NO,,,,,,,,,,,,SI,,X,,,,,NO,,,,,,B0,A1,2,040706,040008
0313320,0,071525,3AP,40452 VIRGEN DE CHAPI,CHUQUIBAMBA,CUYAY,NO,,,,,,,,NO,,,,SI,,,,,,X,SI,,,,,,X,,NO,,NS,,,,,,,,NO,,,,,,,,NO,,,SI,X,,X,,,,SI,NO,8,NO,,,,,,,,,X,,,,X,X,,,,SI,SI,SI,SI,NO,,,,X,,,X,,,,X,X,,SI,SI,1,SI,1,,X,,,X,X,,,,,X,,,X,,,,SI,SI,2,SI,,,X,,,,SI,SI,SI,SI,SI,SI,SI,0,,,SI,NO,,//,NO,NO,,SI,SI,X,,X,X,X,,,,013-2025,NO,,NO,,,,,,,,,,,,NO,,,,,,,NO,,,,,,B0,A1,2,040601,040007
1188200,0,072493,3AP,SAN VICENTE DE PAUL,MOLLENDO,MOLLENDO,NO,,,,,,,,SI,SI,,,SI,,,,X,,,SI,X,,,,X,,,NO,,NO,,,,,,,,SI,X,X,X,X,,,NO,NO,,,SI,,X,,,,,SI,NO,9,NO,,,,,,,SI,1,X,X,X,X,X,X,X,,,SI,SI,SI,SI,SI,3,X,X,X,X,,X,,,X,X,X,,SI,SI,12,SI,3,X,X,X,,X,X,X,,,X,X,,X,X,,,,SI,SI,10,SI,X,,,X,,,SI,SI,SI,SI,SI,SI,SI,0,,,SI,NO,,//,SI,SI,SI,SI,SI,,X,X,,X,,,75,,SI,SI,NO,,,,,,,,,,,,NO,,,,,,,NO,,,,,,B0,B2,1,040701,040008
0307389,0,643898,3AP,SAN FRANCISCO DE ASIS,MOLLENDO,,NO,,,,,,,,NO,,,,SI,X,,,,,,SI,X,,,,,,,NO,,NO,,,,,,,,SI,X,X,X,X,,,SI,NO,,,SI,X,X,X,X,,,SI,SI,7,NO,,,,,,,NO,,X,X,X,X,X,X,X,,,SI,SI,SI,SI,SI,4,X,X,X,X,,X,,,X,X,X,X,SI,SI,10,SI,1,,,,,,X,,,,X,X,X,X,X,,,,SI,SI,30,SI,X,X,,,,,SI,SI,SI,SI,SI,SI,SI,0,,,NO,,,//,SI,SI,SI,SI,SI,X,,X,,X,,,,027/11/2025,SI,SI,NO,,,,,,,,,,,,NO,,,,,,,NO,,,,,,B0,B2,1,040701,040008
0314070,0,073789,3AP,40531 HONOFRE BENAVIDES,TOMEPAMPA,TOMEPAMPA,SI,SI,,X,,,,,SI,SI,,,SI,X,,,,,,SI,X,,,X,,,,NO,,SI,X,,X,,,,,SI,X,X,X,,,,SI,NO,,,SI,X,,X,,,,SI,SI,9,SI,,X,,X,,,,,X,X,X,X,X,X,,,,SI,SI,SI,SI,SI,4,,X,,X,,X,,,X,X,X,X,SI,SI,6,SI,1,,,,,,X,,,,X,X,X,X,X,,,,SI,SI,20,SI,X,,,X,,,SI,SI,SI,SI,SI,SI,SI,1,,,SI,SI,3,11/11/2024,NO,SI,SI,SI,SI,X,X,X,X,X,,,078,,SI,SI,SI,,X,,,,,,,X,,,SI,,,X,,,,SI,,X,,,,B0,A1,2,040810,040009
0312389,0,069315,3AP,40357,URACA,TORAN,NO,,,,,,,,NO,,,,SI,X,,,,,,SI,,X,X,,,,,SI,SI,SI,,,X,,,,,SI,,,X,X,,,NO,NO,,,SI,X,,X,,,,SI,SI,8,SI,,X,,,,,NO,,,,,,,,,,,SI,SI,SI,SI,SI,3,,X,X,,,X,,,X,X,X,,SI,SI,1,SI,4,X,X,,,X,X,X,,,X,X,X,,X,,,,SI,SI,4,SI,,,,X,,,SI,SI,SI,SI,SI,SI,SI,0,,,SI,NO,,//,NO,SI,SI,SI,SI,,X,,,X,,,,,NO,,NO,,,,,,,,,,,,NO,,,,,,,NO,,,,,,B0,A1,2,040413,040005
0312546,0,078587,3AP,40373,VIRACO,COSTURO,NO,,,,,,,,NO,,,,SI,X,,,X,X,,SI,X,,X,,,,,NO,,NS,,,,,,,,SI,,X,X,X,,,SI,NO,,,SI,X,,X,,,,SI,SI,8,SI,,X,X,,,,,,X,,,,X,X,,,,SI,SI,SI,NO,,,X,,,,,X,,,X,,X,X,SI,SI,1,SI,3,,X,,X,,X,,,,X,,X,X,,,,,SI,SI,5,NO,,,X,,,,SI,SI,SI,SI,SI,NO,NO,,3,,NO,,,//,NO,SI,SI,SI,SI,,,,X,,,,,,,,NO,,,,,,,,,,,,SI,,X,,,,,SI,,,X,,,B0,A1,2,040414,040005
0844274,0,069037,3AP,40650,ORCOPAMPA,CONDOYHUAYCO,NO,,,,,,,,NO,,,,SI,,,,,,X,SI,,,X,,,,,NO,,SI,,,X,,,,,SI,,,X,X,,,SI,NO,,,SI,X,,,,,,NO,NO,8,NO,,,,,,,,,X,X,X,X,X,,,,,SI,SI,SI,SI,SI,1,,,,X,,,,,X,X,X,,SI,SI,1,SI,2,,,X,,X,,,,,X,X,,,X,,,,SI,SI,1,SI,,,,X,,,SI,SI,SI,SI,SI,NO,NO,,1,,SI,NO,,//,NO,NO,,SI,NO,,,X,,X,,,013,,NO,,NO,,,,,,,,,,,,SI,,X,X,X,,,NO,,,,,,B0,A1,2,040409,040005
0639187,0,069589,3AP,40576,VIRACO,UNRO,NO,,,,,,,,NO,,,,SI,X,,,,,,SI,,,,,,X,,SI,SI,SI,,,X,,,,,SI,,X,X,X,,,NO,NO,,,SI,X,,,,,,SI,NO,3,NO,,,,,,,,,X,,X,X,X,X,,,,SI,SI,SI,SI,SI,1,X,X,,,,,,,X,X,X,X,NO,SI,1,SI,1,,X,,,X,X,X,,,,X,,,,,,,SI,NO,,SI,X,,,,,,SI,SI,SI,SI,SI,NO,SI,0,,,SI,NO,,//,NO,SI,SI,SI,SI,X,,,,,,,,,,,,,,,,,,,,,,,SI,,X,,,,,NO,,,,,,B0,A1,2,040414,040005
1337732,0,550498,3AP,EDWIN ALEXANDER,MARIANO MELGAR,AREQUIPA,NO,,,,,,,,SI,SI,,,SI,X,,,X,X,,SI,X,X,,,X,,,NO,,NO,,,,,,,,SI,X,X,X,X,X,PLAN LECTOR,SI,SI,14,,SI,X,,X,,X,CHARLAS INFORMATIVAS,SI,SI,8,SI,X,X,X,,,,NO,,X,X,X,X,X,X,X,,,SI,SI,SI,SI,SI,3,,X,X,,,X,,,X,X,X,X,SI,SI,6,SI,3,,X,,,,X,,,,X,X,,X,,,,,SI,SI,12,SI,X,X,,X,,,SI,SI,SI,SI,SI,SI,SI,0,,,SI,NO,,//,SI,SI,SI,SI,SI,,,X,,,,,,090,SI,NO,SI,,X,,,,X,,,,,X,SI,,,X,,,,SI,X,,,,,B0,B4,1,040109,040002
1343508,0,574178,3AP,GREGORY MENDEL,MAJES,EL PEDREGAL,NO,,,,,,,,SI,SI,,,SI,,,,X,X,,SI,X,X,,,X,,,SI,SI,SI,,,X,,,,,SI,,X,X,X,,,SI,NO,,,SI,X,,,,,,SI,SI,8,SI,X,,,,,,NO,,X,X,X,X,,X,X,,,SI,SI,SI,SI,SI,3,X,X,,X,,X,,,X,,X,X,SI,SI,1,NO,,,X,,,,,,,,,X,,,,,,,SI,SI,6,SI,X,X,,X,,,SI,SI,SI,SI,SI,SI,SI,0,,,SI,NO,,//,SI,SI,SI,SI,SI,,,X,X,X,,,095-2024,,SI,NO,SI,,,X,,,,,,,,X,SI,,X,X,X,,,SI,,,X,,,B0,B4,1,040520,040010
0287623,0,055511,3AP,41019 REPUBLICA DE VENEZUELA,AREQUIPA,AREQUIPA,NO,,,,,,,,SI,SI,,,SI,X,,,,,,SI,X,,X,,,,,NO,,NO,,,,,,,,SI,,X,X,,,,NO,NO,,,SI,X,,,,,,SI,SI,6,SI,X,X,,X,,,,,X,,X,X,X,X,X,,,SI,SI,SI,SI,SI,10,X,X,,X,X,X,,,X,X,X,X,SI,SI,15,SI,2,X,,X,,X,X,,,,X,X,,X,X,,,,SI,NO,,SI,X,X,,X,,,SI,SI,SI,SI,SI,SI,SI,0,,,SI,SI,1,5/6/2024,NO,SI,SI,SI,SI,X,,,,,,,,,,,,,,,,,,,,,,,NO,,,,,,,NO,,,,,,B0,A1,1,040101,040001
0313072,0,071484,3AP,40427,CHUQUIBAMBA,CARMEN ALTO,NO,,,,,,,,NO,,,,SI,X,,,,,,SI,X,,,,,,,NO,,SI,,,X,,,,,SI,,X,X,X,,,NO,NO,,,SI,X,X,,,,,NO,SI,3,NO,,,,,,,,,X,X,X,X,X,X,,,,SI,SI,SI,SI,NO,,,X,,,,,,,X,X,X,X,NO,SI,1,SI,3,,X,X,,X,X,X,,,X,X,,,X,,,,SI,SI,10,SI,X,,,,,,SI,SI,SI,SI,SI,SI,SI,0,,,SI,NO,,//,NO,SI,SI,SI,SI,,,,X,,,,,,,,NO,,,,,,,,,,,,SI,,X,X,X,,,SI,X,,,,,B0,A1,2,040601,040007
1773266,0,843798,3AP,SAINT MICHAEL THE ARCHANGEL,DEAN VALDIVIA,EL ARENAL,NO,,,,,,,,SI,SI,,,SI,X,X,,X,,,SI,,,,,,X,,NO,,NO,,,,,,,,SI,,X,X,,,,NO,NO,,,SI,X,,,,,,SI,NO,8,NO,,,,,,,NO,,X,X,X,X,,,,,,SI,SI,SI,SI,NO,,X,X,,X,,X,,,X,X,X,,SI,SI,1,SI,2,,X,,,,,X,,,X,X,X,X,X,,,,SI,SI,30,SI,X,X,,X,,,SI,SI,SI,SI,SI,SI,SI,0,,,SI,NO,,//,SI,SI,SI,SI,SI,,,,,X,,,,,,,,,,,,,,,,,,,NO,,,,,,,SI,,,X,,,B0,B4,1,040703,040008
1577618,0,866624,3AP,SANTA RAFAELA,MARIANO MELGAR,MARIANO MELGAR,SI,SI,X,,,X,,,SI,NO,4,NO CUBRIMOS LA METAS DE ATENCIÓN EN ALGUNAS AULAS,SI,X,X,,X,X,,SI,X,X,,X,,,,SI,SI,SI,,,X,,,,,SI,X,X,X,X,,,SI,NO,,,SI,X,,X,,,,SI,,6,SI,,X,,X,,,NO,,,X,,,,,,,,SI,SI,SI,SI,SI,1,X,X,X,X,X,X,,,X,X,X,X,,SI,6,SI,3,,X,,X,,X,X,,,X,X,X,X,,,,,SI,SI,10,SI,X,X,,,,,SI,SI,SI,SI,SI,SI,SI,0,,,SI,NO,,//,SI,SI,SI,SI,SI,X,,X,X,X,,,6,2,SI,SI,NO,,,,,,,,,,,,NO,,,,,,,NO,,,,,,B0,B4,1,040109,040002
0313643,0,072799,3AP,40484 VIRGEN DE FATIMA,DEAN VALDIVIA,LA CURVA,NO,,,,,,,,SI,SI,,,SI,X,,,X,X,,SI,X,X,,X,X,,,SI,SI,SI,,,X,,,,,SI,,,X,,X,DIA FAMILIAR,SI,NO,,,SI,X,,X,,X,CHARLAS,SI,SI,5,SI,X,X,,X,X,INVOLUCRAMIENTO CON AUTORIDADES ALIADAS,,,X,X,X,X,X,X,,,,SI,SI,SI,SI,SI,4,,X,,X,X,,,,X,,X,,SI,SI,12,SI,2,X,X,,,X,X,,,,X,X,X,X,X,,,,SI,SI,12,SI,,X,,X,,,SI,SI,SI,SI,SI,SI,SI,0,,,SI,NO,,//,NO,SI,SI,SI,SI,,,X,,X,X,POLICIAS ESCOLARES,027,,SI,SI,SI,,,,,X,,,,,,X,SI,,,X,,,,NO,,,,,,B0,A1,1,040703,040008
0220285,0,073529,3AP,40224,PUYCA,ANEXO OCORURO,NO,,,,,,,,SI,SI,,,SI,,,,,,X,SI,X,X,,,,,,NO,,NO,,,,,,,,SI,,,X,,,,NO,NO,,,NO,,,,,,,NO,NO,8,NO,,,,,,,,,X,X,X,,,,,,,SI,SI,NO,SI,SI,3,X,X,,,,,,,X,X,X,,NO,SI,3,SI,1,,X,,,,,,,,,X,X,,,,,,SI,NO,,SI,,,X,X,,,SI,SI,SI,SI,SI,SI,SI,0,,,SI,NO,,//,NO,SI,SI,SI,NO,X,,X,,X,,,,,SI,SI,NO,,,,,,,,,,,,NO,,,,,,,NO,,,,,,B0,A1,2,040806,040009
0312108,0,069198,3AP,CESAR DURAN LAZARTE,TIPAN,TIPAN,NO,,,,,,,,SI,SI,,,SI,X,,,,,,SI,,,,,,X,,SI,SI,SI,,,X,,,,,SI,,,X,,,,SI,NO,,,SI,X,,X,,,,SI,SI,8,SI,,X,X,,,,,,X,X,X,X,X,X,,,,SI,SI,SI,SI,SI,2,,X,,,,X,,,X,,X,,SI,SI,2,SI,2,,X,,X,X,X,X,,,X,X,X,,X,,,,SI,SI,8,SI,X,,,X,,,SI,SI,SI,SI,SI,SI,SI,0,,,SI,NO,,//,NO,SI,SI,SI,SI,X,,X,X,X,,,011,,SI,SI,SI,,X,,,,,,,,,X,SI,,X,X,,,,SI,,X,,,,B0,A1,2,040411,040005
0477604,0,062903,3AP,NUESTRA SEÑORA DE LOURDES,PAUCARPATA,PJ MIGUEL GRAU,NO,,,,,,,,SI,SI,,,SI,X,,,,,,SI,X,,,,X,,,SI,SI,SI,,,X,,,,,SI,,X,X,,,,NO,NO,,,SI,X,X,X,,,,SI,NO,5,SI,X,X,,,,,,,X,X,X,X,X,X,X,,,SI,SI,SI,SI,SI,8,X,X,X,,X,X,,,X,X,X,X,SI,SI,12,SI,1,,,,,X,X,X,,,X,X,X,,X,,,,SI,SI,18,SI,X,X,,X,,,SI,SI,SI,SI,SI,NO,SI,0,,,SI,NO,,//,SI,SI,SI,SI,SI,X,,X,,X,,,,041-2025,SI,SI,SI,,X,,,,,,,,X,,SI,,X,,,,,NO,,,,,,B0,A4,1,040112,040002
1339449,0,551308,3AP,SAN PABLO DE TARSO,JACOBO HUNTER,HUNTER,NO,,,,,,,,NO,,,,SI,,,,,,X,SI,,,,,,X,,NO,,NO,,,,,,,,SI,,,X,,,,NO,NO,,,SI,X,,,,,,SI,SI,6,NO,,,,,,,NO,,,,,,,,,,,SI,SI,SI,NO,,,,,,X,,,,,X,,,,SI,NO,,NO,,,X,,,,,,,,X,X,,,,,,,SI,SI,5,SI,X,,,,,,SI,SI,SI,NO,SI,SI,SI,0,,,SI,NO,,//,SI,SI,SI,SI,SI,,,X,,,,,029,00125,SI,NO,NO,,,,,,,,,,,,NO,,,,,,,NO,,,,,,B0,B4,1,040107,040002
1574029,0,856291,3AP,TORRE FUERTE,JOSE LUIS BUSTAMANTE Y RIVERO,SIMON BOLIVAR,NO,,,,,,,,SI,SI,,,SI,,,X,X,,,SI,X,,,,,,,NO,,NO,,,,,,,,SI,,X,X,,,,SI,NO,,,SI,X,,,,,,SI,SI,9,SI,X,X,,,,,NO,,X,X,X,,X,X,X,,,SI,SI,SI,SI,SI,4,X,X,,X,,X,,,X,X,,X,SI,SI,10,SI,1,X,X,,,X,,X,,,X,,X,,,,,,SI,SI,3,SI,X,,,,,,SI,SI,SI,SI,SI,SI,SI,0,,,SI,NO,,//,NO,SI,SI,SI,SI,,,X,,,,,,032,SI,NO,NO,,,,,,,,,,,,NO,,,,,,,NO,,,,,,B0,B4,1,040129,040002
0226795,0,064959,3AP,40039 SANTA MARIA,YANAHUARA,YANAHUARA,SI,NO,,,,,,,SI,SI,,,SI,X,,,X,,,SI,X,,,,,,,NO,,NO,,,,,,,,SI,,X,X,,X,ESCUELA DE PADRES,SI,SI,6,0,SI,,,,,X,VACUNACION,SI,SI,8,SI,X,X,X,X,,,,,X,X,X,X,X,X,X,,,SI,SI,SI,SI,SI,4,,X,,X,X,,,,X,X,X,X,SI,SI,6,SI,2,,,X,,X,X,X,,,X,X,X,X,X,,,,SI,SI,10,SI,X,,,X,,,SI,SI,SI,SI,SI,SI,SI,2,,,SI,SI,1,24/4/2024,SI,SI,SI,SI,SI,,,X,X,X,,,015-2025,X,SI,SI,SI,,,,,,X,,,,X,X,SI,,,,,X,ATENCION ACTIVA Y CONCIENTE POR LO QUE OTRA PERSONA NOS ESTA COMUNICANDO,SI,X,,,,,B0,A1,1,040126,040001
1673078,0,729383,3AP,JOSE MARIA ARGUEDAS,CERRO COLORADO,PEQUEÑOS ARTESANO ZONA B,NO,,,,,,,,SI,SI,,,SI,X,,,,,,SI,X,,,,,,,SI,SI,SI,,,X,,,,,SI,X,X,X,,,,SI,NO,,,SI,X,X,,,,,SI,SI,8,SI,,X,,,,,,,X,X,X,X,X,X,,,,SI,SI,SI,SI,SI,1,,X,,X,,,,,X,X,X,,SI,SI,6,SI,3,X,,,X,,X,,,,X,X,,X,,,,,SI,SI,5,SI,X,X,X,,,,SI,SI,SI,SI,NO,,NO,,4,,SI,NO,,//,NO,SI,SI,SI,SI,X,X,X,,X,,,76,123,SI,SI,NO,,,,,,,,,,,,NO,,,,,,,NO,,,,,,B0,A1,1,040104,040001
1278498,0,546576,3AP,JOYCE,AREQUIPA,AREQUIPA,NO,,,,,,,,SI,SI,,,SI,X,,,,,,SI,X,,,,,,,NO,,NO,,,,,,,,SI,,X,X,,,,SI,NO,,,NO,,,,,,,SI,NO,2,SI,,X,,,,,NO,,X,X,X,,X,X,X,,,SI,SI,SI,SI,SI,2,X,X,,X,,,,,X,,,,SI,SI,1,SI,3,,X,X,,X,X,X,,,,X,X,,X,,,,SI,NO,,SI,X,,X,,,,SI,SI,SI,SI,SI,SI,SI,0,,,SI,NO,,//,NO,SI,SI,SI,SI,,X,,,,,,,,,,,,,,,,,,,,,,NO,,,,,,,SI,X,,,,,B0,B4,1,040101,040001
0311688,0,067415,3AP,40286,ACARI,HUARATO,NO,,,,,,,,SI,SI,,,SI,X,,,,X,,SI,,,,,,X,,NO,,NO,,,,,,,,SI,,X,X,,,,NO,NO,,,SI,,,,,X,VACUNACION,SI,NO,3,SI,,,,,X,VACUNAS,,,X,,,,X,X,,,,SI,SI,SI,SI,SI,2,X,,,X,,,,,X,,X,,SI,SI,1,SI,3,,X,,,X,X,,,,,X,,X,X,,,,SI,SI,3,SI,,,,,X,IE UNIDOCENTE,SI,SI,SI,SI,SI,SI,SI,0,,,SI,NO,,//,NO,SI,SI,SI,SI,,X,X,,,,,06,,SI,SI,SI,,,,,,,,,,X,,SI,,X,,,,,SI,X,,,,,B0,A1,2,040302,040004
0313478,0,071974,3AP,40467,RIO GRANDE,LA CAPILLA,NO,,,,,,,,SI,SI,,,SI,X,,,,,,SI,,,,X,,,,NO,,NO,,,,,,,,SI,X,,X,,,,NO,NO,,,NO,,,,,,,SI,NO,3,SI,,X,,,,,,,,,,,,,,,,SI,SI,SI,NO,,,X,,,,,,,,X,,X,,NO,SI,2,SI,2,,X,,,,X,,,,,X,X,,,,,,SI,NO,,SI,,,X,,,,SI,SI,SI,SI,SI,SI,SI,0,,,NO,,,//,SI,SI,SI,SI,NO,,,,,X,,,,,,,,,,,,,,,,,,,SI,,,,X,,,NO,,,,,,B0,A1,2,040606,040007
1030402,0,057044,3AP,ALAS PERUANAS,AREQUIPA,AREQUIPA,NO,,,,,,,,SI,SI,,,SI,,,,X,,,SI,X,,,,,,,NO,,NO,,,,,,,,SI,,X,X,,,,NO,NO,,,SI,,,,,X,VACUNACION,SI,NO,6,NO,,,,,,,NO,,X,X,X,X,X,X,X,,,SI,SI,SI,SI,NO,,X,,X,X,,,,,X,,,,SI,SI,6,SI,7,,X,,,X,X,X,,,X,X,X,X,,,,,NO,SI,3,SI,X,,,X,,,SI,SI,SI,NO,SI,SI,SI,0,,,SI,NO,,//,SI,SI,SI,SI,SI,,,X,,,,,059,42,SI,SI,NO,,,,,,,,,,,,NO,,,,,,,NO,,,,,,B0,B4,1,040101,040001
1726975,0,758993,3AP,LAS GARDENIAS,MAJES,,NO,,,,,,,,SI,SI,,,SI,X,,,,,,SI,X,,,,,,,SI,SI,SI,,,X,,,,,SI,,X,X,,,,SI,NO,,,SI,X,,X,,,,SI,SI,3,SI,X,,,X,,,,,X,,X,,X,X,,,,SI,SI,SI,SI,SI,2,,X,,X,,,,,X,X,X,,SI,SI,3,SI,2,X,X,,,,X,,,,X,X,,,X,,,,SI,SI,2,SI,,X,,,,,SI,SI,SI,SI,SI,NO,NO,,4,,SI,NO,,//,SI,SI,SI,SI,NO,,,X,X,X,,,RD 052-2025,017-2025,SI,NO,NO,,,,,,,,,,,,NO,,,,,,,NO,,,,,,B0,A1,1,040520,040010
0218693,0,060796,3AP,40063,LA JOYA,CERRITO BUENA VISTA,SI,SI,,X,,,,,SI,SI,,,SI,X,,,,,,SI,,X,X,X,,,,SI,SI,SI,,,X,,,,,SI,,X,X,,,,SI,NO,,,SI,X,,X,,,,SI,SI,3,SI,X,X,X,X,,,,,X,X,X,X,X,X,,,,SI,SI,SI,SI,SI,3,X,X,,X,,,,,X,X,X,,SI,SI,6,SI,2,X,X,X,X,,X,X,,,,X,,X,,,,,SI,SI,3,SI,X,,,X,,,SI,SI,SI,SI,SI,SI,SI,0,,,SI,NO,,//,SI,SI,SI,SI,SI,X,X,X,,,,,053-2024,106-2024,SI,SI,SI,,,,,,,,,,,X,SI,,X,,,,,SI,,X,,,,B0,A1,2,040108,040010
1333673,0,850760,3AP,BRYCE S.A.C.,AREQUIPA,AREQUIPA,NO,,,,,,,,SI,SI,,,SI,,,,X,,,SI,X,,,,,,,NO,,SI,,X,,,,,,NO,,,,,,,,NO,,,NO,,,,,,,SI,NO,1,NO,,,,,,,NO,,,,,,,,,,,SI,SI,SI,NO,,,X,,,,,,,,X,,X,,NO,SI,8,SI,1,,,X,,,,,,,,X,,,X,,,,SI,SI,5,SI,X,,,,,,SI,SI,SI,NO,SI,SI,SI,0,,,SI,NO,,//,NO,SI,NO,SI,SI,,,X,,,,,48-11-24,54,NO,,NO,,,,,,,,,,,,NO,,,,,,,NO,,,,,,B0,B4,1,040101,040001
3008083,0,902085,3AP,ANGELES DEL SUR,CERRO COLORADO,APIPA,NO,,,,,,,,NO,,,,SI,,,,X,,,SI,X,,,,,,,NO,,NO,,,,,,,,SI,,,X,,,,SI,SI,1,0,NO,,,,,,,SI,NO,6,NO,,,,,,,NO,,X,,X,,,,,,,SI,SI,SI,SI,SI,1,X,,,,,,,,X,,,,SI,SI,2,SI,1,,,,X,,,,,,,X,,,,,,,SI,SI,2,SI,,X,,,,,SI,SI,SI,SI,SI,NO,NO,,2,,NO,,,//,SI,SI,NO,SI,SI,,,,X,,,,,,,,NO,,,,,,,,,,,,SI,,X,,,,,NO,,,,,,B0,B4,1,040104,040001
0311258,0,066939,3AP,40240 LUZ A. CARNERO DONGO,OCOÑA,OCOÑA,NO,,,,,,,,SI,SI,,,SI,X,X,,,X,,SI,X,X,,,,,,SI,SI,SI,,,X,,,,,SI,,X,,,X,ESCUELA DE PADRES,SI,NO,,,SI,X,,X,X,,,SI,SI,9,SI,,,,X,,,,,X,X,X,X,X,X,,,,SI,SI,SI,SI,NO,,,X,,,,,,,X,,,X,SI,SI,9,SI,2,,,,,,X,,,,X,X,,,,,,,SI,SI,2,SI,,,X,X,,,SI,SI,SI,SI,SI,SI,SI,1,,,SI,NO,,//,NO,SI,SI,SI,SI,,,X,,X,,,024,024,SI,SI,NO,,,,,,,,,,,,NO,,,,,,,NO,,,,,,B0,A1,2,040206,040003
0312322,0,068660,3AP,40351,CHILCAYMARCA,CHAPACOCO,NO,,,,,,,,SI,SI,,,SI,,,,,,X,SI,X,,,,,,,NO,,SI,,,X,,,,,SI,,,,X,,,SI,NO,,,SI,X,,X,,,,SI,NO,7,NO,,,,,,,,,X,,,,X,,,,,SI,SI,SI,SI,SI,1,,,,X,,X,,,X,,X,,SI,SI,1,SI,1,,X,,,X,X,X,,,X,,,,X,,,,SI,SI,2,SI,,,,X,X,LA DOCENTE DIRECTOR PORQUE LA IIEE ES UNIDOCENTE,SI,SI,SI,SI,SI,NO,SI,0,,,SI,NO,,//,NO,SI,SI,SI,SI,,X,X,X,,,,030-2025,,SI,SI,SI,,X,,,,,,,,X,,NO,,,,,,,SI,X,,,,,B0,A1,2,040405,040005
0314344,0,073708,3AP,40558,QUECHUALLA,VELINGA,NO,,,,,,,,SI,SI,,,SI,X,,,X,,,SI,X,X,,,,,,SI,SI,SI,,,,X,,,,SI,X,X,X,X,,,NO,NO,,,SI,X,X,,,,,SI,SI,8,NO,,,,,,,,,X,,X,,X,X,,,,NO,,,,,,X,,,X,,,,,X,,X,X,SI,SI,1,SI,1,,,,,,X,,,,X,X,,X,,,,,SI,SI,1,SI,,,,X,,,SI,SI,SI,SI,SI,SI,SI,0,,,NO,,,//,NO,SI,SI,SI,NO,,X,,,,,,,,,,,,,,,,,,,,,,SI,,X,,,,,NO,,,,,,B0,A1,2,040807,040009
1270933,0,550276,3AP,SANTIAGO ANTUNEZ DE MAYOLO,MARIANO MELGAR,,NO,,,,,,,,NO,,,,SI,,,,,,X,SI,X,,,X,,,,SI,SI,SI,,,X,,,,,SI,X,X,X,,,,SI,NO,,,SI,X,X,X,X,,,SI,SI,5,SI,X,,,,,,NO,,X,X,X,X,X,X,X,,,SI,SI,SI,SI,SI,3,X,,,,X,,,,,X,,,SI,SI,3,SI,2,X,X,X,X,X,,X,,,X,,X,X,X,,,,SI,SI,4,SI,X,,X,X,,,SI,SI,SI,SI,SI,SI,SI,0,,,SI,NO,,//,SI,SI,SI,SI,SI,,,,X,,,,,,,,SI,,,X,,,,,,,X,,SI,X,,,,,,SI,X,,,,,B0,B4,1,040109,040002
0287508,0,065671,3AP,7 DE AGOSTO,JOSE LUIS BUSTAMANTE Y RIV ERO,065672,NO,,,,,,,,SI,SI,,,SI,,,,X,,,SI,X,,,,,,,SI,SI,SI,,,X,,,,,SI,,X,X,,,,NO,NO,,,SI,X,,,,,,SI,SI,5,SI,,,,X,,,,,X,X,X,X,X,X,X,,,SI,SI,SI,SI,SI,4,X,,X,X,X,X,,,X,X,X,X,SI,SI,8,SI,2,X,X,,,,,,,,X,X,X,X,X,,,,SI,SI,8,SI,,X,,X,,,SI,SI,NO,SI,SI,SI,SI,1,,,SI,SI,1,10/6/2024,SI,SI,NO,SI,SI,X,X,X,,X,,,28,,SI,SI,NO,,,,,,,,,,,,NO,,,,,,,NO,,,,,,B0,A2,1,040129,040002
0310292,0,071554,3AP,41045 CORAZON DE JESUS,CHUQUIBAMBA,CHUQUIBAMBA,NO,,,,,,,,SI,SI,,,SI,X,X,X,X,X,,SI,X,,,X,,,,NO,,NO,,,,,,,,SI,X,X,X,X,,,SI,NO,,,SI,X,,X,,,,SI,SI,9,SI,X,X,X,X,,,,,X,X,X,X,X,X,,,,SI,SI,SI,SI,SI,4,,X,X,X,X,,,,X,X,X,,SI,SI,12,SI,3,X,X,X,X,X,X,,,,,X,X,X,X,,,,NO,SI,2,SI,X,,,X,,,SI,SI,SI,SI,SI,SI,SI,0,,,SI,NO,,//,NO,SI,SI,SI,NO,,,X,X,X,,,036,,SI,NO,NO,,,,,,,,,,,,SI,,X,X,X,,,SI,X,X,,,,B0,A1,1,040601,040007
1116854,0,350908,3AP,40670 EL EDEN FE Y ALEGRIA 51,CERRO COLORADO,,NO,,,,,,,,SI,NO,1,,SI,X,,X,,,,SI,X,,X,,,,,SI,SI,SI,,,X,,,,,SI,,X,,,,,SI,SI,4,0,SI,X,X,,,,,SI,SI,5,SI,,X,,X,,,,,X,X,X,,,,X,,,SI,SI,SI,SI,SI,3,X,X,,X,,,,,X,X,X,,SI,SI,20,SI,2,X,X,,,,,,,,X,X,,,,,,,SI,SI,2,SI,X,X,,X,,,SI,SI,SI,SI,SI,SI,SI,0,,,SI,NO,,//,SI,SI,SI,SI,SI,,,X,,X,,,114-2025,,SI,NO,NO,,,,,,,,,,,,SI,,X,,X,,,SI,X,,,,,B0,A4,1,040104,040001
0314211,0,073341,3AP,40545,HUAYNACOTAS,PIRAMARCA,SI,SI,,,,,X,VACACIONES Y FERIADOS,NO,,,,SI,,,,,,X,SI,,,,,,X,,NO,,NO,,,,,,,,NO,,,,,,,,NO,,,SI,X,,,,,,NO,NO,8,NO,,,,,,,,,X,X,,,X,X,,,,SI,SI,SI,SI,NO,,X,,,X,,,,,X,,,,NO,SI,1,NO,,,,,,,,X,,,,,,,X,,,,SI,NO,,SI,,,,,X,ACCIÓN DE TUTORIA,SI,SI,SI,SI,SI,SI,SI,0,,,SI,NO,,//,NO,NO,,SI,NO,,X,,,,,,,,,,NO,,,,,,,,,,,,NO,,,,,,,NO,,,,,,B0,A1,2,040804,040009
1607241,0,546821,3AP,ANGELES EN EL PARAISO,MAJES,PEDREGAL,NO,,,,,,,,NO,,,,SI,,,,,,X,NO,,,,,,X,,NO,,NO,,,,,,,,SI,,X,,,,,SI,NO,,,NO,,,,,,,SI,NO,9,NO,,,,,,,NO,,,,,,,,,,,NO,,,,,,X,,,,,,,,,X,,,SI,NO,,SI,1,,,X,,,,,,,,X,,,,,,,NO,NO,,NO,X,,,,,,NO,,,,NO,,SI,0,,,NO,,,//,NO,SI,SI,SI,NO,,,,X,,,,,,,,NO,,,,,,,,,,,,NO,,,,,,,NO,,,,,,B0,B4,1,040520,040010
0314245,0,073548,3AP,40548 SANTA ROSA DE LIMA,PUYCA,CUSPA,SI,SI,,,,X,,,NO,,,,SI,X,X,,,,,SI,X,,,,,,,NO,,SI,,,X,,,,,SI,,,X,,,,NO,NO,,,NO,,,,,,,NO,NO,9,NO,,,,,,,,,X,,,,X,,,,,SI,SI,NO,SI,NO,,,,,X,,,,,X,,X,X,NO,SI,1,SI,1,,X,,,,,,,,,X,,,,,,,SI,SI,2,SI,,X,,,,,SI,SI,SI,SI,SI,NO,SI,0,,,NO,,,//,NO,SI,NO,SI,NO,,,,X,,,,,,,,NO,,,,,,,,,,,,NO,,,,,,,NO,,,,,,B0,A1,2,040806,040009
1030758,0,066147,3AP,MADRE SANTA BEATRIZ,JOSE LUIS BUSTAMANTE Y RIVERO,AREQUIPA,SI,SI,,,,,X,HORAS ADICIONALES,SI,SI,,,SI,X,,,,,,SI,X,,,,X,,,NO,,NO,,,,,,,,SI,,,X,,,,SI,NO,,,SI,X,,,,,,NO,NO,7,NO,,,,,,,NO,,X,X,X,X,X,X,X,,,SI,SI,SI,SI,SI,3,,X,,,,X,,,X,,,,NO,SI,8,SI,1,,,,,,,X,,,X,X,,,X,,,,SI,SI,14,SI,X,,X,,,,SI,SI,SI,SI,SI,SI,SI,1,,,SI,SI,1,21/6/2024,NO,SI,SI,SI,SI,,,X,,X,,,002,,NO,,NO,,,,,,,,,,,,NO,,,,,,,NO,,,,,,B0,B4,1,040129,040002
1371491,0,061710,3AP,LICEO BLASTE MARIA,MARIANO MELGAR,SAN LORENZO,NO,,,,,,,,NO,,,,SI,,X,,,,,SI,X,,,,,,,NO,,NO,,,,,,,,SI,,,X,,,,NO,NO,,,SI,X,,,,,,SI,NO,9,NO,,,,,,,NO,,X,,X,,,,,,,SI,SI,SI,SI,SI,2,,X,,,,,,,X,,X,,NO,SI,1,SI,1,,,,,,X,,,,,X,,,,,,,NO,NO,,SI,,X,,,,,SI,SI,SI,SI,SI,SI,SI,0,,,SI,NO,,//,NO,SI,SI,SI,SI,,X,X,,,,,033-2025,037-2025,NO,,NO,,,,,,,,,,,,NO,,,,,,,NO,,,,,,B0,B4,1,040109,040002
1271964,0,550021,3AP,40695 ESCUELA CONCERTADA SOLARIS,MARIANO MELGAR,AAHH LOS OLIVOS,NO,,,,,,,,SI,NO,2,,SI,,,,,,X,SI,,X,X,,,,,NO,,NO,,,,,,,,SI,X,,X,,,,SI,NO,,,SI,X,,,,,,SI,SI,3,NO,,,,,,,,,X,X,X,X,X,X,,,,SI,SI,SI,SI,SI,5,X,X,,X,X,,,,X,X,X,X,SI,SI,7,SI,1,,X,X,,X,,,,,X,,,,,,,,SI,SI,64,SI,X,,,,,,SI,SI,SI,SI,SI,SI,SI,0,,,SI,NO,,//,SI,SI,SI,SI,SI,,,,X,,,,30,36,SI,SI,NO,,,,,,,,,,,,NO,,,,,,,NO,,,,,,B0,A4,1,040109,040002
0314104,0,073826,3AP,40534 JUAN MANUEL GUILLEN BENAVIDES,TORO,TORO,NO,,,,,,,,SI,SI,,,SI,X,,,,,,SI,X,X,,,,,,NO,,SI,,,X,,,,,SI,,,X,,,,SI,NO,,,SI,,X,X,,,,NO,NO,6,NO,,,,,,,,,X,X,X,,X,X,,,,SI,SI,NO,NO,,,,,,,X,,,,X,,,,SI,NO,,SI,2,,X,,,X,,,,,X,X,,,,,,,SI,SI,3,SI,X,,,,,,SI,SI,SI,NO,SI,SI,SI,0,,,SI,NO,,//,NO,SI,SI,SI,NO,,,X,,,,,,095-2024,SI,NO,NO,,,,,,,,,,,,NO,,,,,,,SI,X,,,,,B0,A1,2,040811,040009
1772995,0,843637,3AP,SAN JOSE SCHOOL,CHARACATO,AREQUIPA,NO,,,,,,,,NO,,,,SI,X,,,,,,SI,X,,,,,,,SI,SI,SI,,,X,,,,,SI,,,X,,,,NO,NO,,,SI,X,X,,,,,SI,SI,5,NO,,,,,,,NO,,X,X,X,X,X,X,X,,,SI,SI,SI,SI,SI,3,X,,,,,,,,X,X,,,SI,SI,2,SI,1,,X,,,,,,,,,X,,,,,,,SI,SI,2,SI,X,,,,,,SI,SI,SI,SI,SI,SI,SI,0,,,SI,NO,,//,NO,SI,SI,SI,SI,,,X,,X,,,011,004,SI,SI,NO,,,,,,,,,,,,NO,,,,,,,SI,X,,,,,B0,B4,1,040105,040002
0287755,0,061932,3AP,41037 JOSE GALVEZ,MIRAFLORES,EDIFICADORES MISTI,NO,,,,,,,,SI,SI,,,SI,X,,,,,,SI,,,X,,,,,NO,,NS,,,,,,,,NO,,,,,,,,NO,,,SI,,,X,X,,,SI,SI,6,SI,,X,,,,,,,X,,X,,,,,,,SI,SI,SI,SI,SI,2,,,,X,,,,,,,X,,SI,SI,10,SI,1,,X,,,,X,,,,X,X,,,,,,,SI,SI,10,SI,,,,X,,,SI,SI,SI,SI,SI,SI,SI,2,,,SI,SI,2,13/6/2024,SI,SI,SI,SI,SI,,,,X,,,,,,,,SI,,X,,,,,,,,,X,SI,,X,,,,,SI,,X,,,,B0,A1,1,040110,040002
0314260,0,073567,3AP,40550,PUYCA,HUACTAPA,SI,SI,,X,,,,,NO,,,,SI,X,,,,,,SI,,X,,,,,,NO,,SI,,,X,,,,,SI,,,X,,,,SI,NO,,,SI,,X,,,,,NO,SI,3,NO,,,,,,,,,X,,X,,X,X,,,,SI,SI,NO,SI,NO,,X,,,,,,,,X,,,,SI,SI,2,SI,1,,X,X,,,,,,,,X,,X,,,,,SI,NO,,SI,,,,X,,,SI,SI,NO,SI,SI,SI,NO,,3,,SI,NO,,//,NO,SI,NO,SI,SI,,X,,,X,,,,,,,,,,,,,,,,,,,SI,,X,,,,,SI,X,,,,,B0,A1,2,040806,040009
0311993,0,068698,3AP,40318,CHOCO,LLANCA,NO,,,,,,,,SI,SI,,,SI,,,,X,,,SI,,,,,,X,,NO,,NO,,,,,,,,NO,,,,,,,,NO,,,NO,,,,,,,SI,NO,8,NO,,,,,,,,,X,X,X,,X,X,,,,SI,SI,SI,SI,SI,4,X,,,X,,,,,X,X,,X,NO,SI,1,SI,2,,X,,,,X,X,,,,X,,,,,,,SI,SI,1,SI,,,X,X,,,SI,SI,SI,SI,SI,SI,SI,0,,,SI,NO,,//,NO,SI,SI,SI,SI,,,,,X,,,,,,,NO,,,,,,,,,,,,NO,,,,,,,NO,,,,,,B0,A1,2,040406,040006
0736033,0,073464,3AP,40619,PAMPAMARCA,SECSENCAYLLA,NO,,,,,,,,NO,,,,SI,X,,,,X,,SI,,X,,,X,,,NO,,NO,,,,,,,,SI,,,X,X,,,NO,NO,,,SI,X,,,,X,CONTROL ODONTOLÓGICO,SI,SI,8,NO,,,,,,,,,X,,,,X,,,,,SI,SI,NO,SI,NO,,,,X,X,,,,,X,,,,SI,SI,1,SI,1,,,,X,X,X,X,,,X,,,X,,,,,SI,SI,2,SI,,,,X,,,SI,SI,SI,SI,SI,SI,SI,0,,,NO,,,//,NO,SI,NO,SI,NO,,,,X,,,,,,,,NO,,,,,,,,,,,,NO,,,,,,,SI,X,,,,,B0,A1,2,040805,040009
0312363,0,068721,3AP,40355,CHOCO,ANEXO DE MIÑA,NO,,,,,,,,SI,SI,,,SI,,,,X,,,SI,,X,,,,,,NO,,NO,,,,,,,,NO,,,,,,,,NO,,,NO,,,,,,,SI,NO,8,NO,,,,,,,,,X,X,X,,X,X,,,,SI,NO,NO,SI,SI,4,X,,,X,,,,,X,X,,X,NO,SI,1,SI,2,,X,,,,X,X,,,,X,,,,,,,SI,SI,1,SI,,,X,X,,,SI,SI,SI,SI,SI,SI,SI,0,,,SI,NO,,//,NO,SI,SI,SI,SI,,,,,X,,,,,,,,,,,,,,,,,,,NO,,,,,,,NO,,,,,,B0,A1,2,040406,040006
0287425,0,073609,3AP,40648,PUYCA,CHINCAYLLAPA,NO,,,,,,,,SI,SI,,,SI,X,,,,,,SI,,,,,X,,,NO,,NS,,,,,,,,NO,,,,,,,,NO,,,SI,X,,,,,,NO,NO,8,NO,,,,,,,,,X,X,X,X,X,X,,,,SI,SI,SI,SI,NO,,,X,,,,,,,X,,,,NO,SI,3,SI,1,,X,,,,,,,,X,,X,,,,,,SI,SI,6,NO,,X,,,,,SI,SI,SI,SI,SI,SI,SI,0,,,SI,NO,,//,NO,SI,SI,SI,SI,X,,X,,,,,,008-2024,SI,SI,NO,,,,,,,,,,,,NO,,,,,,,NO,,,,,,B0,A1,2,040806,040009
0313288,0,072167,3AP,40448,YANAQUIHUA,CHARCO,NO,,,,,,,,NO,,,,NO,X,,,,,,SI,X,,,,,,,SI,SI,SI,,,X,,,,,SI,,,X,,,,NO,NO,,,SI,X,,X,,,,SI,SI,2,SI,,X,,,,,NO,,X,X,,,X,,,,,SI,SI,SI,SI,NO,,,,X,,,X,,,X,X,,,SI,SI,2,SI,2,X,X,,,X,,X,,,,X,,,X,,,,SI,SI,2,SI,X,,,,,,SI,SI,SI,SI,SI,NO,NO,,4,,SI,SI,2,7/11/2024,NO,SI,SI,SI,SI,,,,,X,,,X,016-2024,NO,,NO,,,,,,,,,,,,SI,,X,,,,,NO,,,,,,B0,A1,2,040608,040007
3029535,0,908493,3AP,41519,HUAYNACOTAS,CENTRO POBLADO DE TACA,NO,,,,,,,,SI,SI,,,SI,X,,,,,,SI,,,,,,X,,NO,,NO,,,,,,,,SI,,X,X,,,,SI,NO,,,SI,X,,,,,,SI,NO,8,SI,,X,,,,,,,X,,,,X,X,,,,SI,SI,SI,SI,SI,2,,,,X,,X,,,,X,,X,SI,SI,1,SI,2,,X,,X,,,X,,,X,,,X,X,,,,SI,SI,1,SI,,,X,X,,,SI,SI,SI,SI,SI,SI,SI,1,,,SI,NO,,//,SI,SI,SI,SI,NO,,X,,X,,,,,,,,SI,,X,,,,,,,,X,,SI,,,X,,,,SI,,X,,,,B0,A1,2,040804,040009
0895359,0,063064,3AP,HANS CHRISTIAN ANDERSEN,PAUCARPATA,MANUEL PRADO,NO,,,,,,,,SI,SI,,,SI,X,,,,,,SI,X,X,,,,,,NO,,NS,,,,,,,,SI,,X,X,,,,NO,NO,,,SI,X,X,,,,,SI,SI,3,NO,,,,,,,NO,,X,,X,,,,,,,SI,SI,SI,SI,SI,2,,X,,,,X,,,,X,X,,SI,SI,6,SI,2,,X,X,,,X,,,,X,X,,,,,,,SI,SI,5,SI,X,,,,,,SI,SI,SI,SI,SI,SI,SI,0,,,SI,NO,,//,SI,SI,SI,SI,SI,,,X,X,,,,013-2025,,SI,SI,SI,X,,,,,,,,,X,,NO,,,,,,,SI,X,,,,,B0,B4,1,040112,040002
0313965,0,073303,3AP,40520 GREGORIO SEGOVIA,HUAYNACOTAS,VISBE,NO,,,,,,,,NO,,,,SI,X,,,,X,,SI,X,X,,,,,,NO,,SI,,,X,,,,,SI,,X,X,,,,NO,NO,,,SI,X,,,,,,SI,SI,8,SI,,X,,X,,,,,X,,X,,,,,,,SI,SI,SI,SI,SI,3,,X,,,X,,,,X,X,,,SI,SI,2,SI,2,,X,,,,X,,,,,X,,,X,,,,SI,SI,3,SI,,X,,,,,SI,SI,SI,SI,SI,SI,SI,0,,,SI,NO,,//,SI,SI,SI,SI,SI,X,,X,,X,,,21,18,SI,NO,NO,,,,,,,,,,,,NO,,,,,,,NO,,,,,,B0,A1,2,040804,040009
0312199,0,069532,3AP,40338,VIRACO,PAMPACHACRA,NO,,,,,,,,NO,,,,SI,X,X,X,X,X,,SI,X,X,,,,,,SI,SI,SI,,,X,,,,,SI,,X,X,,,,SI,NO,,,SI,X,X,X,X,,,SI,SI,8,NO,,,,,,,,,X,,,,X,X,,,,SI,SI,SI,SI,SI,2,,X,,X,,X,,,X,,X,,SI,SI,1,SI,3,,X,X,X,X,X,X,,,,,,,X,,,,,NO,,SI,,,,X,,,SI,SI,SI,SI,SI,SI,SI,0,,,SI,NO,,//,NO,SI,SI,SI,SI,,,,,X,,,,,,,NO,,,,,,,,,,,,SI,X,,,,,,SI,X,,,,,B0,A1,2,040414,040005
0314096,0,073794,3AP,40533 ANA DORILA BENAVIDES DE ANDIA,TOMEPAMPA,LOCRAHUANCA,NO,,,,,,,,NO,,,,SI,,,,,,X,SI,X,X,,,,,,NO,,NO,,,,,,,,NO,,,,,,,,NO,,,SI,X,,,,,,NO,SI,3,SI,,X,,,,,,,,,,,,,,,,NO,,,,,,,,X,,,,,,,X,,,NO,SI,1,SI,1,,X,,,,,,,,,,,,X,,,,SI,SI,3,SI,,,,,X,NO SE REALIZA POR SER UNIDOCENTE,SI,NO,NO,SI,SI,SI,SI,0,,,NO,,,//,NO,SI,SI,SI,SI,,,,,,X,NINGUNO,,,,,,,,,,,,,,,,,NO,,,,,,,NO,,,,,,B0,A1,2,040810,040009
1402452,0,513892,3AP,HUELLITAS DE AMOR E.I.R.L.,JOSE LUIS BUSTAMANTE Y RIVERO,SIMON BOLIVAR,NO,,,,,,,,SI,NO,1,,SI,,,,,,X,SI,,,,,,X,,NO,,NO,,,,,,,,SI,X,,,,,,NO,NO,,,SI,X,,,,,,SI,NO,8,NO,,,,,,,SI,1,X,X,X,X,X,X,X,,,SI,SI,SI,SI,SI,4,X,X,X,X,,,,,X,X,X,X,SI,SI,5,SI,4,X,X,,,X,X,X,,,X,X,,X,X,,,,SI,SI,4,SI,X,,,,,,SI,SI,SI,SI,SI,SI,SI,0,,,SI,NO,,//,NO,SI,SI,SI,SI,X,,X,,X,,,0016-2025,,SI,NO,NO,,,,,,,,,,,,NO,,,,,,,NO,,,,,,B0,B4,1,040129,040002
0895268,0,862560,3AP,AREQUIPA,JOSE LUIS BUSTAMANTE Y RIVERO,DOLORES,NO,,,,,,,,SI,SI,,,SI,X,,,X,X,,SI,X,,,,,,,NO,,NO,,,,,,,,SI,,,X,,,,NO,NO,,,SI,X,,,,,,SI,NO,8,NO,,,,,,,NO,,X,,X,,X,X,,,,SI,NO,SI,SI,NO,,X,X,,,,,,,X,,X,,NO,NO,,SI,1,,X,,,,,,,,,X,,,,,,,NO,NO,,SI,,X,,,,,SI,SI,SI,SI,SI,SI,SI,0,,,SI,NO,,//,NO,SI,SI,SI,SI,,,X,,,,,,0022,NO,,NO,,,,,,,,,,,,NO,,,,,,,NO,,,,,,B0,B4,1,040129,040002
1117944,0,073510,3AP,40679,PAMPAMARCA,RUMIHUASI,SI,SI,X,X,,X,,,NO,,,,SI,X,,,X,,,SI,,,,,,X,,NO,,NO,,,,,,,,SI,X,,X,,,,SI,NO,,,SI,X,,X,,,,NO,SI,9,SI,X,,,,,,,,X,,,X,X,,,,,SI,SI,SI,SI,NO,,X,X,X,,,X,,,X,,X,,SI,SI,1,SI,1,,,,,,,X,,,X,X,,X,,,,,SI,SI,4,SI,,,,X,X,PLAN DE TOECE,SI,SI,SI,SI,SI,SI,SI,0,,,SI,NO,,//,NO,SI,SI,SI,NO,,,X,,X,,,027,69,SI,NO,NO,,,,,,,,,,,,NO,,,,,,,SI,X,,,,,B0,A1,2,040805,040009
0796888,0,070074,3AP,40620,CHACHAS,HUAYTAPALCA,NO,,,,,,,,SI,SI,,,SI,X,,,,,,SI,,,X,,,,,NO,,NO,,,,,,,,NO,,,,,,,,NO,,,SI,X,,,,,,SI,NO,3,NO,,,,,,,,,X,X,X,X,X,X,,,,SI,SI,SI,SI,NO,,X,,,X,,,,,,,X,,NO,SI,1,SI,2,,X,,,X,X,X,,,X,,,,X,,,,SI,NO,,SI,,,,,X,IE UNIDOCENTE,SI,SI,SI,SI,SI,SI,SI,0,,,SI,NO,,//,NO,SI,SI,SI,NO,,,,X,,,,,,,,NO,,,,,,,,,,,,NO,,,,,,,NO,,,,,,B0,A1,2,040404,040006
0518670,0,071101,3AP,40332,TAPAY,TOCALLO,NO,,,,,,,,SI,SI,,,SI,X,,,,,,SI,,,X,,,,,NO,,NO,,,,,,,,NO,,,,,,,,NO,,,SI,X,,,,,,SI,NO,3,NO,,,,,,,,,X,X,X,X,X,X,,,,SI,SI,SI,SI,NO,,X,,,X,,,,,,,X,,NO,SI,1,SI,2,,X,,,X,X,X,,,X,,,,X,,,,SI,NO,,SI,,,,,X,INSTITUCIÓN EDUCATIVA UNIDOCENTE,SI,SI,SI,SI,SI,SI,SI,0,,,SI,NO,,//,NO,SI,SI,SI,NO,,,,X,,,,,,,,NO,,,,,,,,,,,,NO,,,,,,,NO,,,,,,B0,A1,2,040516,040006
0637181,0,068759,3AP,40581,CHOCO,OJUYO,NO,,,,,,,,NO,,,,SI,X,,,,,,SI,X,X,X,,,,,NO,,NO,,,,,,,,NO,,,,,,,,NO,,,SI,X,,,,,,SI,NO,3,NO,,,,,,,,,X,X,X,,X,X,,,,SI,SI,SI,SI,NO,,X,,,X,,,,,,,X,,NO,SI,1,SI,2,,X,,,X,X,X,,,X,,,,X,,,,SI,NO,,SI,,,,,X,UNIDOCENTE,SI,SI,SI,SI,SI,SI,SI,0,,,SI,NO,,//,NO,SI,SI,SI,NO,,,,X,,,,,,,,NO,,,,,,,,,,,,NO,,,,,,,NO,,,,,,B0,A1,2,040406,040006
1253467,0,058538,3AP,ADDISON,ALTO SELVA ALEGRE,VILLA ASUNCIÓN,NO,,,,,,,,NO,,,,SI,,,,,,X,SI,,,,,,X,,NO,,NO,,,,,,,,SI,,,X,,,,SI,NO,,,NO,,,,,,,SI,NO,9,NO,,,,,,,NO,,,,,,,,,,,SI,SI,NO,NO,,,,,X,,,,,,X,,,,NO,NO,,SI,1,,,,,,,X,,,,X,,,,,,,SI,NO,,SI,X,,,,,,NO,,,,SI,SI,SI,0,,,SI,NO,,//,NO,SI,NO,SI,SI,,,,X,,,,,,,,NO,,,,,,,,,,,,NO,,,,,,,NO,,,,,,B0,B4,1,040102,040002
0314310,0,073685,3AP,40555,QUECHUALLA,,NO,,,,,,,,SI,SI,,,SI,,,,,,X,SI,,,,,,X,,NO,,NS,,,,,,,,NO,,,,,,,,NO,,,NO,,,,,,,NO,NO,8,NO,,,,,,,,,,,,,,,,,,NO,,,,,,,X,,,,,,,,X,,,NO,SI,1,NO,,,X,,,,,,,,,X,,,X,,,,SI,SI,5,SI,,,X,,,,SI,SI,NO,SI,SI,NO,NO,,1,,NO,,,//,NO,SI,NO,SI,NO,,,,X,,,,,,,,NO,,,,,,,,,,,,NO,,,,,,,SI,X,,,,,B0,A1,2,040807,040009
1645811,0,728312,3AP,SAN MARTIN DE PORRAS,MARIANO NICOLAS VALCARCEL,SAN MARTIN,NO,,,,,,,,SI,SI,,,SI,X,,,,,,SI,X,,,,,,,NO,,NO,,,,,,,,SI,X,,,,,,NO,NO,,,NO,,,,,,,NO,NO,8,SI,X,,,,,,,,X,,X,,X,,,,,SI,SI,SI,SI,NO,,X,,,,,,,,X,,X,,SI,SI,6,SI,1,,,,,,,X,,,X,X,,,,,,,SI,SI,4,SI,,,,X,,,SI,SI,NO,SI,SI,SI,SI,0,,,SI,SI,2,1/6/2024,NO,SI,SI,SI,NO,,,,,X,,,,,,,,,,,,,,,,,,,NO,,,,,,,NO,,,,,,B0,A1,2,040203,040003
0311530,0,067707,3AP,40270,CAHUACHO,AYROCA,NO,,,,,,,,NO,,,,SI,,,,,,X,SI,X,X,,,,,,NO,,NO,,,,,,,,SI,,,X,,,,SI,NO,,,SI,X,,X,,,,SI,SI,8,NO,,,,,,,,,X,,,,X,X,,,,SI,SI,SI,SI,SI,2,,,,X,,,,,X,,X,,NO,SI,1,SI,1,,X,X,X,,,,,,,X,,,,,,,SI,NO,,SI,,,X,,,,SI,SI,SI,SI,SI,SI,SI,0,,,SI,NO,,//,NO,SI,SI,SI,SI,X,,,,X,,,,,,,NO,,,,,,,,,,,,NO,,,,,,,NO,,,,,,B0,A1,2,040306,040004
0895292,0,063040,3AP,CARRUSEL INFANTIL,PAUCARPATA,URBANIZACION 15 DE AGOSTO,NO,,,,,,,,SI,SI,,,SI,,,,,,X,SI,X,,,,,,,NO,,NO,,,,,,,,SI,,,X,,,,NO,NO,,,NO,,,,,,,SI,NO,8,NO,,,,,,,SI,10,X,X,X,X,X,X,,,,SI,SI,SI,SI,NO,,X,,,,,,,,X,,,,NO,SI,5,SI,4,,,X,,X,X,X,,,X,X,,,,,,,SI,SI,8,SI,,X,,,,,SI,SI,SI,SI,SI,SI,SI,0,,,SI,NO,,//,NO,SI,SI,SI,SI,,,X,,,,,0046,0020,SI,SI,NO,,,,,,,,,,,,NO,,,,,,,NO,,,,,,B0,B4,1,040112,040002
0712562,0,071790,3AP,40613,CAYARANI,CHAIÑA,NO,,,,,,,,NO,,,,SI,X,,,,,,SI,,,,,,X,,NO,,SI,,,,,,X,TAMBO VISCA VISCA,SI,,X,X,,,,NO,NO,,,NO,,,,,,,SI,NO,8,NO,,,,,,,,,X,X,X,X,X,X,,,,SI,SI,SI,SI,SI,6,X,,,X,,,,,X,X,X,,SI,SI,1,SI,1,,,,,,X,,,,X,X,,X,,,,,SI,SI,2,SI,,,X,X,,,SI,SI,SI,SI,SI,SI,SI,0,,,SI,NO,,//,NO,SI,NO,SI,NO,,,X,,,,,015-2024,037-24,SI,NO,NO,,,,,,,,,,,,NO,,,,,,,NO,,,,,,B0,A1,2,040603,040006
0891515,0,071988,3AP,40468 ALEJANDRO ROJAS,RÍO GRANDE,LA HUACA,NO,,,,,,,,SI,SI,,,SI,X,,,,,,SI,,,,,,X,,NO,,NO,,,,,,,,NO,,,,,,,,NO,,,NO,,,,,,,NO,SI,3,SI,X,,,,,,,,X,X,X,X,X,X,,,,NO,,,,,,,,X,,,,,,X,,,,NO,SI,1,SI,1,,X,,,X,X,X,,,,X,,,,,,,SI,NO,,SI,X,,,,,,SI,SI,SI,SI,SI,SI,SI,0,,,SI,NO,,//,NO,SI,SI,SI,SI,,,,X,,,,,,,,NO,,,,,,,,,,,,NO,,,,,,,NO,,,,,,B0,A1,2,040606,040007
1525336,0,862701,3AP,PERUANO BRASILERO PAULO COELHO,JOSE LUIS BUSTAMANTE Y RIVERO,AREQUIPA,NO,,,,,,,,SI,SI,,,SI,,,,X,,,SI,,,,,,X,,NO,,NO,,,,,,,,NO,,,,,,,,SI,,1,NO,,,,,,,SI,NO,8,NO,,,,,,,NO,,X,,,,,,,,,SI,SI,SI,SI,SI,2,X,X,,,,,,,X,X,X,,NO,NO,,SI,2,,X,,,,X,,,,,X,,,,,,,SI,NO,,SI,X,X,,,,,SI,SI,SI,NO,SI,SI,SI,0,,,SI,NO,,//,SI,SI,SI,SI,SI,,,X,,,,,054,014,SI,NO,NO,,,,,,,,,,,,NO,,,,,,,NO,,,,,,B0,B4,1,040129,040002
0313841,0,073063,3AP,40508 LA ASUNCION,COTAHUASI,QUILLUNZA,NO,,,,,,,,SI,SI,,,SI,,,,,,X,SI,,X,,,,,,NO,,NO,,,,,,,,SI,,,,X,,,SI,NO,,,SI,X,,X,,,,NO,NO,8,NO,,,,,,,NO,,X,X,,,X,X,,,,SI,SI,SI,SI,SI,2,X,,,X,,X,,,X,X,X,,SI,SI,2,SI,1,X,X,,,,X,,,,X,X,,X,,,,,SI,SI,2,SI,,X,,,,,SI,SI,SI,SI,SI,SI,SI,0,,,SI,NO,,//,NO,SI,SI,NO,NO,,,X,,X,,,RD 008,046,SI,SI,NO,,,,,,,,,,,,NO,,,,,,,NO,,,,,,B0,A1,2,040801,040009
0845289,0,069344,3AP,41011,URACA,CASTILLA,NO,,,,,,,,NO,,,,SI,X,,,,,,SI,X,X,,X,,,,NO,,SI,,,X,,,,,SI,,X,X,,,,NO,NO,,,SI,X,,X,,,,NO,SI,8,NO,,,,,,,,,X,X,X,X,X,,,,,SI,SI,SI,SI,SI,3,X,,,,,,,,X,,X,X,SI,SI,1,SI,1,,,,,X,,,,,,X,,,X,,,,SI,SI,2,SI,,,,X,,,SI,SI,SI,NO,SI,SI,NO,,1,,SI,NO,,//,SI,SI,SI,SI,SI,X,,,,,,,,,,,,,,,,,,,,,,,SI,,X,,,,,NO,,,,,,B0,A1,2,040413,040005
0311985,0,068580,3AP,40317,CHACHAS,CHACHAS,NO,,,,,,,,SI,SI,,,SI,X,,,,,,SI,X,X,,,,,,SI,SI,SI,,,X,,,,,NO,,,,,,,,NO,,,SI,,,X,X,,,SI,SI,7,SI,,X,,,,,,,X,X,X,X,X,X,X,,,SI,SI,SI,SI,SI,2,X,X,,X,,,,,X,,,,SI,SI,4,SI,1,X,,,,,,,,,,X,,X,X,,,,SI,SI,3,SI,X,X,,,,,SI,SI,SI,SI,SI,SI,SI,0,,,SI,NO,,//,SI,SI,SI,SI,SI,,,X,,,,,0024,0013,SI,SI,NO,,,,,,,,,,,,SI,,,,X,,,SI,X,,,,,B0,A1,2,040404,040005
0313312,0,071511,3AP,40451,CHUQUIBAMBA,PAPACHACRA,NO,,,,,,,,NO,,,,SI,X,,,,,,SI,,X,,,,,,NO,,NO,,,,,,,,SI,X,,X,X,,,SI,NO,,,NO,,,,,,,SI,SI,9,NO,,,,,,,,,X,,,,X,,,,,SI,SI,SI,NO,,,X,,,,,,,,X,,,,SI,SI,1,SI,1,,X,,,,X,,,,,X,,,,,,,SI,NO,,SI,,,X,,,,SI,SI,SI,SI,SI,SI,SI,0,,,SI,NO,,//,NO,SI,SI,SI,NO,,,,X,,,,,,,,NO,,,,,,,,,,,,NO,,,,,,,SI,X,,,,,B0,A1,2,040601,040007
1334820,0,748145,3AP,TESORO DE JESUS,CERRO COLORADO,,SI,SI,,,,X,,,NO,,,,SI,,,,X,,,SI,X,,,,,,,NO,,NO,,,,,,,,SI,,X,X,,,,NO,NO,,,SI,X,,,,,,SI,SI,9,SI,X,,,,,,NO,,X,X,X,X,X,X,,,,SI,NO,NO,SI,SI,1,X,X,,X,,,,,X,,X,,SI,SI,20,SI,10,X,X,X,X,X,X,,,,X,X,X,,,,,,SI,SI,25,SI,,X,,X,,,SI,SI,SI,SI,SI,SI,SI,0,,,SI,NO,,//,SI,SI,SI,SI,NO,,X,X,,X,,,215-2024,,SI,NO,SI,,,X,,,,,,,,X,NO,,,,,,,SI,,,,X,PCI,B0,B4,1,040104,040001
1528827,0,617757,3AP,SAN JOSE SCHOOL,PAUCARPATA,AREQUIPA,NO,,,,,,,,NO,,,,SI,X,,,,,,SI,X,,,,,,,SI,SI,SI,,,X,,,,,SI,,,X,,,,NO,NO,,,SI,X,X,,,,,SI,SI,5,NO,,,,,,,NO,,X,X,X,X,X,X,X,,,SI,SI,SI,SI,SI,3,X,,,,,,,,X,X,,,SI,SI,2,SI,1,,X,,,,,,,,,X,,,,,,,SI,SI,2,SI,X,,,,,,SI,SI,SI,SI,SI,SI,SI,0,,,SI,NO,,//,NO,SI,SI,SI,SI,,,X,,X,,,011,004,SI,SI,NO,,,,,,,,,,,,NO,,,,,,,SI,X,,,,,B0,B4,1,040112,040002
0218784,0,063728,3AP,40072,SAN JUAN DE SIGUAS,TAMBILLO,NO,,,,,,,,SI,SI,,,SI,X,,,,,,SI,X,X,,,X,,,SI,SI,SI,,,X,,,,,SI,X,X,X,,X,ESCUELA DE PADRES,SI,NO,,,SI,X,X,X,X,,,SI,SI,8,SI,,X,,,,,,,X,X,X,X,X,X,,,,SI,SI,SI,SI,SI,2,X,X,,X,X,X,,,X,X,X,,SI,SI,3,SI,3,,X,,X,,X,,,,X,X,X,X,X,,,,SI,SI,12,SI,X,,,X,,,SI,SI,SI,SI,SI,SI,SI,0,,,SI,NO,,//,SI,SI,SI,SI,SI,,X,X,,X,,,036-2024,,SI,SI,SI,X,,,,,,,,,,X,SI,X,,,,,,SI,,X,,,,B0,A1,2,040118,040010
0313346,0,071549,3AP,40454,CHUQUIBAMBA,PACHANA,NO,,,,,,,,SI,SI,,,SI,X,,X,X,X,,SI,,,,,,X,,NO,,NO,,,,,,,,SI,X,,X,X,,,SI,NO,,,NO,,,,,,,NO,SI,9,NO,,,,,,,,,X,,,,X,X,,,,SI,SI,SI,SI,SI,5,,X,X,X,,X,,,X,X,X,,SI,SI,1,NO,,X,X,,,X,X,X,,,,,X,X,X,,,,SI,NO,,SI,X,,X,X,,,SI,SI,SI,SI,SI,SI,SI,0,,,NO,,,//,NO,SI,SI,SI,NO,,,,X,X,,,,,,,NO,,,,,,,,,,,,NO,,,,,,,SI,X,X,,,,B0,A1,2,040601,040007
0313239,0,071926,3AP,40443 DIVINO NIÑO DE CASCONZA,IRAY,CASCONZA,NO,,,,,,,,NO,,,,SI,,,,,X,,SI,,,,,X,,,NO,,SI,,,X,,,,,SI,X,,X,X,,,SI,NO,,,SI,,,X,,,,SI,SI,8,SI,,,X,,,,,,X,X,X,X,X,X,,,,SI,SI,SI,SI,NO,,X,X,,,,X,,,,X,X,,SI,SI,2,SI,2,,,X,,,X,X,,,,X,X,,X,,,,NO,SI,2,SI,,X,,,,,SI,SI,SI,SI,SI,SI,SI,0,,,SI,NO,,//,SI,SI,SI,SI,SI,,,X,,X,,,26,87,SI,SI,NO,,,,,,,,,,,,SI,,X,,,,,NO,,,,,,B0,A1,2,040605,040007
0845305,0,061593,3AP,BRYCE MARIANO MELGAR,MARIANO MELGAR,MARIANO MELGAR,NO,,,,,,,,SI,SI,,,SI,X,,,X,X,,SI,X,,,,,,,SI,SI,SI,,,X,,,,,SI,X,X,X,,,,SI,SI,2,0,SI,X,X,X,X,,,SI,SI,8,NO,,,,,,,NO,,X,X,X,,X,,X,,,SI,SI,SI,SI,SI,4,X,X,,X,X,,,,X,X,X,X,SI,SI,3,NO,,,,,,,,X,,,X,X,,,X,,,,SI,NO,,SI,X,,,X,,,SI,SI,SI,SI,SI,SI,SI,0,,,SI,NO,,//,SI,SI,SI,SI,SI,X,,,,,,,,,,,,,,,,,,,,,,,NO,,,,,,,SI,,X,,,,B0,B4,1,040109,040002
1238401,0,072252,3AP,40684 SAN JOSE OBRERO,YANAQUIHUA,CERRO RICO,NO,,,,,,,,SI,SI,,,SI,X,,,,,,SI,X,X,,,,,,SI,SI,SI,,,X,X,,,,SI,X,X,,,,,SI,NO,,,SI,X,,X,,,,NO,SI,9,SI,X,X,,,,,,,X,X,X,X,X,X,,,,SI,SI,SI,SI,SI,2,,X,,X,,,,,X,,X,,SI,SI,11,SI,1,X,,X,,,X,,,,X,X,,X,,,,,SI,SI,2,SI,X,X,,,,,SI,SI,SI,SI,SI,SI,SI,0,,,SI,NO,,//,NO,SI,SI,NO,NO,,,,X,,,,,,,,NO,,,,,,,,,,,,NO,,,,,,,SI,X,,,,,B0,A1,2,040608,040007
1351774,0,020588,3AP,DIOS ES AMOR,UCHUMAYO,CERRO VERDE,SI,NO,,,,,,,SI,SI,,,SI,,,,,,X,SI,X,,,,,,,NO,,SI,,,X,,,,,SI,,,X,,,,SI,NO,,,SI,X,X,X,X,,,SI,NO,9,NO,,,,,,,NO,,X,X,X,X,X,X,X,,,SI,SI,SI,SI,NO,,,X,,X,,,,,,,X,,SI,SI,7,SI,4,,X,,,X,X,,,,,X,,X,X,,,,SI,SI,4,SI,X,X,,,,,SI,SI,SI,SI,SI,SI,SI,0,,,SI,NO,,//,NO,SI,SI,SI,NO,,,X,X,,,,030,018,SI,SI,NO,,,,,,,,,,,,NO,,,,,,,NO,,,,,,B0,B4,1,040124,040001
1271014,0,114520,3AP,SANTA MARIA MAZZARELLO,SOCABAYA,SAN MARTIN DE SOCABAYA,NO,,,,,,,,SI,SI,,,SI,,,X,,,,SI,X,,,,,,,NO,,NS,,,,,,,,SI,X,X,X,,,,SI,NO,,,SI,X,X,,,,,SI,SI,5,SI,,X,,,,,NO,,X,X,X,X,,,,,,SI,SI,SI,SI,SI,3,,X,,,,,,,X,,X,,SI,SI,6,SI,3,,X,,,X,,X,,,X,X,,,,,,,SI,SI,5,SI,X,X,,,,,SI,SI,SI,NO,SI,SI,SI,0,,,SI,NO,,//,NO,SI,NO,SI,SI,,,X,,,,,,01,SI,NO,NO,,,,,,,,,,,,NO,,,,,,,NO,,,,,,B0,B4,1,040122,040002
0220020,0,064030,3AP,40197 FELIPE SANTIAGO SALAVERRY,SOCABAYA,SOCABAYA,NO,,,,,,,,SI,SI,,,SI,X,,,,,,SI,,X,,,,,,NO,,NO,,,,,,,,SI,X,X,X,X,,,NO,SI,0,1,SI,X,,,,,,SI,SI,5,SI,,,,,X,DERIVACIÓN A LA DEMUNA,,,X,X,X,X,,,,,,SI,SI,SI,SI,SI,2,,X,X,X,,X,,,X,X,X,X,SI,SI,10,SI,1,,,X,,X,,,,,X,X,X,X,X,,,,SI,SI,8,SI,X,X,,,,,SI,SI,SI,SI,SI,SI,SI,0,,,SI,NO,,//,NO,SI,SI,SI,SI,,,X,,X,,,026,,SI,NO,NO,,,,,,,,,,,,NO,,,,,,,NO,,,,,,B0,A1,1,040122,040002
0314013,0,073534,3AP,40525 SAN SANTIAGO,PUYCA,PUYCA,NO,,,,,,,,SI,SI,,,SI,X,,,,,,SI,X,X,,,,,,SI,SI,SI,X,,X,,,,,SI,,X,,,,,NO,NO,,,SI,X,X,,,,,SI,SI,9,NO,,,,,,,,,X,,X,,,,,,,SI,SI,SI,SI,SI,2,,,,,,X,,,X,,,,SI,SI,8,SI,2,X,X,,,,X,X,,,X,X,,X,,,,,SI,SI,2,SI,X,X,,,,,SI,SI,SI,SI,SI,SI,SI,0,,,SI,NO,,//,NO,SI,SI,SI,SI,X,,X,,X,,,030,,SI,SI,SI,,,X,X,,X,,,,X,,SI,,X,X,X,,,SI,X,,X,,,B0,A1,2,040806,040009
1721513,0,733139,3AP,PASITOS DE ANGEL,CAYMA,ENACE,NO,,,,,,,,NO,,,,SI,X,,,,X,,SI,X,,,,,,,NO,,NO,,,,,,,,SI,,X,X,,,,SI,NO,,,SI,X,,,,,,SI,NO,8,NO,,,,,,,NO,,X,X,X,X,,X,X,,,SI,SI,SI,SI,SI,2,X,X,,,,,,,X,X,,,SI,SI,7,SI,5,X,X,X,X,X,X,X,,,,X,,,X,,,,SI,SI,1,SI,X,,,,,,SI,SI,SI,SI,SI,SI,SI,0,,,SI,NO,,//,NO,SI,SI,SI,SI,,,,X,,,,,,,,NO,,,,,,,,,,,,SI,X,,,,,,NO,,,,,,B0,B4,1,040103,040001
0312009,0,068702,3AP,40319,CHOCO,CHOCO,NO,,,,,,,,SI,SI,,,SI,X,,,,,,SI,X,X,,,,,,NO,,NO,,,,,,,,SI,X,X,X,,,,SI,NO,,,SI,X,,X,,,,SI,SI,8,SI,,X,X,,,,,,X,X,,,X,X,,,,SI,SI,SI,SI,SI,4,,,,X,,,,,X,X,X,,SI,SI,1,SI,2,,,,,,X,X,,,X,X,,X,,,,,SI,SI,2,SI,,,,X,,,SI,SI,SI,SI,SI,SI,SI,0,,,SI,NO,,//,SI,SI,SI,SI,NO,,,,,X,,,,,,,,,,,,,,,,,,,NO,,,,,,,SI,X,,,,,B0,A1,2,040406,040006
1657832,0,616946,3AP,SEÑOR DE LOS MILAGROS,NICOLAS DE PIEROLA,SAN GREGORIO,NO,,,,,,,,SI,SI,,,SI,X,,,,,,SI,X,X,,,,,,NO,,SI,,,X,,,,,SI,,X,X,,,,SI,NO,,,SI,X,,,,,,SI,NO,8,NO,,,,,,,NO,,X,,X,,,,,,,SI,SI,SI,SI,NO,,X,X,,,,,,,X,X,,,SI,SI,6,NO,,,,,,,,,,,X,X,,,X,,,,SI,NO,,SI,X,,,,,,SI,SI,SI,SI,SI,NO,SI,0,,,SI,NO,,//,SI,SI,NO,SI,SI,,,X,,,,,038,,SI,SI,,,,,,,,,,,,,NO,,,,,,,SI,X,,,,,B0,B4,1,040205,040003
0311910,0,555288,3AP,40310,APLAO,ACOY,NO,,,,,,,,NO,,,,SI,,,,X,,,SI,X,X,,,,,,SI,SI,SI,,,X,,,,,SI,X,X,X,X,,,SI,NO,,,SI,X,X,X,X,,,SI,SI,8,SI,X,X,X,X,X,COORDINACÓN CON ALISDOS ESTRAÉGICOS,,,X,X,,,X,X,,,,SI,SI,SI,SI,SI,5,X,X,X,X,X,X,,,X,X,X,X,SI,SI,1,SI,6,X,X,,X,X,X,X,,,X,X,,X,X,,,,SI,SI,7,SI,X,,X,X,,,SI,SI,SI,SI,SI,SI,SI,0,,,SI,NO,,//,SI,SI,SI,SI,SI,,X,X,,X,,,043,,SI,SI,SI,,,,,,X,,,,,X,SI,,,,X,,,SI,X,,,,,B0,A1,2,040401,040005
0219683,0,062489,3AP,40161 MONSEÑOR JOSE L. DEL CARPIO,PAUCARPATA,PAUCARPATA,NO,,,,,,,,SI,SI,,,SI,,,,,,X,SI,X,,X,,,,,NO,,SI,,,X,,,,,SI,,,X,,,,NO,NO,,,NO,,,,,,,NO,SI,8,NO,,,,,,,,,X,X,X,X,X,X,,,,SI,SI,SI,SI,SI,1,,X,,,,,,,,,X,,SI,SI,6,SI,2,,X,,,,X,,,,X,X,,,,,,,SI,NO,,SI,,,,X,,,SI,SI,SI,NO,SI,SI,SI,0,,,SI,NO,,//,SI,SI,SI,SI,SI,X,,X,,,,,120-2024,053,NO,,NO,,,,,,,,,,,,NO,,,,,,,NO,,,,,,B0,A1,1,040112,040002
0313262,0,071969,3AP,40446 MIGUEL GRAU,RÍO GRANDE,IQUIPÍ,NO,,,,,,,,SI,NO,1,,SI,,,,X,,,SI,,,,,,X,,NO,,SI,,,X,,,,,NO,,,,,,,,NO,,,SI,X,,X,,,,NO,NO,2,NO,,,,,,,,,X,X,X,X,X,X,,,,SI,SI,SI,NO,,,,X,,X,,,,,X,,X,,SI,SI,1,SI,3,,,X,,X,X,,,,,,,,X,,,,SI,NO,,SI,X,X,,,,,SI,SI,SI,NO,SI,SI,SI,1,,,SI,NO,,//,NO,SI,SI,SI,SI,X,,X,,X,,,46,10,SI,NO,,,,,,,,,,,,,SI,,,X,,,,NO,,,,,,B0,A1,2,040606,040007
0314187,0,073322,3AP,40542,HUAYNACOTAS,HUARCAYA,NO,,,,,,,,NO,,,,SI,X,,,X,X,,SI,X,X,,,,,,NO,,SI,,,X,,,,,SI,,X,X,,,,SI,NO,,,SI,X,,X,,,,NO,SI,8,NO,,,,,,,,,X,X,X,X,X,X,,,,SI,SI,SI,SI,NO,,X,,,X,,,,,X,X,,,SI,SI,5,SI,1,,X,,,X,X,X,,,,X,,X,,,,,NO,NO,,SI,,,,X,,,SI,SI,SI,SI,SI,NO,SI,0,,,SI,NO,,//,SI,SI,SI,SI,NO,,,X,,X,,,16,04-2025,SI,SI,,,,,,,,,,,,,NO,,,,,,,SI,X,X,,,,B0,A1,2,040804,040009
1704055,0,668921,3AP,CHARACATITOS,CERRO COLORADO,SEMI RURAL PACHACÚTEC,SI,SI,,,,X,,,SI,SI,,,SI,,,,,X,,SI,X,,,,,,,SI,SI,NO,,,,,,,,SI,,X,X,,,,SI,SI,,2,SI,X,,,,,,SI,SI,8,SI,,X,X,X,,,NO,,X,,X,X,,,X,,,SI,SI,SI,SI,NO,,,X,X,X,,,,,X,X,X,X,SI,SI,5,SI,1,,,,,,,,X,NINGUNO MARQUE SI PARA VALIDAR,X,X,,X,X,,,,SI,SI,11,SI,X,,,X,,,SI,SI,SI,SI,SI,SI,SI,0,,,SI,NO,,//,SI,SI,SI,SI,SI,X,,X,,X,,,,04-2025,SI,NO,NO,,,,,,,,,,,,NO,,,,,,,SI,X,,,,,B0,B4,1,040104,040001
1339746,0,551902,3AP,DIEGO DE SAN PEDRO,ALTO SELVA ALEGRE,EDIFICADORES,NO,,,,,,,,NO,,,,SI,,,,,X,,SI,,,,,,X,,NO,,NO,,,,,,,,SI,,,,X,,,NO,NO,,,NO,,,,,,,SI,NO,9,NO,,,,,,,NO,,X,,X,,,X,,,,SI,SI,SI,SI,SI,3,X,,,,,,,,,,X,,NO,SI,4,SI,1,,,,,,,X,,,,,,,X,,,,SI,NO,,SI,X,,,,,,SI,SI,SI,SI,SI,SI,SI,0,,,SI,NO,,//,SI,SI,SI,SI,SI,,,,X,,,,,,,,NO,,,,,,,,,,,,NO,,,,,,,NO,,,,,,B0,B4,1,040102,040002
0218941,0,064723,3AP,40088 REYNO DE BELGICA,UCHUMAYO,UCHUMAYO,NO,,,,,,,,SI,SI,,,SI,X,,,X,,,SI,X,X,X,,,,,SI,SI,SI,X,,X,,,,,SI,,X,X,,,,SI,NO,,,SI,X,X,,,,,SI,SI,8,SI,X,,X,,,,,,X,X,X,X,X,X,X,,,SI,SI,SI,SI,SI,2,X,X,,X,,,,,X,X,,,SI,SI,2,SI,1,,X,X,X,,,,,,X,X,X,,,,,,SI,SI,8,SI,X,,,X,,,SI,SI,SI,SI,SI,SI,SI,0,,,SI,NO,,//,SI,SI,SI,SI,SI,,,X,X,,,,030-2025,,SI,SI,SI,,,X,,,X,,,,,X,SI,X,X,,,,,SI,X,,,,,B0,A1,2,040124,040001
1253301,0,060206,3AP,SAN PIO X,CERRO COLORADO,UPIS MERCADO MAYORISTA,NO,,,,,,,,SI,NO,1,,SI,X,,,,X,,SI,X,,,,,,,NO,,NO,,,,,,,,SI,,X,X,X,,,NO,NO,,,SI,X,,,,,,SI,SI,9,NO,,,,,,,,,X,X,X,X,X,X,,,,SI,SI,SI,SI,SI,3,,X,X,X,X,X,,,X,X,X,X,SI,SI,12,SI,5,X,X,X,X,X,X,X,,,X,X,X,X,,,,,SI,SI,9,SI,X,X,,,,,SI,SI,SI,SI,SI,SI,SI,0,,,SI,NO,,//,SI,SI,SI,SI,SI,,,X,,X,,,075-2024,,SI,NO,NO,,,,,,,,,,,,SI,X,,,,,,SI,X,X,,,,B0,A4,1,040104,040001
1371566,0,787293,3AP,SANTA CLARA DE JESUS,AREQUIPA,AREQUIPA,NO,,,,,,,,NO,,,,SI,,,,,,X,SI,,,,,,X,,NO,,NO,,,,,,,,NO,,,,,,,,NO,,,SI,X,,,,,,SI,NO,9,SI,X,,,,,,NO,,,,,,,,,,,SI,SI,NO,SI,NO,,X,,,,,,,,X,,,,NO,SI,1,SI,1,,,,,X,,,,,X,,,,,,,,SI,SI,1,SI,X,,,,,,SI,SI,SI,NO,SI,NO,SI,0,,,SI,NO,,//,SI,SI,NO,SI,SI,,X,,,,,,,,,,,,,,,,,,,,,,NO,,,,,,,NO,,,,,,B0,B4,1,040101,040001
0612382,0,071691,3AP,40497,ANDARAY,ANEXO TUMPULLO,NO,,,,,,,,NO,,,,SI,X,,,,,,SI,,,,,,X,,NO,,NO,,,,,,,,SI,X,,X,,,,SI,NO,,,NO,,,,,,,SI,NO,9,NO,,,,,,,,,X,X,X,X,X,X,,,,SI,SI,SI,SI,SI,1,,,,X,,,,,X,,,,SI,SI,1,SI,1,,,,,,,X,,,,X,,,,,,,SI,NO,,SI,,,,X,,,SI,SI,SI,SI,SI,SI,SI,0,,,SI,NO,,//,NO,SI,SI,SI,NO,,X,,,,,,,,,,NO,,,,,,,,,,,,SI,,,,X,,,SI,,,X,,,B0,A1,2,040602,040007
0220053,0,060466,3AP,40200 REPUBLICA FEDERAL ALEMANA,JACOBO HUNTER,HUNTER,NO,,,,,,,,SI,SI,,,SI,,,,,X,,SI,X,X,X,,,,,SI,SI,SI,,,X,,,,,SI,,X,X,,,,SI,NO,,,SI,X,,X,,,,SI,SI,6,NO,,,,,,,,,X,X,X,X,X,X,,,,SI,SI,SI,SI,SI,3,X,X,,X,,,,,X,,X,,SI,SI,12,SI,6,X,X,X,X,,X,,,,X,X,,,,,,,SI,SI,6,SI,X,,,X,,,SI,SI,SI,SI,SI,SI,SI,1,,,SI,SI,1,23/10/2024,SI,SI,SI,SI,SI,,,X,,X,,,016,105,SI,SI,SI,,X,,,,,,,,,X,NO,,,,,,,NO,,,,,,B0,A1,1,040107,040002
0613182,0,069358,3AP,41518,URACA,CANTAS,NO,,,,,,,,NO,,,,SI,X,,,,,,SI,X,X,,,,,,SI,SI,SI,,,X,,,,,SI,,X,,,,,SI,NO,,,SI,X,,,,,,SI,SI,8,SI,,X,,,,,,,X,,X,,X,X,,,,SI,SI,SI,SI,SI,3,X,,,X,,,,,X,,X,,SI,SI,1,SI,1,,X,,,,,,,,,X,,X,,,,,SI,NO,,SI,,,,X,,,SI,SI,SI,SI,SI,SI,SI,0,,,SI,NO,,//,SI,SI,SI,SI,SI,,,X,,,,,0010,014,SI,SI,NO,,,,,,,,,,,,SI,,X,,,,,SI,X,,,,,B0,A1,2,040413,040005
1541531,0,541588,3AP,EL ALTIPLANO,YURA,EL ALTIPLANO,NO,,,,,,,,SI,NO,1,,SI,,,,,,X,SI,,,X,,,,,NO,,NO,,,,,,,,SI,,X,,,,,NO,NO,,,SI,X,,,,,,SI,NO,6,SI,,X,,,,,,,X,X,X,X,X,X,,,,SI,SI,SI,SI,SI,2,,,,X,X,,,,X,,X,,SI,SI,17,SI,5,,X,X,X,X,X,X,,,,,,X,,,,,SI,NO,,SI,,,,X,,,SI,SI,SI,SI,SI,SI,SI,0,,,SI,SI,3,7/5/2024,NO,SI,SI,SI,SI,,,X,X,,,,86-2025,,NO,,NO,,,,,,,,,,,,NO,,,,,,,NO,,,,,,B0,A1,1,040128,040001
0312421,0,068900,3AP,40361 JESUS SERAPIO ABARCA CASTRO,ORCOPAMPA,MISAHUANCA,NO,,,,,,,,SI,SI,,,SI,,,,,,X,SI,X,,X,,,,,NO,,NO,,,,,,,,NO,,,,,,,,NO,,,SI,,,X,,,,SI,SI,9,SI,X,X,X,,,,,,X,,X,X,X,,,,,SI,SI,SI,NO,,,X,,,X,,,,,X,X,X,X,SI,SI,1,SI,1,X,,,,,,,,,X,X,X,X,,,,,SI,SI,1,SI,X,,X,,,,SI,SI,SI,SI,SI,SI,SI,0,,,NO,,,//,NO,SI,NO,SI,SI,X,,,,,,,,,,,,,,,,,,,,,,,NO,,,,,,,NO,,,,,,B0,A1,2,040409,040005
0313536,0,072285,3AP,40473 JOSE EMILIO PACHECO ANTEZANA,MOLLENDO,MOLLENDO,NO,,,,,,,,SI,SI,,,SI,X,,,X,,,SI,X,,,,,,,NO,,SI,,,X,,,,,SI,X,X,X,,,,SI,SI,0,1,SI,X,X,X,,,,SI,SI,9,SI,,,,X,X,VISITAS,,,X,X,X,X,X,X,,,,SI,SI,SI,SI,SI,3,X,X,,X,,X,,,X,X,X,X,SI,SI,10,SI,6,X,X,X,X,X,X,X,,,X,X,X,X,X,,,,SI,SI,5,SI,,X,,X,,,SI,SI,SI,SI,SI,SI,SI,0,,,SI,SI,1,25/9/2024,NO,SI,SI,SI,NO,X,,X,X,X,,,041,117,SI,SI,SI,,,,,,,X,PSICOLOGA UGEL,,,X,NO,,,,,,,SI,,,,X,PSICOLOGA UGEL,B0,A1,1,040701,040008
3046091,0,637005,3AP,URACA,URACA,URACA,,,,,,,,,SI,SI,,,,X,,,,,,SI,,X,,,,,,SI,NO,,,,,,,,,SI,,,X,,,,NO,NO,,,SI,X,,,,,,SI,NO,3,SI,,X,,,,,NO,,X,,X,,X,,,,,SI,SI,SI,SI,SI,2,X,,,X,,,,,X,X,X,X,SI,SI,2,NO,,,,,,,,X,,,X,X,,,,,,,SI,SI,4,SI,X,X,,X,,,SI,SI,SI,SI,SI,SI,SI,0,,,SI,NO,,//,SI,SI,SI,SI,SI,,,,,X,,,,,,,NO,,,,,,,,,,,,SI,,X,X,X,,,SI,X,,,,,B0,A1,2,040413,040005
0312488,0,069216,3AP,40367,TIPAN,YACMES,SI,SI,X,,,,,,NO,,,,SI,X,,,X,,,SI,,,,,,X,,NO,,NS,,,,,,,,SI,,,,X,,,SI,NO,,,SI,X,,X,,,,NO,NO,8,NO,,,,,,,NO,,,,,,,,,,,NO,,,NO,NO,,,,X,,,,,,X,,,,NO,NO,,NO,,,X,,,,X,,,,,,X,,,,,,NO,NO,,NO,,,X,,,,SI,SI,NO,NO,SI,NO,SI,0,,,NO,NO,,//,NO,SI,SI,SI,SI,,,,X,,,,,,,,NO,,,,,,,,,,,,NO,,,,,,,NO,,,,,,B0,A1,2,040411,040005
1031772,0,066086,3AP,PERUANO SUIZO ALFRED WERNER,JOSE LUIS BUSTAMANTE Y RIVERO,AREQUIPA,NO,,,,,,,,SI,SI,,,SI,X,,,,,,SI,X,,,,,,,NO,,NO,,,,,,,,NO,,,,,,,,NO,,,SI,X,X,,,,,SI,NO,8,NO,,,,,,,SI,1,X,X,X,X,X,X,X,,,SI,SI,SI,SI,SI,2,X,X,X,X,,X,,,X,X,X,X,SI,SI,6,SI,1,,X,,,X,,,,,X,X,,X,X,,,,SI,SI,13,SI,,X,X,X,,,SI,SI,SI,SI,SI,SI,SI,0,,,SI,NO,,//,SI,SI,SI,SI,SI,X,,X,,,,,067,,SI,NO,NO,,,,,,,,,,,,NO,,,,,,,SI,,,X,,,B0,B4,1,040129,040002
1728542,0,510129,3AP,CHARLES PERRAULT,ALTO SELVA ALEGRE,PAMPAS DE POLANCO,NO,,,,,,,,SI,SI,,,SI,X,,,,X,,SI,X,,,,,,,NO,,SI,,,X,,,,,NO,,,,,,,,NO,,,SI,X,,X,,,,SI,SI,8,SI,X,X,X,,,,NO,,X,X,X,,X,X,,,,SI,SI,SI,SI,SI,2,X,,,,,X,,,X,X,,,SI,SI,2,SI,1,,X,,,X,X,,,,X,,,,X,,,,SI,SI,5,SI,X,,,X,,,SI,SI,SI,SI,SI,SI,SI,0,,,SI,NO,,//,SI,SI,SI,SI,SI,,,X,,,,,016,,SI,SI,NO,,,,,,,,,,,,NO,,,,,,,NO,,,,,,B0,B4,1,040102,040002
0894816,0,061673,3AP,MUNDO MAGICO,MARIANO MELGA,SANTA ROSA,NO,,,,,,,,NO,,,,SI,,,,,,X,SI,,,,,,X,,NO,,NO,,,,,,,,NO,,,,,,,,NO,,,NO,,,,,,,SI,NO,3,NO,,,,,,,NO,,X,X,,,,,,,,SI,SI,SI,SI,NO,,,,X,,,,,,X,,,,NO,SI,1,SI,1,X,X,X,X,X,X,X,,,X,X,,X,X,,,,SI,SI,12,SI,X,,,X,,,SI,SI,SI,NO,SI,SI,SI,0,,,SI,NO,,//,NO,SI,NO,SI,SI,X,,,,,,,X,,SI,SI,NO,,,,,,,,,,,,NO,,,,,,,NO,,,,,,B0,B4,1,040109,040002
0313148,0,071912,3AP,40434 FRAY MARTIN DE PORRES,IRAY,IRAY,NO,,,,,,,,SI,SI,,,SI,X,,,,,,SI,X,,X,,,,,NO,,NS,,,,,,,,SI,X,X,X,,,,SI,NO,,,SI,X,,,,,,SI,SI,8,SI,X,X,X,,,,,,X,X,X,X,X,X,,,,SI,SI,SI,SI,SI,1,X,,,X,,X,,,X,,X,X,SI,SI,2,SI,2,X,X,,,,X,X,,,X,X,,,X,,,,SI,SI,3,SI,X,,,,,,SI,SI,SI,SI,SI,SI,SI,0,,,SI,NO,,//,SI,SI,SI,SI,NO,,,X,,,,,22,61,SI,SI,NO,,,,,,,,,,,,NO,,,,,,,SI,X,,,,,B0,A1,2,040605,040007
0311621,0,068189,3AP,40280 NUESTRA SEÑORA DE FATIMA,YAUCA,YAUCA,NO,,,,,,,,SI,SI,,,SI,X,,,X,,,SI,X,,,,,,,NO,,SI,,,X,,,,,SI,X,X,X,,,,SI,NO,,,SI,,,X,,X,PRIMEROS AUXILIOS,SI,SI,3,SI,X,X,,,,,,,X,X,X,X,X,,,,,SI,SI,SI,SI,SI,3,X,X,X,,,X,,,X,,X,,SI,SI,12,SI,2,X,X,X,X,X,X,X,,,X,X,X,X,X,,,,SI,SI,7,SI,X,X,,X,,,SI,SI,SI,SI,SI,SI,SI,7,,,SI,SI,1,21/10/2024,SI,SI,SI,SI,SI,,X,,,,,,,,,,NO,,,,,,,,,,,,NO,,,,,,,SI,X,,,,,B0,A1,2,040313,040004
0312769,0,071276,3AP,40396,TUTI,TUTI,NO,,,,,,,,SI,SI,,,SI,X,X,,,X,,SI,X,,X,,,,,SI,NO,NO,,,,,,,,SI,,X,X,X,,,NO,NO,,,SI,X,X,,,,,SI,SI,8,SI,X,X,X,X,,,,,X,X,X,X,X,X,,,,SI,SI,SI,SI,SI,2,X,X,,X,X,X,,,X,X,X,X,SI,SI,6,SI,2,X,X,X,,X,X,,,,X,,X,X,X,,,,SI,SI,3,SI,X,X,,X,,,SI,SI,SI,SI,SI,NO,NO,,4,,SI,SI,3,23/7/2024,NO,SI,SI,NO,NO,,,X,,,,,RD N° 007-2015,0012,SI,SI,NO,,,,,,,,,,,,NO,,,,,,,SI,X,X,X,,,B0,A1,2,040518,040006
1337955,0,550691,3AP,SALOMON,MIRAFLORES,,NO,,,,,,,,SI,SI,,,SI,X,,,,,,SI,X,,,,,,,NO,,NO,,,,,,,,NO,,,,,,,,NO,,,SI,X,,,,,,SI,NO,8,SI,,X,X,,,,NO,,X,X,X,X,X,X,X,,,SI,SI,SI,SI,SI,2,X,X,X,X,X,X,,,X,,X,,SI,SI,6,SI,4,,X,,,,X,X,,,X,X,,X,,,,,SI,SI,2,SI,X,,,X,,,SI,SI,SI,SI,SI,SI,SI,0,,,SI,NO,,//,SI,SI,SI,SI,SI,,,X,,X,,,17,,NO,,,,,,,,,,,,,,NO,,,,,,,NO,,,,,,B0,B4,1,040110,040002
1622844,0,573942,3AP,SABIO ALFRED BINET,CERRO COLORADO,MERCADO MAYORISTA,NO,,,,,,,,SI,SI,,,SI,X,,,X,X,,SI,X,,,,,,,NO,,NO,,,,,,,,SI,,X,X,,,,SI,SI,2,,NO,,,,,,,SI,NO,6,SI,,X,,X,,,NO,,X,X,X,,X,X,X,,,SI,SI,SI,SI,NO,,,X,,,,X,,,X,,X,,SI,SI,6,SI,2,,X,X,,X,,,,,,X,,X,,,,,NO,SI,2,SI,,X,,,,,SI,SI,SI,SI,SI,NO,SI,0,,,SI,NO,,//,NO,SI,NO,SI,NO,,,,,X,,,,,,,NO,,,,,,,,,,,,NO,,,,,,,NO,,,,,,B0,B4,1,040104,040001
1281930,0,583093,3AP,MENDEL,SACHACA,AREQUIPA,NO,,,,,,,,SI,SI,,,SI,X,,,X,,,SI,X,,,,,,,NO,,SI,,,X,,,,,SI,,X,X,X,,,SI,SI,2,,SI,,,X,,,,SI,NO,9,NO,,,,,,,NO,,X,X,X,,,X,X,,,SI,SI,SI,SI,SI,3,X,X,,,,,,,X,X,X,,SI,SI,6,SI,4,,X,,,X,,,,,X,X,,X,X,X,,ESCUELA DE FAMILIAS,SI,SI,5,SI,X,X,X,,,,SI,SI,SI,NO,SI,SI,SI,0,,,SI,NO,,//,SI,SI,SI,NO,SI,,,,X,,,,,,,,NO,,,,,,,,,,,,NO,,,,,,,NO,,,,,,B0,B4,1,040117,040001
0313635,0,072657,3AP,40483,COCACHACRA,LA AYANQUERA,SI,SI,,,,,X,SE DICTO EN LA SEMANA DE GESTION UN DIA,NO,,,,SI,X,,,X,X,,SI,,X,,,X,,,NO,,SI,,,X,,,,,SI,,X,X,,,,NO,NO,,,SI,,,,,X,CONTROL DE ESTUDIANTES,NO,NO,9,NO,,,,,,,,,X,,,,X,X,,,,SI,SI,SI,SI,NO,,,,,,,,X,CHARLAS,X,X,,,SI,SI,1,SI,3,X,X,X,,X,X,X,,,,X,X,,X,,,,SI,SI,2,SI,,,X,X,,,SI,SI,SI,SI,SI,SI,SI,0,,,SI,NO,,//,SI,SI,SI,,NO,X,,X,,,,,014-2025,015-2025,NO,,NO,,,,,,,,,,,,NO,,,,,,,NO,,,,,,B0,A1,2,040702,040008
0845370,0,061545,3AP,INCA GARCILAZO DE LA VEGA,MARIANO MELGAR,ALTO SAN MARTIN,NO,,,,,,,,SI,SI,,,SI,,,,,,X,SI,X,,,,,,,NO,,NO,,,,,,,,SI,,,X,,,,NO,NO,,,SI,X,X,,,,,SI,NO,9,SI,,,,X,,,NO,,X,X,X,X,,X,,,,SI,SI,SI,SI,SI,2,X,X,X,X,,X,,,X,X,X,,SI,SI,5,SI,2,,X,,,,,X,,,X,X,,,,,,,SI,SI,2,SI,X,,,X,,,SI,SI,SI,NO,SI,SI,SI,0,,,SI,NO,,//,SI,SI,SI,SI,SI,,,X,,,,,,025,SI,NO,NO,,,,,,,,,,,,NO,,,,,,,NO,,,,,,B0,B4,1,040109,040002
0313718,0,072935,3AP,"40494 JOSÉ ABELARDO,QUOÑONES GONZALES",MEJÍA,MEJÍA,SI,SI,,X,,,,,NO,,,,SI,X,,,,,,SI,X,,,,,,,SI,SI,SI,,,X,X,,,,SI,X,X,X,,,,SI,NO,,,SI,X,X,,,,,SI,SI,8,SI,X,X,,,,,NO,,X,X,X,X,X,X,X,,,SI,SI,SI,SI,SI,3,X,,,,,X,,,X,X,X,X,SI,SI,7,SI,3,X,X,X,X,X,X,X,,,X,X,,,,,,,SI,SI,130,SI,X,,,X,,,SI,SI,SI,SI,SI,SI,SI,0,,,NO,,,//,SI,SI,SI,SI,SI,,,,X,,,,,,SI,SI,SI,,X,,,,,,,,,X,NO,,,,,,,NO,,,,,,B0,A1,2,040705,040008
0312140,0,069283,3AP,40333 SANTA ROSA DE LIMA,URACA,PUNTA COLORADA,NO,,,,,,,,NO,,,,SI,,,,,,X,SI,X,X,,,,,,NO,,SI,,,X,,,,,SI,,X,X,X,,,SI,NO,,,SI,X,,X,,,,SI,SI,8,NO,,,,,,,,,X,X,,,X,X,,,,SI,SI,SI,SI,SI,2,X,,X,,,,,,X,,X,,SI,SI,3,SI,1,,X,,,,,,,,X,X,,X,,,,,SI,NO,,SI,,X,X,,,,SI,SI,SI,SI,SI,NO,SI,0,,,SI,NO,,//,NO,SI,NO,SI,SI,,,X,,,,,,020,SI,NO,NO,,,,,,,,,,,,NO,,,,,,,NO,,,,,,B0,A1,2,040413,040005
0313197,0,072153,3AP,40439 SAN JUAN BAUTISTA DE LA SALLE,YANAQUIHUA,ISPACAS,NO,,,,,,,,SI,SI,,,SI,,,,,,X,SI,,,,,X,,,NO,,SI,,,,X,,,,SI,X,,X,,,,NO,NO,,,SI,,,,,X,CAPACITACIONES,NO,NO,9,SI,X,X,X,,,,,,X,X,X,X,X,X,,,,SI,SI,SI,SI,SI,3,X,X,,X,,,,,X,X,,X,SI,SI,10,SI,1,X,X,,,,X,X,,,,X,X,X,X,,,,SI,NO,,SI,X,,,X,,,SI,SI,SI,SI,SI,SI,SI,0,,,SI,NO,,//,SI,SI,SI,SI,SI,,,X,,,,,029-2024,,SI,SI,NO,,,,,,,,,,,,NO,,,,,,,NO,,,,,,B0,A1,2,040608,040007
0313163,0,072049,3AP,40436,SALAMANCA,SALAMANCA,NO,,,,,,,,SI,SI,,,SI,X,X,X,X,,,SI,X,X,X,X,,,,NO,,SI,,,X,,,,,SI,,,X,,,,SI,NO,,,SI,X,X,X,X,,,NO,SI,3,SI,X,,,X,,,,,X,X,X,X,X,X,,,,SI,SI,SI,SI,SI,2,,,,X,,X,,,X,X,X,X,NO,SI,3,SI,4,,X,X,X,X,,X,,,,X,X,X,X,,,,SI,NO,,SI,X,X,X,,,,SI,SI,SI,SI,SI,NO,NO,,1,,SI,NO,,//,SI,SI,SI,SI,SI,X,X,X,X,X,,,21-03-2025,014-2025,SI,SI,NO,,,,,,,,,,,,SI,,X,X,X,,,NO,,,,,,B0,A1,2,040607,040007
0502922,0,069551,3AP,40370,VIRACO,RITUY,NO,,,,,,,,SI,SI,,,SI,X,,,,,,SI,,,,,,X,,SI,SI,NO,,,,,,,,SI,X,X,X,,,,SI,NO,,,NO,,,,,,,SI,SI,3,SI,,X,,,,,,,X,X,X,X,X,X,,,,SI,SI,SI,SI,NO,,X,,,,,,,,X,X,X,X,SI,SI,1,SI,3,X,X,,X,X,X,,,,X,X,X,X,X,,,,SI,NO,,NO,X,,,,,,SI,SI,SI,SI,SI,SI,SI,0,,,SI,NO,,//,SI,SI,NO,SI,SI,,,,X,,,,,,,,NO,,,,,,,,,,,,NO,,,,,,,SI,X,,,,,B0,A1,2,040414,040005
0311480,0,067401,3AP,40265,ACARI,EL MOLINO,NO,,,,,,,,SI,SI,,,SI,,,,,,X,SI,,X,,,,,,SI,SI,SI,,,X,,,,,SI,X,X,,,,,SI,NO,,,SI,X,,,,,,NO,SI,8,SI,,,X,,,,,,X,,X,X,,X,,,,SI,SI,SI,SI,SI,1,,,,X,,,,,X,,X,,SI,SI,1,SI,2,X,X,,,,,X,,,,X,,X,,,,,SI,SI,1,SI,,,,X,,,SI,SI,SI,SI,NO,NO,NO,,4,,SI,NO,,//,NO,SI,SI,SI,SI,,,X,X,,,,08-03-25,,SI,SI,SI,,X,,,,X,,,,X,,SI,,X,X,X,,,SI,X,,,,,B0,A1,2,040302,040004
0844365,0,067444,3AP,41064,ACARI,CHOCAVENTO,NO,,,,,,,,SI,SI,,,SI,X,,,X,,,SI,X,,,,,,,SI,SI,SI,,,X,,,,,SI,X,,X,X,,,NO,NO,,,SI,X,,,,,,NO,SI,9,NO,,,,,,,,,X,,,,X,X,,,,SI,SI,SI,SI,NO,,X,,,X,,,,,X,,X,X,SI,SI,1,SI,2,X,X,,,X,X,X,,,,,X,X,,,,,SI,SI,1,SI,,,X,,,,SI,SI,SI,SI,SI,SI,SI,0,,,SI,NO,,//,SI,SI,SI,SI,SI,X,,,,X,,,,,,,,,,,,,,,,,,,SI,,X,X,X,,,SI,,X,,,,B0,A1,2,040302,040004
0226779,0,065572,3AP,40038 JORGE BASADRE GROHMANN,JOSE LUIS BUSTAMANTE Y RIVERO,ALTO DE LA LUNA,NO,,,,,,,,SI,SI,,,SI,X,,,,,,SI,X,,X,,,,,SI,SI,NO,,,,,,,,SI,,X,,,,,SI,SI,5,5,SI,X,X,X,,,,SI,SI,2,SI,X,X,,,,,,,X,X,X,X,X,X,X,,,SI,SI,NO,NO,,,X,X,,X,,,,,X,,X,,SI,SI,25,SI,1,X,X,X,X,X,,,,,X,,X,,,,,,NO,SI,1,SI,X,X,,,,,SI,SI,SI,SI,SI,NO,SI,1,,,SI,NO,,//,NO,SI,SI,SI,SI,X,X,X,X,,,,0008-2025,0020,SI,SI,NO,,,,,,,,,,,,SI,X,,,,,,SI,X,,,,,B0,A1,1,040129,040002
0736116,0,070088,3AP,40621 PRIMARIA,CHACHAS,ANEXO CHUA PUCARA,NO,,,,,,,,SI,SI,,,SI,X,,,,,,SI,,,,,,X,,NO,,NS,,,,,,,,NO,,,,,,,,NO,,,NO,,,,,,,SI,SI,8,SI,,X,,,,,,,X,,,,X,X,,,,SI,SI,SI,SI,SI,2,,,,,,X,,,X,,,,NO,SI,1,SI,2,,X,,X,,,,,,X,X,,,X,,,,SI,SI,3,SI,,,X,,,,SI,SI,SI,SI,SI,NO,NO,,4,,SI,NO,,//,NO,SI,NO,SI,NO,,,,,X,,,,,,,,,,,,,,,,,,,SI,,X,,,,,NO,,,,,,B0,A1,2,040505,040006
0314336,0,073845,3AP,40557,TORO,LLALLIHUA,NO,,,,,,,,NO,,,,SI,X,,,,,,SI,X,,,,,,,NO,,SI,,,X,,,,,SI,,X,X,X,,,SI,NO,,,SI,,,X,,X,HABILIDADES SOCIALES,SI,SI,8,SI,,,,,X,POR RESFRIO DE SALUD,,,X,,,,X,X,,,,SI,SI,SI,SI,SI,1,X,,,X,,,,,X,X,X,X,SI,SI,1,SI,2,,X,X,,,X,X,,,X,X,,X,X,,,,SI,SI,8,SI,,,,,X,DIALOGO CON PADRES DE FAMILIA,SI,SI,SI,SI,SI,SI,SI,0,,,SI,NO,,//,NO,SI,SI,SI,NO,,X,,,X,,,,,,,,,,,,,,,,,,,SI,,,,,X,TUTORIALES,SI,,,,X,REDES SOCIALES,B0,A1,2,040811,040009
0472167,0,070979,3AP,40398,SAN ANTONIO DE CHUCA,COLCA HUALLATA,NO,,,,,,,,SI,SI,,,SI,X,,,,,,SI,X,,,,,,,NO,,NO,,,,,,,,SI,,X,X,,,,NO,NO,,,SI,X,,,,,,SI,SI,8,NO,,,,,,,NO,,X,X,X,X,X,X,,,,SI,SI,NO,SI,SI,2,X,X,,,,,,,X,,X,,NO,SI,3,SI,1,,X,,,,,,,,X,X,,,,,,,SI,NO,,SI,,,,X,,,SI,SI,SI,SI,SI,SI,SI,0,,,SI,NO,,//,NO,NO,,NO,SI,,,,,X,,,,,,,NO,,,,,,,,,,,,NO,,,,,,,SI,X,,,,,B0,A1,2,040514,040006
0313460,0,071931,3AP,40466 CRISTO SALVADOR,IRAY,PACAYCHACRA,NO,,,,,,,,NO,,,,SI,X,,,,,,SI,,,,X,,,,NO,,SI,,,X,,,,,SI,,,X,,,,NO,NO,,,SI,X,,,,,,SI,NO,9,NO,,,,,,,,,X,,,,X,X,,,,SI,SI,SI,SI,NO,,,,,X,,,,,X,,,,NO,NO,,SI,2,,X,,,,X,,,,,,,,X,,,,NO,NO,,SI,,,,,X,UNIDOCENTE,SI,SI,SI,SI,SI,SI,SI,0,,,SI,NO,,//,NO,SI,SI,SI,NO,,,,,X,,,,,,,NO,,,,,,,,,,,,SI,,,X,,,,NO,,,,,,B0,A1,2,040605,040007
0844159,0,068962,3AP,41023,ORCOPAMPA,SARPANE,NO,,,,,,,,SI,SI,,,SI,,,,,,X,SI,X,,X,,,,,NO,,SI,,,X,,,,,SI,,,X,,,,NO,NO,,,SI,X,,X,,,,SI,NO,9,SI,X,,,,,,,,X,X,X,X,,,,,,NO,,,,,,,,,X,,,,,X,,,,SI,NO,,SI,1,,X,,,,,,,,X,,,,,,,,SI,SI,2,SI,,,,X,,,SI,SI,SI,SI,SI,SI,SI,0,,,NO,,,//,NO,NO,,SI,NO,X,,,,,,,,,,,,,,,,,,,,,,,NO,,,,,,,NO,,,,,,B0,A1,2,040409,040005
0313957,0,073299,3AP,40519 SAN JUAN BAUTISTA,HUAYNACOTAS,TAURISMA,SI,SI,,X,X,,,,NO,,,,SI,X,,,,X,,SI,X,X,,,,,,NO,,SI,,,X,,,,,NO,,,,,,,,NO,,,SI,X,,X,X,,,NO,SI,8,NO,,,,,,,,,X,X,X,,X,,,,,SI,SI,SI,NO,,,,,,,X,,,,X,,,,SI,SI,2,SI,1,,X,,,,,,,,X,,X,,X,,,,SI,SI,4,SI,,,,X,,,SI,SI,SI,NO,SI,SI,NO,,4,,SI,NO,,//,NO,SI,SI,SI,SI,,,,,X,,,,,,,,,,,,,,,,,,,SI,,,,X,,,NO,,,,,,B0,A1,2,040804,040009
0656082,0,071238,3AP,40590,TISCO,CAYLLOMA,NO,,,,,,,,NO,,,,SI,X,,,,,,SI,,,X,,,,,SI,SI,SI,X,,,,,,,SI,,X,X,,,,NO,NO,,,NO,,,,,,,NO,NO,8,NO,,,,,,,NO,,X,,,,X,X,,,,SI,SI,SI,SI,NO,,,,X,X,,X,,,,,X,,NO,SI,1,NO,,,,,,X,,,,,X,,,,,,,,NO,SI,10,SI,,,X,,,,SI,SI,SI,SI,NO,,SI,0,,,SI,NO,,//,NO,NO,,SI,NO,,,,,X,,,,,,,NO,,,,,,,,,,,,NO,,,,,,,NO,,,,,,B0,A1,2,040517,040006
0723023,0,068518,3AP,40609,ANDAGUS,ANEXO DE SAN ANTONIIO,NO,,,,,,,,NO,,,,SI,X,X,,,,,SI,X,,,,,,,SI,SI,NO,,,,,,,,NO,,,,,,,,NO,,,NO,,,,,,,NO,NO,8,NO,,,,,,,,,X,,,,X,X,,,,SI,SI,NO,NO,,,,,,,,X,,,X,,,,NO,SI,1,SI,1,,,,,,X,,,,X,,,,X,,,,SI,SI,4,SI,,,,X,,,SI,SI,SI,SI,SI,SI,SI,0,,,NO,,,//,NO,NO,,SI,SI,,,,,X,,,,,,,,,,,,,,,,,,,NO,,,,,,,NO,,,,,,B0,A1,2,040402,040005
0895862,0,063177,3AP,SANTA MARIA DE BELEN,PAUCARPATA,CESAR VALLEJO,NO,,,,,,,,SI,SI,,,SI,,,,,,X,SI,X,,,,,,,SI,SI,SI,,,X,,,,,SI,,X,X,,,,SI,NO,,,SI,X,,,,,,SI,NO,8,NO,,,,,,,NO,,X,X,X,X,X,X,X,,,SI,SI,SI,SI,SI,2,X,X,,X,,,,,X,,X,,SI,SI,6,SI,1,,X,,,X,X,,,,X,X,,X,,,,,SI,SI,6,SI,X,,,X,,,SI,SI,SI,SI,SI,SI,SI,0,,,SI,NO,,//,SI,SI,SI,SI,SI,,,X,,,,,,015,SI,SI,NO,,,,,,,,,,,,NO,,,,,,,SI,,X,,,,B0,B4,1,040112,040002
1723923,0,805683,3AP,NUEVA ESPERANZA DE LA ESPAÑOLITA,CHAPARRA,LA ESPAÑOLITA,NO,,,,,,,,SI,SI,,,SI,,,,,,X,SI,,,,,,X,,NO,,SI,,,X,,,,,SI,,X,X,,,,SI,NO,,,SI,X,,,,,,SI,NO,8,NO,,,,,,,,,X,X,X,X,,,,,,SI,SI,SI,SI,SI,3,,X,,,,X,,,,X,X,X,SI,SI,6,SI,1,X,X,X,,,,,,,,X,X,X,,,,,SI,SI,2,SI,X,,,X,,,SI,SI,SI,SI,SI,SI,SI,0,,,SI,NO,,//,NO,SI,SI,SI,NO,,,X,,X,,,,02-2025,SI,SI,SI,X,X,,,,X,,,,,X,NO,,,,,,,SI,X,,,,,B0,A1,2,040308,040004
0845115,0,055342,3AP,NUESTRA SEÑORA DE LOURDES,AREQUIPA,TINGO,NO,,,,,,,,SI,SI,,,SI,X,,,,,,SI,X,,X,,,,,NO,,NO,,,,,,,,SI,,X,X,,,,NO,SI,,1,SI,,,,,X,VACUNACION,SI,SI,4,SI,X,X,X,X,,,,,X,X,X,X,X,X,X,X,TUTORES,SI,SI,SI,SI,SI,3,X,X,,,,,,,X,,X,X,SI,SI,15,SI,2,X,,,,,X,,,,X,X,,X,X,,,,SI,SI,6,SI,,X,,,,,SI,SI,SI,SI,SI,SI,SI,0,,,SI,NO,,//,SI,SI,SI,SI,SI,X,X,X,,X,,,0062,,SI,SI,NO,,,,,,,,,,,,SI,,X,X,,,,NO,,,,,,B0,A4,1,040101,040001
0312165,0,069301,3AP,40335 VIRGEN DE CHAPI,URACA,TORETE,NO,,,,,,,,NO,,,,SI,X,,,,,,SI,X,,,,,,,NO,,NO,,,,,,,,SI,X,,X,,,,SI,NO,,,SI,X,,,,,,SI,SI,8,NO,,,,,,,,,X,X,,,X,X,,,,SI,SI,SI,SI,SI,2,X,,,X,,,,,X,,X,X,SI,SI,3,SI,3,X,,,X,X,X,,,,X,,,X,X,,,,SI,NO,,SI,,X,,X,,,NO,,,SI,SI,SI,SI,0,,,SI,NO,,//,NO,SI,SI,SI,SI,,,X,,,,,10,,SI,SI,NO,,,,,,,,,,,,NO,,,,,,,NO,,,,,,B0,A1,2,040413,040005
0895953,0,815408,3AP,FRAY MARTIN,SOCABAYA,SAN MARTIN,NO,,,,,,,,SI,SI,,,SI,X,,,,,,SI,X,,,,,,,NO,,NO,,,,,,,,SI,,X,X,,,,NO,NO,,,NO,,,,,,,SI,NO,5,NO,,,,,,,NO,,X,X,X,X,X,X,X,,,SI,SI,SI,SI,NO,,X,X,,X,,,,,X,X,X,X,SI,SI,12,SI,2,,X,,,,X,X,,,X,X,X,X,X,,,,NO,SI,6,SI,X,X,,X,,,SI,SI,SI,SI,SI,SI,SI,0,,,SI,NO,,//,NO,SI,NO,SI,SI,,,X,,,,,,016,SI,NO,NO,,,,,,,,,,,,NO,,,,,,,NO,,,,,,B0,B4,1,040122,040002
0736090,0,070106,3AP,40623,CAYLLOMA,ÑEQUETA,NO,,,,,,,,NO,,,,SI,X,,,,,,SI,,,,,,X,,NO,,NO,,,,,,,,SI,,X,X,,,,SI,NO,,,NO,,,,,,,SI,SI,5,SI,,X,X,,,,,,X,X,X,X,X,X,,,,SI,SI,SI,SI,NO,,X,,X,,,X,,,,,X,X,NO,SI,1,SI,2,X,X,X,,,X,,,,,X,,,X,,,,SI,NO,,SI,,,,X,,,SI,SI,SI,SI,SI,SI,SI,0,,,SI,NO,,//,NO,SI,SI,SI,SI,,,X,X,,,,018,,SI,SI,SI,,X,,,,,,,,,X,SI,X,,,,,,NO,,,,,,B0,A1,2,040505,040006
1240241,0,058944,3AP,40687 FELIX RIVAS GONZALEZ,CAYMA,01 DE JUNIO,NO,,,,,,,,SI,SI,,,SI,,,,,,X,SI,X,,X,,,,,NO,,NO,,,,,,,,SI,X,X,X,X,,,SI,SI,1,,SI,X,X,X,X,,,SI,SI,3,SI,,X,,X,,,,,X,X,X,X,X,X,,,,SI,SI,SI,SI,SI,3,X,X,X,X,X,X,,,X,X,X,X,SI,SI,6,SI,5,X,X,,,X,X,X,,,X,X,,X,X,,,,SI,SI,15,SI,,X,X,X,,,SI,SI,SI,SI,SI,SI,SI,0,,,SI,NO,,//,SI,SI,SI,SI,SI,X,X,X,,X,,,77,,SI,SI,SI,,X,,,,,,,,X,,SI,,X,X,X,,,SI,,X,,,,B0,A1,1,040103,040001
0517169,0,062823,3AP,NEPTALI VALDERRAMA AMPUERO,PAUCARPATA,AREQUIPA,NO,,,,,,,,SI,SI,,,SI,X,,,,,,SI,,,X,X,,,,NO,,NO,,,,,,,,SI,,X,X,X,,,NO,NO,,,NO,,,,,,,SI,SI,5,SI,,,,X,,,,,X,X,X,X,X,X,X,,,SI,SI,SI,SI,NO,,X,X,,,,X,,,X,,X,,SI,SI,20,SI,3,,X,,,X,X,X,,,X,,X,,X,,,,SI,SI,4,SI,X,X,,,,,SI,SI,SI,SI,SI,SI,SI,0,,,SI,SI,3,31/12/2024,SI,SI,SI,SI,SI,X,,X,X,X,,,,,SI,NO,NO,,,,,,,,,,,,NO,,,,,,,SI,,X,,,,B0,A2,1,040112,040002
1335264,0,547378,3AP,LUCIEN FREUD,AREQUIPA,AREQUIPA,NO,,,,,,,,SI,SI,,,SI,,,,,,X,SI,,,,,,X,,NO,,NS,,,,,,,,SI,,,,,X,ESCUELA DE PADRES,NO,NO,,,NO,,,,,,,SI,NO,6,NO,,,,,,,NO,,X,X,X,,,,,,,SI,SI,SI,SI,NO,,,,,,,X,,,,X,,,SI,NO,,SI,2,,X,X,,,,,,,,X,,,,,,,SI,SI,3,NO,X,,,,,,SI,SI,SI,SI,SI,SI,SI,0,,,SI,NO,,//,NO,SI,SI,SI,SI,,,,,,X,BRIGADAS ESCOLARES,,,,,,,,,,,,,,,,,NO,,,,,,,NO,,,,,,B0,B4,1,040101,040001
0313502,0,072073,3AP,40470,SALAMANCA,AYANCA,NO,,,,,,,,SI,SI,,,SI,X,X,X,X,,,SI,X,X,X,X,,,,NO,,SI,,,X,,,,,SI,,,X,,,,SI,NO,,,SI,X,X,X,X,,,NO,SI,3,SI,X,,,X,,,,,X,X,X,X,X,X,,,,SI,SI,SI,SI,SI,2,,,,X,,X,,,X,X,X,X,NO,SI,1,SI,4,,X,X,X,X,,X,,,,X,X,X,X,,,,SI,NO,,SI,X,X,X,,,,SI,SI,SI,SI,SI,NO,NO,,1,,SI,NO,,//,SI,SI,SI,SI,SI,X,X,X,X,X,,,009-2025,08-2025,SI,SI,NO,,,,,,,,,,,,SI,,X,X,X,,,NO,,,,,,B0,A1,2,040607,040007
1202480,0,059298,3AP,MARIA MAZZARELLO,CAYMA,DEAN VALDIVIA,NO,,,,,,,,SI,SI,,,SI,X,,,,,,SI,,X,X,X,,,,NO,,NO,,,,,,,,SI,,X,X,X,,,SI,NO,,,SI,X,X,,,,,SI,NO,8,NO,,,,,,,NO,,X,,X,,,X,X,,,SI,SI,SI,SI,NO,,X,X,,X,,,,,X,,X,,SI,SI,7,SI,3,X,X,,,,X,,,,X,,,X,,,,,SI,SI,4,SI,X,,,X,,,SI,SI,SI,SI,SI,SI,SI,1,,,SI,NO,,//,SI,SI,SI,SI,SI,X,,X,,,,,023,045,SI,SI,NO,,,,,,,,,,,,NO,,,,,,,NO,,,,,,B0,B4,1,040103,040001
0794198,0,060428,3AP,40033  SAN AGUSTIN,HUNTER,UPIS PAISAJISTA,NO,,,,,,,,SI,SI,,,SI,X,,,,,,SI,X,,X,,,,,NO,,NO,,,,,,,,NO,,,,,,,,SI,1,,SI,X,,,,,,NO,NO,3,SI,,X,,,,,,,X,X,X,X,X,,X,,,NO,,,,,,,X,X,,X,,,,X,,X,,SI,SI,8,SI,1,X,X,,,,,,,,X,X,X,X,,,,,SI,SI,2,SI,X,,,,,,SI,SI,SI,SI,SI,SI,SI,0,,,SI,SI,1,28/11/2024,NO,SI,NO,SI,SI,X,X,X,,X,,,123,128,SI,SI,NO,,,,,,,,,,,,NO,,,,,,,SI,,X,,,,B0,A1,1,040107,040002
1751833,0,825346,3AP,INNOVA SCHOOLS - CERRO COLORADO,CERRO COLORADO,AREQUIPA,NO,,,,,,,,SI,SI,,,SI,,,,,X,,SI,X,X,,,,,,SI,SI,SI,,,X,,,,,SI,X,X,,,,,NO,NO,,,SI,X,,,,,,SI,SI,6,NO,,,,,,,SI,1,,,X,,,,,,,SI,SI,SI,SI,SI,1,X,,,,,,,,X,,,,SI,SI,12,SI,1,,X,,,,,,,,X,,X,,,,,,SI,NO,,SI,X,X,,,,,SI,SI,SI,SI,SI,SI,SI,1,,,SI,NO,,//,SI,SI,NO,SI,SI,,,,X,,,,,,,,NO,,,,,,,,,,,,SI,X,,,,,,NO,,,,,,B0,B4,1,040104,040001
1371517,0,551186,3AP,NIÑO DIVINO,JOSE LUIS BUSTAMANTE Y RIVERO,LAS ESMERALDAS,NO,,,,,,,,NO,,,,SI,,,,,X,,SI,X,X,,,,,,NO,,SI,,,X,,,,,SI,X,X,X,,,,NO,NO,,,SI,X,X,,,,,SI,NO,8,NO,,,,,,,NO,,X,X,X,,X,X,X,,,SI,NO,NO,SI,SI,2,,X,,X,,,,,X,X,X,X,SI,SI,9,SI,2,,X,X,,,X,,,,X,X,,X,,,,,SI,SI,10,SI,X,,,,,,SI,SI,SI,SI,SI,SI,SI,0,,,SI,SI,5,17/12/2024,SI,SI,SI,SI,SI,X,,,,X,,,,,,,NO,,,,,,,,,,,,NO,,,,,,,NO,,,,,,B0,B4,1,040129,040002
0313767,0,072695,3AP,40499,COCACHACRA,SANTA MARIA,NO,,,,,,,,SI,SI,,,SI,X,,,,,,SI,X,,,,,,,NO,,NO,,,,,,,,SI,,,X,,,,SI,NO,,,SI,X,,,,,,SI,NO,2,NO,,,,,,,,,X,,,,X,X,,,,SI,SI,SI,SI,SI,2,X,,,,,,,,X,X,X,X,SI,SI,1,SI,1,X,X,X,X,X,X,,,,X,X,X,,X,,,,SI,SI,19,SI,,,,,X,SESIONES TUTORIA,SI,SI,SI,SI,SI,SI,SI,0,,,SI,NO,,//,NO,SI,SI,SI,SI,X,X,,X,X,,,,,,,NO,,,,,,,,,,,,NO,,,,,,,NO,,,,,,B0,A1,2,040702,040008
0219717,0,062516,3AP,40164 JOSE CARLOS MARIATEGUI,PAUCARPATA,MANUEL PRADO,NO,,,,,,,,SI,SI,,,SI,X,,,X,,,SI,X,,,,,,,NO,,SI,,,X,,,,,SI,,,X,,,,NO,NO,,,SI,X,,X,,,,SI,NO,5,NO,,,,,,,,,X,X,X,X,X,X,X,,,SI,SI,SI,SI,SI,3,X,X,,,,X,,,X,,X,,SI,SI,13,SI,1,,,,,,X,,,,X,X,,X,,,,,SI,SI,5,SI,,,X,X,,,SI,SI,SI,SI,SI,SI,SI,0,,,SI,SI,6,30/10/2024,SI,SI,NO,SI,SI,,X,X,,X,,,70,,SI,SI,NO,,,,,,,,,,,,NO,,,,,,,NO,,,,,,B0,A1,1,040112,040002
1270727,0,712603,3AP,FRANCIS COLLINS SCHOOL,MIRAFLORES,AREQUIPA,NO,,,,,,,,SI,NO,1,,SI,,,,,,X,SI,X,,,,,,,NO,,NS,,,,,,,,SI,,X,,,,,NO,NO,,,NO,,,,,,,SI,NO,6,NO,,,,,,,NO,,X,X,X,X,X,X,X,,,SI,SI,SI,SI,SI,3,X,,X,X,X,X,,,X,,X,X,NO,SI,8,SI,1,,,,,,,X,,,X,X,,,X,,,,SI,SI,20,SI,X,X,,X,,,SI,SI,SI,SI,SI,SI,SI,0,,,SI,NO,,//,NO,SI,SI,SI,SI,,,X,,,,,,016,SI,SI,NO,,,,,,,,,,,,NO,,,,,,,NO,,,,,,B0,B4,1,040110,040002
1753862,0,803387,3AP,ECOSCHOOL,PAUCARPATA,GUARDIA CIVIL,NO,,,,,,,,SI,SI,,,SI,,,,,,X,SI,X,,,,,,,NO,,NO,,,,,,,,SI,,X,X,X,,,SI,SI,3,,SI,X,,X,,,,SI,SI,8,NO,,,,,,,NO,,X,X,X,X,X,X,X,,,SI,SI,SI,SI,SI,3,X,X,,X,,X,,,X,X,X,X,SI,SI,3,SI,1,,,,,,,X,,,X,X,,X,X,,,,SI,SI,2,SI,,X,X,,,,SI,SI,SI,SI,SI,SI,SI,0,,,SI,NO,,//,SI,SI,SI,SI,SI,X,,X,X,X,,,017,017,SI,SI,NO,,,,,,,,,,,,NO,,,,,,,SI,,,,X,UGEL,B0,B4,1,040112,040002
0313296,0,071506,3AP,40449 NUESTRA SEÑORA DEL ROSARIO,CHUQUIBAMBA,BUENA VISTA,NO,,,,,,,,NO,,,,SI,X,,,,X,,SI,X,,X,,,,,SI,SI,SI,,,X,,,,,SI,,X,X,,,,SI,NO,,,SI,X,,X,,,,SI,SI,9,SI,X,X,,,,,,,X,,,,X,X,,,,SI,SI,SI,SI,SI,3,X,,,,X,X,,,X,X,,X,SI,SI,1,SI,1,X,X,X,,,X,,,,X,,X,X,,,,,SI,SI,8,SI,,,X,X,,,SI,SI,SI,SI,SI,SI,SI,0,,,SI,NO,,//,NO,SI,SI,SI,SI,,X,X,X,,,,014,,SI,SI,SI,,,,,,X,,,,,X,NO,,,,,,,SI,X,,,,,B0,A1,2,040601,040007
0845131,0,059175,3AP,NIÑO JESUS EL TERREMOTITO,CAYMA,LA TOMILLA,NO,,,,,,,,SI,SI,,,SI,X,,,,,,SI,X,X,,,,,,NO,,SI,X,,X,,,,,SI,,,X,X,,,SI,NO,,,SI,,,,,X,CAMPAÑAS DE VACUNACIÓN,SI,NO,9,NO,,,,,,,NO,,X,X,X,X,X,X,X,,,SI,SI,SI,SI,SI,3,,X,X,X,,X,,,X,X,X,X,NO,SI,9,SI,7,,X,X,,X,X,X,,,X,X,,X,X,,,,SI,SI,14,SI,X,X,,X,,,SI,SI,SI,SI,SI,SI,SI,0,,,SI,SI,1,30/4/2024,SI,SI,SI,SI,SI,X,,X,X,,,,014,,SI,SI,SI,,X,,,,,,,,X,X,SI,,X,X,,,,SI,X,X,,,,B0,B4,1,040103,040001
1119528,0,061734,3AP,WALTER PEÑALOZA RAMELLA,MARIANO MELGAR,MARIANO MELGAR,NO,,,,,,,,SI,SI,,,SI,,,,,,X,SI,X,,,,X,,,NO,,NO,,,,,,,,SI,,,X,,,,SI,NO,,,SI,X,,X,,,,SI,SI,6,SI,,,,X,,,NO,,X,X,X,X,X,X,X,,,SI,SI,SI,SI,SI,3,,,X,X,,X,,,X,X,X,X,SI,SI,12,SI,3,,,,,,,,,,X,X,X,X,X,,,,SI,SI,15,SI,X,X,,X,,,SI,SI,SI,SI,SI,SI,SI,0,,,SI,NO,,//,SI,SI,SI,SI,SI,X,X,X,X,X,,,004,,SI,NO,NO,,,,,,,,,,,,NO,,,,,,,NO,,,,,,B0,B4,1,040109,040002
0844647,0,058005,3AP,40222 DIEGO THOMSON,ALTO SELVA ALEGRE,VILLA UNIÓN,NO,,,,,,,,SI,NO,1,,SI,X,,,X,X,,SI,X,X,,,,,,SI,SI,NO,,,,,,,,SI,,X,X,X,,,SI,SI,,3,SI,X,X,X,X,,,SI,SI,9,SI,,X,X,X,,,,,X,X,X,,,,,,,SI,SI,SI,SI,SI,3,X,X,,X,,,,,X,,X,X,SI,SI,2,SI,2,X,X,X,,,,,,,X,X,X,X,X,,,,SI,SI,2,SI,X,X,,X,,,SI,SI,SI,SI,SI,SI,SI,0,,,SI,NO,,//,SI,SI,SI,SI,SI,X,X,X,,X,,,0008-2025,,SI,SI,SI,,,,,,X,,,,,X,SI,X,,,,,,SI,,X,,,,B0,A4,1,040102,040002
0312470,0,069202,3AP,40366,TIPAN,TAGRE,NO,,,,,,,,SI,SI,,,SI,X,,,,,,SI,X,X,,,,,,NO,,SI,,,X,,,,,SI,,X,,,,,SI,NO,,,SI,X,,,,,,SI,SI,2,SI,X,X,,,,,NO,,X,X,,,,X,,,,SI,SI,SI,SI,SI,3,,X,,X,,,,,X,X,,,NO,SI,1,NO,,X,,,,X,,,,,,X,,X,,,,,SI,NO,,SI,,,X,X,,,SI,SI,SI,SI,SI,SI,SI,0,,,SI,SI,3,24/6/2024,NO,NO,,NO,NO,X,,,X,,,,13/04/2025,018,SI,SI,NO,,,,,,,,,,,,NO,,,,,,,NO,,,,,,B0,A1,2,040411,040005
0307777,0,067458,3AP,41507,ACARI,OTAPARA,NO,,,,,,,,SI,SI,,,SI,X,,,X,,,SI,X,,,,,,,SI,SI,SI,,,,,X,,,SI,X,X,X,,,,NO,NO,,,SI,X,,,,,,NO,SI,8,NO,,,,,,,,,X,X,,,X,X,X,,,SI,SI,SI,SI,NO,,X,X,,X,,,,,X,X,X,,SI,SI,2,SI,1,X,X,,,X,,X,,,,X,X,X,,,,,SI,SI,1,SI,,,X,X,,,SI,SI,SI,SI,SI,SI,SI,0,,,SI,NO,,//,SI,SI,SI,SI,SI,X,,,,X,,,,,,,,,,,,,,,,,,,SI,,X,X,X,,,SI,X,X,,,,B0,A1,2,040302,040004
0312629,0,069990,3AP,40381 SANTA ROSA DE LIMA,CAYLLOMA,CAYLLOMA,NO,,,,,,,,SI,SI,,,SI,X,,,,,,SI,X,,X,,,,,NO,,NS,,,,,,,,SI,X,X,X,,,,SI,NO,,,SI,X,,,,,,NO,SI,3,SI,,X,X,X,,,,,X,X,X,X,X,X,,,,SI,SI,SI,SI,SI,4,,,,X,,,,,X,,,,SI,SI,18,SI,2,,X,X,,,X,X,,,X,,,,,,,,SI,SI,3,SI,X,,,X,,,SI,SI,SI,SI,SI,SI,SI,0,,,SI,NO,,//,SI,NO,,SI,SI,X,X,X,,,,,,0052,SI,NO,NO,,,,,,,,,,,,NO,,,,,,,SI,X,,,,,B0,A1,1,040505,040006
0219055,0,832144,3AP,40098,YANAHUARA,SUMBAY,NO,,,,,,,,NO,,,,SI,,,,,,X,SI,,,,,,X,,NO,,NO,,,,,,,,SI,,X,,,,,SI,NO,,,SI,X,,,,,,NO,SI,8,NO,,,,,,,,,X,,,,X,X,,,,SI,SI,SI,SI,SI,2,,,,,,X,,,X,,,X,SI,SI,1,SI,1,,,,,,X,,,,,,,X,,,,,SI,SI,1,SI,,,,X,,,SI,SI,SI,SI,SI,SI,SI,0,,,SI,NO,,//,SI,SI,SI,SI,SI,,,,X,,,,,,,,NO,,,,,,,,,,,,NO,,,,,,,NO,,,,,,B0,A1,2,040126,040001
0307298,0,067528,3AP,SAN MARTIN DE PORRES,ACARI,AVARI,,,,,,,,,,,,,,X,,,X,,,,,,,X,,,,,,NS,,,,,,,,SI,,X,X,,,,NO,,,,,X,,X,,,,,,8,,,,,,,,,,X,X,X,X,,X,X,,,,,,,,1,X,X,,X,X,X,,,X,X,X,,,,6,,3,X,X,X,,X,X,,,,,X,,X,X,,,,,,,,,X,,X,,,,,,,,,,0,,,,,,//,,,,,,,,X,,X,,,,,,,NO,,,,,,,,,,,,,,,X,X,,,,,X,,,,B0,A4,1,040302,040004
0589622,0,070012,3AP,40417,CAYLLOMA,CHINOSIRI,NO,,,,,,,,NO,,,,SI,X,,,,,,SI,X,,,,,,,SI,SI,SI,,,X,,,,,SI,,X,X,,,,SI,NO,,,SI,X,,,,,,SI,SI,9,SI,,X,X,,,,,,X,,,,X,X,,,,SI,SI,SI,SI,SI,1,,,,X,,,,,X,,,,SI,SI,1,SI,1,,,,,,,X,,,,,,X,,,,,SI,NO,,SI,,,X,,,,SI,SI,SI,SI,SI,SI,SI,0,,,SI,NO,,//,SI,SI,SI,SI,SI,X,,,,,,,,,,,SI,,,,,,X,,,,,X,SI,,X,,,,,SI,X,,,,,B0,A1,2,040505,040006
0314229,0,073421,3AP,40546,PAMPAMARCA,CCOCHAPAMPA,NO,,,,,,,,NO,,,,SI,,,,,X,,SI,,,,,,X,,NO,,SI,,,X,,,,,NO,,,,,,,,NO,,,SI,X,,,,,,NO,NO,9,NO,,,,,,,,,,,,,,,,,,SI,SI,NO,NO,,,,X,,,,X,,,X,,,,SI,SI,1,SI,1,,X,,,,,,,,X,X,,,,,,,SI,NO,,SI,,X,,,,,SI,SI,SI,NO,NO,,NO,,4,,NO,,,//,NO,SI,NO,SI,NO,,,,X,,,,,,,,NO,,,,,,,,,,,,NO,,,,,,,SI,X,,,,,B0,A1,2,040805,040009
0312090,0,069103,3AP,40328,PAMPACOLCA,SAN ANTONIO,SI,SI,,,,X,,,NO,,,,SI,,,,X,,,SI,,X,,,,,,NO,,NO,,,,,,,,SI,,X,,,,,SI,NO,,,SI,X,,,,,,SI,SI,8,SI,,X,X,,,,,,X,,,,X,X,,,,SI,SI,SI,SI,SI,3,X,,,X,,,,,X,X,X,X,SI,SI,1,SI,4,,X,,X,X,,X,,,,X,,X,,,,,SI,NO,,SI,,,X,,,,SI,SI,SI,SI,NO,,SI,0,,,SI,NO,,//,NO,SI,SI,SI,SI,,,,X,,,,,,,,NO,,,,,,,,,,,,NO,,,,,,,SI,X,,,,,B0,A1,2,040410,040005
0219113,0,063733,3AP,40104,SAN JUAN DE SIGUAS,YURAMAYO,NO,,,,,,,,SI,SI,,,SI,,,,,,X,SI,X,,,,,,,NO,,NO,,,,,,,,SI,X,,,,,,SI,NO,,,SI,X,,,,,,NO,NO,3,SI,,X,X,,,,,,X,,X,,X,,,,,NO,,,,,,X,,X,,,,,,X,,,,SI,NO,,SI,2,X,,,,X,,,,,,,X,,,,,,SI,SI,2,NO,,X,,,,,SI,SI,SI,SI,SI,SI,SI,0,,,SI,NO,,//,SI,NO,,SI,NO,,,X,,X,,,017-2025,,NO,,NO,,,,,,,,,,,,NO,,,,,,,SI,X,,,,,B0,A1,2,040118,040010
0745984,0,072718,3AP,40518,COCACHACRA,EL FISCAL,NO,,,,,,,,NO,,,,SI,X,,,,,,SI,X,,,,X,,,SI,SI,SI,,,X,,,,,SI,,X,X,X,,,SI,NO,,,SI,X,,X,X,,,SI,SI,8,NO,,,,,,,,,X,X,X,X,X,X,X,,,SI,SI,SI,SI,SI,5,X,X,,,X,X,,,X,,,,SI,SI,3,SI,3,,X,X,,,X,X,,,X,,,,X,,,,SI,SI,10,SI,X,,,,,,SI,SI,SI,SI,SI,SI,SI,0,,,SI,NO,,//,SI,SI,SI,SI,SI,,,X,,X,,,23,0,SI,SI,NO,,,,,,,,,,,,SI,,X,,X,,,NO,,,,,,B0,A1,2,040702,040008
0678896,0,068504,3AP,40597,ANDAGUA,ANEXO DE CCALLHUA,NO,,,,,,,,NO,,,,SI,,,,,,X,SI,X,X,,,,,,NO,,NS,,,,,,,,SI,,X,,X,,,NO,NO,,,SI,X,,X,X,,,NO,NO,9,NO,,,,,,,,,X,,X,X,X,,,,,NO,,,,,,,,,,,X,,,X,,X,,SI,NO,,SI,3,,,X,X,,,,,,,,X,X,,,,,SI,SI,6,SI,X,,,,,,SI,SI,SI,SI,SI,NO,NO,,1,,NO,,,//,NO,SI,SI,NO,NO,,X,,X,,,,,,,,NO,,,,,,,,,,,,NO,,,,,,,NO,,,,,,B0,A1,2,040402,040005
0287813,0,072723,3AP,41048 CRISTO REY,COCACHACRA,COCACHACRA,NO,,,,,,,,SI,SI,,,SI,X,,,X,,,SI,X,,,,,,,SI,SI,SI,,,X,,,,,SI,X,X,X,X,,,SI,NO,,,SI,X,X,X,,,,SI,SI,5,SI,X,,,X,,,NO,,X,X,X,X,X,X,,,,SI,SI,SI,SI,SI,3,,X,X,X,X,X,,,X,X,X,X,SI,SI,14,SI,2,X,X,X,X,X,X,X,,,X,X,X,X,X,,,,SI,SI,10,SI,X,X,X,X,,,SI,SI,SI,SI,SI,SI,SI,0,,,SI,SI,2,26/5/2024,SI,SI,SI,SI,SI,,,X,,X,,,045,028,SI,SI,SI,,X,,,,,,,,,X,SI,,X,X,X,,,SI,X,,,,,B0,A1,1,040702,040008
0311928,0,068245,3AP,40311 JOSE RODRIGUEZ BUSTAMANTE,APLAO,COSOS,NO,,,,,,,,SI,SI,,,SI,,,,X,,,SI,X,X,,,,,,SI,SI,SI,,,X,,,,,SI,X,X,X,X,,,SI,NO,,,SI,X,X,X,X,,,SI,SI,9,NO,,,,,,,,,X,X,X,X,X,X,,,,SI,SI,SI,SI,SI,5,X,X,,X,,X,,,X,X,X,X,SI,SI,7,SI,4,X,X,X,X,X,X,X,,,X,X,X,X,X,,,,SI,SI,5,SI,X,,,X,,,SI,SI,SI,SI,SI,SI,SI,0,,,SI,NO,,//,SI,SI,SI,SI,SI,,X,X,,X,,,X,11,SI,SI,NO,,,,,,,,,,,,SI,X,,,,,,SI,X,,,,,B0,A1,2,040401,040005
0219170,0,063907,3AP,40110,SANTA ISABEL DE SIGUAS,TIN TIN,NO,,,,,,,,NO,,,,SI,X,,,,,,SI,X,X,,,,,,SI,SI,SI,,,X,,,,,SI,,,X,,,,SI,NO,,,SI,X,X,,,,,SI,NO,8,NO,,,,,,,,,X,X,X,X,X,X,,,,SI,SI,NO,NO,,,,X,,,,X,,,X,X,,,NO,SI,1,SI,2,,,X,,,X,,,,X,X,,,X,,,,NO,SI,1,SI,,,,X,,,SI,SI,NO,SI,SI,SI,SI,0,,,SI,NO,,//,SI,SI,SI,SI,NO,,,,X,,,,,,,,SI,X,,,,,X,,,,,X,NO,,,,,,,NO,,,,,,B0,A1,2,040120,040010
0307280,0,055691,3AP,LA RECOLETA,AREQUIPA,ANTIQUILLA,NO,,,,,,,,SI,SI,,,SI,,,,,,X,SI,X,,,,,,,NO,,NO,,,,,,,,SI,X,X,X,,,,SI,NO,,,SI,X,X,,,,,SI,NO,9,NO,,,,,,,SI,10,X,X,X,X,,,,,,SI,SI,SI,SI,SI,3,,X,,X,,X,,,X,,X,,SI,SI,13,SI,2,,X,X,,X,,,,,X,X,,X,,,,,NO,SI,2,SI,,,,X,,,SI,SI,SI,SI,SI,SI,SI,0,,,SI,SI,2,3/10/2024,SI,SI,NO,SI,SI,,,X,,X,,,47,,SI,SI,NO,,,,,,,,,,,,NO,,,,,,,NO,,,,,,B0,B2,1,040101,040001
0312330,0,068679,3AP,40352 BENJAMIN GOMEZ YANCAPALLO,CHILCAYMARCA,CHILCAYMARCA,NO,,,,,,,,SI,SI,,,SI,,,,,,X,SI,X,,X,X,X,,,NO,,SI,,,X,,,,,SI,,X,X,,,,SI,NO,,,SI,X,X,,,,,NO,SI,8,NO,,,,,,,,,,X,X,X,,,,,,SI,SI,SI,SI,SI,2,,X,,X,X,,,,X,,X,,SI,SI,6,SI,4,,X,X,,X,X,,,,,X,,X,X,,,,SI,SI,3,SI,,,,X,,,SI,SI,SI,SI,SI,NO,SI,0,,,SI,NO,,//,NO,SI,SI,SI,SI,,,,X,,,,,,,,SI,,,,,,X,,,,,X,NO,,,,,,,SI,,,,X,UGEL,B0,A1,2,040405,040005
0612325,0,072054,3AP,40450,SALAMANCA,ANEXO CAPILLA,NO,,,,,,,,NO,,,,SI,X,,,X,,,SI,X,X,,,,,,NO,,SI,,,X,,,,,SI,,X,X,,,,NO,NO,,,SI,X,,X,,,,SI,NO,9,NO,,,,,,,,,X,X,X,X,X,X,,,,SI,SI,SI,SI,NO,,X,,,X,,,,,X,,X,,SI,SI,1,SI,2,X,X,,,X,X,X,,,X,X,X,,,,,,NO,SI,6,SI,,,,X,,,SI,SI,SI,SI,SI,NO,SI,0,,,SI,NO,,//,NO,SI,SI,SI,NO,,X,,X,X,,,,,,,NO,,,,,,,,,,,,NO,,,,,,,NO,,,,,,B0,A1,2,040607,040007
1117134,0,063587,3AP,40672,SACHACA,VICTOR MALDONADO,NO,,,,,,,,SI,SI,,,SI,X,,,,,,SI,,,,,,X,,SI,NO,SI,,,X,,,,,SI,,X,X,X,,,NO,NO,,,SI,,,X,,,,SI,NO,9,SI,,X,,,,,,,X,,X,,X,X,,,,SI,SI,SI,SI,SI,2,X,X,,,X,,,,X,X,X,,SI,SI,3,SI,4,,X,,,X,X,X,,,X,X,,,,,,,SI,SI,20,SI,,,,X,,,SI,SI,SI,SI,SI,SI,SI,0,,,SI,NO,,//,SI,SI,SI,SI,SI,,,X,,X,,,011-2025,,SI,SI,NO,,,,,,,,,,,,NO,,,,,,,NO,,,,,,B0,A1,1,040117,040001
0617506,0,072351,3AP,40492 DANIEL ALCIDES CARRION,MOLLENDO,MOLLENDO,NO,,,,,,,,SI,SI,,,SI,X,,,,,,SI,X,X,,,,,,NO,,SI,,,X,,,,,SI,X,X,X,,,,SI,SI,,3,SI,X,X,X,,,,SI,SI,8,SI,X,X,X,,,,,,X,X,X,X,X,X,,,,SI,SI,SI,SI,SI,3,X,X,X,X,,,,,X,X,X,,SI,SI,8,SI,2,,X,,,X,X,X,,,X,X,X,X,,,,,SI,SI,2,SI,X,,,X,,,SI,SI,SI,SI,SI,SI,SI,0,,,SI,NO,,//,NO,SI,SI,SI,NO,X,,X,,X,,,011-2025,,SI,SI,SI,,,,,,X,,,,,X,NO,,,,,,,SI,X,,,,,B0,A1,1,040701,040008
0218875,0,058703,3AP,40081 MIGUEL CESAR AUGUSTO MAZEYRA ACOSTA,CAYMA,LEON XIII,SI,SI,,,,X,,,SI,SI,,,SI,,,X,X,X,,SI,X,,X,,X,,,SI,SI,SI,,,X,,,,,SI,,X,X,X,,,SI,SI,1,1,SI,X,,X,,,,SI,SI,9,SI,,X,,X,,,,,X,X,X,X,,X,,,,SI,SI,SI,SI,SI,3,,X,X,X,X,X,,,X,X,X,X,SI,SI,12,SI,6,X,X,X,,X,X,X,,,X,X,X,X,X,,,,SI,SI,20,SI,X,X,,X,,,SI,SI,SI,SI,SI,SI,SI,7,,,SI,SI,3,19/12/2024,SI,SI,SI,SI,SI,X,,X,,X,,,062,,SI,SI,NO,,,,,,,,,,,,NO,,,,,,,NO,,,,,,B0,A1,1,040103,040001
1759950,0,832945,3AP,TALENT SCHOOL,AREQUIPA,AREQUIPA,NO,,,,,,,,SI,SI,,,SI,,,,,,X,SI,X,X,,,,,,SI,SI,SI,,,X,,,,,SI,,X,,,,,NO,NO,,,NO,,,,,,,SI,NO,8,SI,,X,,,,,NO,,X,X,X,,X,X,X,,,SI,SI,SI,SI,SI,2,,X,,,,,,,X,,,,SI,SI,6,SI,8,X,X,X,,X,X,X,,,X,X,,,,,,,SI,SI,2,SI,X,,,,,,SI,SI,SI,SI,SI,SI,SI,0,,,SI,SI,2,8/4/2024,SI,SI,SI,SI,SI,,,X,,X,,,,123,SI,NO,NO,,,,,,,,,,,,NO,,,,,,,NO,,,,,,B0,B4,1,040101,040001
1607548,0,820344,3AP,SAN CARLOS,MAJES,EL PEDREGAL,SI,SI,X,,,,,,SI,NO,1,,SI,X,,,X,,,SI,X,,,,,,,NO,,NO,,,,,,,,SI,,,X,,,,NO,NO,,,SI,X,,,,,,SI,NO,6,SI,,,X,,,,NO,,X,X,X,X,X,X,X,,,SI,SI,SI,SI,SI,4,X,X,X,X,,,,,X,,X,,SI,SI,7,SI,1,,X,,,,X,,,,X,,X,X,X,,,,SI,NO,,SI,,X,X,,,,SI,SI,SI,SI,SI,SI,SI,0,,,SI,SI,1,18/10/2024,SI,SI,SI,NO,SI,X,,X,,X,,,081-2024,,SI,NO,NO,,,,,,,,,,,,NO,,,,,,,NO,,,,,,B0,B4,1,040520,040010
0313981,0,073398,3AP,40522 JUAN LUIS SOTO MOTTA,PAMPAMARCA,PAMPAMARCA,NO,,,,,,,,SI,SI,,,SI,,,,,,X,SI,,,,,,X,,NO,,SI,,,X,,,,,SI,,,X,,,,SI,NO,,,SI,X,,X,,,,NO,SI,9,SI,X,,,,,,,,X,X,X,X,X,X,,,,SI,SI,SI,SI,SI,1,,,,X,,,,,,,X,,SI,SI,3,SI,1,,,,,,X,,,,,X,,,,,,,SI,SI,2,NO,,,,X,,,SI,SI,SI,SI,SI,NO,SI,0,,,SI,NO,,//,NO,SI,NO,SI,NO,X,,X,,,,,038,,SI,NO,NO,,,,,,,,,,,,NO,,,,,,,NO,,,,,,B0,A1,2,040805,040009
0307363,0,583088,3AP,ADVENTISTA GENERAL JOSE DE SAN MARTIN,AREQUIPA,VALLECITO,NO,,,,,,,,NO,,,,SI,X,,,X,,,SI,,,,,,X,,NO,,NO,,,,,,,,SI,X,,X,,,,NO,NO,,,NO,,,,,,,SI,NO,3,SI,X,X,X,,,,NO,,X,X,X,,,,X,,,SI,SI,SI,SI,NO,,X,X,,X,,X,,,X,X,X,X,NO,SI,2,SI,1,X,X,,,,,,,,,X,,X,,,,,SI,NO,,SI,X,X,,,,,SI,SI,SI,NO,SI,SI,SI,0,,,SI,NO,,//,SI,SI,SI,SI,SI,,,X,,X,,,065-2025,,SI,NO,NO,,,,,,,,,,,,NO,,,,,,,SI,X,,,,,B0,B4,1,040101,040001
0226746,0,057992,3AP,40034 MARIO VARGAS LLOSA,ALTO SELVA ALEGRE,,NO,,,,,,,,SI,SI,,,SI,X,,,,,,SI,X,,X,X,,,,NO,,SI,,,X,,,,,NO,,,,,,,,SI,0,3,SI,X,,X,,,,SI,SI,3,SI,X,X,,X,,,,,X,X,X,X,X,X,,,,SI,SI,SI,SI,SI,3,X,X,,X,,,,,X,X,X,,SI,SI,18,SI,6,X,X,X,,,X,,,,X,X,,,X,,,,SI,SI,2,SI,X,X,,X,,,SI,SI,SI,SI,SI,SI,SI,0,,,SI,NO,,//,SI,SI,SI,SI,SI,X,X,X,X,X,,,022,178,SI,NO,NO,,,,,,,,,,,,NO,,,,,,,NO,,,,,,B0,A1,1,040102,040002
0894337,0,060353,3AP,40630 VIRGEN DEL CARMEN,PAUCARPATA,,SI,SI,,,X,,,,SI,SI,,,SI,X,,,,,,SI,X,,,,,,,NO,,NO,,,,,,,,SI,X,X,,,,,NO,NO,,,SI,X,X,,,,,SI,SI,9,SI,,,X,,,,,,X,X,X,,,,,,,SI,SI,SI,SI,NO,,,X,,X,,,,,X,,X,,SI,SI,3,NO,,,,,,,X,,,,X,X,,X,,,,,SI,SI,2,SI,,X,,,,,SI,SI,SI,SI,SI,SI,SI,0,,,SI,NO,,//,SI,SI,SI,SI,SI,,,,X,,,,,,,,NO,,,,,,,,,,,,NO,,,,,,,NO,,,,,,B0,A1,1,040112,040002
0307561,0,055714,3AP,MARIA AUXILIADORA,AREQUIPA,AREQUIPA,NO,,,,,,,,SI,SI,,,SI,,,,,,X,SI,X,,,,,,,NO,,NO,,,,,,,,SI,X,X,X,,,,NO,NO,,,NO,,,,,,,SI,NO,7,NO,,,,,,,SI,3,X,X,X,,,X,X,,,SI,SI,SI,NO,,,X,X,,X,,,,,X,,X,,SI,SI,7,NO,,,,,,,,,,,X,X,,,,,,,SI,NO,,SI,,X,,X,,,SI,SI,SI,SI,SI,SI,SI,0,,,SI,NO,,//,SI,SI,NO,SI,SI,,,X,,,,,34,28,SI,SI,NO,,,,,,,,,,,,NO,,,,,,,NO,,,,,,B0,B2,1,040101,040001
0226928,0,058699,3AP,40052 EL PERUANO DEL MILENIO ALMIRANTE MIGUEL GRAU,CAYMA,BUENOS AIRES,SI,SI,,X,,,,,SI,SI,,,SI,X,X,,,,,SI,X,,X,,,,,NO,,SI,,,X,,,,,SI,,X,X,X,,,SI,SI,2,,SI,X,X,,,,,SI,SI,1,SI,,X,X,,,,,,X,X,X,X,X,X,X,,,SI,SI,SI,SI,SI,2,,X,,X,,,,,X,,,,SI,SI,14,SI,2,X,,,,X,,,,,X,X,,X,,,,,SI,SI,14,SI,X,,,X,,,SI,SI,SI,SI,SI,SI,SI,0,,,SI,NO,,//,NO,SI,SI,SI,SI,X,X,X,,X,,,167-2025,117-2025,SI,SI,NO,,,,,,,,,,,,NO,,,,,,,NO,,,,,,B0,A1,1,040103,040001
0313379,0,071672,3AP,40457 INMACULADA CONCEPCION,ANDARAY,HUASACA,NO,,,,,,,,NO,,,,SI,,,,,X,,SI,X,,,,,,,SI,SI,SI,,,X,,,,,NO,,,,,,,,NO,,,SI,X,,,,,,SI,SI,8,SI,X,X,X,,,,NO,,X,X,X,X,X,X,,,,SI,SI,SI,NO,NO,,X,X,X,X,,X,,,X,X,X,,SI,SI,1,SI,2,X,X,X,,X,X,X,,,X,,,X,X,,,,SI,SI,4,SI,,,,X,,,SI,SI,SI,SI,SI,SI,SI,0,,,SI,NO,,//,SI,SI,NO,SI,SI,,,,,X,,,15,28,SI,SI,SI,,,,X,,,,,,,X,NO,,,,,,,NO,,,,,,B0,A1,2,040602,040007
0219477,0,069075,3AP,40140,PAMPACOLCA,PAMPACOLCA,NO,,,,,,,,NO,,,,SI,,,,X,,,SI,X,X,X,,,,,SI,SI,SI,,,X,,,,,SI,,X,,,,,SI,NO,,,SI,X,X,X,X,,,SI,SI,9,SI,X,,,,,,,,X,X,X,X,X,X,X,,,SI,SI,SI,SI,SI,3,X,X,X,X,X,X,,,X,X,X,X,SI,SI,3,SI,5,X,X,X,X,X,X,X,,,X,X,X,X,X,,,,SI,SI,2,SI,X,X,X,X,,,SI,SI,SI,SI,SI,SI,SI,0,,,SI,NO,,//,NO,SI,SI,SI,SI,,,X,,,,,026-2025,,SI,SI,NO,,,,,,,,,,,,NO,,,,,,,NO,,,,,,B0,A1,2,040410,040005
0312835,0,069914,3AP,40403,CALLALLI,CAPILLA COLLPA,NO,,,,,,,,SI,SI,,,SI,X,,,X,,,SI,X,X,,,,,,SI,SI,SI,,,X,,,,,SI,,,X,,,,NO,NO,,,SI,X,,,,,,SI,SI,8,NO,,,,,,,,,X,,,,X,,,,,SI,SI,SI,SI,SI,2,,,,X,,X,,,X,X,,,SI,SI,1,SI,3,,,,,,X,X,,,X,X,,X,,,,,SI,SI,3,SI,,X,,,,,SI,SI,SI,SI,SI,SI,SI,0,,,SI,NO,,//,NO,SI,SI,SI,SI,,X,,,,,,,,,,,,,,,,,,,,,,NO,,,,,,,SI,X,,,,,B0,A1,2,040504,040006
0588962,0,064997,3AP,40120,YURA,PATAHUASI,NO,,,,,,,,NO,,,,SI,X,,,,,,SI,X,,,,,,,NO,,NO,,,,,,,,SI,,,X,X,,,NO,NO,,,SI,X,,,,,,SI,SI,8,NO,,,,,,,,,X,X,X,,X,X,,,,SI,SI,SI,SI,SI,3,,,,X,,X,,,X,X,X,,NO,NO,,SI,4,X,X,,,X,X,X,,,,X,,X,X,,,,SI,NO,,NO,,,,,X,AUTOEVALUACIÓN,SI,SI,SI,SI,SI,NO,NO,,4,,NO,,,//,SI,SI,SI,SI,NO,X,X,,,,X,NO SE CUENTA CON MUNICIPIO ESCOLAR,,,,,SI,,X,,,,,,,,X,,NO,,,,,,,SI,X,,,,,B0,A1,2,040128,040001
0312496,0,069320,3AP,40368 VIRGEN DE LA FAMILIA,URACA,SARCAS,NO,,,,,,,,NO,,,,NO,X,,,,,,SI,,X,,,,,,NO,,SI,,,X,,,,,NO,,,,,,,,NO,,,SI,X,,X,,,,SI,SI,8,NO,,,,,,,,,X,,,,X,X,,,,NO,,,NO,NO,,,,,X,,,,,,,,X,SI,NO,,NO,,,X,,,,,,,,,,,,,,X,,SI,NO,,NO,,X,,,,,SI,SI,SI,SI,SI,NO,NO,0,1,,NO,,,//,NO,NO,NO,NO,SI,,,,X,,,,,,NO,NO,NO,,,,,,,,,,,,NO,,,,,,,NO,,,,,,B0,A1,2,040413,040005
1281419,0,998766,3AP,KAROL WOJTYLA,CERRO COLORADO,AREQUIPA,NO,,,,,,,,SI,SI,,,SI,X,,,X,X,,SI,X,,,,,,,SI,SI,SI,,,X,,,,,SI,,X,,,,,SI,NO,,,NO,,,,,,,SI,SI,5,NO,,,,,,,NO,,X,,X,,,,,,,SI,SI,SI,SI,SI,4,X,X,X,,,,,,X,X,X,X,SI,SI,8,SI,4,X,X,X,X,X,X,,,,X,X,X,X,,,,,SI,SI,8,SI,,X,X,X,,,SI,SI,SI,SI,SI,NO,SI,0,,,SI,NO,,//,NO,SI,SI,SI,SI,X,,X,,X,,,1078,,SI,SI,NO,,,,,,,,,,,,SI,,X,X,X,,,NO,,,,,,B0,B4,1,040104,040001
0311902,0,068226,3AP,40309,APLAO,HUATIAPILLA,NO,,,,,,,,SI,SI,,,SI,X,,,X,,,SI,X,X,,,,,,NO,,SI,,,X,,,,,SI,,X,X,,,,SI,NO,,,SI,X,,X,,,,SI,SI,8,SI,,X,,X,,,,,X,X,X,X,X,X,,X,DOCENTE DE APOYO,SI,SI,SI,SI,SI,2,X,X,,X,,X,,,X,X,,,SI,SI,3,SI,2,,X,,,X,X,X,,,X,X,X,X,,,,,SI,NO,,SI,X,,,X,,,SI,SI,SI,SI,SI,SI,SI,0,,,SI,SI,1,5/5/2024,NO,SI,SI,SI,NO,,,X,X,X,,,04,08,SI,SI,SI,,X,,,,,,,,,X,SI,,X,X,X,,,SI,,X,,,,B0,A1,2,040401,040005
0307579,0,505284,3AP,SAN PEDRO,AREQUIPA,AREQUIPA,SI,SI,,,,X,,,SI,SI,,,SI,X,,,,,,SI,X,,,,,,,NO,,NO,,,,,,,,SI,X,X,,,,,SI,NO,,,NO,,,,,,,SI,NO,5,NO,,,,,,,NO,,X,,X,,X,X,,,,SI,SI,SI,SI,SI,4,,X,,X,,X,X,TALLER DE VALORES HUMANOS,,,X,X,SI,SI,4,SI,10,X,X,X,X,X,X,X,,,X,X,X,X,X,,,,SI,SI,6,SI,X,X,,X,X,CUADERNO VIAJERO,SI,SI,SI,SI,SI,SI,SI,0,,,SI,NO,,//,NO,SI,SI,SI,SI,X,X,,X,,,,,,,,NO,,,,,,,,,,,,NO,,,,,,,NO,,,,,,B0,B4,1,040101,040001
0313775,0,078567,3AP,40500,COCACHACRA,CARRIZAL,NO,,,,,,,,NO,,,,SI,X,,,,,,SI,X,X,,X,,,,SI,SI,SI,,,X,,,,,SI,,,X,,,,NO,NO,,,SI,X,,X,,,,SI,SI,8,NO,,,,,,,NO,,X,,,,X,X,,,,SI,SI,SI,SI,SI,2,,X,,,X,X,,,X,X,X,X,SI,SI,1,SI,3,X,X,X,X,X,X,X,,,X,X,X,X,X,,,,SI,SI,3,SI,X,X,X,X,,,SI,SI,SI,SI,SI,SI,SI,0,,,SI,NO,,//,SI,SI,SI,SI,SI,,X,,X,,,,,,,,SI,,X,,,,X,,,,,X,SI,,X,,X,,,NO,,,,,,B0,A1,2,040702,040008
0313759,0,072681,3AP,40498,COCACHACRA,EL TORO,NO,,,,,,,,SI,SI,,,SI,X,,,X,,,SI,X,X,,,,,,NO,,SI,,,X,,,,,NO,,,,,,,,NO,,,SI,X,,X,,,,SI,NO,8,NO,,,,,,,,,,,,,,,,,,SI,SI,SI,SI,NO,,X,,,,,,,,X,,,X,SI,NO,,SI,2,,X,X,X,,,X,,,,X,X,,,,,,SI,NO,,SI,,X,X,X,,,SI,SI,SI,SI,SI,SI,SI,0,,,SI,NO,,//,SI,SI,NO,SI,SI,X,X,,X,,,,,,,,NO,,,,,,,,,,,,NO,,,,,,,SI,X,X,,,,B0,A1,2,040702,040008
0844415,0,070583,3AP,41061 JOSE ANTONIO ENCINAS,MAJES,AREQUIPA,NO,,,,,,,,SI,SI,,,SI,X,,X,X,,,SI,X,,,,,,,NO,,NO,,,,,,,,SI,,X,X,,,,SI,NO,,,SI,,,X,,,,SI,NO,5,SI,X,,,,,,,,X,X,X,X,X,X,X,,,SI,SI,SI,NO,,,X,X,,X,,,,,X,X,X,X,SI,SI,1,SI,1,,,,,X,X,,,,X,,,X,X,,,,SI,SI,2,SI,,,,X,,,SI,SI,SI,SI,SI,SI,SI,0,,,SI,NO,,//,NO,SI,SI,SI,SI,X,,X,,,,,084,,SI,SI,SI,X,,,,,,,,,,X,SI,,X,,,,,NO,,,,,,B0,A1,2,040520,040010
0313411,0,071851,3AP,40461,CHICHAS,YACHANGUILLO,NO,,,,,,,,NO,,,,SI,X,,,,,,SI,,,,,,X,,NO,,NO,,,,,,,,NO,,,,,,,,NO,,,NO,,,,,,,SI,NO,8,NO,,,,,,,,,X,,,,X,X,,,,SI,SI,SI,NO,,,,,X,,,,,,,,,X,NO,NO,,SI,2,X,X,X,X,X,X,X,,,X,,,,,,,,NO,NO,,SI,,,,,X,IE UNIDOCENTE,SI,SI,SI,SI,SI,SI,SI,0,,,SI,NO,,//,NO,SI,SI,SI,NO,,,X,,,,,012,007,NO,,NO,,,,,,,,,,,,NO,,,,,,,NO,,,,,,B0,A1,2,040604,040007
1751866,0,825351,3AP,ANDREWS ROBERT MILLIKAN,CERRO COLORADO,CIUDAD MUNICIPAL,NO,,,,,,,,SI,SI,,,SI,,,,,,X,SI,X,,,,,,,NO,,NS,,,,,,,,NO,,,,,,,,NO,,,NO,,,,,,,SI,NO,8,SI,,X,X,X,,,NO,,X,X,X,,,,X,,,SI,SI,SI,SI,SI,3,,X,,X,,,,,X,X,X,,NO,SI,6,NO,,,,,,,,,,,X,X,,,X,,,,SI,SI,30,SI,X,,,,,,SI,SI,SI,SI,SI,NO,SI,0,,,SI,NO,,//,NO,SI,SI,SI,SI,,,X,,X,,,18,,NO,,NO,,,,,,,,,,,,NO,,,,,,,NO,,,,,,B0,B4,1,040104,040001
0226423,0,055262,3AP,40001 LUIS H BOURONCLE,AREQUIPA,AREQUIPA,NO,,,,,,,,SI,SI,,,SI,,,,X,,,SI,X,,X,,,,,NO,,NO,,,,,,,,SI,,X,X,,,,SI,SI,,20,SI,X,,X,,,,SI,NO,9,SI,,,,X,X,SEGUIMIENTO Y LLAMADAS TELEFONICAS,,,X,X,X,X,X,,X,,,SI,SI,SI,SI,SI,5,X,X,,X,,X,,,X,,X,X,SI,SI,23,SI,9,X,X,,,X,X,,,,X,X,X,X,X,,,,SI,SI,30,SI,X,X,,,,,SI,SI,SI,SI,SI,SI,SI,3,,,SI,SI,1,20/12/2024,SI,SI,SI,SI,SI,X,,X,,X,,,137,70,SI,SI,NO,,,,,,,,,,,,NO,,,,,,,NO,,,,,,B0,A1,1,040101,040001
0898072,0,061164,3AP,CIENCIAS SEÑOR DE LA JOYA - JUAN ORELLANA GARCIA,LA JOYA,LA JOYA,NO,,,,,,,,SI,SI,,,SI,X,,,,,,SI,,,,,,X,,NO,,SI,,,X,,,,,NO,,,,,,,,NO,,,SI,X,,X,,,,SI,SI,5,SI,X,,,X,,,NO,,X,X,,,X,,,,,NO,,,,,,X,X,,,,,,,X,X,,,NO,SI,13,SI,2,X,,,,X,,,,,,X,,X,,,,,SI,SI,5,NO,X,,X,,,,SI,SI,SI,SI,SI,NO,NO,,2,,SI,NO,,//,NO,SI,SI,SI,NO,,,,,X,,,,,,,,,,,,,,,,,,,NO,,,,,,,SI,X,,,,,B0,B4,1,040108,040010
0896217,0,059972,3AP,NUESTRA SRA. DE LA ASUNTA,CERRO COLORADO,ZAMACOLA,SI,SI,,,,X,,,SI,SI,,,SI,X,,,,,,SI,X,,,,,,,NO,,NO,,,,,,,,SI,,X,X,,,,NO,NO,,,SI,,,,,X,VACUNAS,SI,NO,5,NO,,,,,,,NO,,X,X,X,X,X,X,X,,,SI,SI,SI,,NO,,,X,,,,X,,,X,,X,,SI,SI,12,SI,6,,X,,,X,X,X,,,,X,,,,,,,SI,NO,,SI,X,,,,,,SI,SI,SI,SI,SI,SI,SI,0,,,SI,SI,1,8/5/2024,NO,SI,SI,NO,SI,X,,,,,,,175-2024,0,NO,,NO,,,,,,,,,,,,NO,,,,,,,NO,,,,,,B0,B4,1,040104,040001
0619320,0,060616,3AP,ADVENTISTA EDUARDO FRANCISCO FORGA,JACOBO HUNTER,JACOBO HUNTER,SI,NO,,,,,,,SI,SI,,,SI,X,X,,,,,SI,X,X,,,,,,SI,SI,SI,,,X,,,,,SI,X,X,X,,,,SI,NO,,,SI,X,,X,,,,SI,SI,3,NO,,,,,,,SI,14,X,X,X,X,X,X,X,,,SI,SI,SI,SI,SI,4,X,X,,,,X,,,X,,X,X,SI,SI,3,SI,1,,,,,,X,X,,,X,X,,X,X,,,,SI,SI,4,SI,X,,,X,,,SI,SI,SI,SI,SI,SI,SI,0,,,SI,NO,,//,SI,SI,NO,SI,SI,,,X,X,X,,,032-2025,,SI,NO,NO,,,,,,,,,,,,NO,,,,,,,NO,,,,,,B0,B4,1,040107,040002
0313544,0,072290,3AP,40474 JOSE CARLOS MARIATEGUI,MOLLENDO,MIRAMAR,NO,,,,,,,,SI,SI,,,SI,,,,,,X,SI,X,X,,,,,,NO,,NO,,,,,,,,SI,X,X,,,,,SI,SI,1,1,SI,X,,,,,,SI,SI,9,SI,X,,,,,,,,X,X,X,X,X,,X,,,SI,SI,SI,SI,SI,3,X,X,,,,,,,X,,X,,SI,SI,12,SI,6,X,X,,,,X,X,,,X,X,,,,,,,SI,SI,12,SI,X,,,,,,SI,SI,SI,SI,SI,SI,SI,0,,,SI,NO,,//,NO,SI,SI,SI,SI,,,X,X,,,,31,,SI,SI,SI,,,,,X,,,,,,X,NO,,,,,,,NO,,,,,,B0,A1,1,040701,040008
1236066,0,060739,3AP,MARIANISTA,JACOBO HUNTER,HUNTER,NO,,,,,,,,SI,SI,,,SI,,,,,,X,SI,X,,,,,,,NO,,NO,,,,,,,,SI,,,X,,,,NO,NO,,,NO,,,,,,,SI,NO,9,SI,X,,X,,,,NO,,X,X,X,X,X,X,X,,,SI,SI,SI,SI,NO,,X,,,X,,,,,X,,,X,NO,SI,12,NO,,,,,,,,,,,X,,,,,,,,SI,NO,,NO,X,,,X,,,SI,SI,SI,NO,SI,SI,SI,0,,,SI,NO,,//,SI,SI,NO,SI,SI,,,X,,X,,,0067,,NO,,NO,,,,,,,,,,,,NO,,,,,,,NO,,,,,,B0,B4,1,040107,040002
0313882,0,073176,3AP,40512 VIRGEN DE CHAPI,ALCA,AYAHUASI,NO,,,,,,,,SI,SI,,,SI,X,,,,,,SI,X,X,X,,,,,NO,,SI,,,X,,,,,SI,,,X,,,,SI,NO,,,SI,X,X,X,X,,,SI,SI,8,SI,,X,X,X,,,,,X,X,X,X,X,X,,,,SI,SI,SI,SI,NO,,,X,,,,X,,,X,X,X,X,SI,SI,6,SI,2,X,X,X,X,X,X,X,,,X,X,,X,,,,,SI,SI,2,SI,X,,,,,,SI,SI,SI,SI,SI,SI,SI,0,,,SI,NO,,//,SI,SI,SI,SI,SI,,,X,,X,,,011-2025,,SI,SI,NO,,,,,,,,,,,,NO,,,,,,,NO,,,,,,B0,A1,2,040802,040009
0895649,0,065893,3AP,CHARLOTTE BUHLER,JOSE LUIS BUSTAMANTE Y RIVERO,PUERTA VERDE,NO,,,,,,,,SI,SI,,,SI,,,,X,,,SI,X,,,,,,,SI,SI,SI,,,X,,,,,SI,X,X,X,X,,,SI,NO,,,SI,X,,X,,,,SI,SI,8,NO,,,,,,,NO,,X,X,X,X,X,X,X,,,SI,SI,SI,SI,SI,3,X,X,,,,X,,,X,X,X,,SI,SI,6,SI,3,X,X,,,,X,,,,X,X,,,,,,,SI,SI,6,SI,X,X,,X,,,SI,SI,SI,SI,SI,SI,SI,0,,,SI,NO,,//,SI,SI,SI,SI,SI,,X,X,,X,,,028-2025,,SI,SI,SI,,,,,,X,,,,,X,SI,,X,,,,,NO,,,,,,B0,B4,1,040129,040002
0287821,0,072997,3AP,41049 EVERARDO ZAPATA SANTILLANA,PUNTA DE BOMBON,LA PUNTA,NO,,,,,,,,SI,SI,,,SI,X,,,X,,,SI,X,X,,X,,,,SI,SI,SI,,,X,,,,,SI,X,X,X,,,,SI,NO,,,SI,X,X,X,X,,,SI,SI,9,SI,,X,,X,,,,,X,X,X,X,X,X,,,,SI,SI,SI,SI,SI,5,X,X,X,X,X,X,,,X,X,X,X,SI,SI,12,SI,13,X,X,X,X,X,X,X,,,X,X,X,X,X,,,,SI,SI,3,SI,X,X,,X,,,SI,SI,SI,SI,SI,SI,SI,0,,,SI,SI,1,16/8/2024,NO,SI,SI,SI,SI,X,X,X,X,X,,,047-2024,,SI,SI,SI,,X,,,,,,,,,X,SI,,X,,,,,SI,,X,,,,B0,A1,1,040706,040008
0313650,0,072803,3AP,40485 RUBEN LINARES LINARES,DEAN VALDIVIA,EL ARENAL,NO,,,,,,,,SI,SI,,,SI,X,X,X,X,X,,SI,X,X,,X,,,,SI,SI,SI,,,X,,,,,SI,X,X,,X,,,NO,NO,,,SI,X,,X,,,,SI,SI,9,SI,X,X,X,X,,,,,X,X,X,X,X,X,,,,SI,SI,SI,SI,SI,4,X,X,X,X,,X,,,X,X,X,,SI,SI,7,SI,4,X,X,X,,X,X,X,,,X,X,X,X,X,,,,SI,SI,1,SI,X,X,,X,,,SI,SI,SI,SI,SI,SI,SI,0,,,SI,NO,,//,SI,SI,SI,SI,SI,,X,X,,X,,,016,,SI,SI,SI,,X,,,,,,,,,X,SI,,X,X,X,,,SI,,X,,,,B0,A1,1,040703,040008
0219386,0,061239,3AP,40131 NIÑO JESUS DE PRAGA,MARIANO MELGAR,URBANIZACION SANTA ROSA,NO,,,,,,,,SI,SI,,,SI,X,,,,,,SI,X,X,X,,,,,NO,,SI,,,X,,,,,SI,,X,X,X,,,NO,SI,3,,SI,X,,X,,,,SI,SI,8,SI,,X,X,X,,,,,X,X,X,,X,X,,,,SI,SI,SI,SI,SI,2,,X,,X,X,,,,X,,X,,SI,SI,6,SI,2,,X,,,X,X,,,,X,X,,X,,,,,SI,SI,5,SI,,X,,X,,,SI,SI,SI,SI,SI,SI,SI,0,,,SI,SI,1,10/11/2024,NO,SI,SI,SI,SI,X,X,,,,,,,,,,NO,,,,,,,,,,,,NO,,,,,,,NO,,,,,,B0,A1,1,040109,040002
0678847,0,066604,3AP,DE JESUS E.I.R.L.,CAMANÁ,CAMANÁ,NO,,,,,,,,SI,SI,,,SI,,,,,,X,SI,X,,,,,,,NO,,NO,,,,,,,,SI,X,X,X,X,,,SI,NO,,,NO,,,,,,,SI,NO,8,SI,,,,X,,,NO,,X,X,X,X,X,X,X,,,SI,SI,SI,SI,SI,3,X,X,X,X,X,X,,,X,X,X,X,SI,SI,15,SI,1,,X,,X,,,,,,,X,,,,,,,SI,SI,65,SI,X,X,,X,,,SI,SI,SI,SI,SI,SI,SI,0,,,SI,NO,,//,SI,SI,SI,SI,SI,X,,X,,X,,,029,,SI,SI,SI,,,,,,,,,,,X,SI,X,X,X,X,,,SI,X,,,,,B0,B4,1,040201,040003
1789676,0,856427,3AP,INNOVA SCHOOLS - AREQUIPA MIRAFLORES,MIRAFLORES,AREQUIPA,NO,,,,,,,,SI,SI,,,SI,X,,,,,,SI,X,,,,,,,SI,SI,NS,,,,,,,,SI,X,X,X,,,,NO,NO,,,NO,,,,,,,SI,NO,3,NO,,,,,,,NO,,X,X,X,X,,,X,,,SI,SI,SI,SI,SI,3,X,X,X,X,X,X,,,X,X,X,X,SI,SI,6,SI,1,,,,,,,X,,,,X,,X,X,,,,SI,NO,,SI,,X,,,,,SI,SI,SI,SI,SI,SI,SI,0,,,SI,NO,,//,SI,SI,NO,SI,SI,,,X,,,,,,044,SI,SI,NO,,,,,,,,,,,,NO,,,,,,,NO,,,,,,B0,B4,1,040110,040002
0844688,0,070757,3AP,40119,MAJES,ASENTAMIENTO D,NO,,,,,,,,NO,,,,SI,,,,,X,,SI,,,,,X,,,NO,,SI,,,X,,,,,NO,,,,,,,,NO,,,SI,X,,,,,,NO,SI,8,SI,,X,,,,,,,X,,,,X,X,,,,SI,NO,NO,SI,NO,,X,,X,X,,,,,X,,X,X,NO,SI,1,SI,1,,X,X,,,,,,,X,X,,,,,,,NO,SI,5,SI,,X,,,,,SI,SI,SI,SI,SI,SI,SI,0,,,SI,NO,,//,NO,SI,SI,SI,NO,,,,,X,,,,,,,,,,,,,,,,,,,NO,,,,,,,NO,,,,,,B0,A1,2,040520,040010
0311274,0,066944,3AP,40242,OCOÑA,PESCADORES,NO,,,,,,,,SI,SI,,,SI,X,,,X,X,,SI,X,,,X,,,,SI,SI,SI,,,X,,,,,SI,X,X,X,X,,,SI,NO,,,SI,X,X,X,,,,NO,SI,8,NO,,,,,,,,,X,X,X,X,X,X,,,,SI,SI,SI,SI,NO,,X,,,X,X,X,,,X,,X,X,SI,SI,2,SI,2,,,,,,X,,,,X,X,X,X,,,,,SI,SI,8,SI,X,X,X,,,,SI,SI,SI,SI,SI,NO,NO,,4,,SI,NO,,//,SI,SI,SI,SI,SI,,,X,X,X,,,065-2024,066-2024,SI,SI,NO,,,,,,,,,,,,SI,,X,X,X,,,NO,,,,,,B0,A1,2,040206,040003
0307751,0,069042,3AP,41505,ORCOPAMPA,ORCOPAMPA,NO,,,,,,,,SI,SI,,,SI,X,,,,,,SI,X,X,,,,,,NO,,SI,,,X,,,,,SI,X,,X,,,,SI,NO,,,SI,X,,X,,,,SI,SI,8,SI,X,,,X,,,NO,,X,X,X,X,X,X,,,,SI,SI,SI,SI,SI,7,X,,,X,X,,,,X,X,X,X,SI,SI,6,SI,1,X,X,X,X,X,X,X,,,X,X,X,,X,,,,SI,SI,5,SI,X,,,,,,SI,SI,SI,SI,SI,SI,SI,1,,,SI,SI,2,4/7/2024,SI,SI,SI,SI,SI,,,X,,X,,,018,,NO,,SI,,,,,,,,,,,X,NO,,,,,,,NO,,,,,,B0,B5,1,040409,040005
0226654,0,055356,3AP,40025 SANTA DOROTEA,AREQUIPA,JUVENTUD FERROVIARIA,NO,,,,,,,,NO,,,,SI,,,,,,X,SI,X,X,,,,,,SI,SI,SI,,,X,,,,,SI,,X,X,X,,,NO,SI,10,0,SI,X,,,,,,SI,SI,8,SI,X,X,,X,,,,,X,X,X,X,X,,X,,,SI,SI,SI,SI,NO,,,X,X,X,X,,,,X,,X,,SI,SI,3,SI,9,X,X,X,,X,X,,,,X,X,,X,,,,,SI,SI,2,SI,,X,,,,,SI,SI,SI,SI,SI,SI,SI,0,,,SI,SI,7,7/10/2024,SI,SI,SI,SI,SI,,,X,,,,,078-2024,318-2024,SI,SI,SI,,X,,,,,,,,,X,NO,,,,,,,SI,,X,,,,B0,A1,1,040101,040001
0312058,0,068896,3AP,40324 JOSE MIGUEL MORALES DASSO,ORCOPAMPA,ORCOPAMPA,NO,,,,,,,,SI,SI,,,SI,,,,,,X,SI,X,X,X,,,,,SI,SI,SI,,,X,,,,,SI,,,X,,,,SI,NO,,,SI,,,X,X,,,SI,SI,6,NO,,,,,,,,,X,X,X,X,,,,,,SI,SI,SI,SI,SI,1,,X,,,,,,,,,X,,SI,SI,17,SI,3,,,,,,X,,,,X,X,,,,,,,SI,SI,2,SI,X,,,,,,SI,SI,SI,SI,SI,SI,SI,0,,,SI,NO,,//,SI,SI,SI,SI,NO,,,X,,,,,RD-024,113,SI,NO,NO,,,,,,,,,,,,NO,,,,,,,NO,,,,,,B0,A1,1,040409,040005
1270248,0,750826,3AP,PARAISO INFANTIL,PAUCARPATA,UGEL AREQUIPA SUR,NO,,,,,,,,SI,SI,,,SI,,,,,,X,SI,X,,,,,,,NO,,NO,,,,,,,,NO,,,,,,,,NO,,,NO,,,,,,,SI,SI,8,NO,,,,,,,NO,,X,X,X,X,X,X,,,,SI,SI,SI,SI,SI,3,X,X,,,,,,,X,X,,,SI,SI,4,SI,1,,,,,,X,,,,X,X,,,,,,,SI,SI,10,SI,X,,,,,,SI,SI,SI,SI,SI,SI,SI,0,,,SI,NO,,//,NO,SI,SI,SI,SI,,,,X,,,,,,,,NO,,,,,,,,,,,,SI,,,,,X,PLANIFICACION,NO,,,,,,B0,B4,1,040112,040002
0312504,0,069339,3AP,40369,URACA,EL DIQUE,NO,,,,,,,,SI,SI,,,SI,X,,,X,X,,SI,,,X,,,,,SI,SI,SI,,,X,,,,,SI,,X,,,,,NO,NO,,,SI,X,,,,,,SI,SI,6,NO,,,,,,,,,X,,,,X,X,,,,SI,SI,SI,SI,NO,,,,,,,X,,,X,,,,SI,SI,1,SI,2,,,,X,,X,,,,,,,,X,,,,SI,SI,2,SI,,,,X,,,SI,SI,SI,SI,SI,NO,NO,,1,,SI,NO,,//,SI,SI,SI,SI,SI,,,,,X,,,,,,,,,,,,,,,,,,,NO,,,,,,,NO,,,,,,B0,A1,2,040413,040005
0219766,0,070234,3AP,40169 SAN ISIDRO LABRADOR DE PUCCRO,HUANCA,PUCCRO,NO,,,,,,,,NO,,,,SI,X,,,,,,SI,,,,,,X,,NO,,NO,,,,,,,,SI,,X,,,,,SI,NO,,,SI,,,X,,,,NO,SI,8,NO,,,,,,,,,X,,,,X,X,,,,SI,SI,SI,SI,SI,2,,,,,,X,,,X,,,X,SI,SI,1,SI,2,,X,,,,X,,,,,,,X,,,,,SI,SI,1,SI,,,,X,,,SI,SI,SI,SI,SI,SI,SI,0,,,SI,NO,,//,SI,SI,SI,SI,NO,,,,X,,,,,,,,NO,,,,,,,,,,,,NO,,,,,,,NO,,,,,,B0,A1,2,040508,040001
0313973,0,073317,3AP,40521,HUAYNACOTAS,ANEXO DE ANTABAMBA,NO,,,,,,,,NO,,,,SI,,,,,,X,SI,,,,,,X,,NO,,NO,,,,,,,,SI,,,X,X,,,NO,NO,,,NO,,,,,,,NO,NO,8,NO,,,,,,,,,,,,,,,,,,NO,,,,,,,,X,,,X,,,X,X,,,NO,SI,1,NO,,,,,,,,,,,X,,,,X,,,,SI,NO,,SI,X,,,,,,SI,SI,SI,SI,NO,,NO,,3,,SI,NO,,//,NO,SI,SI,SI,SI,X,,,X,,,,,,,,NO,,,,,,,,,,,,NO,,,,,,,NO,,,,,,B0,A1,2,040804,040009
0897850,0,070521,3AP,40663,LLUTA,HATUMPATA,NO,,,,,,,,NO,,,,SI,X,,,,,,SI,,,,,,X,,NO,,NO,,,,,,,,SI,,,X,,,,SI,NO,,,SI,X,,,,,,SI,SI,1,NO,,,,,,,,,X,,,,X,X,,,,SI,SI,SI,SI,SI,1,,,,X,,,,,X,,,,SI,SI,1,SI,1,X,,X,X,,,,,,,X,,,,,,,SI,NO,,SI,,,,X,,,SI,SI,SI,SI,SI,SI,SI,0,,,SI,NO,,//,NO,SI,SI,SI,NO,,,,,X,,,,,,,,,,,,,,,,,,,NO,,,,,,,NO,,,,,,B0,A1,2,040511,040001
0219105,0,059509,3AP,40103 LIBERTADORES DE AMERICA,CERRO COLORADO,RÍO SECO,SI,SI,,,,X,,,SI,SI,,,SI,X,,X,,,,SI,X,,X,,,,,NO,,NO,,,,,,,,SI,,X,,,X,ESCUELA PARA FAMILIAS,SI,SI,,7,SI,X,X,,,,,SI,SI,5,SI,X,X,,,,,,,X,X,X,X,X,X,X,X,RESPONSABLE CONTRA HOSTIGAMIENTO SEXUAL,SI,SI,SI,SI,SI,3,X,X,,X,X,X,X,DERIVACIONES A SERVICIOS ESPECIALIZADOS,X,X,X,X,SI,SI,22,SI,5,X,X,X,X,,X,X,,,,X,X,,X,,,,SI,NO,,SI,X,,,X,,,SI,SI,SI,SI,SI,SI,SI,1,,,SI,SI,2,3/12/2024,SI,SI,SI,SI,SI,X,,X,,X,,,,143,SI,SI,,,,,,,,,,,,,NO,,,,,,,SI,X,,,,,B0,A1,1,040104,040001
0844233,0,071182,3AP,40321,TISCO,TARUCAMARCA,NO,,,,,,,,SI,SI,,,SI,X,,,,X,,SI,X,X,,,,,,SI,SI,SI,,,X,,,,,SI,,X,X,X,,,SI,NO,,,SI,X,X,X,X,,,NO,SI,8,NO,,,,,,,,,X,X,X,X,X,X,,,,SI,SI,SI,SI,SI,3,X,X,,X,,,,,X,X,X,,SI,SI,1,SI,2,,X,X,X,,X,X,,,X,X,,X,X,,,,SI,NO,,SI,X,X,,X,,,SI,SI,SI,SI,SI,SI,SI,0,,,SI,NO,,//,SI,SI,SI,SI,NO,,,X,,,,,023-2024,,SI,SI,SI,,X,,,,,,,,,X,SI,X,,X,,,,SI,X,,,,,B0,A1,2,040517,040006
0312884,0,070267,3AP,40408 SAN BASILIO MAGNO,HUANCA,SAN BASILIO,NO,,,,,,,,NO,,,,SI,X,,,,,,SI,,,X,,,,,SI,SI,SI,,,X,,,,,SI,,X,,X,,,SI,NO,,,SI,,,X,,,,NO,SI,9,NO,,,,,,,,,X,X,X,,,,,,,SI,SI,SI,SI,SI,2,X,X,X,X,,,,,X,X,X,X,SI,SI,1,SI,1,,X,X,X,,X,,,,,X,X,X,X,,,,SI,SI,2,SI,X,X,,,,,SI,SI,SI,SI,SI,SI,SI,0,,,SI,NO,,//,SI,SI,SI,SI,NO,,,,X,,,,,,,,NO,,,,,,,,,,,,NO,,,,,,,NO,,,,,,B0,A1,2,040508,040001
0313064,0,072129,3AP,40426 JOSE OLAYA,YANAQUIHUA,YAUCE LA BARRERA,NO,,,,,,,,SI,SI,,,SI,X,,,X,,,SI,,,,,,X,,NO,,SI,,,X,X,,,,SI,,X,X,X,,,SI,NO,,,SI,X,,X,,,,NO,SI,8,NO,,,,,,,,,X,,X,X,X,X,,,,SI,SI,SI,SI,SI,2,,X,,X,,,,,X,,X,,SI,SI,5,SI,2,X,,,,X,X,X,,,X,X,,,,,,,SI,SI,5,SI,X,,,,,,SI,SI,SI,SI,SI,SI,SI,1,,,SI,NO,,//,NO,SI,SI,SI,SI,X,,X,,X,,,037,,SI,SI,SI,X,,,,,,,,,,X,NO,,,,,,,SI,X,,,,,B0,A1,2,040608,040007
0287409,0,068957,3AP,40644,ORCOPAMPA,HUANCARAMA,NO,,,,,,,,SI,SI,,,SI,,,,X,,,SI,X,X,,,,,,SI,SI,SI,,,X,,,,,SI,,X,X,X,,,NO,NO,,,SI,X,,,,,,SI,SI,8,SI,X,X,X,,,,,,X,,X,X,X,X,,,,SI,SI,SI,SI,SI,2,X,X,X,X,X,,,,X,X,X,X,SI,SI,2,SI,3,,X,,,,X,X,,,X,X,,,X,,,,SI,SI,4,SI,X,,X,,,,SI,SI,SI,SI,SI,SI,SI,0,,,SI,NO,,//,SI,SI,SI,SI,SI,,,X,,X,,,R.D.N°024,,SI,SI,SI,,,,,,X,,,X,,,NO,,,,,,,SI,X,,,,,B0,A1,2,040409,040005
0307231,0,058208,3AP,SANTA ROSA DE LIMA Y LAS AMERICAS,ALTO SELVA AELGRE,ALTO SELVA AELGRE,NO,,,,,,,,NO,,,,SI,X,,,X,,,SI,X,,,,,,,SI,SI,SI,,,X,,,,,SI,,X,,,,,NO,NO,,,SI,X,,X,,,,SI,SI,3,SI,X,,,,X,SOLICITAR APOYO A LA DEMUNA,NO,,X,X,X,X,X,X,,,,SI,SI,SI,SI,SI,5,,X,X,,,,,,,,X,,SI,SI,10,SI,2,,X,,,X,X,,,,X,X,X,,,,,,SI,SI,20,SI,X,,,X,,,SI,SI,SI,SI,SI,SI,SI,0,,,SI,NO,,//,SI,SI,SI,SI,SI,,,X,,X,,,,022-2024,SI,SI,NO,,,,,,,,,,,,SI,,X,X,X,,,SI,X,,,,,B0,A4,1,040102,040002
0845172,0,056290,3AP,FRANCISCO ROJAS SCHOOL,AREQUIPA,AREQUIPA,SI,SI,,,,,X,CLASES VIRTUALES,SI,SI,,,SI,,,,X,X,,SI,X,,,,,,,NO,,SI,,,X,,,,,SI,X,X,X,,,,SI,NO,,,SI,,,,,X,CAMPAÑA DE VACUNACIÓN,SI,SI,8,SI,,,X,X,,,NO,,X,X,X,X,X,X,X,,,SI,SI,SI,SI,SI,2,X,X,X,X,,X,,,X,X,X,X,SI,SI,6,NO,,X,X,X,,,,,,,,X,X,X,X,,,,SI,SI,1,SI,X,X,X,X,,,SI,SI,SI,NO,SI,SI,SI,0,,,SI,NO,,//,SI,SI,NO,SI,SI,,X,X,X,,,,050,,SI,NO,SI,,,,,,,X,INFORMACIÓN INTERNET,,,X,NO,,,,,,,SI,X,,,,,B0,B4,1,040101,040001
0313809,0,072817,3AP,40503 JOSE OLAYA,DEAN VALDIVIA,EL BOQUERÓN,NO,,,,,,,,NO,,,,SI,,,,,X,,SI,,,,,,X,,NO,,NO,,,,,,,,SI,,,X,,,,NO,NO,,,NO,,,,,,,NO,NO,8,NO,,,,,,,,,X,,,,X,X,,,,SI,SI,SI,NO,,,X,,,X,,,,,X,,X,,NO,SI,1,NO,,,,,,,X,,,,X,,,X,,,,,SI,SI,2,SI,,,X,,,,SI,SI,SI,SI,SI,SI,SI,0,,,SI,NO,,//,NO,SI,NO,SI,NO,X,,,,,,,,,,,,,,,,,,,,,,,NO,,,,,,,NO,,,,,,B0,A1,2,040703,040008
0312991,0,071139,3AP,40419,TAPAY,SAN JUAN DE CHUCCHO,SI,SI,,,,X,,,NO,,,,SI,X,,,X,,,SI,X,X,,,,,,NO,,SI,,,X,,,,,SI,,X,X,,,,NO,NO,,,SI,X,,,,,,SI,NO,8,NO,,,,,,,,,X,X,X,,X,X,,,,SI,SI,SI,SI,NO,,,,X,X,,,,,X,X,,,NO,SI,1,SI,3,,X,,,,X,X,,,X,,,,X,,,,SI,SI,1,SI,,,X,X,,,SI,SI,SI,SI,SI,SI,SI,0,,,SI,NO,,//,NO,SI,SI,SI,NO,,,,,X,,,,,,,,,,,,,,,,,,,NO,,,,,,,NO,,,,,,B0,A1,2,040516,040006
0723155,0,071361,3AP,40611,YANQUE,,NO,,,,,,,,NO,,,,SI,X,,,,,,SI,X,,,,,,,NO,,NS,,,,,,,,SI,,,X,,,,NO,NO,,,SI,X,,,,,,SI,NO,9,SI,X,,X,,,,,,X,,,,X,X,,,,SI,SI,SI,SI,SI,3,X,X,,,,,,,X,,X,,SI,SI,1,SI,3,,X,X,,,,,,,,X,,,,,,,SI,SI,1,SI,,,X,,,,SI,SI,SI,SI,SI,SI,SI,0,,,SI,NO,,//,NO,SI,SI,SI,SI,,X,,X,X,,,,,,,SI,,,,X,,,,,,,X,SI,,X,,,,,SI,X,,,,,B0,A1,2,040519,040006
1659119,0,685633,3AP,EL SEÑOR JESUCRISTO,LA JOYA,ESTACION VITOR,NO,,,,,,,,SI,NO,3,,SI,X,,,,,,SI,,,,,,X,,NO,,NO,,,,,,,,SI,,,X,,,,NO,NO,,,NO,,,,,,,SI,NO,3,NO,,,,,,,NO,,X,X,,,X,X,,,,NO,,,,,,,,,X,,X,,,X,,,X,NO,NO,,SI,1,,X,,,,,,,,X,,X,,,,,,SI,SI,20,SI,,X,,,,,SI,SI,SI,NO,SI,NO,NO,,4,,SI,NO,,//,NO,SI,SI,NO,NO,,X,,X,,,,,,,,NO,,,,,,,,,,,,NO,,,,,,,NO,,,,,,B0,B4,1,040108,040010
0219972,0,063441,3AP,40192,QUEQUEÑA,QUEQUEÑA,NO,,,,,,,,SI,SI,,,SI,X,,,X,,,SI,X,X,X,,,,,NO,,NO,,,,,,,,SI,,,X,,,,NO,NO,,,SI,X,,,,,,NO,SI,8,NO,,,,,,,,,X,,X,,X,,,,,SI,SI,NO,SI,SI,3,X,X,X,,,,,,X,,X,,SI,SI,3,SI,1,,,,,,X,,,,X,X,X,,,,,,SI,SI,2,SI,X,,,,,,SI,SI,SI,SI,SI,SI,SI,0,,,SI,NO,,//,NO,SI,SI,SI,SI,,,X,X,X,,,029,,SI,NO,NO,,,,,,,,,,,,NO,,,,,,,NO,,,,,,B0,A1,2,040115,040002
0312157,0,069297,3AP,40334,URACA,EL PEDREGAL,NO,,,,,,,,SI,SI,,,SI,X,,,,,,SI,X,,,,,,,SI,SI,SI,,,X,,,,,SI,X,,X,,,,SI,NO,,,SI,X,,X,,,,SI,SI,6,SI,X,,,,,,,,X,,,,X,X,X,,,SI,SI,SI,SI,SI,2,,X,,,,,,,,X,,,SI,SI,1,SI,2,X,X,,,,,,,,X,X,,,,,,,SI,SI,12,SI,,,,X,,,SI,SI,SI,SI,SI,SI,SI,0,,,SI,NO,,//,SI,SI,SI,SI,SI,X,X,X,,,,,15,,SI,SI,NO,,,,,,,,,,,,SI,X,,,,,,NO,,,,,,B0,A1,2,040413,040005
0311167,0,066675,3AP,40231,JOSE MARIA QUIMPER,EL CARDO,NO,,,,,,,,NO,,,,SI,X,X,X,X,,,SI,,X,,,,,,NO,,SI,,,X,,,,,SI,X,X,X,X,,,NO,NO,,,SI,X,,,,,,SI,SI,8,NO,,,,,,,,,X,X,X,X,X,X,,,,SI,SI,SI,SI,SI,2,,X,X,,X,,,,X,X,X,,NO,SI,2,SI,3,,,X,,,X,X,,,X,X,,,,,,,SI,SI,5,SI,,,,X,,,SI,SI,SI,SI,SI,SI,SI,0,,,SI,NO,,//,NO,SI,SI,SI,NO,X,X,X,X,X,,,015,,NO,,NO,,,,,,,,,,,,NO,,,,,,,NO,,,,,,B0,A1,2,040202,040003
1761659,0,823818,3AP,LINUXS SCHOOL,YANAHUARA,AREQUIPA,NO,,,,,,,,SI,SI,,,SI,X,,,,,,SI,X,,,,,,,NO,,NO,,,,,,,,NO,,,,,,,,NO,,,NO,,,,,,,SI,NO,5,NO,,,,,,,NO,,X,X,X,X,X,X,,,,SI,SI,SI,SI,SI,2,,X,,X,,,,,X,,X,,SI,SI,5,SI,6,X,X,X,,X,X,X,,,X,X,,,,,,,NO,SI,50,SI,,X,,X,,,SI,SI,SI,SI,SI,SI,SI,0,,,SI,NO,,//,NO,SI,SI,SI,SI,,,,,X,,,,,,,NO,,,,,,,,,,,,NO,,,,,,,NO,,,,,,B0,B4,1,040126,040001
0314351,0,073746,3AP,40559,SAYLA,YANAYA,NO,,,,,,,,NO,,,,SI,X,,,,,,SI,X,,,,,,,SI,SI,SI,X,,X,,,,,NO,,,,,,,,NO,,,NO,,,,,,,NO,NO,8,NO,,,,,,,,,,,,,,,,,,SI,SI,SI,NO,,,X,,,,,,,,X,,,,NO,SI,1,NO,,,X,,,,,,,,X,,,,,,,,SI,SI,10,SI,,X,,,,,SI,SI,SI,SI,SI,NO,NO,,1,,NO,,,//,SI,SI,NO,SI,SI,X,,,,,,,,,,,,,,,,,,,,,,,NO,,,,,,,NO,,,,,,B0,A1,2,040808,040009
1775774,0,787919,3AP,JARDIN DEL COLCA,YURA,JARDIN DEL COLCA,NO,,,,,,,,NO,,,,SI,X,,,,,,SI,X,,,X,,,,NO,,NO,,,,,,,,SI,,,X,X,,,SI,NO,,,SI,X,,X,,,,SI,SI,6,NO,,,,,,,,,X,,X,,X,,,,,SI,SI,SI,NO,,,X,X,,,,,,,,,X,,SI,SI,5,SI,2,X,X,,,,,,,,X,X,,,,,,,SI,SI,2,SI,X,,,,,,SI,SI,SI,SI,SI,NO,NO,,1,,SI,NO,,//,NO,NO,,SI,SI,,,X,X,,,,,12,SI,SI,NO,,,,,,,,,,,,NO,,,,,,,NO,,,,,,B0,A1,2,040128,040001
1642107,0,723395,3AP,COLLEGE TALENTOS,PAUCARPATA,,NO,,,,,,,,NO,,,,SI,X,,,,,,SI,X,,,,,,,NO,,SI,,,X,,,,,SI,,X,,,,,SI,NO,,,SI,X,,,,,,SI,NO,5,NO,,,,,,,NO,,,X,,,,,,,,SI,SI,NO,SI,NO,,,X,,,,,,,,X,,,SI,SI,2,SI,1,X,,,,,,,,,,X,X,,,,,,NO,NO,,SI,X,X,,,,,SI,NO,SI,NO,SI,SI,SI,0,,,SI,NO,,//,SI,SI,NO,SI,NO,,,,X,,,,,,,,NO,,,,,,,,,,,,NO,,,,,,,NO,,,,,,B0,B4,1,040112,040002
0313171,0,533404,3AP,40437,TAPAY,TAPAY,NO,,,,,,,,SI,SI,,,SI,X,,,X,X,,SI,,X,,,,,,NO,,SI,,,X,,,,,SI,X,X,X,,,,NO,NO,,,SI,X,,X,,,,SI,SI,3,NO,,,,,,,,,X,X,X,X,X,X,,,,SI,SI,SI,SI,SI,4,X,X,,X,,,,,X,,X,,SI,SI,3,SI,4,,X,,,X,X,X,,,,X,,X,,,,,SI,SI,3,SI,,,X,X,,,SI,SI,SI,SI,SI,SI,SI,0,,,SI,NO,,//,SI,SI,SI,SI,NO,,,,,X,,,,,,,,,,,,,,,,,,,NO,,,,,,,SI,X,,X,,,B0,A1,2,040516,040006
0311944,0,068269,3AP,40313 SAN IGNACIO DE LOYOLA,APLAO,ANEXO LA REAL,NO,,,,,,,,SI,SI,,,SI,,,,X,,,SI,X,,X,,,,,SI,SI,SI,,,X,,,,,SI,,X,X,,,,NO,NO,,,SI,X,X,X,X,X,CONTROL DE LA ANEMIA,SI,SI,8,SI,X,X,X,X,,,,,X,X,X,X,X,X,,,,SI,SI,SI,SI,SI,5,X,X,,X,X,,,,X,X,X,X,SI,SI,5,SI,5,,X,,X,X,X,X,,,X,X,,X,X,,,,SI,SI,4,SI,X,X,,,,,SI,SI,SI,SI,SI,SI,SI,1,,,SI,NO,,//,NO,SI,SI,SI,SI,,,X,,,,,31,115,SI,SI,NO,,,,,,,,,,,,SI,X,X,,,,,SI,X,,,,,B0,A1,2,040401,040005
1673094,0,642870,3AP,MI DIVINO NIÑO JESUS,CAYMA,COMPLEJO HABITACIONAL DEAN VALDIVIA,NO,,,,,,,,SI,SI,,,SI,X,,,X,,,SI,X,,X,X,,,,NO,,SI,,,X,,,,,SI,,X,,X,,,SI,NO,,,SI,X,,X,,X,LONCHERAS SALUDABLES,SI,SI,8,NO,,,,,,,,,X,X,X,X,X,X,,,,SI,SI,SI,SI,SI,3,X,X,,,,,X,VIOLENCIA FAMILIAR,X,X,X,,SI,SI,3,SI,5,X,X,X,,X,X,X,,,X,X,X,,,,,,SI,SI,4,SI,X,,,X,X,MONITOREO EN HORA DE TUTORIA,SI,SI,SI,SI,SI,SI,SI,0,,,SI,SI,1,12/9/2024,SI,SI,SI,SI,SI,,,X,,X,,,035-2024,65,SI,SI,SI,,,,,X,,,,,,X,SI,X,,,,,,SI,X,,,,,B0,A1,1,040103,040001
1730878,0,780606,3AP,M. GANDHI,CERRO COLORADO,AREQUIPA,NO,,,,,,,,SI,SI,,,SI,X,,,X,,,SI,X,,,,,,,NO,,NO,,,,,,,,NO,,,,,,,,NO,,,NO,,,,,,,SI,NO,8,NO,,,,,,,NO,,X,,X,X,,,X,,,SI,SI,SI,NO,,,,X,,,,X,,,,,X,,SI,SI,6,SI,1,,,,,,,,X,NO ME DEJA PONER NO,X,X,,,,,,,NO,SI,2,SI,X,X,X,,,,SI,SI,SI,SI,SI,SI,SI,0,,,SI,NO,,//,NO,SI,NO,NO,SI,,,X,,,,,,016,SI,SI,NO,,,,,,,,,,,,NO,,,,,,,NO,,,,,,B0,B4,1,040104,040001
1369602,0,506387,3AP,SAN JOSE MARIA E.B.,CERRO COLORADO,ALTO LIBERTAD,NO,,,,,,,,NO,,,,SI,X,,,X,X,,SI,,,,,,X,,NO,,NO,,,,,,,,SI,,X,,,,,NO,NO,,,NO,,,,,,,SI,NO,8,NO,,,,,,,NO,,,,,,,,,,,NO,,,,,,X,X,X,,,,,,X,X,,X,SI,SI,6,NO,,,X,,,,,,,,,X,,,X,,,,SI,SI,10,SI,,X,,,,,SI,NO,NO,SI,SI,SI,SI,0,,,SI,NO,,//,SI,SI,SI,NO,SI,,,,,X,,,,,,,,,,,,,,,,,,,NO,,,,,,,NO,,,,,,B0,B4,1,040104,040001
0655779,0,065421,3AP,40202 CHARLOTTE,YURA,CIUDAD DE DIOS,NO,,,,,,,,SI,NO,1,,SI,,,,X,,,SI,,X,X,,,,,NO,,NO,,,,,,,,SI,,,X,,,,NO,NO,,,NO,,,,,,,SI,SI,4,SI,,,,X,,,,,X,X,X,X,X,X,,,,SI,SI,SI,SI,SI,3,,X,X,X,X,X,,,X,X,X,X,SI,SI,24,NO,,,,,,,,,,,X,X,,,,,,,SI,SI,5,SI,X,,,X,,,SI,SI,SI,SI,SI,SI,SI,0,,,SI,NO,,//,NO,SI,SI,SI,SI,,,X,,,,,056,,SI,SI,NO,,,,,,,,,,,,SI,X,,,,,,SI,X,,,,,B0,A1,1,040128,040001
1344456,0,859548,3AP,SAN GUILLERMO DE VERCELLI,HUNTER,AREQUIPA,SI,SI,X,,,,,,SI,SI,,,SI,,,,X,X,,SI,X,,,,X,,,NO,,NO,,,,,,,,SI,X,,X,,,,NO,SI,2,0,NO,,,,,,,NO,NO,8,NO,,,,,,,NO,,,,X,,,X,,,,SI,SI,NO,NO,,,X,,,X,,,,,X,,X,,NO,SI,11,SI,1,,X,,,,,,,,,X,,,,,,,NO,NO,,SI,X,,,,,,SI,SI,SI,SI,SI,SI,SI,0,,,SI,NO,,//,NO,NO,,NO,SI,,,X,,,,,030,,SI,SI,,,,,,,,,,,,,NO,,,,,,,NO,,,,,,B0,B4,1,040107,040002
1263086,0,865417,3AP,JOHANN MENDEL,JACOBO HUNTER,HUNTER,NO,,,,,,,,SI,SI,,,SI,,,,,X,,SI,X,,,,,,,NO,,NO,,,,,,,,SI,X,X,X,X,,,NO,NO,,,SI,X,,X,,,,SI,NO,8,NO,,,,,,,SI,2,X,X,X,,X,X,X,,,SI,SI,SI,SI,SI,2,X,X,,,,X,,,X,X,X,X,SI,SI,6,SI,2,,X,,,,X,X,,,X,X,,,X,,,,SI,SI,4,SI,X,X,X,X,,,SI,SI,SI,SI,SI,SI,SI,0,,,SI,NO,,//,SI,SI,SI,SI,SI,,X,X,,X,,,RD 016,Nª 12,SI,SI,NO,,,,,,,,,,,,NO,,,,,,,NO,,,,,,B0,B4,1,040107,040002
0314021,0,073727,3AP,40526,SAYLA,SAYLA,NO,,,,,,,,NO,,,,SI,X,,,,,,SI,X,,,,,,,NO,,NS,,,,,,,,NO,,,,,,,,NO,,,NO,,,,,,,NO,NO,8,NO,,,,,,,,,,,,,,,,,,SI,SI,NO,SI,NO,,,,,X,,,,,,,,X,NO,SI,2,SI,2,X,,,,,,,,,,,X,X,,,,,SI,SI,2,SI,,,X,,,,SI,SI,SI,SI,SI,NO,NO,,1,,NO,,,//,SI,SI,SI,SI,SI,,,,X,,,,,,,,NO,,,,,,,,,,,,NO,,,,,,,NO,,,,,,B0,A1,2,040808,040009
0313387,0,071752,3AP,40458 SAN JUAN BAUTISTA,CAYARANI,CAYARANI,NO,,,,,,,,SI,SI,,,SI,X,,,,,,SI,X,,,,,,,NO,,SI,,,X,,,,,SI,X,X,X,X,,,NO,NO,,,SI,X,,X,,,SERVICIO GRATUTITO DE SALUD DENTAL Y NUTRICIÓN,SI,SI,3,NO,,,,,,,,,,,,,,,,,,SI,SI,SI,SI,SI,1,X,X,X,,,,,,X,X,,,NO,SI,1,SI,1,,,,,,,X,,,X,,,,,,,,SI,SI,1,NO,,,X,,,,SI,SI,SI,SI,SI,NO,NO,,4,,NO,,,//,NO,SI,SI,SI,SI,,,,X,,,,,,SI,SI,NO,,,,,,,,,,,,SI,,X,,X,,,NO,,,,,,B0,A1,2,040603,040006
0226753,0,059383,3AP,IE VAB 40035,CERRO COLORADO,AREQUIPA,NO,,,,,,,,SI,SI,,,SI,,,,,X,,SI,X,,X,,,,,NO,,SI,,,X,,,,,SI,,,X,X,,,SI,SI,4,,SI,X,,X,,,,NO,SI,5,NO,,,,,,,NO,,X,X,X,X,X,X,X,,,SI,SI,SI,SI,SI,10,X,X,X,X,X,X,,,X,X,,,SI,SI,20,SI,1,X,,X,X,X,X,,,,X,X,X,X,X,X,,PROGRAMAS PREVENTIVOS,SI,SI,15,SI,,X,,,,,SI,SI,NO,SI,SI,SI,SI,10,,,SI,SI,2,15/12/2024,NO,SI,SI,SI,SI,,,,X,,,,,OF. 097-2025,SI,SI,NO,,,,,,,,,,,,NO,,,,,,,SI,,,,X,MINEDU,B0,A1,1,040104,040001
0541813,0,055441,3AP,40165 SAN JUAN BAUTISTA DE LA SALLE,AREQUIPA,UMACOLLO,NO,,,,,,,,SI,NO,1,,NO,X,,,,,,SI,X,,,,,,,NO,,SI,,,,,,X,UCSM,SI,X,X,X,,,,SI,SI,,5,NO,,,,,,,NO,NO,9,NO,,,,,,,,,X,X,X,X,X,,X,,,SI,NO,NO,SI,SI,10,,X,X,,,,,,X,,X,,NO,SI,18,SI,1,,,,,X,,,,,X,X,X,X,X,X,,ESCUELA DE PADRES,SI,SI,30,SI,,,,X,,,SI,SI,SI,SI,SI,SI,SI,2,,,SI,SI,8,12/11/2024,NO,SI,NO,SI,SI,,X,X,,,X,TALLERES PSICOLOGICOS EN AULA,021-2025,,SI,SI,NO,,,,,,,,,,,,NO,,,,,,,NO,,,,,,B0,A4,1,040101,040001
1031442,0,070620,3AP,ALMIRANTE MIGUEL GRAU,MAJES,PEDREGAL,NO,,,,,,,,SI,NO,1,,SI,X,,,,,,SI,X,,X,,,,,NO,,SI,,,X,,,,,SI,,,X,,X,ESCUELA DE PADRES,NO,NO,,,SI,X,,,,,,SI,NO,3,SI,,X,,,,,NO,,X,X,X,X,X,X,,,,SI,SI,SI,SI,SI,3,X,X,X,X,,,,,X,,X,,SI,SI,18,SI,2,X,X,,,X,,,,,,X,,,X,,,,SI,NO,,SI,X,,,X,,,SI,SI,SI,SI,SI,SI,SI,0,,,SI,SI,2,25/10/2024,SI,SI,SI,SI,SI,,,X,,,,,151,,SI,SI,NO,,,,,,,,,,,,NO,,,,,,,NO,,,,,,B0,A1,1,040520,040010
1119999,0,066166,3AP,SANTA MARIA MADRE,JOSE LUIS BUSTAMANTE Y RIVERO,AREQUIPA,NO,,,,,,,,SI,SI,,,SI,X,,,,,,SI,X,,,X,X,,,NO,,NO,,,,,,,,SI,X,X,X,,,,SI,SI,10,,SI,X,,,,,,SI,SI,4,SI,X,X,X,X,,,NO,,X,X,X,X,X,X,X,,,SI,SI,SI,SI,SI,3,X,X,,X,,X,,,X,X,X,X,SI,SI,2,SI,3,,X,,,,X,X,,,X,X,,X,X,,,,SI,SI,4,SI,X,,X,,,,SI,SI,SI,SI,SI,SI,SI,0,,,SI,NO,,//,NO,SI,SI,SI,SI,,,,X,,,,,0017,SI,SI,SI,,X,,,,,,,,,X,NO,,,,,,,SI,,X,,,,B0,B4,1,040129,040002
0844332,0,068617,3AP,40607,CHACHAS,CHECOTAÑA,NO,,,,,,,,NO,,,,SI,,,,,,X,SI,X,X,,,X,,,NO,,NO,,,,,,,,SI,,X,,,,,SI,NO,,,SI,X,,X,,,,NO,NO,8,SI,,X,X,,,,,,X,X,X,,,,,,,SI,SI,SI,SI,SI,2,X,X,,,,,,,,X,X,,SI,SI,2,SI,1,,,X,,,,,,,,,X,,X,,,,NO,NO,,SI,,,X,X,,,SI,SI,SI,SI,SI,SI,SI,0,,,SI,NO,,//,SI,SI,SI,NO,NO,,,X,,X,,,015-2024,,SI,SI,NO,,,,,,,,,,,,SI,,X,X,,,,SI,,,X,,,B0,A1,2,040404,040006
0312983,0,071120,3AP,40418,TAPAY,CAYLLOMA,NO,,,,,,,,SI,SI,,,SI,X,,,,,,SI,X,,,,,,,SI,SI,SI,,,X,,,,,SI,,,X,X,,,SI,NO,,,SI,X,,,,,,SI,SI,8,SI,X,,,,,,,,X,X,X,X,X,X,,,,SI,SI,SI,SI,SI,3,,,,X,,,,,X,,,,SI,SI,1,SI,2,,X,X,,,X,X,,,X,X,,X,,,,,SI,SI,10,SI,,X,,,,,SI,SI,SI,SI,SI,SI,SI,0,,,SI,NO,,//,SI,SI,SI,SI,SI,,X,X,,X,,,010,020,SI,SI,NO,,,,,,,,,,,,SI,,X,,,,,NO,,,,,,B0,A1,2,040516,040006
1768142,0,838650,3AP,INNOVA SCHOOLS SACHACA,SACHACA,SACHACA,NO,,,,,,,,SI,SI,,,SI,,,,,,X,SI,,,,,,X,,NO,,NO,,,,,,,,SI,,X,X,,,,NO,NO,,,SI,X,,,,,,SI,SI,5,SI,X,,X,X,,,NO,,X,X,,,,,X,X,DOCENTE DEL NIVEL,SI,SI,SI,SI,SI,2,X,X,,X,,,,,X,,X,,SI,SI,18,SI,2,,,,,,,X,,,X,X,X,X,X,,,,SI,SI,15,SI,X,X,,X,,,SI,SI,SI,SI,SI,SI,SI,0,,,NO,,,//,NO,SI,SI,SI,SI,,X,,,,,,,,,,,,,,,,,,,,,,NO,,,,,,,NO,,,,,,B0,B4,1,040117,040001
1351634,0,913588,3AP,EL BUEN MAESTRO,AREQUIPA,AREQUIPA,NO,,,,,,,,NO,,,,SI,X,,,,,,SI,X,,,,,,,NO,,NO,,,,,,,,NO,,,,,,,,NO,,,SI,X,,X,,,,SI,NO,8,NO,,,,,,,NO,,X,X,X,X,,X,,,,SI,SI,SI,SI,NO,,X,,,X,X,,,,X,,,,SI,SI,6,SI,6,,X,X,,X,X,,,,X,X,,,,,,,SI,SI,5,SI,X,X,,X,,,SI,SI,SI,SI,SI,SI,SI,0,,,SI,NO,,//,SI,SI,SI,SI,SI,,,X,,,,,,007,SI,NO,NO,,,,,,,,,,,,NO,,,,,,,NO,,,,,,B0,B4,1,040101,040001
1672617,0,757432,3AP,LUIZ FRANCISCO FONTES,CERRO COLORADO,AREQUIPA,NO,,,,,,,,SI,SI,,,SI,X,,,X,,,SI,,,,,X,,,NO,,SI,,,X,,,,,SI,,,X,,,,NO,NO,,,SI,X,,X,X,,,SI,SI,3,NO,,,,,,,NO,,X,,X,,X,X,X,,,SI,SI,NO,SI,SI,4,,X,,,,,,,X,,,,SI,SI,6,SI,6,,,,X,X,X,,,,,X,,X,,,,,SI,SI,1,SI,X,X,,,,,SI,SI,SI,SI,SI,NO,SI,0,,,SI,NO,,//,SI,SI,SI,SI,SI,,,X,,,,,,014-2024,SI,SI,SI,,,,,,X,,,,,X,SI,,,X,,,,NO,,,,,,B0,B4,1,040104,040001
0219840,0,062540,3AP,40178 VICTOR RAUL HAYA DE LA TORRE,PAUCARPATA,MIGUEL GRAU,NO,,,,,,,,SI,SI,,,SI,,,,X,X,,SI,X,X,X,,,,,SI,SI,SI,,,X,,,,,SI,X,X,X,,,,NO,SI,1,,SI,X,X,,X,,,SI,SI,8,SI,,X,X,X,,,,,X,X,X,X,X,X,,,,SI,SI,SI,SI,SI,3,,X,X,,,X,,,,X,,X,SI,SI,7,SI,3,,X,X,,,X,,,,,X,,X,X,,,,SI,SI,8,SI,,X,,X,,,SI,SI,SI,SI,SI,SI,SI,0,,,SI,SI,1,15/9/2024,SI,SI,SI,SI,SI,,X,X,,,,,033-202,125-2025,SI,SI,NO,,,,,,,,,,,,NO,,,,,,,NO,,,,,,B0,A1,1,040112,040002
0312694,0,070427,3AP,40389 MIGUEL LINARES MALAGA,LLUTA,CENTRO POBLADO DE TAYA,NO,,,,,,,,NO,,,,SI,X,,,,,,SI,X,X,,,,,,NO,,SI,,,X,,,,,SI,,X,,,,,SI,NO,,,SI,X,,,,,,SI,SI,8,SI,,X,,,,,,,X,X,X,X,X,X,,,,SI,SI,SI,SI,NO,,X,X,,,,,,,,,X,,SI,SI,2,SI,5,X,X,,X,X,X,,,,X,X,,,,,,,SI,SI,3,SI,X,,,,,,SI,SI,SI,SI,SI,SI,SI,0,,,SI,NO,,//,SI,SI,SI,SI,SI,,,X,,,,,,110-2024,SI,NO,SI,,,,,X,,,,,,X,NO,,,,,,,SI,X,,,,,B0,A1,2,040511,040001
1663095,0,846612,3AP,ALTO SELVA ALEGRE LINUS PAULING,ALTO SELVA ALEGRE,GRAFICOS,NO,,,,,,,,SI,SI,,,SI,X,,,,,,SI,X,,,,,,,NO,,NO,,,,,,,,SI,,X,,,,,NO,NO,,,SI,X,,,,,,SI,SI,8,NO,,,,,,,NO,,X,,X,,,,X,,,SI,SI,SI,SI,SI,2,,X,,,,,,,X,,,,SI,SI,6,NO,,,,,,X,,,,,X,X,,,,,,,NO,SI,4,SI,X,,,,,,SI,SI,SI,NO,SI,SI,SI,0,,,SI,NO,,//,SI,SI,SI,SI,SI,,,X,,,,,X,X,SI,NO,NO,,,,,,,,,,,,NO,,,,,,,NO,,,,,,B0,B4,1,040102,040002
0314047,0,073732,3AP,40528,SAYLA,SURUPAMPA,NO,,,,,,,,NO,,,,SI,,,,,,X,SI,X,X,,,,,,NO,,SI,,,X,,,,,SI,,,X,,,,NO,NO,,,SI,,,,,X,ORIENTACION PSICOLOGICA,SI,NO,8,NO,,,,,,,,,X,,X,,,,,,,SI,SI,SI,NO,,,X,,,X,,,,,X,X,X,,NO,SI,2,SI,2,,,,,X,X,X,,,,,,X,X,,,,NO,NO,,SI,,X,,,,,SI,SI,SI,SI,SI,SI,SI,0,,,SI,NO,,//,NO,SI,SI,SI,NO,,X,,,,,,,,NO,,,,,,,,,,,,,,NO,,,,,,,NO,,,,,,B0,A1,2,040808,040009
0218834,0,063549,3AP,40078 SAGRADO CORAZON DE JESUS DE SACHACA,SACHACA,TIO CHICO,SI,SI,X,X,,,,,SI,SI,,,SI,X,,,,,,SI,X,,,,,,,SI,SI,SI,,,X,X,,,,SI,,X,X,X,,,SI,NO,,,SI,,,X,X,,,SI,SI,8,NO,,,,,,,,,X,X,X,,X,X,,,,SI,SI,SI,SI,SI,1,,X,,,,,,,X,X,X,,SI,SI,6,NO,,,,,,,,,,,,X,,X,X,,,,SI,NO,,SI,X,,X,,,,SI,SI,SI,SI,SI,SI,SI,0,,,SI,NO,,//,NO,SI,NO,SI,NO,X,X,X,,X,,,022,,NO,,SI,,,X,,,,,,,,X,NO,,,,,,,NO,,,,,,B0,A1,1,040117,040001
0219808,0,062521,3AP,40174 PAOLA FRASSINETTI,PAUCARPATA,MIGUEL GRAU,NO,,,,,,,,SI,NO,1,,SI,,,,X,,,SI,X,,,,,,,SI,SI,SI,,,X,,,,,SI,X,X,X,,,,NO,SI,5,6,SI,X,,,,,,SI,SI,5,SI,,X,X,,,,,,X,X,X,X,X,X,X,,,SI,SI,SI,SI,SI,2,X,X,,X,,X,,,X,,X,,SI,SI,18,SI,3,,X,,,,X,X,X,PLAN DE CAPACITACIÓN SOBRE ELABORACIÓN DE PLAN TOECE Y PLAN DE AULA,X,X,X,X,X,,,,NO,SI,1,SI,X,X,,X,,,SI,SI,SI,SI,SI,SI,SI,1,,,SI,SI,6,9/7/2024,SI,SI,SI,SI,SI,,,X,,X,,,158,,SI,SI,NO,,,,,,,,,,,,NO,,,,,,,NO,,,,,,B0,A4,1,040112,040002
0226704,0,069985,3AP,40030 SAN FRANCISCO DE ASIS,CAYLLOMA,JACHAÑA,NO,,,,,,,,SI,SI,,,SI,X,,,,,,SI,,,,,X,,,NO,,SI,,,X,,,,,SI,,X,X,,,,NO,NO,,,SI,X,,X,,,,NO,NO,8,SI,,X,,,,,,,X,X,,,X,X,,,,SI,SI,SI,SI,SI,1,,X,,X,,,,,X,X,,,SI,SI,4,SI,1,,X,,,,,,,,X,X,,,X,,,,SI,SI,6,SI,,,,X,,,SI,SI,SI,SI,SI,SI,SI,0,,,SI,NO,,//,SI,SI,SI,SI,NO,,,,X,,,,,,,,NO,,,,,,,,,,,,NO,,,,,,,SI,X,,,,,B0,A1,2,040505,040006
0723460,0,066114,3AP,ST. ANDREW,JOSE LUIS BUSTAMANTE Y RIVERO,AREQUIPA,SI,SI,,,,X,,,SI,SI,,,SI,,,,X,,,SI,,,X,,,,,NO,,NS,,,,,,,,SI,,X,X,,,,NO,NO,,,NO,,,,,,,NO,NO,3,NO,,,,,,,NO,,X,X,X,,X,,X,,,SI,SI,SI,SI,SI,3,,X,,X,X,X,,,X,,,X,SI,SI,14,SI,1,X,X,X,,X,X,X,,,X,X,,X,X,,,,NO,SI,5,SI,X,X,,,,,SI,SI,SI,SI,SI,SI,SI,2,,,SI,SI,5,16/9/2024,NO,SI,NO,SI,SI,,,X,,,,,,005,SI,SI,NO,,,,,,,,,,,,NO,,,,,,,NO,,,,,,B0,B4,1,040129,040002
0312728,0,070960,3AP,40392 JOSE A. ENCINAS FRANCO,SAN ANTONIO DE CHUCA,IMATA,NO,,,,,,,,SI,SI,,,SI,X,,,,,,SI,X,,,,,,,NO,,SI,,,X,,,,,SI,,,X,,,,SI,NO,,,SI,X,,X,,,,SI,NO,8,SI,X,,,,,,,,X,X,X,X,X,X,,,,SI,SI,SI,SI,NO,,,X,,,,,,,X,,,,SI,SI,6,SI,1,,,,,,X,,,,X,X,,,,,,,SI,SI,1,SI,,,,X,,,SI,SI,SI,SI,SI,SI,SI,0,,,SI,NO,,//,NO,SI,SI,SI,SI,,,,,X,,,,,,,,,,,,,,,,,,,NO,,,,,,,SI,X,,,,,B0,A1,2,040514,040006
0313577,0,072332,3AP,40477 HILDA CANDIOTTI DE BORGER,MOLLENDO,MOLLENDO,NO,,,,,,,,SI,SI,,,SI,X,X,,X,,,SI,X,,,X,,,,NO,,NO,,,,,,,,SI,X,X,X,X,,,NO,NO,,,SI,X,,X,,,,SI,NO,9,NO,,,,,,,,,X,X,X,X,X,X,,,,SI,SI,SI,SI,NO,,X,X,X,,,X,,,X,X,X,X,SI,SI,5,SI,3,,,X,X,,X,,,,X,X,X,X,X,,,,SI,SI,12,SI,X,X,X,X,,,SI,SI,SI,SI,SI,SI,SI,0,,,SI,NO,,//,NO,SI,SI,SI,SI,,,X,,X,,,025,023,SI,SI,NO,,,,,,,,,,,,SI,,X,X,X,,,NO,,,,,,B0,A1,1,040701,040008
0542613,0,067137,3AP,40238 NUESTRA SEÑORA DEL CARMEN,SAMUEL PASTOR,EL CARMEN,NO,,,,,,,,SI,SI,,,SI,,,,X,,,SI,X,X,,X,,,,SI,SI,SI,X,,X,,,,,SI,X,X,X,X,,,SI,SI,,2,SI,X,,X,,,,SI,SI,9,SI,,X,,,,,,,X,X,X,X,X,X,,,,SI,SI,SI,SI,SI,4,X,X,X,X,X,X,,,X,X,X,X,SI,SI,9,SI,3,X,X,X,X,X,X,X,,,X,X,X,X,X,,,,SI,SI,2,SI,X,X,,X,,,SI,SI,SI,SI,SI,SI,SI,0,,,SI,SI,3,8/3/2024,SI,SI,SI,SI,SI,,,X,,X,,,092,000,SI,SI,NO,,,,,,,,,,,,SI,X,X,X,X,,,NO,,,,,,B0,A1,1,040208,040003
1760305,0,833332,3AP,COLEGIO MAYOR MENDEL,AREQUIPA,,NO,,,,,,,,SI,SI,,,SI,X,,,,X,,SI,X,,,,,,,NO,,NO,,,,,,,,SI,X,X,X,X,,,SI,NO,,,SI,X,,X,,,,SI,SI,9,NO,,,,,,,SI,1,X,,X,,,X,X,,,SI,SI,NO,NO,,,X,,,X,X,,,,X,X,X,X,SI,SI,7,SI,1,,X,,,,,,,,X,X,,X,X,,,,SI,SI,18,SI,X,X,X,X,,,SI,SI,SI,SI,SI,SI,SI,0,,,SI,NO,,//,SI,SI,SI,SI,SI,X,X,X,,X,,,88,72,SI,SI,,,,,,,,,,,,,NO,,,,,,,NO,,,,,,B0,B4,1,040101,040001
1116094,0,073478,3AP,40674,PAMPAMARCA,LARCCO,NO,,,,,,,,NO,,,,SI,,X,,,,,SI,X,,,,,,,NO,,NO,,,,,,,,NO,,,,,,,,NO,,,SI,X,,,,,,NO,NO,8,NO,,,,,,,,,,,,,,,,,,NO,,,,,,,,,X,,,,,,,X,,NO,SI,1,NO,,X,,,,,,,,,,,,X,,,,,NO,SI,2,NO,,,X,,,,SI,SI,SI,SI,SI,NO,NO,,5,NO SE DIO NINGUN CASO,NO,,,//,SI,SI,NO,SI,SI,X,,,,,,,,,,,,,,,,,,,,,,,NO,,,,,,,NO,,,,,,B0,A1,2,040805,040009
0844712,0,073483,3AP,41059,PAMPAMARCA,SANTA ROSA,NO,,,,,,,,NO,,,,SI,,,,,,X,SI,X,,,,,,,NO,,NO,,,,,,,,NO,,,,,,,,NO,,,NO,,,,,,,NO,NO,8,NO,,,,,,,,,,,,,,,,,,NO,,,,,,,,,X,,,,,,,X,,NO,NO,,SI,2,X,,,,,,,,,,,,X,,,,,SI,SI,2,NO,,,X,,,,NO,,,,SI,NO,NO,,2,,NO,,,//,SI,SI,NO,SI,SI,,,,X,,,,,,,,NO,,,,,,,,,,,,NO,,,,,,,NO,,,,,,B0,A1,2,040805,040009
1639442,0,571226,3AP,ALAS DORADAS,MAJES,CIUDAD MAJES,NO,,,,,,,,SI,SI,,,SI,,,,,,X,SI,X,,,,,,,NO,,NO,,,,,,,,SI,,,X,,,,NO,NO,,,NO,,,,,,,SI,NO,8,NO,,,,,,,NO,,X,X,X,,X,X,,,,SI,SI,NO,SI,NO,,X,,,,,,,,X,X,,,SI,SI,1,NO,,,X,,,,,,,,X,,,,,,,,SI,SI,5,SI,X,,,,,,SI,SI,SI,SI,SI,NO,NO,,4,,SI,NO,,//,NO,SI,NO,SI,SI,X,,,,,,,,,,,,,,,,,,,,,,,NO,,,,,,,NO,,,,,,B0,B4,1,040520,040010
1385152,0,529746,3AP,SOR ANA DE LOS ANGELES DE MONTEAGUDO,CERRO COLORADO,SOR ANA DE LOS ÁNGELES,NO,,,,,,,,SI,SI,,,SI,X,,,,,,SI,X,,,,,,,NO,,NO,,,,,,,,SI,,,X,X,,,NO,NO,,,SI,X,X,,,,,SI,NO,8,SI,,X,,,,,,,X,,X,,X,,,,,SI,SI,SI,SI,SI,3,X,X,,,,,,,X,X,X,,SI,SI,3,SI,2,,X,,,X,X,X,,,X,X,X,X,,,,,SI,NO,,SI,,,,X,,,SI,SI,SI,NO,SI,SI,SI,0,,,SI,NO,,//,NO,SI,SI,SI,SI,,X,X,,X,,,035-2025,,NO,,NO,,,,,,,,,,,,SI,X,X,X,X,,,NO,,,,,,B0,A1,1,040104,040001
0312173,0,069527,3AP,40336 SAGRADO CORAZON DE JESUS,VIRACO,VIRACO,NO,,,,,,,,SI,SI,,,SI,X,,,X,,,SI,X,,,,X,,,NO,,SI,,,X,,,,,SI,,,X,,,,SI,NO,,,SI,X,,X,,,,SI,SI,8,SI,,X,,X,,,,,X,X,X,X,X,X,,,,SI,SI,SI,SI,SI,2,X,X,,X,,,,,X,X,X,,SI,SI,6,SI,6,,X,X,X,X,X,X,,,X,X,X,X,,,,,SI,SI,6,SI,X,,,X,,,SI,SI,SI,SI,SI,SI,SI,0,,,SI,SI,3,4/12/2024,SI,SI,SI,SI,SI,X,,X,X,X,,,056,0213,SI,NO,SI,,X,,,,,,,,,X,SI,X,,,X,,,SI,X,X,,,,B0,A1,2,040414,040005
1798669,0,787924,3AP,JOSE ABELARDO QUIÑONEZ,YURA,AREQUIPA,NO,,,,,,,,SI,NO,3,,SI,,,,,,X,SI,X,X,,,X,,,SI,SI,SI,,,X,,X,,,SI,X,X,,,,,NO,NO,,,SI,X,,,,,,SI,SI,9,SI,X,,,,,,,,X,,X,,,,,,,SI,SI,SI,SI,NO,,,X,,X,X,X,,,X,,,,SI,SI,2,NO,,,,,,,X,,,,,,,X,,,,,NO,NO,,NO,,X,,,,,SI,SI,SI,NO,SI,SI,SI,0,,,SI,NO,,//,SI,SI,NO,SI,SI,,,X,,,,,8,8,SI,SI,NO,,,,,,,,,,,,NO,,,,,,,NO,,,,,,B0,A1,1,040128,040001
0313676,0,072940,3AP,40488 ERNESTO DE OLAZABAL LLOSA,PUNTA DE BOMBÓN,LA PUNTA,NO,,,,,,,,SI,SI,,,SI,X,,,,,,SI,X,,,,,,,NO,,SI,,,X,,,,,SI,X,X,X,,,,NO,NO,,,SI,X,,X,,,,SI,SI,9,SI,,X,X,X,,,,,X,X,X,X,X,X,,,,SI,SI,SI,SI,SI,3,X,X,,,X,,,,X,,X,X,SI,SI,1,SI,2,,X,,,X,X,X,,,X,X,X,X,,,,,SI,SI,8,SI,,X,,X,,,SI,SI,SI,SI,SI,SI,SI,0,,,SI,NO,,//,NO,SI,SI,SI,SI,X,X,X,,,,,16,,SI,SI,SI,,X,,,,X,,,,,X,NO,,,,,,,NO,,,,,,B0,A1,1,040706,040008
0612747,0,070031,3AP,40571,CAYLLOMA,CORAZA,NO,,,,,,,,NO,,,,SI,X,,,,,,SI,,,,,,X,,NO,,SI,,,X,,,,,SI,X,X,X,,,,NO,NO,,,SI,X,X,X,,,,SI,SI,2,SI,X,X,X,,,,,,X,X,X,,X,X,,,,SI,SI,SI,NO,,,X,,,X,,X,,,X,,X,,SI,SI,1,SI,1,,X,,,,X,X,,,X,X,,X,X,,,,SI,SI,2,SI,,,,X,,,SI,SI,SI,SI,SI,NO,NO,,3,,SI,NO,,//,NO,SI,SI,SI,SI,X,X,X,,X,,,020,045,SI,SI,,,,,,,,,,,,,NO,,,,,,,SI,,X,,,,B0,A1,2,040505,040006
1750843,0,824785,3AP,JOHANNES KEPLER,CERRO COLORADO,AREQUIPA,NO,,,,,,,,NO,,,,NO,X,,,,X,,SI,,,,,,X,,NO,,NO,,,,,,,,SI,,X,X,,,,NO,NO,,,NO,,,,,,,NO,NO,9,NO,,,,,,,NO,,,,,,,,,,,NO,,,,,,X,,,X,,,,,,X,,,NO,NO,,SI,2,,,,,X,,,,,,X,X,,,,,,SI,NO,,SI,X,X,,,,,SI,SI,SI,SI,SI,SI,SI,0,,,NO,,,//,NO,NO,,NO,NO,,,,X,,,,,,,,NO,,,,,,,,,,,,NO,,,,,,,SI,X,,,,,B0,B4,1,040128,040001
0312603,0,069834,3AP,40379,CABANACONDE,PINCHOLLO,NO,,,,,,,,SI,SI,,,SI,X,,,,,,SI,X,X,,,,,,NO,,NS,,,,,,,,SI,X,X,X,,,,SI,NO,,,SI,X,X,X,,,,SI,NO,6,SI,X,X,X,X,,,,,X,X,X,X,X,X,,,,SI,SI,SI,SI,SI,2,X,X,,X,,X,,,X,X,X,X,SI,SI,5,SI,1,X,X,X,,,X,X,,,X,X,X,X,,,,,SI,SI,3,SI,,X,X,X,,,SI,SI,SI,SI,SI,SI,SI,1,,,SI,SI,1,20/11/2024,SI,SI,SI,SI,NO,,X,X,X,X,,,RD 40,,SI,SI,NO,,,,,,,,,,,,NO,,,,,,,SI,,,X,,,B0,A1,2,040503,040006
0312744,0,071115,3AP,40394,TAPAY,COSÑIRHUA,NO,,,,,,,,SI,SI,,,SI,X,,,,,,SI,X,,,,,,,NO,,NO,,,,,,,,SI,,X,X,,,,NO,NO,,,SI,X,,X,,X,VACUNACION,SI,SI,1,SI,X,,,,,,NO,,X,,,,X,X,,,,SI,SI,SI,SI,SI,3,X,,,X,,,,,X,,,,SI,SI,1,SI,3,,X,,,X,X,,,,X,X,,X,,,,,SI,SI,2,SI,X,,X,,,,SI,SI,SI,SI,SI,SI,SI,0,,,SI,NO,,//,NO,SI,SI,SI,SI,,,,,X,,,,,,,NO,,,,,,,,,,,,NO,,,,,,,SI,X,,,,,B0,A1,2,040516,040006
0219949,0,063356,3AP,40189,POCSI,PIACA,NO,,,,,,,,NO,,,,SI,,,,,,X,NO,,,,,,X,,NO,,NO,,,,,,,,SI,X,X,,,,,SI,NO,,,SI,X,,,,,,NO,NO,9,NO,,,,,,,NO,,,,,,,,,,,SI,SI,SI,NO,,,X,,,,,X,,,X,,X,,SI,SI,1,SI,2,,X,,X,,X,,,,X,,,,X,,,,SI,SI,3,SI,,,,X,,,SI,SI,SI,SI,SI,NO,NO,,1,,SI,NO,,//,NO,SI,SI,SI,SI,X,,,,,,,,,,,,,,,,,,,,,,,NO,,,,,,,NO,,,,,,B0,A1,2,040113,040002
1203967,0,911792,3AP,ITALO PERUANO SANTA MARIA MAZZARELLO,AREQUIPA,VALLECITO,SI,SI,,,,,X,VIRTUALES,SI,NO,4,PORQUE  DESISTIERON MATRICULARSE QUIZAS POR LAS PENSIONES,SI,,,,,,X,SI,,,,X,X,,,NO,,NO,,,,,,,,SI,,,X,,X,ESCUELA PARA PADRES,SI,SI,1,0,NO,,,,,,,SI,SI,8,SI,,,X,,,,NO,,X,,X,,,,X,,,SI,SI,SI,SI,SI,3,X,X,,,,X,X,PROYECTO SOY RESPETO SOY MAZZARELLO,X,,X,X,NO,SI,6,SI,2,,X,,,,,,,,X,X,,X,X,,,,SI,SI,20,SI,X,X,X,X,,,SI,SI,SI,SI,SI,SI,SI,0,,,SI,NO,,//,SI,SI,SI,SI,SI,X,X,X,,X,,,034-2025,07-2025,SI,NO,NO,,,,,,,,,,,,SI,,X,X,,,,NO,,,,,,B0,B4,1,040101,040001
1726983,0,759006,3AP,NUEVA AREQUIPA,MAJES,NUEVA AREQUIPA,NO,,,,,,,,SI,NO,1,,SI,X,,,X,,,SI,X,X,,,,,,NO,,NO,,,,,,,,SI,X,,X,,,,SI,NO,,,SI,X,,,,,,SI,NO,3,SI,X,X,,,,,,,X,,X,X,X,X,X,,,SI,SI,SI,SI,SI,4,X,X,X,,,,,,X,X,X,,SI,SI,4,SI,1,X,X,X,X,,,,,,X,X,,,,,,,SI,SI,4,SI,,,,X,,,SI,SI,SI,SI,SI,SI,SI,0,,,SI,NO,,//,NO,SI,SI,SI,SI,X,,X,X,X,,,08-2025,,SI,SI,NO,,,,,,,,,,,,SI,,X,,X,,,NO,,,,,,B0,A1,1,040520,040010
1577642,0,649857,3AP,MUNDO ECOLOGICO,JOSE LUIS BUSTAMANTE Y RIVERO,AREQUIPA,NO,,,,,,,,SI,SI,,,SI,X,,,,X,,SI,,,,,,X,,NO,,NO,,,,,,,,SI,,X,X,,,,SI,NO,,,SI,X,,,,,,SI,NO,8,NO,,,,,,,NO,,X,,X,,,,X,,,SI,SI,SI,SI,NO,,,X,,,,X,,,X,X,X,X,SI,SI,6,SI,1,X,,,,,,,,,X,X,,,X,,,,SI,NO,,SI,X,,,,,,SI,SI,SI,NO,SI,SI,SI,0,,,SI,NO,,//,NO,SI,NO,SI,SI,,,X,,,,,042,,SI,NO,,,,,,,,,,,,,NO,,,,,,,SI,X,,,,,B0,B4,1,040129,040002
0312587,0,069829,3AP,40377 JORGE AURELIO ABRIL FLORES,CABANACONDE,CABANACONDE,NO,,,,,,,,SI,SI,,,SI,X,,,,,,SI,X,X,,,,,,SI,NO,SI,,,X,,,,,SI,,X,X,X,,,SI,NO,,,SI,X,X,X,X,,,SI,SI,3,SI,,,X,,,,,,X,X,X,,X,X,,,,SI,SI,SI,SI,SI,2,,X,X,,,,,,X,,,X,SI,SI,6,SI,1,,X,,,X,X,X,,,X,X,,X,,,,,SI,SI,6,SI,X,,,X,,,SI,SI,NO,SI,SI,SI,SI,0,,,SI,NO,,//,NO,SI,SI,SI,NO,,,X,,X,,,052,141,SI,NO,SI,,X,,,,,,,,,X,SI,,X,X,X,,,SI,,X,,,,B0,A1,2,040503,040006
0312926,0,070446,3AP,40412 ARQUITECTO FERNANDO BELAUNDE TERRY,LLUTA,SAN PEDRO DE QUERQUE,NO,,,,,,,,SI,SI,,,SI,X,,,,,,SI,X,X,,,,,,NO,,SI,,,X,,,,,SI,,,X,X,,,SI,NO,,,SI,X,,,,,,NO,SI,8,NO,,,,,,,,,X,,,,X,X,,,,SI,SI,SI,SI,SI,2,X,,,X,,,,,X,X,X,X,SI,SI,1,SI,1,X,,,,,,,,,X,X,,X,,,,,SI,SI,2,SI,,,X,,,,SI,SI,SI,SI,NO,,NO,,1,,SI,NO,,//,NO,SI,NO,SI,NO,,X,,,,,,,,,,,,,,,,,,,,,,NO,,,,,,,NO,,,,,,B0,A1,2,040511,040001
0312637,0,070154,3AP,40382 VIRGEN DE CHAPI,COPORAQUE,COPORAQUE,NO,,,,,,,,SI,SI,,,SI,X,,,,X,,SI,,,X,,,,,NO,,SI,,,X,,,,,SI,X,X,X,,,,NO,NO,,,SI,X,,X,,,,SI,SI,8,SI,,X,,,,,,,X,X,X,X,X,X,,,,SI,SI,SI,SI,NO,,X,X,,,X,,,,X,X,X,X,SI,SI,6,SI,2,X,X,X,X,X,X,X,,,X,X,X,X,X,,,,SI,SI,1,SI,,X,,X,,,SI,SI,SI,SI,SI,SI,SI,0,,,SI,NO,,//,SI,SI,SI,SI,SI,X,X,X,,X,,,036-2024,119-2024,SI,NO,,,,,,,,,,,,,SI,,X,,,,,SI,X,,,,,B0,A1,2,040506,040006
0794248,0,058623,3AP,40040 JOSE TRINIDAD MORAN,CAYMA,,SI,SI,,,,X,,,SI,SI,,,SI,X,,,,,,SI,X,,X,,,,,NO,,NO,,,,,,,,SI,,X,X,X,X,ESCUELA DE PADRES,NO,SI,,9,SI,,,X,X,X,VACUNACIONES,SI,SI,1,NO,,,,,,,,,X,X,X,X,X,,,,,SI,SI,SI,SI,SI,5,X,X,X,,X,,X,ESCUELA DE PADRES,X,X,X,X,SI,SI,14,SI,6,X,X,X,,,X,X,,,X,X,,,X,,,,SI,SI,16,SI,X,X,,,,,SI,SI,SI,SI,SI,SI,SI,0,,,SI,NO,,//,NO,SI,SI,SI,SI,X,,X,,X,,,131,,SI,SI,SI,X,,,,,,,,,,X,NO,,,,,,,SI,,X,,,,B0,A1,1,040103,040001
1341312,0,067321,3AP,ANGEL DE LA GUARDA,SAMUEL PASTOR,LA PAMPA,NO,,,,,,,,SI,SI,,,SI,X,,,,,,SI,X,X,,,,,,SI,SI,SI,,,X,,,,,SI,,X,,,,,SI,NO,,,SI,,,X,,,,SI,SI,5,NO,,,,,,,,,X,,X,,,,,,,SI,SI,SI,SI,SI,3,X,X,X,X,X,X,,,X,,X,X,SI,SI,18,SI,1,,,X,,X,X,,,,X,X,X,X,X,,,,SI,SI,20,SI,X,X,X,X,,,SI,SI,SI,SI,SI,SI,SI,1,,,SI,SI,1,13/8/2024,SI,SI,SI,SI,SI,,,X,X,,,,231-2024,270-2024,SI,SI,SI,,X,,,,,,,,,X,SI,,X,X,X,,,SI,X,X,,,,B0,A4,1,040208,040003
1337286,0,505260,3AP,CHAVEZ DE LA ROSA,AREQUIPA,AV LA PAZ 502,NO,,,,,,,,SI,SI,,,SI,X,,,,,,SI,X,X,X,,,,,NO,,NO,,,,,,,,SI,X,X,X,X,,,NO,NO,,,NO,,,,,,,SI,SI,3,SI,X,X,X,,,,,,X,X,X,X,X,,,,,SI,SI,SI,SI,SI,4,X,X,X,X,,,,,X,X,X,X,SI,SI,3,NO,,,,,,,,,,,X,X,X,X,X,,,,SI,SI,3,SI,X,,X,X,,,SI,SI,SI,SI,SI,SI,SI,0,,,SI,SI,3,10/10/2024,NO,SI,SI,SI,SI,X,X,X,X,X,,,076-2025,075-2025,SI,SI,NO,,,,,,,,,,,,NO,,,,,,,NO,,,,,,B0,A4,1,040101,040001
0314278,0,073572,3AP,40551 MICAELA BASTIDAS,PUYCA,MAGHUANCA,NO,,,,,,,,NO,,,,SI,,,,,,X,SI,,,,,,X,,NO,,NO,,,,,,,,NO,,,,,,,,NO,,,NO,,,,,,,NO,NO,8,SI,,,X,,,,,,,,,,,,,,,NO,,,,,,,,,X,,,,,,,X,,NO,SI,2,SI,2,,,,,,X,,,,X,,,,,,,,NO,SI,2,NO,,,X,,,,NO,,,,SI,NO,NO,,3,,NO,,,//,SI,SI,NO,SI,SI,X,,,,,,,,,,,,,,,,,,,,,,,NO,,,,,,,NO,,,,,,B0,A1,2,040806,040009
1203926,0,064308,3AP,SAN LUIS GONZAGA,SOCABAYA,PUEBLO JOVEN 4 DE OCTUBRE,NO,,,,,,,,SI,SI,,,SI,X,,,,,,SI,X,,,,,,,SI,SI,SI,,,X,,,,,SI,X,X,X,,,,SI,NO,,,SI,X,,X,,,,SI,SI,1,SI,,X,X,,,,,,X,X,X,X,X,X,,,,SI,SI,SI,SI,SI,1,X,X,,X,,,,,X,X,,,SI,SI,2,SI,6,X,X,X,,,,,,,X,X,X,,,,,,SI,SI,6,SI,X,X,X,X,,,SI,SI,SI,SI,SI,SI,SI,0,,,SI,NO,,//,NO,SI,SI,SI,SI,X,X,,,,,,,,,,,,,,,,,,,,,,NO,,,,,,,NO,,,,,,B0,A4,1,040122,040002
1734854,0,733931,3AP,COLEGIO WALDORF AREQUIPA EL COLIBRI,JOSE LUIS BUSTAMANTE Y RIVERO,,NO,,,,,,,,SI,SI,,,SI,,,,,,X,SI,,,,,,X,,NO,,NO,,,,,,,,SI,,X,X,,X,ESCUELA PARA PADRES,NO,NO,,,NO,,,,,,,SI,NO,8,NO,,,,,,,NO,,X,X,X,,,,,,,SI,SI,SI,SI,SI,2,,,,X,,X,,,X,X,X,X,NO,SI,8,SI,1,,,X,,,,,,,X,X,,X,X,,,,SI,SI,6,SI,X,X,,,,,SI,SI,SI,NO,SI,SI,SI,1,,,SI,NO,,//,NO,SI,NO,NO,SI,,,X,,,,,,002,NO,,NO,,,,,,,,,,,,NO,,,,,,,NO,,,,,,B0,B4,1,040129,040002
0313866,0,073162,3AP,40510 CORONEL CASIMIRO PERALTA,ALCA,ALCA,SI,NO,,,,,,,SI,SI,,,SI,X,X,,,,,SI,X,,,,,,,NO,,NO,,,,,,,,SI,,,X,,,,NO,NO,,,SI,X,,,,,,NO,SI,7,SI,X,,,,,,,,X,X,X,X,X,,X,,,SI,SI,SI,NO,,,X,,,,X,,,,X,,X,,NO,SI,12,SI,1,,X,,,,,,,,X,X,,,,,,,SI,SI,4,SI,X,,,X,,,SI,SI,SI,NO,SI,SI,NO,,5,NO SE PRESENTARON,SI,SI,3,20/8/2024,NO,SI,NO,SI,NO,,,X,X,,,,,23,NO,,NO,,,,,,,,,,,,NO,,,,,,,SI,X,,,,,B0,A1,2,040802,040009
1239169,0,627539,3AP,SANTA MARIA DEL VALLE,UCHUMAYO,CONGATA,NO,,,,,,,,SI,SI,,,SI,X,,,,,,SI,X,X,,,,,,NO,,SI,,,X,,,,,SI,,,X,,,,SI,NO,,,SI,X,X,,,,,SI,NO,8,NO,,,,,,,NO,,X,X,,,X,,,,,NO,,,,,,X,,,,,X,,,X,,,,NO,SI,15,SI,2,,X,,,,,,,,,X,,,,,,,SI,SI,1,SI,,X,,,,,SI,SI,SI,SI,SI,NO,SI,0,,,SI,NO,,//,NO,SI,SI,SI,SI,,,X,,X,,,036-2025,,SI,SI,,,,,,,,,,,,,NO,,,,,,,NO,,,,,,B0,B4,1,040124,040001
0313338,0,071530,3AP,40453,CHUQUIBAMBA,CHIRINGAY,NO,,,,,,,,NO,,,,SI,,,,,,X,SI,,,,,,X,,NO,,SI,,,X,,,,,NO,,,,,,,,NO,,,SI,X,,,,,,SI,SI,6,NO,,,,,,,,,X,,,,X,,,,,SI,SI,SI,SI,SI,3,,,X,,,,,,X,,,,SI,SI,1,SI,1,,X,,,,X,,,,X,,,,,,,,NO,SI,4,SI,,,X,,,,SI,SI,SI,SI,NO,,SI,0,,,SI,NO,,//,NO,SI,SI,SI,NO,,,,X,,,,,,,,NO,,,,,,,,,,,,NO,,,,,,,NO,,,,,,B0,A1,2,040601,040007
1276385,0,546661,3AP,SAN JUAN APOSTOL,CERROCOLORADO,AREQUIPA,NO,,,,,,,,SI,NO,1,,SI,,,,,,X,SI,X,,,,,,,SI,SI,SI,,,X,,,,,SI,,X,X,,,,SI,NO,,,SI,X,X,,,,,SI,NO,5,NO,,,,,,,NO,,X,X,X,X,X,X,X,,,SI,SI,SI,SI,SI,3,X,X,,,,,,,X,,,,SI,SI,26,SI,4,,X,X,X,X,X,,,,X,X,,X,,,,,SI,SI,3,SI,X,X,,,,,SI,SI,SI,SI,SI,SI,SI,2,,,SI,NO,,//,NO,SI,SI,NO,SI,,,,,X,,,,,,,,,,,,,,,,,,,NO,,,,,,,NO,,,,,,B0,B2,1,040104,040001
0312124,0,069278,3AP,40331 MARIA AUXILIADORA,URACA,CORIRE,NO,,,,,,,,SI,SI,,,SI,X,X,X,X,X,,SI,X,X,,,,,,NO,,SI,,,X,,,,,SI,,X,X,,,,NO,SI,,2,SI,X,X,X,,,,SI,SI,9,SI,,X,,X,,,,,X,X,X,X,X,X,X,,,SI,SI,SI,SI,NO,,X,X,,X,,X,,,X,X,X,X,SI,SI,5,SI,3,X,X,X,,X,X,X,,,X,X,X,X,X,,,,SI,SI,10,SI,,X,,X,,,SI,SI,SI,SI,SI,SI,SI,0,,,SI,NO,,//,SI,SI,SI,SI,SI,X,X,,,X,,,,,,,NO,,,,,,,,,,,,SI,,X,,X,,,SI,,X,,,,B0,A1,1,040413,040005
0541516,0,062620,3AP,40211 HEROES DEL PACIFICO,PAUCARPATA,AREQUIPA,SI,SI,X,,,,,,SI,SI,,,SI,X,,,X,,,SI,X,X,,,,,,SI,SI,SI,,,X,,,,,SI,,X,X,,,,NO,SI,0,1,SI,X,,X,,X,SALUD BUCAL,SI,SI,6,SI,,X,X,X,,,,,X,X,X,X,X,X,X,,,SI,SI,SI,SI,SI,4,X,X,X,X,X,X,,,X,X,X,X,SI,SI,11,SI,2,,X,X,,X,X,X,,,X,X,X,X,X,,,,SI,SI,21,SI,X,X,X,X,,,SI,SI,SI,SI,SI,SI,SI,1,,,SI,NO,,//,SI,SI,SI,SI,SI,X,X,X,X,X,,,004-2025,,SI,SI,NO,,,,,,,,,,,,NO,,,,,,,SI,X,,,,,B0,A1,1,040112,040002
1454545,0,586275,3AP,SANTA ROSA DE LAS AMERICAS,MARIANO MELGAR,AREQUIPA,NO,,,,,,,,SI,SI,,,SI,,,,,,X,SI,X,,,,,,,NO,,NO,,,,,,,,NO,,,,,,,,NO,,,SI,,,,,X,CAMPAÑAS DE VACUNACION,SI,NO,3,NO,,,,,,,NO,,,,,,,,,,,NO,,,,,,,X,,,,,,,X,,X,X,SI,SI,1,SI,2,,,,X,,X,X,,,,,,X,X,,,,SI,NO,,SI,X,,,,,,NO,,,,SI,SI,SI,0,,,SI,NO,,//,NO,SI,NO,SI,NO,,,,X,,,,,,,,NO,,,,,,,,,,,,NO,,,,,,,NO,,,,,,B0,B4,1,040109,040002
0735498,0,068938,3AP,40642,ORCOPAMPA,TINTAYMARCA,NO,,,,,,,,NO,,,,SI,,,,,,X,SI,,,,,,X,,NO,,NO,,,,,,,,NO,,,,,,,,NO,,,NO,,,,,,,NO,NO,8,NO,,,,,,,,,X,,,,X,,,,,NO,,,,,,,,,,,,X,REUNIONES,X,,,,NO,NO,,SI,2,,X,,,,,,,,,,,,X,,,,NO,NO,,NO,,,,,X,INSTITUCION UNIDOCENTE,SI,SI,SI,SI,NO,,SI,0,,,SI,NO,,//,NO,NO,,NO,NO,,,,,,X,ACTIVIDADES,,,,,,,,,,,,,,,,,NO,,,,,,,NO,,,,,,B0,A1,2,040409,040005
0311209,0,066798,3AP,40235,MARISCAL CACERES,SAN JOSE,NO,,,,,,,,SI,SI,,,SI,,,,,,X,SI,X,,,,,,,NO,,NS,,,,,,,,SI,,X,X,X,,,NO,NO,,,SI,X,,X,,,,NO,SI,8,NO,,,,,,,,,X,X,X,X,X,X,,,,SI,SI,NO,SI,SI,1,X,,,X,,,,,X,X,X,X,NO,SI,3,SI,1,,,,,,,X,,,X,X,X,X,X,,,,NO,SI,12,SI,,,,X,,,SI,SI,NO,SI,SI,SI,SI,0,,,SI,NO,,//,SI,SI,NO,SI,NO,,X,,,,,,,,,,NO,,,,,,,,,,,,NO,,,,,,,NO,,,,,,B0,A1,2,040204,040003
0314252,0,073553,3AP,40549 SANTISIMA VIRGEN DE LA ASUNTA,PUYCA,CHURCA,NO,,,,,,,,NO,,,,SI,,,,,,X,SI,,,,,,X,,NO,,NO,,,,,,,,NO,,,,,,,,NO,,,NO,,,,,,,SI,NO,8,NO,,,,,,,,,,,,,,,,,,NO,,,,,,,X,,,,,,,,,X,,NO,NO,,SI,2,,,,,,X,,,,X,,,,,,,,SI,SI,4,NO,,X,,,,,SI,SI,NO,SI,SI,NO,NO,,3,,NO,,,//,SI,SI,NO,SI,SI,,X,,,,,,,,,,,,,,,,,,,,,,NO,,,,,,,NO,,,,,,B0,A1,2,040806,040009
1607183,0,820155,3AP,SAN FERNANDO,LA JOYA,CERCADO,NO,,,,,,,,SI,SI,,,SI,X,,,X,,,SI,X,,,,,,,NO,,NO,,,,,,,,SI,,X,X,,,,NO,NO,,,NO,,,,,,,SI,SI,8,SI,,,X,X,,,SI,2,X,X,X,X,X,X,X,,,SI,SI,SI,SI,SI,2,,X,,X,,,,,X,,,X,SI,SI,6,SI,2,,X,,,X,,X,,,,X,,X,,,,,SI,NO,,SI,X,,,X,,,SI,SI,SI,SI,SI,SI,SI,0,,,SI,NO,,//,SI,SI,NO,SI,SI,,,X,,X,,,059,,SI,SI,NO,,,,,,,,,,,,NO,,,,,,,NO,,,,,,B0,B4,1,040108,040010
0844803,0,055771,3AP,SAN JERONIMO,AREQUIPA,UMACOO,NO,,,,,,,,SI,SI,,,SI,,,,,,X,SI,,,,,,X,,NO,,NO,,,,,,,,SI,,X,X,,,,SI,NO,,,NO,,,,,,,SI,SI,2,NO,,,,,,,NO,,X,X,X,,,,X,,,SI,SI,SI,SI,NO,,X,,,X,,X,,,X,X,,,NO,SI,14,SI,1,,X,,,,,,,,X,X,,,X,,,,SI,SI,10,SI,X,X,,,,,SI,SI,SI,SI,SI,NO,SI,3,,,SI,SI,9,26/12/2024,SI,SI,NO,SI,SI,,,,,,X,CONCEJO ESTUDIANTIL,,,,,NO,,,,,,,,,,,,NO,,,,,,,NO,,,,,,B0,B4,1,040101,040001
0612861,0,069947,3AP,40574,CALLALLI,CHICHAS,NO,,,,,,,,SI,SI,,,SI,X,,,,,,SI,X,X,,,X,,,NO,,SI,,,,,,X,TAMBO MIDIS,SI,,,X,X,,,SI,NO,,,SI,X,,X,,,,NO,NO,2,NO,,,,,,,,,X,,,,X,,X,,,SI,NO,NO,SI,NO,,X,X,,X,,,,,X,X,,,NO,SI,2,SI,1,,X,,X,,X,,,,X,X,,,X,,,,SI,SI,2,SI,,,,X,,,SI,SI,SI,SI,SI,SI,SI,0,,,SI,NO,,//,NO,SI,SI,SI,NO,,X,,,X,,,,,,,,,,,,,,,,,,,NO,,,,,,,NO,,,,,,B0,A1,2,040504,040006
0314195,0,073336,3AP,40543,HUAYNACOTAS,LUICHO,NO,,,,,,,,NO,,,,SI,X,,,,,,SI,X,,,,,,,SI,SI,SI,,,X,,,,,SI,,X,X,X,,,NO,NO,,,SI,,,X,,,,NO,SI,7,SI,,X,,,,,,,X,,,,X,X,,,,SI,,NO,SI,NO,,X,,,,,X,,,X,X,X,,NO,SI,1,SI,3,X,X,,,,X,X,,,,X,X,,,,,,SI,NO,,NO,,,,X,,,SI,SI,SI,SI,SI,NO,SI,0,,,SI,NO,,//,NO,SI,SI,SI,NO,,,X,,,,,002,030,SI,SI,NO,,,,,,,,,,,,NO,,,,,,,SI,X,,,,,B0,A1,2,040804,040009
0286641,0,073807,3AP,40560,TOMEPAMPA,ACHAMBI,NO,,,,,,,,NO,,,,SI,X,,,,,,SI,,X,,,,,,NO,,SI,,,X,,,,,SI,X,,X,,,,NO,NO,,,SI,X,,X,,,,NO,NO,1,SI,,X,X,,,,,,X,X,,,,,,,,NO,,,,,,,,,X,,,,,X,,,,NO,SI,1,SI,1,,,,,,X,X,,,,,X,,,,,,SI,SI,5,SI,,,,,X,NO SE REALIZA,NO,,,,SI,SI,SI,0,,,SI,NO,,//,NO,SI,SI,SI,NO,X,,,X,,,,,,,,NO,,,,,,,,,,,,NO,,,,,,,NO,,,,,,B0,A1,2,040810,040009
0307835,0,072737,3AP,41513 SAGRADO CORAZON DE JESUS,COCACHACRA,CHUCARAPI,SI,SI,,X,,,,,SI,SI,,,SI,X,,,,,,SI,X,X,,X,,,,SI,SI,SI,,,X,,,,,SI,X,X,X,,,,SI,SI,1,,SI,X,,X,,,,SI,SI,8,SI,X,X,X,X,,,,,X,X,X,X,X,X,,,,SI,SI,SI,SI,SI,2,X,X,,X,,,,,X,X,X,,SI,SI,7,SI,2,X,X,X,X,X,X,,,,,X,X,X,,,,,SI,SI,4,SI,X,X,,,,,SI,SI,SI,SI,SI,SI,SI,0,,,SI,NO,,//,SI,SI,SI,SI,SI,X,,X,X,X,,,24-2025,,SI,SI,SI,,X,,,,,,,,,X,SI,,X,X,X,,,SI,X,,,,,B0,A1,2,040702,040008
0313015,0,071200,3AP,40421 JOSE OLAYA BALANDRA,TISCO,TISCO,NO,,,,,,,,SI,SI,,,SI,X,,,,,,SI,X,X,,,,,,NO,,SI,,,X,,,,,SI,,,X,,,,SI,NO,,,SI,X,,X,,,,SI,NO,8,SI,,X,,,,,,,X,X,X,X,X,X,,,,SI,SI,NO,SI,SI,1,,,,,,X,,,X,,X,,NO,SI,3,SI,1,,,,,,X,,,,X,X,,,,,,,SI,SI,2,SI,X,,,,,,SI,SI,SI,SI,SI,NO,SI,0,,,SI,NO,,//,NO,SI,SI,SI,NO,,,X,,,,,22,104,NO,,NO,,,,,,,,,,,,NO,,,,,,,NO,,,,,,B0,A1,2,040517,040006
1279736,0,062248,3AP,ENRICO FERMI,MIRAFLORES,EDIFICADORES MISTI,NO,,,,,,,,SI,SI,,,SI,,,,,,X,SI,X,,,,,,,NO,,NO,,,,,,,,SI,,,X,,,,NO,NO,,,NO,,,,,,,SI,NO,9,SI,X,,X,,,,NO,,X,X,X,X,X,X,X,,,SI,SI,SI,SI,NO,,X,,,X,,,,,X,,,X,NO,SI,12,NO,,,,,,,,,,,X,,,,,,,,SI,NO,,NO,X,,,X,,,SI,SI,SI,NO,SI,SI,SI,0,,,SI,NO,,//,SI,SI,NO,SI,SI,,,X,,X,,,0052,,NO,,NO,,,,,,,,,,,,NO,,,,,,,NO,,,,,,B0,B4,1,040110,040002
1253186,0,059774,3AP,40688 JESUCRISTO EL SALVADOR,CERRO COLORADO,UPIS EL SALVADOR,SI,SI,,,,,X,VIRTUAL,SI,SI,,,SI,X,,X,,,,SI,X,,,,,,,SI,SI,SI,X,,X,,,,,SI,,X,X,,,,NO,SI,,4,SI,X,,X,,,,SI,SI,8,SI,,X,X,,,,,,X,X,X,X,X,X,,,,SI,SI,SI,SI,SI,2,,X,X,,,,,,X,,X,,SI,SI,6,SI,6,X,X,X,X,X,X,X,,,X,X,X,X,,,,,SI,SI,4,SI,X,X,X,,,,SI,SI,SI,SI,SI,SI,SI,0,,,SI,NO,,//,NO,SI,SI,SI,SI,,X,X,X,X,,,068-2024,0,SI,SI,SI,,,,,,X,,,,,X,SI,X,X,X,X,,,NO,,,,,,B0,A1,1,040104,040001
0313528,0,072271,3AP,40472 CARLOS M. FEBRES,MOLLENDO,MOLLENDO,SI,SI,,,,,X,CLASES VIRTUALES,SI,NO,1,,SI,X,X,,X,,,SI,X,,,,,,,NO,,NO,,,,,,,,SI,,X,X,,,,SI,NO,,,SI,X,,,,,,SI,NO,5,SI,X,X,,,,,,,X,,X,X,,,X,,,SI,SI,SI,SI,SI,2,,X,,X,,X,,,X,,X,,SI,SI,14,SI,3,,X,,,X,X,,,,X,X,,X,,,,,SI,NO,,SI,X,,,X,,,SI,SI,SI,SI,SI,SI,SI,0,,,SI,SI,2,7/10/2024,NO,SI,SI,SI,SI,,,X,,X,,,040-2025,,SI,SI,NO,,,,,,,,,,,,NO,,,,,,,SI,X,,,,,B0,A1,1,040701,040008
0220244,0,062639,3AP,40220 HEROES DEL CENEPA,PAUCARPATA,CAMPO DE MARTE,NO,,,,,,,,NO,,,,SI,,,,X,,,SI,X,X,,,,,,SI,SI,SI,,,X,,,,,SI,,X,X,,,,SI,NO,,,SI,X,X,,,,,SI,SI,5,SI,X,,,,,,,,X,X,X,X,X,X,X,,,SI,SI,SI,SI,SI,5,,X,X,,X,,,,X,X,X,X,SI,SI,12,SI,3,,X,X,X,,X,X,,,X,X,,X,X,,,,SI,SI,8,SI,X,,,X,,,SI,SI,SI,SI,SI,SI,SI,0,,,NO,,,//,NO,SI,SI,SI,SI,X,X,,,,,,,,,,NO,,,,,,,,,,,,SI,X,,,,,,SI,,X,,,,B0,A1,1,040112,040002
0219733,0,065609,3AP,40166 BELGICA,JOSE LUIS BUSTAMANTE Y RIVERO,URBANIZACION 3 DE OCTUBRE,NO,,,,,,,,SI,SI,,,SI,,,,,,X,SI,X,,,,,,,NO,,SI,,,X,,,,,SI,,,X,,,,NO,NO,,,SI,X,,,,,,SI,SI,3,NO,,,,,,,,,X,X,X,X,X,,,,,SI,SI,SI,SI,SI,1,,X,,,,,,,,,X,,SI,SI,6,SI,1,,,,,,X,,,,X,X,,X,,,,,SI,SI,10,SI,,X,,,,,SI,SI,SI,SI,SI,SI,SI,0,,,SI,NO,,//,NO,SI,SI,SI,SI,X,X,X,,X,,,040-2024,,SI,SI,NO,,,,,,,,,,,,NO,,,,,,,NO,,,,,,B0,A1,1,040129,040002
1120088,0,841841,3AP,COLEGIO FRANCO PERUANO GUSTAVE EIFFEL,SACHACA,URBANO,NO,,,,,,,,NO,,,,SI,X,,,X,,,SI,X,,,,,,,SI,SI,SI,,,X,,,,,NO,,,,,,,,NO,,,SI,X,X,,,,,SI,SI,7,SI,,,,X,,,NO,,X,X,X,X,X,X,X,,,SI,SI,SI,SI,SI,6,X,X,,,,,,,X,,X,,SI,SI,9,SI,6,,X,X,,X,X,X,,,,X,,,X,,,,SI,NO,,SI,X,,,,,,SI,SI,SI,SI,SI,SI,SI,0,,,SI,NO,,//,SI,SI,SI,SI,SI,X,,X,,X,,,,093-2025,SI,SI,,,,,,,,,,,,,SI,X,,,,,,NO,,,,,,B0,B4,1,040117,040001
0313627,0,072643,3AP,40482 SAN MARTIN DE PORRES,COCACHACRA,COCACHACRA,NO,,,,,,,,SI,SI,,,SI,X,,,,,,SI,X,X,,,,,,SI,SI,SI,,,X,,,,,SI,X,X,X,,,,SI,NO,,,SI,X,,X,X,,,SI,SI,5,SI,X,,,,,,,,X,X,X,X,X,X,X,,,SI,SI,SI,SI,SI,3,,,X,X,,,,,X,,,,SI,SI,12,SI,1,,X,,,,X,,,,,X,,X,,,,,SI,SI,3,SI,,,,X,,,SI,SI,SI,SI,SI,SI,SI,0,,,SI,NO,,//,SI,SI,SI,SI,SI,,,,X,,,,,,,,SI,X,,,,,,,,,,X,SI,X,,,,,,SI,,X,,,,B0,A1,1,040702,040008
0219675,0,062413,3AP,40160 OBDULIO BARRIGA VIZCARRA,MOLLEBAYA,MOLLEBAYA,NO,,,,,,,,SI,SI,,,SI,X,,,,,,SI,,,X,,,,,SI,NO,SI,,,X,,,,,SI,,,X,,,,NO,NO,,,SI,X,,,,,,NO,NO,8,NO,,,,,,,,,X,X,X,X,X,X,,,,SI,SI,NO,SI,SI,2,,X,,,,,,,X,,,,SI,SI,6,SI,2,,X,,,,X,,,,X,,X,,,,,,SI,NO,,SI,X,,,,,,SI,SI,SI,SI,SI,SI,SI,0,,,SI,NO,,//,NO,SI,SI,SI,SI,,,X,,X,,,040-2024,089-2024,SI,NO,SI,,,,,,X,,,,,X,NO,,,,,,,SI,,X,,,,B0,A1,2,040111,040002
0219709,0,062502,3AP,40163 BENIGNO BALLON FARFAN,PAUCARPATA,AREQUIPA,NO,,,,,,,,SI,SI,,,SI,,,,X,,,SI,X,,X,,,,,NO,,NO,,,,,,,,SI,,X,X,,,,SI,SI,0,5,SI,,,X,X,,,NO,SI,5,SI,,,,X,,,NO,,X,X,X,X,,,,,,SI,SI,SI,SI,SI,2,X,,X,X,X,,,,X,X,X,X,SI,SI,16,SI,1,,,,,,X,,,,X,X,X,X,X,,,,SI,SI,8,SI,X,X,,X,,,SI,SI,SI,SI,SI,SI,SI,0,,,SI,SI,4,7/5/2024,SI,SI,SI,SI,SI,,,X,X,,,,067-2024,,SI,SI,SI,,,,X,,,,,,,X,SI,X,X,X,X,,,SI,,X,,,,B0,A1,1,040112,040002
1436369,0,057336,3AP,JUBILEO,AREQUIPA,TINGO,NO,,,,,,,,SI,SI,,,SI,X,,,,,,SI,X,,,,,,,NO,,NO,,,,,,,,SI,,X,X,,,,NO,SI,2,1,NO,,,,,,,SI,NO,6,SI,X,,,,,,NO,,X,X,X,X,X,X,X,,,SI,SI,SI,SI,SI,3,X,,,X,,,,,X,,X,,SI,SI,9,SI,3,,X,,,,X,,,,,X,,,,,,,NO,NO,,SI,,X,,,,,SI,SI,SI,SI,SI,SI,SI,0,,,SI,SI,10,22/10/2024,SI,SI,SI,SI,SI,,,X,X,X,,,30/11/2024,,SI,NO,SI,,,,,,X,,,,,X,SI,X,,,,,,SI,X,,,,,B0,B4,1,040101,040001
0218883,0,064563,3AP,40082 MARIANO J. VALDIVIA,TIABAYA,TIABAYA,NO,,,,,,,,SI,SI,,,SI,X,,,,,,SI,X,X,,X,,,,NO,,SI,,,X,,,,,SI,X,X,X,X,,,NO,SI,7,0,SI,X,,X,X,,,SI,SI,5,SI,X,,X,X,,,,,X,X,X,X,X,X,X,,,SI,SI,NO,SI,SI,2,X,X,,X,,X,,,X,,X,X,SI,SI,2,SI,2,,X,,,X,X,,,,X,X,,,,,,,SI,SI,5,SI,X,X,,X,,,SI,SI,SI,SI,SI,SI,SI,0,,,SI,SI,1,13/12/2024,SI,SI,SI,SI,SI,,X,X,,X,,,35-2025,63-2025,SI,SI,NO,,,,,,,,,,,,NO,,,,,,,NO,,,,,,B0,A1,1,040123,040001
0313858,0,073077,3AP,40509 NUESTRA SEÑORA DEL CARMEN,COTAHUASI,CHAUCAVILCA,NO,,,,,,,,NO,,,,SI,,,,,,X,SI,,,,,,X,,NO,,NO,,,,,,,,NO,,,,,,,,NO,,,NO,,,,,,,SI,NO,8,NO,,,,,,,,,,,,,,,,,,NO,,,,,,X,,,X,,,,,,,X,,NO,SI,1,SI,1,,,,,,X,,,,,,,,,,X,,NO,NO,,NO,,,X,,,,SI,NO,NO,SI,SI,NO,NO,,3,,NO,,,//,SI,SI,NO,SI,SI,X,,,,,,,,,,,,,,,,,,,,,,,NO,,,,,,,NO,,,,,,B0,A1,2,040801,040009
0794461,0,064313,3AP,SANTA MARIA DE LOS ANGELES,SOCABAYA,AREQUIPA,NO,,,,,,,,SI,SI,,,SI,X,,,X,,,SI,X,X,,,,,,SI,SI,SI,X,,,,,,,SI,X,X,X,,X,DEPORTIVOS,SI,NO,,,SI,X,X,,,,,SI,SI,8,SI,,X,,X,,,,,X,X,X,X,X,X,X,,,SI,SI,SI,SI,SI,2,X,,,X,,,X,SALIDA CULTURA,X,,X,,SI,SI,6,SI,3,,,,,X,X,X,,,X,X,,X,,,,,SI,SI,12,SI,X,,,X,,,SI,SI,SI,SI,SI,SI,SI,0,,,SI,NO,,//,SI,SI,SI,SI,SI,,,X,,X,,,,0051-2024,SI,SI,NO,,,,,,,,,,,,SI,X,,X,,,,SI,X,,,,,B0,A4,1,040122,040002
0307249,0,058166,3AP,NUESTRA SEÑORA DE GUADALUPE,ALTO SELVA ALEGRE,,NO,,,,,,,,SI,SI,,,SI,X,,,,,,SI,X,,,,,,,SI,SI,SI,,,X,,,,,SI,,X,X,,,,SI,NO,,,SI,X,X,X,,,,SI,SI,6,SI,X,X,,X,,,,,X,X,X,X,X,X,X,,,SI,SI,SI,SI,SI,5,,X,,,X,,,,X,,,,SI,SI,2,SI,1,,X,,X,X,,,,,,X,X,X,X,,,,SI,NO,,SI,,,X,X,,,SI,SI,SI,SI,SI,SI,SI,0,,,SI,SI,2,20/11/2024,SI,SI,SI,SI,SI,,,,X,,,,,,,,SI,,X,,,,,,,,X,X,NO,,,,,,,SI,X,X,,,,B0,A4,1,040102,040002
0845461,0,059439,3AP,40056 HORACIO ZEBALLOS GAMEZ,CERRO COLORADO,,NO,,,,,,,,SI,SI,,,SI,X,,,X,X,,SI,X,,X,X,,,,NO,,NO,,,,,,,,SI,,,X,,,,NO,SI,2,,SI,X,,X,,,,SI,NO,5,NO,,,,,,,,,X,X,X,X,X,,,,,SI,SI,SI,SI,SI,6,X,X,,X,,,,,X,,,,SI,SI,12,SI,4,X,X,X,X,X,X,X,,,X,X,X,X,,,,,SI,SI,12,SI,X,,,X,,,SI,SI,SI,SI,SI,SI,SI,1,,,SI,SI,2,3/7/2024,SI,SI,SI,SI,SI,X,,X,,X,,,00123-2024,,SI,SI,NO,,,,,,,,,,,,NO,,,,,,,NO,,,,,,B0,A1,1,040104,040001
1333129,0,047451,3AP,SAGRADA FAMILIA,MAJES,EL PEDREGAL,SI,SI,X,,X,,,,SI,NO,3,,SI,X,,,X,,,SI,,X,,X,,,,NO,,SI,,,X,X,,,,SI,,X,X,,X,AYUDA ESPIRITUAL,NO,NO,,,SI,X,,X,X,,,SI,SI,8,NO,,,,,,,NO,,X,X,X,X,,X,X,,,SI,SI,SI,SI,NO,,X,X,X,X,,X,,,X,X,X,,SI,SI,6,SI,3,,X,X,,X,,,,,X,X,X,X,X,,,,SI,SI,4,SI,X,X,X,,,,SI,SI,SI,SI,SI,SI,SI,0,,,SI,NO,,//,SI,SI,NO,SI,SI,,,X,,,,,049,,SI,SI,,,,,,,,,,,,,NO,,,,,,,NO,,,,,,B0,B4,1,040520,040010
1031004,0,058760,3AP,40669 DEAN VALDIVIA,CAYMA,AREQUIPA,NO,,,,,,,,SI,SI,,,SI,X,,,,,,SI,X,X,X,,,,,NO,,NO,,,,,,,,SI,,,X,,,,NO,SI,,2,SI,X,,X,,,,SI,SI,6,NO,,,,,,,,,X,X,X,X,X,X,,,,SI,SI,SI,SI,NO,,,X,X,,,,,,X,X,X,X,SI,SI,10,SI,1,X,X,X,,X,X,X,,,X,,,,,,,,SI,SI,5,SI,X,,,,,,SI,SI,SI,SI,SI,SI,SI,0,,,SI,NO,,//,SI,SI,SI,SI,SI,X,,X,,,,,101,255,SI,SI,NO,,,,,,,,,,,,SI,X,,,,,,NO,,,,,,B0,A1,1,040103,040001
0612804,0,068603,3AP,40573,CHACHAS,ANEXO HUARACOPALCA,SI,SI,X,,,,,,SI,SI,,,SI,X,,,,,,SI,,X,,,,,,NO,,NS,,,,,,,,SI,,X,X,,,,NO,NO,,,SI,X,,,,,,SI,SI,8,SI,,X,,,,,,,X,,X,,X,X,,,,SI,SI,SI,SI,SI,1,X,,,,,,,,X,,,X,SI,SI,3,SI,1,,,,,X,,,,,X,X,,,X,,,,SI,SI,2,SI,,,,,X,CONCIENTIZACION,SI,SI,NO,SI,SI,NO,NO,,1,,SI,NO,,//,NO,SI,NO,SI,NO,X,,,,,,,,,,,,,,,,,,,,,,,NO,,,,,,,NO,,,,,,B0,A1,2,040404,040006
0313932,0,073280,3AP,40517 CAPITAN EVARISTO AMESQUITA,HUAYNACOTAS,HUAYNACOTAS,NO,,,,,,,,NO,,,,SI,,,,,,X,SI,,,,,,X,,NO,,NO,,,,,,,,NO,,,,,,,,NO,,,NO,,,,,,,SI,NO,9,NO,,,,,,,,,,,,,,,,,,NO,,,,,,,,,X,,,,,,,X,,NO,SI,3,SI,2,,,,,,X,,,,,,,,,,X,,NO,NO,,NO,,,X,,,,NO,,,,NO,,NO,,3,,NO,,,//,SI,NO,,SI,SI,X,,,,,,,,,,,,,,,,,,,,,,,NO,,,,,,,NO,,,,,,B0,A1,2,040804,040009
1261304,0,550101,3AP,ALFEREZ FAP RAUL J. LEGUIA DRAGO,AREQUIPA,VALLECITO,NO,,,,,,,,SI,SI,,,SI,,,,,X,,SI,X,,X,,,,,NO,,SI,,,,,,X,HOSPITAL REGIONAL DEL SUR,SI,X,X,X,X,,,SI,NO,,,SI,X,X,X,X,,,SI,SI,5,NO,,,,,,,,,X,,,X,X,X,X,,,SI,SI,SI,SI,SI,6,X,X,,X,X,,,,X,,X,,SI,SI,7,SI,8,,X,X,X,X,X,X,,,X,X,,,,,,,NO,SI,94,SI,X,,,,,,SI,SI,SI,SI,SI,SI,SI,0,,,SI,NO,,//,SI,SI,SI,SI,SI,X,,X,,X,,,,0125-2025,SI,SI,NO,,,,,,,,,,,,NO,,,,,,,NO,,,,,,B0,A2,1,040101,040001
0313205,0,068330,3AP,40440 CORAZON DE FATIMA,APLAO,APLAO,NO,,,,,,,,SI,NO,1,,SI,X,,,X,,,SI,X,,X,,,,,NO,,SI,,,X,,,,,SI,,X,X,,,,NO,NO,,,SI,X,X,X,,,,SI,SI,9,SI,X,,,X,,,,,X,X,X,X,X,,X,,,SI,SI,SI,SI,SI,2,,X,,X,,X,,,X,,X,,SI,SI,12,SI,3,X,X,X,,X,X,X,,,X,,,X,X,,,,SI,NO,,SI,,X,,X,,,SI,SI,SI,SI,SI,SI,SI,0,,,SI,NO,,//,SI,SI,SI,SI,SI,,,X,,X,,,,048-2024,NO,,NO,,,,,,,,,,,,NO,,,,,,,NO,,,,,,B0,A1,1,040401,040005
0312553,0,069626,3AP,40374 ELIAS CACERES LOZADA,CHIVAY,CHIVAY,NO,,,,,,,,SI,SI,,,SI,X,,,,,,SI,X,X,,,,,,SI,SI,SI,,,X,,,,,SI,,,X,,,,NO,NO,,,SI,X,,,,,,SI,SI,9,NO,,,,,,,,,X,X,X,X,X,X,,,,SI,SI,SI,SI,SI,1,X,X,,,,,,,,,X,,SI,SI,3,SI,1,,,,,,X,X,,,X,X,,,,,,,SI,SI,1,SI,X,,,X,,,SI,SI,SI,SI,SI,SI,SI,1,,,SI,SI,1,9/9/2024,NO,SI,NO,SI,SI,,,X,,,,,,019,SI,SI,NO,,,,,,,,,,,,NO,,,,,,,NO,,,,,,B0,A1,1,040501,040006
1261387,0,059830,3AP,SANTA CATALINA DE SIENA,CERRO COLORADO,SEMI RURAL PACHACUTEC,NO,,,,,,,,NO,,,,SI,X,,X,X,X,,SI,X,,,,,,,NO,,SI,,,X,,,,,SI,,X,X,,,,NO,NO,,,SI,X,,X,,,,SI,SI,8,SI,,X,,X,,,,,X,X,X,,,,X,,,SI,SI,SI,SI,SI,1,X,,,,,X,,,X,X,X,X,SI,SI,6,SI,10,,X,,,X,X,,,,X,X,X,X,X,,,,SI,SI,10,SI,,X,,X,,,SI,SI,SI,SI,SI,SI,SI,0,,,SI,SI,4,18/12/2024,NO,SI,SI,SI,SI,,X,X,,X,,,75,,SI,SI,NO,,,,,,,,,,,,NO,,,,,,,NO,,,,,,B0,A4,1,040104,040001
1338672,0,551638,3AP,AMIGOS DE JESÚS,MIRAFLORES,CERCADO,NO,,,,,,,,NO,,,,SI,,,,,,X,SI,X,,,,,,,NO,,NO,,,,,,,,SI,,,X,,,,NO,NO,,,NO,,,,,,,SI,NO,8,NO,,,,,,,NO,,,,,,,,,,,SI,SI,NO,NO,,,,X,,,,,,,X,,,,NO,SI,6,NO,,,,,,,,,,,,X,,,,,,,SI,NO,,SI,X,,,,,,NO,,,,NO,,SI,0,,,NO,,,//,SI,SI,NO,SI,SI,,X,X,,,,,080,,SI,NO,,,,,,,,,,,,,NO,,,,,,,NO,,,,,,B0,B4,1,040110,040002
1337658,0,550238,3AP,SANTA SOFIA,JACOBO HUNTER,JACOBO HUNTER,NO,,,,,,,,SI,SI,,,SI,,,,,,X,SI,X,,,,,,,NO,,NO,,,,,,,,SI,X,X,X,,,,NO,NO,,,SI,X,,,,,,SI,NO,8,SI,X,,X,,,,NO,,X,X,X,X,X,,X,,,SI,SI,SI,SI,SI,2,X,X,,,,X,,,X,,X,X,SI,SI,6,SI,1,,,,,X,X,X,,,X,X,,X,,,,,SI,SI,12,SI,,,,X,,,SI,SI,SI,SI,SI,SI,SI,0,,,SI,NO,,//,SI,SI,SI,SI,SI,,,X,,,,,,041     2024,SI,NO,NO,,,,,,,,,,,,NO,,,,,,,SI,X,,,,,B0,B4,1,040107,040002
0312272,0,068325,3AP,40346,APLAO,MAMAS,NO,,,,,,,,SI,SI,,,SI,X,,,,,,SI,X,,X,X,,,,NO,,SI,,,X,,,,,SI,X,X,X,X,,,SI,NO,,,SI,X,,,,,,SI,SI,8,SI,X,X,,,,,NO,,X,,X,,X,X,,,,SI,SI,SI,SI,SI,3,X,,,X,,X,,,X,X,X,X,SI,SI,1,SI,4,X,X,X,X,X,X,X,,,X,X,,X,X,,,,NO,SI,10,SI,,X,,X,,,SI,SI,SI,SI,SI,SI,SI,0,,,SI,NO,,//,NO,SI,SI,SI,SI,X,X,,,,,,,,,,,,,,,,,,,,,,SI,X,,,,,,SI,,,,X,YOUTUBE,B0,A1,2,040401,040005
0226829,0,055399,3AP,40042 REPUBLICA DE FRANCIA,AREQUIPA,AREQUIPA,SI,SI,,,,X,,,SI,SI,,,SI,X,,,,,,SI,X,,,,X,,,NO,,NO,,,,,,,,SI,X,,X,,,,SI,NO,,,SI,X,,,,,,SI,SI,8,SI,X,X,,,,,,,X,X,X,,X,,,,,SI,SI,SI,SI,NO,,X,X,,X,X,,,,X,X,,X,SI,SI,6,SI,4,,X,X,,X,X,,,,,X,X,,X,,,,SI,NO,,SI,,,,X,,,SI,SI,SI,NO,SI,SI,SI,0,,,SI,NO,,//,SI,SI,SI,SI,SI,X,,X,,X,,,,,SI,SI,,,,,,,,,,,,,NO,,,,,,,NO,,,,,,B0,A1,1,040101,040001
1535640,0,623980,3AP,MARIA DE LOS ANGELES,MAJES,PEDREGAL,NO,,,,,,,,SI,SI,,,SI,X,,,X,,,SI,X,,,,,,,NO,,SI,,,X,,,,,SI,,,X,,,,NO,NO,,,NO,,,,,,,SI,NO,5,NO,,,,,,,NO,,X,X,X,,,X,,,,SI,SI,SI,SI,SI,2,,,,X,,,,,X,,,,SI,SI,6,SI,1,,,,,,,,,,,X,,,X,,,,SI,NO,,SI,,,,X,,,SI,SI,SI,SI,SI,SI,SI,0,,,SI,NO,,//,SI,SI,SI,SI,SI,,,X,,,,,123,,SI,SI,NO,,,,,,,,,,,,NO,,,,,,,NO,,,,,,B0,B4,1,040520,040010
1369917,0,532230,3AP,MAGISTER LUX DE VALORES HUMANOS,TIABAYA,TIABAYA,NO,,,,,,,,SI,SI,,,SI,,,,,X,,SI,X,X,X,,,,,NO,,NO,,,,,,,,SI,X,X,X,,,,NO,NO,,,SI,,,X,X,,,SI,SI,9,NO,,,,,,,NO,,X,X,X,X,,,,,,SI,SI,SI,SI,SI,2,X,X,X,X,,,,,X,X,X,X,SI,SI,8,SI,3,,X,,,X,X,X,,,X,,X,,X,,,,SI,SI,4,SI,X,,,X,,,SI,SI,SI,SI,SI,SI,SI,0,,,SI,NO,,//,SI,SI,SI,SI,SI,X,,X,,,,,X,025,SI,SI,NO,,,,,,,,,,,,NO,,,,,,,NO,,,,,,B0,B4,1,040103,040001
3047750,0,913362,3AP,JAMES REICH,CERRO COLORADO,PERUARBO,NO,,,,,,,,NO,,,,SI,X,,,,,,SI,,,,,,X,,SI,SI,NO,,,,,,,,NO,,,,,,,,NO,,,NO,,,,,,,SI,SI,8,NO,,,,,,,NO,,,,,,,,,,,NO,,,,,,X,,,X,,,,,,,X,,SI,SI,3,NO,,,X,,,,,,,,,,X,,X,,,,SI,SI,15,SI,,X,X,,,,SI,SI,SI,NO,SI,NO,NO,,4,,NO,,,//,SI,SI,NO,SI,SI,,X,,,,,,,,,,NO,,,,,,,,,,,,SI,,X,,X,,,NO,,,,,,B0,B4,1,040104,040001
0313791,0,072704,3AP,40502,COCACHACRA,LA PASCANA,NO,,,,,,,,NO,,,,SI,X,,,,X,,SI,,X,,,,,,SI,SI,SI,,,X,,,,,SI,,,X,,,,NO,NO,,,SI,X,,,,,,NO,SI,8,NO,,,,,,,,,X,,,,X,,,,,SI,SI,SI,NO,,,X,,,X,,,,,X,,X,,SI,SI,1,SI,5,,,,,X,X,X,,,,X,,,,,,,SI,SI,1,SI,,,,X,,,SI,SI,SI,SI,SI,SI,SI,0,,,SI,NO,,//,NO,SI,SI,SI,SI,,,X,,,,,11-2025,17,NO,,SI,,,,,,X,,,,,,NO,,,,,,,SI,X,,,,,B0,A1,2,040702,040008
0312116,0,069259,3AP,40330,UÑON,UÑON,NO,,,,,,,,NO,,,,SI,X,,X,X,,,SI,X,X,,,,,,NO,,SI,,,X,,,,,SI,,,X,,,,NO,NO,,,SI,X,,,,,,SI,NO,8,NO,,,,,,,,,X,,,,X,,,,,SI,SI,SI,SI,SI,2,,,,X,,X,,,X,X,X,X,SI,SI,1,SI,2,X,X,X,X,X,X,X,,,X,X,X,X,X,,,,SI,SI,1,SI,,,,X,,,SI,SI,SI,SI,SI,SI,SI,0,,,SI,NO,,//,SI,SI,SI,SI,SI,,,,,X,,,,,,,,,,,,,,,,,,,NO,,,,,,,NO,,,,,,B0,A1,2,040412,040005
1722180,0,803919,3AP,JESUS EL BUEN MAESTRO,MAJES,,NO,,,,,,,,SI,SI,,,SI,X,,,,,,SI,X,,,,,,,NO,,NO,,,,,,,,SI,,,X,,,,NO,SI,,1,NO,,,,,,,SI,NO,8,SI,X,,,,,,NO,,X,X,X,X,,,X,,,SI,SI,SI,SI,NO,,,X,,,,X,,,X,,X,,NO,SI,5,NO,,,X,,,,,,,,,X,X,,,,,,NO,NO,,SI,X,,,X,,,SI,SI,SI,NO,SI,SI,SI,0,,,SI,NO,,//,NO,SI,NO,SI,SI,X,,,,,,,,,,,,,,,,,,,,,,,NO,,,,,,,SI,X,,,,,B0,B4,1,040520,040010
1339951,0,552044,3AP,HERBERT VON BLUMER,JACOBO HUNTER,HUNTER,NO,,,,,,,,NO,,,,SI,X,,,X,X,,SI,X,,,X,,,,NO,,NO,,,,,,,,SI,,X,X,X,,,NO,NO,,,SI,X,,X,X,,,SI,SI,8,NO,,,,,,,NO,,X,X,X,X,X,,,,,SI,SI,SI,SI,SI,1,X,X,,,,X,,,X,X,X,,SI,SI,3,SI,2,,X,X,,X,X,X,,,,X,,X,X,,,,SI,SI,4,SI,X,,,X,,,SI,SI,SI,SI,SI,SI,SI,0,,,SI,NO,,//,SI,SI,SI,SI,SI,,X,X,,X,,,21,25-2025,SI,SI,SI,,X,,,X,,,,,,X,SI,,X,,,,,SI,,X,,,,B0,B4,1,040107,040002
0678961,0,073440,3AP,40605,PAMPAMARCA,LAXA,NO,,,,,,,,NO,,,,SI,,,,,,X,SI,,,,,,X,,NO,,NO,,,,,,,,NO,,,,,,,,NO,,,NO,,,,,,,SI,NO,8,NO,,,,,,,,,,,,,,,,,,NO,,,,,,,,,X,,,,,X,,,,NO,NO,,SI,2,,,,,,X,,,,,,,,,,X,,NO,NO,,NO,,,X,,,,SI,NO,NO,SI,NO,,NO,,3,,NO,,,//,SI,SI,SI,SI,SI,X,,,,,,,,,,,,,,,,,,,,,,,NO,,,,,,,NO,,,,,,B0,A1,2,040805,040009
1272855,0,065459,3AP,JORGE SANJINEZ LENZ,YURA,CIUDAD DE DIOS,SI,SI,X,,,,,,SI,NO,1,,SI,X,,,,,,SI,X,X,X,,,,,NO,,SI,,,X,,,,,SI,,X,X,,,,NO,NO,,,SI,X,X,X,X,,,NO,SI,5,NO,,,,,,,,,X,X,X,X,X,X,X,,,SI,SI,SI,SI,SI,5,X,X,X,X,X,X,,,X,X,X,,SI,SI,12,SI,5,X,X,X,X,X,X,X,,,,,X,X,X,,,,SI,SI,1,SI,,X,,X,,,SI,SI,SI,SI,SI,SI,SI,2,,,SI,SI,2,16/12/2024,SI,SI,SI,SI,SI,,,X,,,,,163,,SI,SI,NO,,,,,,,,,,,,NO,,,,,,,SI,,X,,X,ASISTENCIA TÉCNICA UGEL,B0,A1,1,040128,040001
0220111,0,060490,3AP,40207 MARIANO MELGAR VALDIVIESO,JACOBO DICKSON HUNTER,SAN JUAN DE DIOS,NO,,,,,,,,SI,SI,,,SI,X,,X,X,X,,SI,X,,X,,,,,NO,,NO,,,,,,,,SI,X,X,X,X,,,SI,SI,8,4,SI,X,X,X,X,,,SI,SI,9,SI,X,X,,X,,,,,X,X,X,X,X,X,X,,,SI,SI,SI,SI,SI,2,X,X,X,X,X,X,,,X,X,X,X,SI,SI,30,SI,2,X,X,X,X,X,X,,,,X,X,X,X,X,,,,SI,SI,10,SI,,X,,X,,,SI,SI,SI,SI,SI,SI,SI,0,,,SI,NO,,//,SI,SI,SI,SI,SI,,,X,,X,,,205-2024,98,SI,SI,NO,,,,,,,,,,,,NO,,,,,,,SI,X,,,,,B0,A1,1,040107,040002
0845107,0,058977,3AP,LEON XIII CIRCA,CAYMA,FRANCISCO BOLOGNESI,NO,,,,,,,,SI,SI,,,SI,X,X,,X,,,SI,X,,X,X,X,,,NO,,NO,,,,,,,,SI,,X,X,X,,,SI,NO,,,SI,X,X,X,X,,,SI,SI,5,SI,,X,,X,,,,,X,X,X,X,X,X,X,,,SI,SI,SI,SI,SI,2,X,X,,X,X,X,,,X,X,X,X,SI,SI,12,SI,2,X,X,X,,X,X,X,,,X,X,X,X,X,,,,SI,SI,20,SI,X,X,X,X,,,SI,SI,SI,SI,SI,SI,SI,0,,,SI,NO,,//,SI,SI,SI,SI,SI,X,,X,X,X,,,,312,SI,SI,SI,,X,X,,,,,,,,X,SI,,X,X,X,,,SI,,X,,,,B0,A4,1,040103,040001
1699297,0,781700,3AP,INNOVA SCHOOLS,JOSE LUIS BUSTAMANTE Y RIVERO,AREQUIPA,NO,,,,,,,,SI,SI,,,SI,,,,,X,,SI,X,X,,,,,,SI,SI,SI,,,X,,,,,SI,X,X,,,,,NO,NO,,,SI,X,,,,,,SI,SI,7,NO,,,,,,,SI,1,,,X,,,,,,,SI,SI,SI,SI,SI,1,X,,,,,,,,X,,,,SI,SI,10,SI,1,,X,,,,,,,,X,,X,,,,,,SI,NO,,SI,X,X,,,,,SI,SI,SI,SI,SI,SI,SI,1,,,SI,NO,,//,SI,SI,NO,SI,SI,,,,X,,,,,,,,NO,,,,,,,,,,,,SI,X,,,,,,NO,,,,,,B0,B4,1,040129,040002
0307710,0,055912,3AP,ANGLOAMERICANO PRESCOTT,AREQUIPA,AREQUIPA,NO,,,,,,,,SI,SI,,,SI,X,,,,,,SI,,,,,,X,,NO,,SI,,,X,,,,,SI,,X,X,,,,SI,SI,2,,SI,X,,,,,,SI,SI,5,NO,,,,,,,NO,,X,X,X,,,,,,,SI,SI,SI,SI,SI,4,X,X,X,X,X,X,,,X,X,X,X,SI,SI,24,NO,,,,,,,,,,,X,X,X,X,X,,,,SI,SI,20,SI,,X,X,X,,,SI,SI,SI,NO,SI,SI,SI,3,,,SI,NO,,//,SI,SI,SI,SI,SI,,,X,,,,,,9999999,SI,SI,NO,,,,,,,,,,,,NO,,,,,,,NO,,,,,,B0,B4,1,040101,040001
0845701,0,059806,3AP,CRISTO REY CIRCA,CERRO COLORADO,AREQUIPA,NO,,,,,,,,SI,SI,,,SI,X,,,,,,SI,X,,X,,,,,NO,,NO,,,,,,,,SI,X,X,,,,,SI,NO,,,SI,X,X,,,,,SI,SI,1,SI,X,X,,,,,,,X,X,X,X,X,X,,,,SI,SI,SI,SI,SI,1,X,X,,,,,,,X,,,,SI,SI,11,SI,2,X,X,X,,,,,,,X,,,,,,,,SI,NO,,SI,X,,,,,,SI,SI,SI,SI,SI,SI,SI,0,,,SI,NO,,//,SI,SI,SI,SI,SI,,,X,,,,,080,,SI,SI,NO,,,,,,,,,,,,NO,,,,,,,NO,,,,,,B0,A4,1,040104,040001
1622760,0,689834,3AP,JAM AMOS KOMENSKY,CAYMA,CAYMA,NO,,,,,,,,SI,SI,,,SI,X,,,X,X,,SI,X,,,,,,,NO,,NO,,,,,,,,SI,X,X,X,X,,,SI,NO,,,NO,,,,,,,SI,NO,8,NO,,,,,,,SI,5,X,X,X,X,X,X,X,,,SI,SI,NO,NO,NO,,X,X,X,X,,X,,,X,X,X,X,NO,SI,15,NO,,,,,,,,,,,X,X,X,X,X,,,,SI,NO,,SI,X,X,X,X,,,SI,SI,SI,SI,SI,SI,SI,0,,,SI,NO,,//,SI,SI,SI,SI,SI,,X,,X,X,,,,,,,NO,,,,,,,,,,,,NO,,,,,,,NO,,,,,,B0,B4,1,040103,040001
0897553,0,059081,3AP,PERUANO - ITALIANA DOMINGO SAVIO,CERRO COLORADO,CHALLAPAMPA,NO,,,,,,,,SI,SI,,,SI,X,,,X,,,SI,X,,,,,,,NO,,NO,,,,,,,,SI,,X,X,X,,,SI,SI,2,,NO,,,,,,,SI,NO,5,NO,,,,,,,SI,2,X,X,X,,X,X,X,,,SI,SI,SI,SI,SI,5,X,X,X,X,,X,,,X,X,X,X,SI,SI,12,SI,3,,,,,,,X,,,X,X,X,X,X,,,,SI,SI,2,SI,X,X,X,X,,,SI,SI,SI,SI,SI,SI,SI,1,,,SI,NO,,//,SI,SI,NO,SI,SI,,,,X,,,,,,,,NO,,,,,,,,,,,,SI,X,,,,,,NO,,,,,,B0,B4,1,040104,040001
1574052,0,864333,3AP,PREMIO NOBEL MARIO VARGAS LLOSA,MARIANO MELGAR,ALTO SAN MARTIN,NO,,,,,,,,SI,SI,,,SI,,,,,,X,SI,X,,,,,,,NO,,SI,,,X,,,,,NO,,,,,,,,NO,,,SI,X,X,,,,,SI,NO,8,SI,X,,,,,,NO,,X,X,X,,,,,,,SI,SI,SI,SI,SI,4,X,X,,,,,,,X,,X,,SI,SI,13,SI,2,,X,,,,X,,,,X,X,,,,,,,SI,SI,16,SI,X,,,,,,SI,SI,SI,SI,SI,SI,SI,1,,,SI,NO,,//,SI,SI,SI,SI,SI,,,X,,X,,,021,036,SI,NO,NO,,,,,,,,,,,,NO,,,,,,,NO,,,,,,B0,B4,1,040109,040002
1567635,0,055653,3AP,CORAZON DE MARIA,AREQUIPA,,NO,,,,,,,,NO,,,,SI,X,X,,X,X,,SI,,,X,,,,,NO,,NO,,,,,,,,SI,X,X,X,X,X,JORNADA DEPORTIVA Y FESTIVAL DE DANZA,SI,SI,5,,NO,,,,,,,SI,NO,8,SI,X,X,X,X,,,SI,1,X,,X,X,X,X,X,,,SI,SI,SI,SI,SI,5,X,X,X,X,X,X,,,X,X,X,X,SI,SI,11,SI,10,X,X,X,X,X,X,X,,,X,X,X,X,X,,,,SI,SI,2,SI,X,X,X,X,X,REUNIONES CON LOS TUTORES PARA EL FEEDBACK,SI,SI,SI,SI,SI,SI,SI,0,,,SI,SI,2,3/9/2024,SI,SI,SI,SI,SI,,,X,,X,,,025,,SI,SI,NO,,,,,,,,,,,,SI,X,X,X,X,,,NO,,,,,,B0,B4,1,040101,040001
0313247,0,071747,3AP,40444,CAYARANI,COMUNIDAD CHALLA,NO,,,,,,,,NO,,,,SI,X,,,,,,SI,X,X,,,,,,NO,,SI,,,X,,,,,SI,X,X,X,,,,NO,NO,,,SI,X,,,X,,,NO,SI,3,SI,,X,,,,,,,X,X,,,X,,,,,SI,SI,SI,NO,,,X,,X,X,,,,,X,,X,,SI,SI,2,SI,3,,X,X,,,,X,,,X,,,X,,,,,SI,SI,1,SI,,,X,,,,SI,SI,SI,SI,SI,SI,SI,0,,,SI,NO,,//,SI,SI,SI,SI,NO,,X,,,X,,,,,,,,,,,,,,,,,,,SI,X,,,,,,NO,,,,,,B0,A1,2,040603,040006
0636589,0,068740,3AP,40579,CHOCO,PAMPUYO,NO,,,,,,,,SI,SI,,,SI,X,,,,,,SI,X,,,,,,,NO,,SI,,,,X,,,,SI,,,X,,,,SI,NO,,,SI,,,,,X,CONTROL Y VACUNAS PARA LAS ENFERMEDADES,SI,SI,5,NO,,,,,,,,,X,,X,X,X,X,,,,SI,SI,SI,NO,,,X,,X,,X,,,,,X,X,,SI,SI,3,SI,2,,X,,,,X,,,,X,,,X,,,,,SI,SI,1,SI,X,,X,,,,SI,SI,SI,NO,SI,NO,NO,,1,,SI,NO,,//,NO,SI,SI,SI,SI,,,,X,,,,,,,,NO,,,,,,,,,,,,NO,,,,,,,NO,,,,,,B0,A1,2,040406,040006
0311886,0,068212,3AP,40307 ANGELA RENDON DE SANCHEZ,APLAO,APLAO,NO,,,,,,,,SI,SI,,,SI,,,,,,X,SI,X,X,X,,,,,SI,SI,SI,,,X,,,,,SI,,X,X,,,,SI,NO,,,SI,X,X,X,X,,,SI,SI,6,NO,,,,,,,,,X,X,X,X,X,X,X,,,SI,SI,SI,SI,SI,3,X,X,X,,X,X,,,X,X,X,X,SI,SI,11,SI,5,X,X,X,,X,X,X,,,X,X,,X,X,,,,SI,SI,20,SI,X,X,,X,,,SI,SI,SI,SI,SI,SI,SI,0,,,SI,SI,1,22/7/2024,SI,SI,SI,SI,SI,,,X,,,,,048-2025,072,SI,SI,SI,X,X,,,,,,,,,X,SI,X,,,,,,SI,,X,,,,B0,A1,1,040401,040005
0226951,0,059420,3AP,ROMEO LUNA VICTORIA,CERRO COLORADO,ZAMÁCOLA,NO,,,,,,,,SI,NO,1,,SI,X,,,,,,SI,X,X,X,,,,,NO,,SI,,,X,,,,,SI,,X,,,,,SI,SI,4,3,SI,X,,,,,,SI,SI,9,SI,,X,X,X,,,,,X,X,X,X,X,X,X,,,SI,SI,SI,SI,SI,2,X,X,,,,X,,,X,,,,SI,SI,12,SI,2,,X,X,,X,X,,,,X,X,,,X,,,,SI,SI,2,SI,X,,,X,,,SI,SI,SI,SI,SI,SI,SI,0,,,SI,NO,,//,SI,SI,SI,SI,SI,,,X,,,,,040,0,SI,SI,NO,,,,,,,,,,,,NO,,,,,,,NO,,,,,,B0,A1,1,040104,040001
1253269,0,619092,3AP,SANTO TORIBIO DE MOGROVEJO,YURA,APIAAR,SI,SI,,,,,X,MODALIDAD VIRTUAL,SI,NO,1,,NO,,,,,,X,SI,X,,X,,,,,NO,,NO,,,,,,,,SI,,,,,X,ESCUELA DE PADRES,NO,NO,,,SI,X,X,X,X,,,SI,NO,9,NO,,,,,,,NO,,X,,X,,X,,,,,SI,SI,SI,SI,NO,,X,X,X,X,X,X,,,X,X,X,X,SI,SI,7,SI,4,,X,X,X,X,X,X,,,X,X,X,X,X,,,,SI,SI,3,SI,X,X,,X,,,SI,SI,SI,SI,SI,NO,SI,0,,,SI,SI,2,10/10/2024,SI,SI,SI,SI,SI,X,X,X,,X,,,115,0,NO,,NO,,,,,,,,,,,,NO,,,,,,,SI,,,X,,,B0,A4,1,040128,040001
0844928,0,065505,3AP,SAN BERNARDO,YURA,,NO,,,,,,,,SI,NO,1,,SI,X,,,,,,SI,X,,X,,,,,NO,,SI,,,X,,,,,SI,,X,X,,,,NO,NO,,,SI,X,X,,,,,SI,NO,7,SI,X,X,,X,,,,,X,X,X,X,X,X,,,,SI,SI,NO,SI,SI,1,,X,,,X,,,,X,,,,SI,SI,22,SI,2,,X,,,,,,,,,,,,X,,,,NO,SI,20,SI,X,X,,,,,SI,SI,NO,SI,SI,SI,SI,0,,,SI,NO,,//,SI,SI,SI,SI,SI,,,,,X,,,,,,,SI,,X,,,,,,,,,X,SI,X,,,,,,SI,X,X,,,,B0,A4,1,040128,040001
0844449,0,070597,3AP,41062 DR. MARIO VARGAS LLOSA,MAJES,ASENTAMIENTO D4,NO,,,,,,,,SI,SI,,,SI,X,,,,,,SI,X,,X,,,,,NO,,NS,,,,,,,,SI,,X,X,,,,SI,NO,,,SI,X,X,X,X,,,SI,SI,8,SI,,X,,,,,,,X,,X,X,X,X,,,,SI,SI,SI,SI,NO,,X,X,,X,,X,,,X,,X,,SI,SI,6,SI,2,X,X,,,,X,,,,X,X,X,X,X,,,,SI,SI,5,SI,,,,X,,,SI,SI,SI,SI,SI,SI,SI,0,,,SI,NO,,//,SI,SI,SI,SI,SI,,X,X,X,X,,,012-2025,,SI,NO,SI,,X,,,,,,,,,X,NO,,,,,,,SI,X,,X,,,B0,A1,2,040520,040010
0287565,0,056092,3AP,CLARET,AREQUIPA,AREQUIPA,NO,,,,,,,,SI,SI,,,SI,X,X,,X,,,SI,X,,,,,,,NO,,NO,,,,,,,,SI,X,X,X,X,,,SI,NO,,,SI,,X,,,X,VACUNACIONES,SI,SI,2,NO,,,,,,,NO,,X,X,X,X,X,X,X,,,SI,SI,SI,SI,SI,3,X,X,,X,X,X,,,X,X,X,X,SI,SI,11,SI,3,,X,X,,,X,,,,X,X,,X,X,,,,SI,SI,12,SI,X,X,,,,,SI,SI,SI,SI,SI,SI,SI,1,,,SI,SI,14,12/12/2024,NO,SI,SI,SI,SI,X,,X,X,X,,,042,269,NO,,NO,,,,,,,,,,,,NO,,,,,,,NO,,,,,,B0,B4,1,040101,040001
0219436,0,063747,3AP,40136,SAN JUAN DE SIGUAS,YURAMAYO,SI,SI,,X,,,,,SI,SI,,,SI,X,,X,,X,,SI,X,,X,,,,,SI,SI,SI,,X,X,X,,,,SI,,X,X,X,,,SI,NO,,,SI,X,,,,,,SI,SI,3,SI,X,X,X,,,,,,X,X,X,X,X,X,,,,SI,SI,SI,SI,SI,2,X,X,,,,X,,,X,X,X,X,SI,SI,1,SI,2,X,,X,,,,,,,,X,X,X,,,,,NO,SI,3,SI,X,X,X,X,,,SI,SI,SI,SI,SI,SI,SI,0,,,SI,SI,3,10/9/2024,NO,SI,NO,SI,NO,X,X,X,,X,,,001-2025,0023,SI,SI,SI,,,,,,X,,,,X,,SI,,X,,,,,NO,,,,,,B0,A1,2,040118,040010
0312231,0,068288,3AP,40342,APLAO,LA CENTRAL,NO,,,,,,,,SI,SI,,,SI,X,,,,,,SI,,X,,X,,,,SI,SI,SI,,,X,,,,,SI,,X,X,X,,,SI,SI,,1,SI,X,,,,,,SI,SI,8,SI,X,X,,X,,,,,X,X,X,X,X,X,,,,SI,SI,SI,SI,NO,,X,X,,X,,,,,X,,X,,SI,SI,3,SI,2,,X,,,,X,,X,,,,,,X,,,,SI,NO,,SI,X,,,X,,,SI,SI,SI,SI,SI,SI,SI,0,,,SI,NO,,//,SI,SI,SI,SI,SI,,,X,,,,,12,15,NO,,,,,,,,,,,,,,NO,,,,,,,NO,,,,,,B0,A1,2,040401,040005
0307397,0,072474,3AP,MARIA AUXILIADORA,MOLLENDO,MOLLENDO,SI,NO,,,,,,,SI,SI,,,SI,,,,,,X,SI,,,,,,X,,NO,,NO,,,,,,,,NO,,,,,,,,NO,,,NO,,,,,,,SI,NO,3,NO,,,,,,,NO,,,,,,,,,,,NO,,,,,,,X,,,,,,,X,,,,NO,NO,,SI,1,,,,,,,X,,,,X,,,,,,,SI,NO,,SI,,X,,,,,SI,SI,SI,NO,SI,SI,SI,0,,,SI,NO,,//,NO,NO,,NO,SI,,,X,,,,,005,21,SI,SI,NO,,,,,,,,,,,,NO,,,,,,,NO,,,,,,B0,B4,1,040701,040008
0307637,0,055785,3AP,SANTA ROSA DE VITERBO,AREQUIPA,AREQUIPA,NO,,,,,,,,SI,SI,,,SI,X,,X,X,,,SI,X,,,,,,,NO,,SI,,,X,,,,,SI,,X,X,X,,,SI,SI,,2,SI,X,,,,,,SI,SI,9,SI,,,,X,,,SI,8,X,X,X,X,X,X,X,,,SI,SI,SI,SI,SI,1,X,,,X,,X,,,X,,X,X,SI,SI,15,SI,3,,X,X,,,X,,,,X,X,,,,,,,NO,SI,20,SI,X,,,,,,SI,SI,SI,SI,SI,SI,SI,0,,,SI,NO,,//,SI,SI,SI,SI,SI,,,X,,X,,,,250,SI,SI,NO,,,,,,,,,,,,NO,,,,,,,NO,,,,,,B0,B2,1,040101,040001
0312264,0,068311,3AP,40345 EL ROSARIO,APLAO,COCHATE,NO,,,,,,,,NO,,,,SI,X,,,,,,SI,,X,,,,,,NO,,NO,,,,,,,,SI,X,X,X,,,,NO,NO,,,SI,X,,,,,,SI,NO,1,NO,,,,,,,,,X,X,,,,,,,,SI,SI,SI,SI,SI,3,,X,,,,,,,X,,X,,NO,SI,1,SI,2,,X,,X,,,X,,,X,X,,,,,,,SI,SI,1,SI,,X,,,,,SI,SI,SI,SI,SI,NO,NO,,4,,SI,NO,,//,NO,SI,SI,NO,NO,,,,,X,,,,,,,NO,,,,,,,,,,,,NO,,,,,,,NO,,,,,,B0,A1,2,040401,040005
1672583,0,757427,3AP,JUILLIARD,CERRO COLORADO,ZAMACOLA,NO,,,,,,,,SI,NO,1,,SI,X,,,,,,SI,X,,,,,,,NO,,NS,,,,,,,,SI,X,,,,,,NO,NO,,,NO,,,,,,,NO,SI,4,NO,,,,,,,NO,,X,X,X,X,,,X,,,NO,,,,,,X,,,,,,,,X,,,,NO,NO,,SI,3,,X,,,X,,,,,X,,,,,,,,NO,NO,,NO,X,,,,,,SI,SI,SI,NO,SI,SI,SI,0,,,NO,,,//,SI,SI,SI,SI,SI,X,,,,,,,,,,,NO,,,,,,,,,,,,NO,,,,,,,NO,,,,,,B0,B4,1,040104,040001
1420454,0,551718,3AP,DIVINO NIÑO DE BELEN,SOCABAYA,AMPLIACIÓN SOCABAYA,NO,,,,,,,,SI,SI,,,SI,,,,,,X,SI,X,,,,,,,NO,,NO,,,,,,,,SI,X,X,X,,,,NO,NO,,,SI,X,,,,X,VACUNACION,SI,NO,8,NO,,,,,,,NO,,X,X,X,,X,X,X,,,SI,SI,SI,SI,NO,,X,,,X,,,,,X,X,X,,NO,SI,6,SI,1,,,,,,,,X,NINGUNO,X,X,X,X,X,,,,NO,SI,17,SI,,X,,X,,,SI,SI,SI,SI,SI,NO,SI,0,,,SI,NO,,//,NO,SI,NO,SI,SI,X,,,,,,,,,,,,,,,,,,,,,,,NO,,,,,,,NO,,,,,,B0,B4,1,040122,040002
0313569,0,072313,3AP,40476 MERCEDES MANRIQUE FUENTES,MOLLENDO,MOLLENDO,NO,,,,,,,,SI,SI,,,SI,,,,X,X,,SI,,,,,,X,,NO,,NO,,,,,,,,NO,,,,,,,,SI,,1,SI,,,X,,,,NO,NO,9,SI,X,X,,,,,,,X,X,X,X,,,X,,,SI,SI,SI,SI,NO,,,X,,,,,,,X,,,,SI,SI,7,SI,1,X,X,X,,X,X,X,,,X,X,,,,,,,SI,NO,,SI,X,X,X,X,,,SI,SI,SI,SI,SI,SI,SI,1,,,SI,SI,1,10/9/2024,SI,SI,SI,SI,SI,X,,X,,X,,,80-2024,100-2024,SI,NO,NO,,,,,,,,,,,,NO,,,,,,,NO,,,,,,B0,A1,1,040701,040008
1402494,0,556495,3AP,NUESTRA SEÑORA DE LA ESPERANZA MACARENA,ALTO SELVA ALEGRE,GRAFICOS,NO,,,,,,,,NO,,,,SI,X,,,,,,SI,X,,,,,,,NO,,NO,,,,,,,,SI,X,,X,X,,,NO,NO,,,SI,X,,,,,,SI,NO,8,SI,,X,X,,,,NO,,X,X,X,X,X,X,X,,,SI,SI,SI,SI,SI,2,X,X,X,,,X,,,X,,X,X,SI,SI,5,SI,1,,,,,X,X,X,,,X,X,X,X,,,,,SI,SI,5,SI,X,,,X,,,SI,SI,SI,SI,SI,SI,SI,0,,,SI,NO,,//,SI,SI,SI,SI,SI,,,X,X,X,,,0042,029,SI,SI,SI,,,,,,X,,,,,X,SI,,,X,,,,SI,X,,,,,B0,B4,1,040102,040002
1441757,0,576573,3AP,REICH LA PERLA,AREQUIPA,AREQUIPA,NO,,,,,,,,SI,SI,,,SI,,,,,,X,SI,X,,,,,,,NO,,SI,,,X,,,,,NO,,,,,,,,NO,,,NO,,,,,,,SI,NO,8,SI,X,X,,X,,,NO,,X,,X,X,X,X,X,,,SI,SI,SI,SI,NO,,X,X,,X,,,,,X,,X,,NO,SI,6,NO,,,,,,,,,,,X,X,,,,,,,SI,SI,2,NO,X,X,,X,,,SI,SI,SI,SI,SI,SI,SI,0,,,SI,NO,,//,NO,SI,NO,SI,SI,,,X,,X,,,135-2025,11-2025,SI,SI,NO,,,,,,,,,,,,NO,,,,,,,NO,,,,,,B0,B4,1,040101,040001
1273861,0,833191,3AP,LIFE SCHOOL,SACHACA,TAHUAYCANI,NO,,,,,,,,SI,SI,,,SI,X,,,,,,SI,X,X,,,,,,SI,NO,SI,,,X,,,,,SI,,X,,,,,NO,NO,,,SI,,,X,,X,VACUNACION,SI,SI,8,SI,X,,X,,,,SI,5,X,X,X,,X,X,X,,,SI,SI,SI,SI,SI,2,,,,X,,X,,,X,X,X,,SI,SI,9,SI,2,,X,X,,X,X,,,,X,X,X,X,,,,,SI,SI,50,SI,X,,X,,,,SI,SI,SI,SI,SI,SI,SI,0,,,SI,SI,1,10/4/2024,SI,SI,SI,SI,SI,,X,,X,,,,,,,,NO,,,,,,,,,,,,SI,X,X,,,,,NO,,,,,,B0,B4,1,040117,040001
0219162,0,063894,3AP,40109,SANTA ISABEL DE SIGUAS,LLUCLLA PITAY,NO,,,,,,,,SI,SI,,,SI,X,,X,X,,,SI,X,,,,X,,,NO,,SI,,,X,,,,,SI,X,X,X,X,,,NO,NO,,,SI,X,X,,,,,SI,NO,8,NO,,,,,,,,,X,,X,X,X,X,,,,SI,SI,SI,SI,NO,,X,X,,X,,,,,X,,X,,SI,SI,1,SI,2,,X,,,X,X,,,,,X,,X,,,,,SI,NO,,SI,,,,X,,,SI,SI,SI,SI,SI,SI,SI,0,,,SI,NO,,//,NO,SI,SI,SI,SI,,,X,,,,,008,,SI,SI,NO,,,,,,,,,,,,NO,,,,,,,NO,,,,,,B0,A1,2,040120,040010
0311316,0,067156,3AP,40246 SEÑOR DE LOS MILAGROS,SAMUEL PASTOR,EL MONTE,NO,,,,,,,,SI,SI,,,SI,,,,X,,,SI,X,X,,,,,,NO,,NO,,,,,,,,SI,X,,X,,,,NO,NO,,,SI,X,X,X,,,,NO,SI,8,SI,X,,,,,,,,X,,X,,,,,,,SI,SI,SI,SI,NO,,,,,X,,,,,X,,X,,SI,SI,2,SI,2,,X,,,,X,,,,X,X,,X,,,,,NO,NO,,SI,,,,X,,,SI,SI,SI,SI,SI,SI,SI,0,,,SI,NO,,//,SI,SI,SI,SI,SI,,,X,,,,,20,19,SI,NO,NO,,,,,,,,,,,,SI,,X,,,,,SI,X,,,,,B0,A1,2,040208,040003
0844829,0,812834,3AP,AMANECER,PAUCARPATA,CAMPO DE MARTE,NO,,,,,,,,SI,SI,,,SI,,,,,,X,SI,X,X,,,,,,SI,SI,SI,,,X,,,,,SI,,X,,,,,NO,NO,,,SI,X,,,,,,SI,SI,8,NO,,,,,,,NO,,X,X,X,X,X,X,X,,,SI,SI,SI,SI,SI,1,X,,,,,,,,X,,,,SI,SI,6,SI,1,,,,,,X,,,,X,X,,,,,,,SI,SI,7,SI,X,,,,,,SI,SI,SI,SI,SI,SI,SI,0,,,SI,NO,,//,SI,SI,SI,SI,SI,,,X,,X,,,09-2024,,SI,NO,NO,,,,,,,,,,,,NO,,,,,,,NO,,,,,,B0,B4,1,040112,040002
1343490,0,513953,3AP,PINTO TALAVERA,ALTO SELVA ALEGRE,VILLA  CONFRATERNIDAD,SI,SI,,X,,X,,,SI,SI,,,SI,X,X,X,X,X,,SI,X,X,X,X,,,,SI,SI,SI,X,,X,,,,,SI,X,X,X,X,,,SI,NO,,,SI,X,X,X,X,,,SI,SI,6,SI,,X,X,X,,,,,X,X,X,X,X,X,,,,SI,SI,SI,SI,SI,5,X,X,X,X,X,X,,,X,X,X,X,SI,SI,9,SI,3,,,,,,,,,,X,X,X,X,X,,,,SI,SI,15,SI,X,,,X,,,SI,SI,SI,SI,SI,SI,SI,0,,,SI,NO,,//,SI,SI,SI,SI,SI,,,X,X,X,,,123,,SI,SI,SI,,,,,,X,,,,,X,SI,,X,X,X,,,SI,X,,X,,,B0,A1,1,040102,040002
0528901,0,057119,3AP,SAN HILARION,CERCADO,CERCADO,NO,,,,,,,,SI,SI,,,SI,,,,X,X,,SI,,,,,,X,,NO,,NO,,,,,,,,NO,,,,,,,,NO,,,NO,,,,,,,SI,NO,3,SI,,X,,,,,NO,,X,X,X,X,X,X,,,,SI,SI,SI,SI,SI,1,X,X,,X,,,,,X,X,X,X,SI,SI,6,SI,6,,,,,,,X,,,X,X,,,,,,,SI,SI,3,SI,,X,,,,,SI,SI,SI,SI,SI,SI,SI,0,,,SI,NO,,//,NO,SI,SI,SI,SI,,,X,,,,,,003,SI,NO,NO,,,,,,,,,,,,NO,,,,,,,NO,,,,,,B0,B4,1,040101,040001
0637397,0,072662,3AP,40491,COCACHACRA,QUELGUA GRANDE,NO,,,,,,,,NO,,,,SI,X,,,X,,,SI,,,,,,X,,SI,SI,SI,,,X,,,,,SI,,X,X,,,,SI,NO,,,SI,X,,X,,,,SI,NO,9,NO,,,,,,,,,X,X,X,X,X,X,,,,SI,SI,SI,SI,NO,,X,,,X,,,,,X,,,,SI,SI,1,SI,2,,X,,,,X,X,,,,X,,,X,,,,SI,SI,2,SI,,X,,X,,,SI,SI,SI,SI,SI,SI,SI,0,,,SI,NO,,//,SI,SI,SI,NO,SI,,,X,,X,,,011-2025,003-2025,SI,SI,SI,,,,,,,,,,,X,NO,,,,,,,NO,,,,,,B0,A1,2,040702,040008
0656165,0,059397,3AP,40044 SAN MARTIN DE PORRES,CERRO COLORADO,CIUDAD MUNICIPAL,NO,,,,,,,,SI,SI,,,SI,X,,,X,,,SI,X,X,X,X,X,,,NO,,NS,,,,,,,,SI,X,X,X,X,,,SI,SI,5,1,SI,X,,X,,,,SI,SI,6,NO,,,,,,,,,X,,X,X,X,X,,,,SI,SI,SI,SI,SI,4,,X,X,X,X,X,,,X,X,X,X,SI,SI,24,SI,2,,X,X,X,X,X,X,,,X,X,X,X,X,,,,SI,SI,5,SI,X,X,,X,,,SI,SI,SI,SI,SI,SI,SI,0,,,SI,SI,2,12/5/2024,NO,SI,SI,SI,NO,X,,X,X,X,,,040,,SI,SI,NO,,,,,,,,,,,,NO,,,,,,,NO,,,,,,B0,A1,1,040104,040001
1770247,0,840889,3AP,ALEXANDER FRIEDMAN,CERRO COLORADO,CIUDAD MUNICIPAL,NO,,,,,,,,SI,SI,,,SI,X,,,,,,SI,X,,,,,,,NO,,NO,,,,,,,,SI,,,X,,,,NO,NO,,,NO,,,,,,,SI,NO,7,NO,,,,,,,NO,,X,,X,,,,X,,,SI,SI,NO,SI,NO,,X,X,,X,,,,,X,,,,SI,SI,1,SI,1,,X,,,,,,,,,X,,,,,,,SI,NO,,SI,X,,,,,,SI,SI,SI,SI,SI,SI,SI,0,,,SI,NO,,//,SI,SI,SI,SI,SI,,,,,X,,,,,,,,,,,,,,,,,,,NO,,,,,,,NO,,,,,,B0,B4,1,040104,040001
1238245,0,830258,3AP,PRIMARIA,APLAO,,NO,,,,,,,,SI,SI,,,SI,,,,,X,,SI,X,,,,,,,NO,,NO,,,,,,,,SI,,X,,,,,NO,NO,,,SI,X,,,,,,SI,NO,8,NO,,,,,,,NO,,X,X,X,,,,,,,SI,SI,SI,SI,SI,2,X,X,X,,,,,,X,X,X,,NO,SI,3,NO,,,,,,,,,,,X,X,,,X,,,,NO,NO,,SI,X,X,,,,,SI,SI,SI,SI,SI,NO,NO,,3,,SI,NO,,//,SI,SI,NO,SI,SI,X,,,,,,,,,,,,,,,,,,,,,,,SI,,X,,,,,NO,,,,,,B0,B4,1,040401,040005
1422534,0,571250,3AP,CORONEL FRANCISCO BOLOGNESI,MAJES,CIUDAD MAJES,NO,,,,,,,,NO,,,,SI,X,,,,,,SI,X,X,,,,,,SI,SI,SI,,,X,,,,,SI,X,X,X,,,,SI,NO,,,SI,X,,X,,,,SI,SI,9,SI,X,X,,X,,,,,X,X,X,X,X,X,,,,SI,SI,SI,SI,SI,4,X,X,X,X,X,,,,X,X,X,X,SI,SI,12,SI,2,X,X,X,X,X,X,X,,,X,X,X,X,X,,,,SI,SI,7,SI,X,X,X,X,,,SI,SI,SI,SI,SI,SI,SI,0,,,SI,SI,2,10/12/2024,SI,SI,SI,SI,SI,X,X,X,X,X,,,10-2025,30,SI,SI,SI,X,X,X,,,X,,,,X,X,SI,,X,X,X,,,SI,X,X,,,,B0,A1,1,040520,040010
0655852,0,066190,3AP,SANTA URSULA,JOSE LUIS BUSTAMANTE Y RIVERO,AREQUIPA,NO,,,,,,,,SI,SI,,,SI,X,,,,X,,SI,X,,,,,,,NO,,NO,,,,,,,,SI,X,X,X,,X,OLIMPIADAS FIESTA FAMILIAR,SI,NO,,,SI,X,X,,X,,,SI,NO,2,NO,,,,,,,SI,1,X,X,X,X,X,X,X,,,SI,SI,SI,SI,SI,6,X,X,X,X,X,X,X,ESCULA DE FAMILIAS,X,X,X,X,SI,SI,13,SI,4,X,X,,,,X,X,,,X,X,X,X,X,X,,EDUCACIÓN SOCIOEMOCIONAL,SI,SI,386,SI,X,X,,X,,,SI,SI,SI,SI,SI,SI,SI,0,,,SI,SI,1,5/6/2024,SI,SI,SI,SI,SI,,,X,,X,,,174-2024,,SI,NO,NO,,,,,,,,,,,,NO,,,,,,,NO,,,,,,B0,B4,1,040129,040002
0313817,0,072822,3AP,40504 LUISA BEGAZO DE DEL CARPIO,DEAN VALDIVIA,ALTO ENSENADA,SI,SI,,X,X,,,,SI,SI,,,SI,X,X,,X,X,,SI,X,X,,,X,,,SI,SI,SI,,,X,,,,,SI,X,X,X,X,,,SI,NO,,,SI,X,X,X,,,,SI,SI,8,SI,,X,,,,,,,X,X,X,X,X,X,,,,SI,SI,SI,SI,SI,4,X,X,X,X,X,,,,X,,X,,SI,SI,6,SI,4,X,X,X,,X,X,X,,,X,X,X,,X,,,,SI,SI,8,SI,X,,,X,,,SI,SI,SI,SI,SI,SI,SI,0,,,SI,NO,,//,SI,SI,SI,SI,SI,X,X,X,X,X,,,13B,04,SI,SI,SI,X,,,,,,,,,,X,SI,X,X,X,X,,,NO,,,,,,B0,A1,2,040703,040008
1333004,0,864875,3AP,SEÑOR DE LOS MILAGROS DE LA JOYA,LA JOYA,EL TRIUNFO,NO,,,,,,,,NO,,,,SI,X,,,,,,SI,,,,,,X,,NO,,NO,,,,,,,,SI,X,,,,,,NO,NO,,,NO,,,,,,,SI,SI,8,NO,,,,,,,NO,,X,,X,,X,,,,,SI,SI,SI,SI,NO,,,X,,X,,,,,X,,,,SI,SI,6,SI,1,,,,,,,X,,,,X,,,,,,,SI,SI,3,NO,X,,,,,,SI,SI,SI,SI,SI,SI,SI,0,,,SI,NO,,//,SI,SI,SI,SI,SI,,,X,,,,,024,17,SI,SI,,,,,,,,,,,,,NO,,,,,,,NO,,,,,,B0,B4,1,040108,040010
1263409,0,513750,3AP,MAXWELL SCHOOL,MAJES,PEDREGAL,NO,,,,,,,,SI,SI,,,SI,,,,,X,,SI,,,,,,X,,NO,,NO,,,,,,,,SI,X,X,X,,,,SI,SI,,1,SI,X,,,,,,SI,NO,8,SI,X,X,,X,,,NO,,X,X,X,X,X,X,X,,,SI,NO,SI,SI,SI,3,X,X,X,X,,X,,,X,X,X,X,SI,SI,15,SI,1,,X,X,,X,X,X,,,,X,X,X,X,,,,SI,SI,8,SI,X,,X,,,,SI,SI,SI,SI,SI,NO,SI,0,,,SI,NO,,//,SI,SI,SI,SI,SI,,,,,X,,,,,,,NO,,,,,,,,,,,,SI,,,,,X,PROYECTO DE VIDA,SI,X,,,,,B0,B4,1,040520,040010
1368430,0,530523,3AP,SAN JUAN BAUTISTA DE CHALA,CHALA,CHALA,NO,,,,,,,,SI,SI,,,SI,X,,,,,,SI,,,,,,X,,NO,,NO,,,,,,,,SI,,X,X,,,,SI,NO,,,SI,X,,X,,,,SI,SI,6,SI,,X,X,,,,NO,,X,X,X,X,X,X,X,,,SI,SI,SI,SI,SI,2,,X,,X,,,,,X,X,X,X,SI,SI,7,SI,2,,X,,,,X,X,,,X,X,,X,,,,,SI,SI,5,SI,X,,,X,,,SI,SI,SI,SI,SI,SI,SI,0,,,SI,NO,,//,SI,SI,SI,SI,SI,,,,,X,,,,,,,,,,,,,,,,,,,NO,,,,,,,SI,,X,,,,B0,B4,1,040307,040004
0894246,0,546722,3AP,SANTA LUCIA,AREQUIPA,AREQUIPA,NO,,,,,,,,SI,NO,1,,SI,,,,,,X,SI,X,,,,,,,NO,,NO,,,,,,,,SI,,,X,,,,NO,NO,,,NO,,,,,,,SI,NO,8,SI,,X,,,,,SI,2,X,,X,,,,,,,SI,SI,SI,SI,NO,,,X,,,,X,,,X,,X,,SI,SI,6,SI,1,,X,,,,,,,,,X,,,,,,,NO,NO,,SI,,X,,,,,SI,SI,SI,NO,SI,SI,SI,0,,,SI,NO,,//,SI,SI,NO,SI,SI,X,X,X,,,,,R.D. 095,0015,SI,NO,,,,,,,,,,,,,NO,,,,,,,NO,,,,,,B0,B4,1,040101,040001
0312314,0,127754,3AP,40350,CHACHAS,NAHUIRA,NO,,,,,,,,SI,SI,,,SI,,,,,X,,SI,X,X,X,X,,,,SI,SI,SI,,,X,X,X,,,SI,X,X,X,X,,,SI,NO,,,SI,X,,X,,,,NO,SI,6,NO,,,,,,,,,X,,X,,X,X,X,,,SI,SI,SI,SI,SI,2,X,X,X,X,X,X,,,X,X,X,,SI,SI,1,SI,2,,X,,,X,,X,,,X,X,X,X,X,,,,SI,SI,3,SI,X,X,,X,,,SI,SI,SI,SI,NO,,SI,0,,,SI,NO,,//,SI,SI,NO,SI,SI,X,X,,X,X,,,,,,,NO,,,,,,,,,,,,SI,,,,X,,,NO,,,,,,B0,A1,2,040404,040005
0516666,0,062984,3AP,SOR ANA,PAUCARPATA,CIUDAD BLANCA,NO,,,,,,,,SI,SI,,,NO,,,,,,X,SI,X,,,,,,,SI,SI,NO,,,,,,,,SI,,,X,,,,NO,NO,,,SI,X,,,,,,NO,NO,9,SI,X,,,,,,,,X,X,X,X,,,X,,,SI,SI,SI,SI,NO,,,,,,,X,,,X,,,,NO,SI,13,SI,1,,X,,,,,,,,X,,,,,,,,SI,NO,,SI,,X,,,,,SI,SI,SI,SI,SI,SI,SI,0,,,SI,NO,,//,SI,NO,,SI,SI,,,,X,,,,,,,,NO,,,,,,,,,,,,NO,,,,,,,NO,,,,,,B0,A4,1,040112,040002
0723270,0,547613,3AP,40616 CASIMIRO CUADROS I,CAYMA,AREQUIPA,NO,,,,,,,,SI,SI,,,SI,X,,,,X,,SI,X,,X,,,,,NO,,NO,,,,,,,,SI,X,X,X,X,,,NO,SI,,2,SI,X,X,,X,,,SI,NO,5,NO,,,,,,,,,X,X,X,X,X,X,,,,SI,SI,SI,SI,SI,2,,X,,X,,,,,X,X,X,X,SI,SI,1,SI,6,X,X,X,X,,X,X,,,X,X,,X,,,,,SI,SI,3,SI,X,X,,X,,,SI,SI,SI,SI,SI,SI,SI,1,,,SI,SI,1,11/4/2024,NO,SI,SI,SI,SI,X,X,X,X,X,,,,57,SI,SI,NO,,,,,,,,,,,,NO,,,,,,,NO,,,,,,B0,A1,1,040103,040001
0307454,0,056921,3AP,NUESTRA SEÑORA DEL ROSARIO,AREQUIPA,AREQUIPA,NO,,,,,,,,SI,SI,,,SI,X,,,,,,SI,X,,,,,,,NO,,NO,,,,,,,,SI,,X,X,X,,,NO,SI,1,,NO,,,,,,,SI,NO,8,NO,,,,,,,SI,2,X,X,X,X,X,X,X,,,SI,SI,SI,SI,SI,3,X,X,X,X,,X,,,X,X,X,,SI,SI,6,SI,7,,X,X,,X,X,,,,X,X,,,,,,,SI,SI,15,SI,X,,,,,,SI,SI,SI,SI,SI,SI,SI,0,,,SI,NO,,//,SI,SI,NO,SI,SI,,,,X,,,,,,,,NO,,,,,,,,,,,,SI,,X,,,,,NO,,,,,,B0,B4,1,040101,040001
0312041,0,068820,3AP,40323,MACHAGUAY,ACOPALLPA,NO,,,,,,,,NO,,,,SI,X,,,,,,SI,,,,,,X,,NO,,NO,,,,,,,,NO,,,,,,,,NO,,,SI,X,,,,,,SI,NO,8,SI,,X,,,,,,,X,,,,X,X,,,,NO,,,,,,X,,,X,,,,,X,,,,SI,SI,1,SI,2,,X,,,X,,,,,X,,,,,,,,SI,SI,1,SI,X,,,,,,SI,SI,NO,SI,SI,NO,SI,0,,,NO,,,//,SI,SI,SI,SI,NO,,,X,,,,,08-2025,,SI,SI,,,,,,,,,,,,,NO,,,,,,,NO,,,,,,B0,A1,2,040408,040005
0287698,0,061296,3AP,41030 EDUARDO LOPEZ DE ROMAÑA,MARIANO MELGAR,MARIANO MELGAR,NO,,,,,,,,SI,SI,,,SI,X,,,X,,,SI,X,X,X,,,,,SI,SI,SI,,,X,,,,,SI,X,X,X,,,,SI,SI,1,0,SI,X,X,X,X,,,SI,SI,9,SI,X,X,,X,,,,,X,X,X,X,X,X,,,,SI,SI,SI,SI,SI,3,X,X,,X,X,X,,,X,X,X,X,SI,SI,13,SI,2,,X,,,X,X,,,,X,X,X,X,X,,,,SI,SI,12,SI,X,X,X,X,,,SI,SI,SI,SI,SI,SI,SI,0,,,SI,SI,1,13/12/2024,NO,SI,SI,SI,SI,X,X,X,X,X,,,058-12-2024,,SI,SI,SI,,,X,,,,,,X,,,SI,,X,,,,,NO,,,,,,B0,A1,1,040109,040002
1119718,0,055525,3AP,AREQUIPA,AREQUIPA,AREQUIPA,NO,,,,,,,,NO,,,,SI,X,,X,,,,SI,X,,,,,,,NO,,NO,,,,,,,,SI,,X,X,X,,,SI,NO,,,NO,,,,,,,SI,SI,6,NO,,,,,,,,,X,X,X,X,,X,,,,SI,SI,SI,SI,SI,3,X,X,X,X,X,X,,,X,X,X,X,SI,SI,3,SI,3,X,X,X,X,X,X,X,,,X,X,X,X,X,,,,SI,SI,10,SI,X,,,X,,,SI,SI,SI,SI,SI,SI,SI,2,,,SI,NO,,//,NO,SI,SI,SI,SI,X,X,X,X,X,,,163-2025,,SI,SI,NO,,,,,,,,,,,,NO,,,,,,,NO,,,,,,B0,A1,1,040101,040001
0226860,0,058642,3AP,40046 JOSE L. CORNEJO A.,CAYMA,ACEQUIA ALTA,NO,,,,,,,,SI,SI,,,SI,,,,X,X,,SI,X,,X,,,,,SI,SI,SI,,,X,,,,,SI,,,X,,,,SI,NO,,,SI,X,,X,,,,NO,SI,6,SI,,X,,X,,,,,X,X,X,X,X,X,X,,,SI,SI,SI,SI,SI,3,,X,,,,,,,X,,X,,SI,SI,12,SI,4,X,,,,X,,X,,,X,,X,,X,,,,SI,SI,7,SI,X,,,X,,,SI,SI,SI,SI,SI,SI,SI,1,,,SI,SI,1,19/7/2024,NO,SI,SI,NO,SI,,,X,,X,,,0080,,SI,SI,NO,,,,,,,,,,,,NO,,,,,,,SI,X,,,,,B0,A1,1,040103,040001
1770437,0,841266,3AP,PERUANO ISRAELI KEDUSHA,CERRO COLORADO,GRANJEROS UNIDOS,NO,,,,,,,,NO,,,,SI,X,,,,,,SI,,X,,,,,,SI,SI,NO,,,,,,,,SI,,,X,,,,SI,SI,1,0,NO,,,,,,,SI,SI,8,SI,X,,,,,,NO,,X,X,X,,X,X,X,,,SI,SI,SI,SI,SI,2,,,,X,,,,,X,,,,SI,SI,1,SI,1,X,,,,,,,,,,X,,,,,,,SI,SI,3,SI,X,,,,,,SI,SI,SI,SI,SI,SI,SI,0,,,SI,NO,,//,SI,SI,SI,SI,SI,,X,,,,,,,,,,,,,,,,,,,,,,NO,,,,,,,NO,,,,,,B0,B4,1,040104,040001
0314054,0,073765,3AP,40529 VICTOR ANDRES BELAUNDE,TAURIA,TAURIA,NO,,,,,,,,SI,SI,,,SI,X,,,X,,,SI,X,X,,,,,,NO,,SI,,,X,,,,,SI,X,,X,,,,SI,NO,,,SI,X,X,,,,,NO,SI,3,NO,,,,,,,,,X,X,X,X,,X,,,,SI,SI,SI,SI,SI,3,,X,,,,X,,,X,X,,,SI,SI,3,SI,1,X,X,X,,,X,,,,X,X,,X,,,,,SI,SI,3,SI,X,,,,,,SI,SI,SI,SI,SI,SI,SI,0,,,SI,NO,,//,NO,SI,SI,SI,SI,X,,X,,,,,010-2025,035-2025,SI,SI,NO,,,,,,,,,,,,NO,,,,,,,NO,,,,,,B0,A1,2,040809,040009
0312082,0,069099,3AP,40327,PAMPACOLCA,PISCOPAMPA,NO,,,,,,,,NO,,,,SI,X,,,,,,SI,X,X,,,,,,NO,,SI,,,X,,,,,SI,,X,X,,,,NO,NO,,,SI,,,X,,,,SI,SI,8,NO,,,,,,,,,X,,,,X,X,,,,SI,SI,SI,SI,SI,2,X,,,X,,,,,,,,X,SI,SI,1,SI,2,,X,X,,,X,X,,,,,,X,X,,,,SI,SI,6,SI,,X,,,,,SI,SI,SI,SI,SI,SI,SI,0,,,SI,NO,,//,SI,SI,SI,SI,SI,,,,,X,,,,,,,,,,,,,,,,,,,SI,,X,,,,,NO,,,,,,B0,A1,2,040410,040005
0794289,0,547571,3AP,SANTA MARIA,AREQUIPA,CIUDAD,NO,,,,,,,,SI,SI,,,SI,X,,X,,X,,SI,X,,,,,,,SI,NO,NO,,,,,,,,SI,,,X,X,,,SI,NO,,,NO,,,,,,,SI,NO,8,SI,X,X,,,,,NO,,X,X,X,X,X,X,X,,,SI,SI,SI,SI,SI,3,,X,X,X,,X,,,X,,X,,SI,SI,5,SI,9,X,X,,X,X,X,X,,,X,X,,X,X,,,,SI,SI,46,SI,,X,,X,,,SI,SI,SI,SI,SI,SI,SI,0,,,SI,NO,,//,SI,SI,SI,SI,SI,,,X,,X,,,030,,SI,NO,NO,,,,,,,,,,,,SI,X,,,,,,SI,X,,,,,B0,B4,1,040101,040001
0311977,0,068542,3AP,40316 JULIO ERNESTO LAZO DIAZ,AYO,AYO,NO,,,,,,,,SI,SI,,,SI,,,,,,X,SI,X,X,,,,,,SI,SI,NO,,,,,,,,SI,X,X,X,,,,SI,NO,,,SI,X,,X,,,,SI,SI,1,NO,,,,,,,,,X,,X,,X,X,,,,NO,,,,,,X,X,,X,,,,,X,,,,NO,SI,1,NO,,,,X,,,,,,,X,X,,,,,,,SI,NO,,NO,,X,,,,,SI,SI,SI,SI,NO,,SI,0,,,SI,NO,,//,NO,NO,,NO,SI,,,,X,,,,,,,,NO,,,,,,,,,,,,NO,,,,,,,NO,,,,,,B0,A1,2,040403,040005
0898049,0,065510,3AP,SEÑOR DE LOS MILAGROS CIRCA,YURA,CIUDAD DE DIOS,NO,,,,,,,,NO,,,,SI,X,,,,,,SI,X,,,,,,,NO,,SI,,,X,,,,,SI,,X,,,,,NO,NO,,,SI,X,,X,X,,,SI,NO,9,SI,,X,X,,,,,,X,X,X,X,X,X,X,,,SI,SI,SI,SI,SI,2,,X,,,X,X,,,X,,X,,SI,SI,11,SI,2,,X,,,,X,,,,X,,,X,,,,,SI,NO,,SI,X,X,X,,,,SI,SI,SI,SI,SI,SI,SI,1,,,SI,SI,2,8/10/2024,NO,SI,SI,SI,SI,,,,X,,,,,,,,NO,,,,,,,,,,,,NO,,,,,,,NO,,,,,,B0,A4,1,040128,040001
0219469,0,061277,3AP,40139 ANDRES AVELINO CACERES DORREGARAY,MARIANO MELGAR,,NO,,,,,,,,SI,NO,1,,SI,X,,,,,,SI,X,X,X,X,,,,NO,,NO,,,,,,,,SI,,X,X,,,,SI,NO,,,SI,X,,X,,,,SI,SI,8,NO,,,,,,,NO,,X,X,X,X,X,X,X,,,SI,SI,SI,SI,SI,2,X,X,,,,,,,X,X,X,X,SI,SI,6,SI,6,X,X,X,X,X,,,,,X,X,X,,X,,,,SI,SI,8,SI,X,,,X,,,SI,SI,SI,NO,SI,SI,SI,0,,,SI,NO,,//,SI,SI,NO,SI,SI,X,X,X,X,X,,,088,139,SI,SI,NO,,,,,,,,,,,,SI,,,X,,,,SI,,X,,,,B0,A1,1,040109,040002
1270578,0,549886,3AP,I.E.P DE CIENCIAS JESUCITO,SOCABAYA,LA CAMPIÑA,NO,,,,,,,,SI,SI,,,SI,X,,,X,X,,SI,X,,,,,,,SI,SI,NO,,,,,,,,SI,X,X,,,,,NO,NO,,,SI,,,,,X,VACUNACION,SI,NO,8,SI,X,X,,,,,NO,,X,X,X,,X,,,,,SI,SI,SI,SI,SI,2,X,X,,X,,X,,,X,,X,,SI,SI,1,NO,,,,,,,,,,,X,X,,,,,,,SI,SI,3,SI,,X,,X,,,SI,SI,SI,SI,SI,SI,SI,0,,,SI,NO,,//,NO,SI,SI,SI,SI,,,X,X,,,,023,,SI,NO,NO,,,,,,,,,,,,NO,,,,,,,NO,,,,,,B0,B4,1,040122,040002
3042769,0,683196,3AP,LAS ESTRELLITAS,COTAHUASI,COTAHUASI,NO,,,,,,,,SI,SI,,,SI,X,,,,,,SI,,,,,,X,,NO,,NO,,,,,,,,SI,,X,X,,,,SI,NO,,,SI,X,,X,,,,SI,NO,3,NO,,,,,,,,,X,X,X,X,X,,,,,SI,SI,SI,SI,NO,,,X,,,,X,,,X,X,X,X,SI,SI,1,NO,,,,,,,,,,,X,X,,X,X,,,,NO,SI,2,SI,,,,X,,,SI,SI,SI,NO,NO,,SI,0,,,SI,NO,,//,SI,SI,SI,SI,NO,,X,,,X,,,,,,,NO,,,,,,,,,,,,SI,X,,,,,,NO,,,,,,B0,A1,1,040801,040009
1260629,0,065553,3AP,BRITISH COLUMBIA,CERRO COLORADO,VICTOR RAUL HAYA DE LA TORRE,NO,,,,,,,,NO,,,,SI,X,,,X,,,SI,X,,,,,,,SI,SI,SI,,,X,,,,,SI,,,X,,,,SI,NO,,,NO,,,,,,,NO,SI,2,NO,,,,,,,NO,,X,X,X,X,X,X,,,,SI,SI,SI,SI,SI,2,X,X,,X,,,,,X,X,X,X,SI,SI,7,SI,1,X,X,X,X,X,X,X,,,X,X,X,,,,,,SI,SI,3,SI,X,X,,,,,SI,SI,SI,SI,SI,NO,SI,0,,,SI,NO,,//,SI,SI,SI,SI,SI,X,X,X,,X,,,027,038,SI,SI,NO,,,,,,,,,,,,SI,,X,X,X,,,SI,X,X,,,,B0,B4,1,040104,040001
0219956,0,063380,3AP,40190 SANTISIMA VIRGEN DE CHAPI,POLOBAYA,,NO,,,,,,,,SI,SI,,,SI,X,,,,,,SI,X,X,,,,,,SI,SI,SI,,,X,,,,,SI,,X,X,,,,SI,NO,,,SI,X,X,X,X,,,SI,SI,8,SI,,,,X,,,,,X,X,X,X,X,X,,,,SI,SI,SI,SI,SI,3,X,X,,X,,,,,X,,X,,SI,SI,3,SI,1,,,,,,X,X,,,X,X,,X,,,,,SI,SI,3,SI,X,X,,,,,SI,SI,SI,SI,SI,SI,SI,0,,,SI,NO,,//,SI,SI,SI,SI,SI,,X,,,,,,,,,,,,,,,,,,,,,,NO,,,,,,,SI,,X,,,,B0,A1,2,040114,040002
0313825,0,072978,3AP,40505,PUNTA DE BOMBÓN,BOMBÓN,NO,,,,,,,,SI,SI,,,SI,X,,,X,X,,SI,X,,,,,,,NO,,SI,,,X,,,,,SI,X,,X,,,,NO,NO,,,SI,X,X,,,,,SI,NO,8,NO,,,,,,,NO,,X,,,,X,X,,,,SI,SI,SI,SI,SI,3,X,,,X,X,,,,X,,X,X,SI,SI,2,SI,2,,X,,,X,X,,,,X,X,,X,X,,,,SI,SI,4,SI,X,,,,,,SI,SI,SI,SI,SI,SI,SI,0,,,SI,SI,10,14/11/2024,SI,SI,SI,SI,SI,,X,X,X,X,,,12,06,SI,NO,NO,,,,,,,,,,,,NO,,,,,,,SI,X,,X,,,B0,A1,2,040706,040008
0307447,0,056577,3AP,DE LA SALLE,AREQUIPA,AREQUIPA,NO,,,,,,,,SI,SI,,,SI,X,,,,,,SI,X,,,,,,,NO,,NO,,,,,,,,SI,X,X,X,,,,SI,NO,,,SI,X,X,X,X,X,CAMAPAÑA DENTAL Y DE VACUNACION,SI,SI,9,NO,,,,,,,SI,42,X,X,X,X,,,X,,,SI,SI,SI,SI,SI,5,X,X,,,X,X,,,X,X,X,X,SI,SI,15,SI,3,,X,,,X,X,X,,,X,X,,X,X,,,,SI,SI,150,SI,X,X,X,X,,,SI,SI,SI,SI,SI,SI,SI,2,,,SI,SI,13,10/3/2024,NO,SI,SI,SI,SI,X,,,,X,,,,,,,,,,,,,,,,,,,NO,,,,,,,NO,,,,,,B0,B4,1,040101,040001
0219121,0,071318,3AP,40105,TISCO,CCASCCA,NO,,,,,,,,SI,SI,,,SI,X,,,,,,SI,X,,,,,,,NO,,NO,X,X,X,,,,,SI,,X,X,,,,NO,NO,,,SI,X,X,X,X,,,SI,SI,2,SI,,X,X,,,,,,X,X,X,X,X,,,,,SI,SI,SI,NO,NO,,X,,,X,,X,,,X,,X,,SI,SI,1,,1,,,,,,X,X,,,X,X,X,X,X,,,,SI,SI,2,SI,,,,X,,,SI,SI,SI,SI,SI,NO,NO,,3,,SI,NO,,//,NO,SI,SI,SI,NO,X,X,,X,,,,,,,,NO,,,,,,,,,,,,NO,,,,,,,SI,,X,,,,B0,A1,2,040517,040006
1783653,0,851854,3AP,INTERNACIONAL JOHANNES KEPLER,CERRO COLORADO,0,NO,,,,,,,,NO,,,,SI,,,,X,,,SI,X,,,,,,,NO,,SI,,,X,,,,,SI,X,X,X,X,,,SI,NO,,,SI,X,X,X,X,,,SI,SI,8,SI,X,,,X,,,NO,,X,X,X,,X,,,,,NO,,,,,,X,X,X,,X,X,,,,X,,X,SI,SI,6,SI,1,,X,X,,,,,,,X,X,X,X,X,,,,SI,SI,2,SI,X,,,,,,SI,SI,SI,SI,SI,NO,NO,,3,,NO,,,//,NO,SI,NO,SI,SI,,,,,X,,,,,,,,,,,,,,,,,,,SI,X,,,,,,SI,X,,,,,B0,B4,1,040104,040001
1315589,0,621924,3AP,DIDASCALIO SAN JOSE,MARIANO MELGAR,AREQUIPA,NO,,,,,,,,SI,SI,,,SI,,,,,,X,SI,X,X,,,,,,NO,,NS,,,,,,,,SI,,X,X,X,,,SI,NO,,,SI,X,,,,,,SI,SI,5,NO,,,,,,,SI,2,X,X,X,X,,,,,,SI,SI,SI,SI,SI,7,X,X,X,X,,X,,,X,X,X,X,SI,SI,6,SI,2,X,X,X,X,X,X,X,,,X,X,X,X,X,,,,NO,SI,4,SI,X,X,,X,,,SI,SI,SI,SI,SI,SI,SI,0,,,SI,NO,,//,SI,SI,SI,SI,SI,,X,X,,,,,,N°38-2024,SI,NO,,,,,,,,,,,,,SI,,X,X,X,,,SI,X,,,,,B0,B4,1,040109,040002
1637370,0,857945,3AP,PERUANO FRANCES ANTOINE DE SAINT EXUPERY,TIABAYA,CORBACHO,NO,,,,,,,,SI,SI,,,SI,X,,,X,X,,SI,X,,,,,,,SI,NO,SI,,,X,,,,,SI,,X,X,X,,,NO,NO,,,SI,X,X,,,,,SI,SI,5,NO,,,,,,,NO,,X,,,,X,X,,,,SI,SI,SI,SI,SI,2,X,,X,X,,X,,,X,X,X,X,SI,SI,10,SI,10,X,X,X,X,X,X,X,,,X,X,X,X,X,,,,SI,NO,,SI,X,X,,X,,,SI,SI,SI,SI,SI,NO,SI,3,,,SI,SI,3,12/12/2024,SI,SI,SI,SI,SI,X,X,,,,,,,,,,,,,,,,,,,,,,NO,,,,,,,NO,,,,,,B0,B4,1,040123,040001
1365162,0,528515,3AP,VILLA MAGISTERIAL,CERRO COLORADO,VILLA MAGISTERIAL,SI,SI,,,,X,,,SI,SI,,,SI,X,,,,,,SI,X,,X,,,,,NO,,NO,,,,,,,,SI,,X,X,X,X,DEPORTES,NO,NO,,,SI,X,X,,,,,SI,SI,8,NO,,,,,,,,,X,X,X,,,,,,,SI,SI,SI,SI,SI,3,X,X,,X,X,,,,X,X,X,X,SI,SI,3,SI,3,X,X,,X,X,X,X,,,X,X,X,X,X,,,,SI,SI,3,SI,X,,X,X,,,SI,SI,SI,NO,SI,SI,SI,0,,,SI,NO,,//,NO,SI,SI,SI,SI,X,,X,,X,,,096,124,SI,NO,NO,,,,,,,,,,,,NO,,,,,,,NO,,,,,,B0,A1,1,040104,040001
0220087,0,064054,3AP,I.E. 40204 NESTOR CACERES VELASQUEZ,SOCABAYA,CERRO SALAVERRY,NO,,,,,,,,SI,SI,,,SI,X,,,,,,SI,X,X,,,,,,SI,SI,SI,,,X,,,,,SI,,X,,,,,NO,SI,4,,SI,X,,,,,,SI,SI,9,SI,X,X,X,X,,,NO,,X,X,X,,X,X,,,,SI,SI,SI,SI,SI,2,X,X,,X,,,,,X,,,,SI,SI,3,SI,2,X,X,,,X,X,,,,X,X,,X,,,,,SI,SI,8,SI,X,,,X,,,SI,SI,SI,SI,SI,SI,SI,0,,,SI,NO,,//,SI,SI,SI,SI,SI,,,,X,,,,014,,,SI,SI,X,X,,,,,,,X,,,SI,,X,,X,,,SI,X,,,,,B0,A1,1,040122,040002
0226894,0,058656,3AP,40049 CORONEL FRANCISCO BOLOGNESI CERVANTES,CAYMA,AREQUIPA,NO,,,,,,,,SI,SI,,,SI,X,X,,X,X,,SI,X,X,X,,,,,SI,SI,SI,X,,X,,,,,SI,,X,X,,,,NO,SI,1,,SI,X,,X,,,,SI,SI,9,SI,X,X,X,X,,,,,X,X,X,X,,X,,,,SI,SI,SI,SI,SI,1,,X,,X,X,,,,X,X,X,X,SI,SI,3,SI,1,,X,,,X,X,,,,,X,,X,X,,,,SI,SI,1,SI,X,X,,X,,,SI,SI,SI,SI,SI,SI,SI,0,,,SI,NO,,//,SI,SI,SI,SI,SI,X,,X,,X,,,188,,SI,SI,SI,,,,,,X,,,,X,,SI,,X,,,,,SI,X,,,,,B0,A1,1,040103,040001
1333061,0,546345,3AP,EL MERCEDARIO RVDO PADRE ELEUTERIO ALARCON BEJARANO,CAYMA,BOLOGNESI,NO,,,,,,,,SI,SI,,,SI,,,,,,X,SI,X,X,,,,,,SI,SI,SI,,X,,,,,,SI,,X,,X,,,SI,SI,,2,SI,X,,X,,,,SI,SI,1,SI,X,,,X,,,SI,6,X,X,X,X,X,X,X,,,SI,SI,SI,SI,SI,1,,X,,,,X,,,X,,,,SI,SI,6,SI,5,,X,,X,X,X,X,,,X,X,,X,,,,,SI,SI,4,SI,X,,,X,,,SI,SI,SI,SI,SI,SI,SI,0,,,SI,NO,,//,NO,SI,SI,SI,SI,,X,X,,X,,,35-2024,15,SI,SI,NO,,,,,,,,,,,,NO,,,,,,,NO,,,,,,B0,B4,1,040103,040001
0844134,0,069792,3AP,40624,ACHOMA,PACHACHACA,NO,,,,,,,,NO,,,,SI,X,,,,,,SI,,,X,,,,,NO,,SI,,,X,,,,,SI,,X,,X,,,SI,NO,,,SI,X,,,,,,SI,SI,6,NO,,,,,,,,,X,X,X,,X,X,,,,SI,SI,SI,SI,SI,2,X,,,X,,X,,,X,,X,,SI,SI,1,SI,3,X,X,X,,,,X,,,X,X,,X,,,,,SI,SI,3,SI,X,,X,X,,,SI,SI,SI,SI,SI,SI,SI,0,,,SI,SI,1,12/12/2024,SI,SI,SI,SI,SI,,,X,,,,,09,6,SI,SI,SI,,X,,,,,,,,,,SI,,X,,X,,,SI,,X,,,,B0,A1,2,040502,040006
0845164,0,058675,3AP,40050 EL GRAN HÉROE ANDRÉS AVELINO CÁCERES,CAYMA,ASOCIACIÓN ANDRÉS AVELINO CÁCERES,NO,,,,,,,,SI,SI,,,SI,X,,,,,,SI,X,,X,,,,,NO,,NS,,,,,,,,SI,,,X,X,,,NO,SI,,1,SI,,,X,,,,SI,SI,9,NO,,,,,,,,,X,X,X,,X,,,,,SI,SI,SI,NO,,,X,X,,,,X,,,X,X,X,,SI,SI,1,SI,1,X,X,,,X,X,,,,X,X,,,X,,,,SI,SI,1,SI,,,,,X,NO PROCEDE,SI,SI,NO,SI,SI,NO,SI,0,,,SI,NO,,//,NO,SI,SI,SI,SI,X,X,X,,X,,,027-2025,,NO,,NO,,,,,,,,,,,,NO,,,,,,,NO,,,,,,B0,A1,1,040103,040001
0723288,0,058741,3AP,40618 MONSEÑOR JOSE DE PIRO D'AMICO INGUANEZ,CAYMA,,SI,SI,,,,X,,,SI,SI,,,SI,,,,,,X,SI,X,,,,,,,SI,SI,NO,,,,,,,,SI,,X,X,,,,NO,NO,,,SI,X,,,,,,SI,SI,9,SI,X,X,,,,,NO,,X,X,X,X,X,,,,,SI,SI,SI,SI,SI,3,,,X,X,,X,,,X,X,X,X,SI,SI,9,SI,1,X,X,X,X,X,X,X,,,X,,,X,,,,,SI,SI,1,SI,,,,X,,,SI,SI,SI,SI,SI,SI,SI,0,,,NO,,,//,SI,SI,SI,SI,SI,X,X,X,,,,,127,019,SI,SI,NO,,,,,,,,,,,,NO,,,,,,,NO,,,,,,B0,A1,1,040103,040001
1030295,0,066388,3AP,MAGISTER LAGRANGE,JOSE LUIS BUSTAMANTE Y RIVERO,LOS CONQUISTADORES,NO,,,,,,,,SI,SI,,,SI,X,,,,,,SI,X,,,,,,,NO,,NO,,,,,,,,SI,,X,X,,,,SI,NO,,,NO,,,,,,,SI,NO,8,NO,,,,,,,NO,,X,X,X,X,X,X,X,,,SI,SI,SI,SI,SI,2,X,X,,,,X,,,X,,X,X,SI,SI,6,SI,1,,,,,,,X,,,X,X,,,X,,,,SI,SI,2,SI,X,,,,,,SI,SI,SI,SI,SI,SI,SI,0,,,SI,NO,,//,NO,SI,SI,SI,SI,,,X,,X,,,027,,SI,SI,NO,,,,,,,,,,,,NO,,,,,,,NO,,,,,,B0,B4,1,040129,040002
1665348,0,622160,3AP,SANTISIMA VIRGEN DE COPACABANA,SOCABAYA,SOCABAYA,NO,,,,,,,,SI,SI,,,SI,,,,,,X,SI,,,,,,X,,SI,SI,SI,,,X,,,,,SI,,X,,X,,,NO,NO,,,SI,X,,,,,,SI,SI,3,NO,,,,,,,NO,,X,X,X,X,X,X,X,,,SI,SI,SI,SI,NO,,X,X,X,X,X,X,,,X,X,X,X,NO,SI,4,SI,2,,,,,,,,,,X,X,,X,X,,,,SI,NO,,SI,,X,,,,,SI,SI,SI,SI,SI,SI,SI,0,,,SI,NO,,//,NO,SI,SI,SI,SI,,,,X,,,,,,,,NO,,,,,,,,,,,,NO,,,,,,,NO,,,,,,B0,B4,1,040122,040002
1434836,0,575757,3AP,VIRGEN DE CHAPI DE CORIRE,URACA,CORIRE,SI,SI,X,,,,,,SI,SI,,,SI,X,,,,,,SI,X,,,,,,,NO,,NS,,,,,,,,SI,,,X,,,,SI,NO,,,SI,X,X,X,X,,,SI,SI,1,SI,X,X,X,X,,,SI,1,X,X,X,,X,,,,,SI,SI,NO,SI,NO,,X,X,X,,,,,,X,X,,,SI,SI,6,NO,,,,,,,,,,,X,X,X,X,X,,,,SI,SI,10,NO,,X,X,,,,SI,SI,NO,SI,SI,NO,SI,0,,,SI,NO,,//,NO,NO,,SI,SI,,X,,,,,,,,,,,,,,,,,,,,,,NO,,,,,,,NO,,,,,,B0,B4,1,040413,040005
1622802,0,745118,3AP,DAVID AUSUBEL,CERRO COLORADO,JOSE LUIS BUSTAMANTE Y RIVERO,NO,,,,,,,,SI,SI,,,SI,,,,,,X,SI,X,,,,,,,NO,,NO,,,,,,,,SI,X,X,,,,,NO,NO,,,SI,X,,X,,,,SI,SI,6,SI,,X,,,,,NO,,X,X,X,,,,,,,SI,SI,SI,SI,SI,3,X,X,,,,X,,,X,,,X,SI,SI,7,SI,1,,X,,,,,,,,,X,,,,,,,SI,NO,,SI,X,,,,,,SI,SI,SI,NO,SI,NO,SI,0,,,SI,NO,,//,NO,SI,NO,SI,SI,,,X,X,,,,070-2024,,SI,NO,NO,,,,,,,,,,,,NO,,,,,,,NO,,,,,,B0,B4,1,040104,040001
1753185,0,840894,3AP,NUESTRA SEÑORA DE LOS INFANTES SCHOOL,PAUCARPATA,MIGUEL GRAU,NO,,,,,,,,SI,SI,,,SI,X,,,,,,SI,X,,,,,,,NO,,NO,,,,,,,,SI,,,X,,,,NO,NO,,,SI,X,,,,,,SI,NO,8,SI,X,,,,,,NO,,X,X,X,,,,,,,SI,SI,SI,SI,SI,2,X,,,,,,,,,X,,,SI,SI,4,SI,1,,X,,,,,,,,X,X,,,,,,,SI,SI,5,SI,,,,X,,,SI,SI,SI,NO,SI,SI,SI,0,,,SI,NO,,//,SI,SI,SI,SI,SI,,,X,,,,,25/2025,000,SI,SI,,,,,,,,,,,,,NO,,,,,,,NO,,,,,,B0,B4,1,040112,040002
1769496,0,801642,3AP,DE CIENCIAS JHON DALTON,CERRO COLORADO,PASAJE,NO,,,,,,,,SI,SI,,,SI,,,,,,X,SI,,,,,,X,,SI,SI,NO,,,,,,,,SI,,X,,,,,NO,NO,,,NO,,,,,,,SI,SI,8,SI,,X,X,,,,NO,,,,,,,,,,,SI,SI,SI,SI,NO,,X,,,,,,,,X,X,X,,NO,SI,2,SI,1,,,,,,,,X,NO ME PERMITE MARCAR NO,X,,X,,,,,,NO,NO,,SI,,,X,,,,SI,SI,SI,SI,NO,,SI,0,,,SI,NO,,//,NO,SI,NO,SI,SI,,X,,,,,,,,,,,,,,,,,,,,,,NO,,,,,,,NO,,,,,,B0,B4,1,040104,040001
1734052,0,811820,3AP,FUTURA SCHOOLS SEDE PAUCARPATA,PAUCARPATA,AREQUIPA,NO,,,,,,,,NO,,,,SI,,,,,,X,SI,X,,,,,,,NO,,NO,,,,,,,,NO,,,,,,,,NO,,,SI,,,,X,,,SI,SI,5,NO,,,,,,,SI,1,X,,X,,,,,,,SI,SI,SI,SI,SI,3,,X,,,X,,,,X,,X,,NO,NO,,SI,1,,,X,,,X,,,,X,X,,,X,,,,NO,SI,2,NO,X,,X,,,,SI,SI,SI,SI,SI,SI,SI,0,,,SI,NO,,//,NO,SI,NO,SI,SI,,,,X,,,,,,,,NO,,,,,,,,,,,,NO,,,,,,,SI,X,,,,,B0,B4,1,040112,040002
1755511,0,828477,3AP,JOULE ALTO SELVA ALEGRE,ALTO SELVA ALEGRE,ALTO SELVA ALEGRE,NO,,,,,,,,SI,SI,,,SI,,,,,,X,SI,X,,,,,,,NO,,NO,,,,,,,,SI,,,X,,,,NO,NO,,,SI,X,,,,,,SI,NO,3,NO,,,,,,,NO,,X,X,X,X,X,X,X,,,SI,SI,SI,SI,SI,1,X,X,,,,,,,X,,X,,SI,SI,6,NO,,,,,,,,,,,,X,,,X,,,,SI,NO,,SI,X,,,,,,SI,SI,SI,NO,SI,SI,SI,0,,,SI,NO,,//,NO,SI,SI,SI,SI,X,,,,X,,,,,,,NO,,,,,,,,,,,,NO,,,,,,,NO,,,,,,B0,B4,1,040102,040002
0541714,0,066005,3AP,NIÑO DE LA PAZ,JOSE LUIS BUSTAMANTE Y RIVERO,LA PAMPILLA,NO,,,,,,,,SI,SI,,,SI,,,,,,X,SI,X,X,,,,,,NO,,NO,,,,,,,,SI,,X,,,,,SI,NO,,,SI,X,,X,,,,SI,NO,3,NO,,,,,,,NO,,X,X,X,X,X,X,,,,SI,SI,NO,SI,SI,3,X,X,,X,X,X,,,X,,X,,SI,SI,3,SI,1,,,,,,X,,,,,X,,X,X,,,,SI,SI,10,SI,X,X,,X,,,SI,SI,SI,SI,SI,SI,SI,1,,,SI,NO,,//,NO,SI,SI,SI,SI,,X,,,,,,,,,,,,,,,,,,,,,,NO,,,,,,,NO,,,,,,B0,B4,1,040129,040002
0612887,0,059528,3AP,40141,CERRO COLORADO,CIUDAD MUNICIPAL,SI,SI,,,,X,,,SI,NO,1,,SI,X,,,,,,SI,X,,,,,,,NO,,NO,,,,,,,,SI,X,X,,X,,,NO,NO,,,SI,X,,,,,,SI,SI,8,SI,X,X,,,,,,,X,,X,X,X,X,,,,SI,SI,SI,SI,SI,3,X,X,X,X,X,,,,X,X,X,X,SI,SI,6,SI,9,X,X,X,,X,X,X,,,X,X,X,X,X,,,,SI,SI,15,SI,X,,X,X,,,SI,SI,SI,SI,SI,SI,SI,0,,,SI,SI,3,5/12/2024,NO,SI,SI,SI,SI,,X,X,,X,,,048-2025,028-2025,SI,NO,NO,,,,,,,,,,,,NO,,,,,,,NO,,,,,,B0,A1,1,040104,040001
0694976,0,849267,3AP,MENDEL CERRO COLORADO,CERRO COLORADO,1,NO,,,,,,,,SI,SI,,,SI,,,,,,X,SI,,,,,,X,,NO,,NO,,,,,,,,SI,,X,X,X,,,SI,NO,,,NO,,,,,,,SI,NO,9,NO,,,,,,,SI,15,X,X,X,,X,X,X,,,SI,SI,SI,SI,SI,2,X,X,,,,,,,X,,X,,SI,SI,13,NO,,,X,,,,,,,,X,X,,X,X,,,,SI,SI,20,SI,X,X,,,,,SI,SI,SI,SI,SI,SI,SI,0,,,SI,NO,,//,NO,SI,SI,SI,SI,,X,,,,,,,,,,,,,,,,,,,,,,NO,,,,,,,NO,,,,,,B0,B4,1,040104,040001
0678755,0,058717,3AP,40606 SEUL,CAYMA,CASIMIRO CUADROS II,NO,,,,,,,,SI,SI,,,SI,X,,X,,,,SI,X,X,,,X,,,NO,,SI,,,X,,,,,SI,,X,,X,,,NO,SI,,2,SI,X,,X,,,,SI,SI,9,SI,,X,,,,,,,X,X,X,X,X,X,,,,SI,SI,SI,SI,SI,3,X,X,,,,X,,,X,X,,X,SI,SI,12,SI,5,X,X,X,,X,X,,,,X,X,,X,X,,,,SI,SI,3,SI,X,X,,X,,,SI,SI,SI,SI,SI,SI,SI,1,,,SI,NO,,//,SI,SI,SI,SI,SI,,,X,,X,,,RD N° 056-2024,0,SI,SI,,,,,,,,,,,,,NO,,,,,,,NO,,,,,,B0,A1,1,040103,040001
1527035,0,616951,3AP,VILLA DON JORGE,SAMUEL PASTOR,,NO,,,,,,,,SI,SI,,,SI,,,,,,X,SI,X,,,,,,,NO,,SI,,,X,,,,,SI,X,X,X,,,,SI,SI,0,4,SI,X,X,X,,,,SI,SI,5,SI,X,,,,,,,,X,X,X,X,X,X,,,,SI,SI,SI,SI,SI,2,X,X,,X,,,,,X,X,X,X,SI,SI,12,SI,8,X,X,X,X,X,X,X,,,,,,,X,,,,SI,SI,5,SI,X,X,,,,,SI,SI,SI,SI,SI,SI,SI,0,,,SI,SI,4,29/9/2024,SI,SI,SI,SI,SI,,,X,,X,,,018,19,SI,SI,NO,,,,,,,,,,,,NO,,,,,,,NO,,,,,,B0,A1,1,040208,040003
0311365,0,066878,3AP,40251 VIRGEN DE GUADALUPE,NICOLAS DE PIEROLA,HACIENDA EL MEDIO,NO,,,,,,,,SI,SI,,,SI,X,,,,,,SI,X,,X,,,,,SI,SI,SI,,,X,,,,,SI,,X,,X,,,NO,SI,,3,SI,X,,,,,,SI,SI,8,SI,,X,,X,,,,,X,X,X,X,X,X,,,,SI,SI,SI,SI,NO,,X,X,,X,,,,,X,X,,,SI,SI,4,SI,1,,X,,,X,X,,,,X,X,,X,,,,,SI,SI,4,SI,,,,X,,,SI,SI,SI,SI,SI,SI,SI,0,,,SI,NO,,//,NO,SI,SI,SI,SI,X,X,X,,X,,,042,021,SI,SI,NO,,,,,,,,,,,,NO,,,,,,,NO,,,,,,B0,A1,1,040205,040003
1607332,0,820221,3AP,SANTISIMA VIRGEN DE CHAPI,LA JOYA,,NO,,,,,,,,SI,SI,,,SI,X,X,,,,,SI,X,,,X,,,,NO,,NO,,,,,,,,SI,X,X,X,X,,,SI,SI,,1,SI,X,,X,,,,SI,SI,9,SI,,X,X,X,,,NO,,X,X,X,X,X,X,X,,,SI,SI,SI,NO,,,X,X,,X,X,,,,X,X,X,X,SI,SI,7,SI,2,,X,X,,X,X,,,,X,X,X,X,X,,,,SI,SI,14,SI,X,X,,,,,SI,SI,SI,SI,SI,SI,SI,2,,,SI,SI,35,10/12/2024,SI,SI,SI,SI,SI,,,X,,X,,,007-2025,,SI,SI,NO,,,,,,,,,,,,SI,,X,X,X,,,NO,,,,,,B0,B4,1,040108,040010
0218974,0,064742,3AP,40091 ALMA MATER DE CONGATA,UCHUMAYO,CONGATA,SI,SI,X,,,,,,SI,SI,,,SI,X,,,,X,,SI,X,X,,,,,,SI,SI,SI,,,X,,,,,SI,,X,X,,,,SI,NO,,,SI,X,X,X,X,,,SI,SI,9,SI,X,X,X,,,,,,X,,X,,X,X,X,,,SI,SI,SI,SI,NO,,,X,,,X,X,,,X,X,X,X,SI,SI,12,SI,1,X,X,,X,X,X,X,,,X,X,X,X,X,,,,SI,NO,,SI,X,,,X,,,SI,SI,SI,SI,SI,SI,SI,1,,,SI,NO,,//,NO,SI,NO,NO,SI,,,X,,,,,90-2024,120-2024,SI,SI,NO,,,,,,,,,,,,NO,,,,,,,NO,,,,,,B0,A1,1,040124,040001
1339043,0,843755,3AP,PRINCIPE DE ASTURIAS,AREQUIPA,AREQUIPA,SI,SI,,,,X,,,SI,SI,,,SI,X,,,,,,SI,X,,,,,,,NO,,NO,,,,,,,,SI,,,X,,,,SI,NO,,,SI,X,,X,,,,SI,NO,8,SI,,X,X,X,,,NO,,X,X,X,,,,,,,SI,NO,NO,SI,NO,,X,X,,,,,,,X,,,X,SI,SI,4,SI,3,,,,,X,,X,,,,X,X,,,,,,SI,NO,,NO,,,,X,,,SI,SI,SI,SI,SI,SI,SI,0,,,SI,SI,1,31/10/2024,NO,SI,SI,SI,SI,,,X,,X,,,033-2024,,SI,SI,NO,,,,,,,,,,,,NO,,,,,,,NO,,,,,,B0,B4,1,040101,040001
0312207,0,069546,3AP,40339 MARIO VARGAS LLOSA,VIRACO,HUAMI,NO,,,,,,,,NO,,,,SI,,,,,X,,SI,,,X,,,,,NO,,SI,,,X,,,,,SI,,,X,,,,NO,NO,,,SI,X,,,,,,SI,NO,9,NO,,,,,,,,,X,X,,,X,X,,,,SI,SI,SI,SI,NO,,X,,,X,,,,,X,,,,SI,SI,1,SI,2,,X,X,,X,X,X,,,X,X,,,,,,,NO,NO,,SI,,,,,X,PLAN Y SESIONES,SI,SI,SI,SI,SI,SI,SI,0,,,SI,NO,,//,NO,SI,SI,SI,NO,,,,,X,,,,,,,,,,,,,,,,,,,NO,,,,,,,NO,,,,,,B0,A1,2,040414,040005
1202167,0,059284,3AP,JAMES CLERK MAXWELL,CAYMA,AREQUIPA,NO,,,,,,,,NO,,,,SI,X,,,X,,,SI,X,,,,,,,SI,SI,SI,,,X,,,,,SI,,,X,,,,SI,NO,,,SI,X,X,,,,,SI,SI,5,NO,,,,,,,NO,,X,,X,,,,X,,,SI,SI,SI,NO,,,X,X,X,,,X,,,X,,X,,SI,SI,18,SI,2,,X,X,,,,,,,X,,X,,X,,,,SI,SI,62,SI,X,,X,,,,SI,SI,SI,SI,SI,NO,SI,0,,,SI,NO,,//,SI,SI,NO,SI,SI,,,X,X,,,,89,,SI,SI,SI,,,X,,,,,,,,X,NO,,,,,,,SI,X,,,,,B0,B4,1,040103,040001
1238484,0,070875,3AP,VALORES SCHOOL,MAJES,PEDREGAL,NO,,,,,,,,SI,SI,,,SI,X,X,,,,,SI,X,,,,X,,,NO,,SI,,,X,,,,,SI,X,X,X,,,,NO,NO,,,SI,X,X,X,X,,,SI,SI,6,SI,X,X,X,X,,,NO,,X,X,X,X,X,X,X,,,NO,,,,,,X,X,X,X,X,X,,,X,X,X,X,SI,SI,17,SI,2,,X,X,,,,,,,X,X,X,X,X,,,,SI,SI,3,SI,X,,,,,,SI,SI,SI,SI,SI,SI,SI,0,,,SI,SI,2,1/10/2024,NO,SI,SI,SI,SI,,,,X,,,,,,,,NO,,,,,,,,,,,,NO,,,,,,,NO,,,,,,B0,B4,1,040520,040010
0312223,0,068274,3AP,40341,APLAO,ONGORO,NO,,,,,,,,NO,,,,SI,X,,,,,,SI,,,,,,X,,NO,,NO,,,,,,,,SI,,,X,,,,SI,NO,,,SI,X,,,,,,NO,NO,9,SI,X,,,,,,,,X,,,,X,,,,,SI,SI,SI,SI,SI,1,,X,,,,,,,X,,,,SI,SI,1,SI,2,,X,,,,,,,,X,X,,,,,,,SI,SI,3,SI,X,,,,,,SI,SI,SI,SI,SI,SI,SI,0,,,SI,NO,,//,NO,SI,SI,SI,NO,X,,,,,,,,,,,,,,,,,,,,,,,NO,,,,,,,NO,,,,,,B0,A1,2,040401,040005
1633387,0,649490,3AP,LAS PLUMAS DEL AMAUTA,CERRO COLORADO,AREQUIPA,NO,,,,,,,,NO,,,,NO,X,,,,X,,SI,,,,,,X,,NO,,NO,,,,,,,,SI,,X,X,,,,NO,NO,,,NO,,,,,,,NO,NO,9,NO,,,,,,,NO,,,,,,,,,,,NO,,,,,,X,,,X,,,,,,X,,,NO,NO,,SI,2,,,,,X,,,,,,X,X,,,,,,SI,NO,,SI,X,X,,,,,SI,SI,SI,SI,SI,SI,SI,0,,,NO,,,//,NO,NO,,NO,NO,,,,X,,,,,,,,NO,,,,,,,,,,,,NO,,,,,,,SI,X,,,,,B0,B4,1,040104,040001
0612713,0,071158,3AP,40570,TAPAY,ANEXO PUNACHICA,NO,,,,,,,,SI,SI,,,SI,,,,,,X,SI,X,X,,,,,,NO,,SI,,,X,,,,,SI,,X,X,,,,NO,NO,,,SI,X,,,,,,NO,NO,3,NO,,,,,,,,,X,X,X,X,X,X,,,,SI,NO,NO,NO,,,X,X,,,,,,,X,X,X,X,SI,SI,2,SI,1,,X,,,,X,,,,X,X,,X,,,,,SI,SI,3,NO,,X,,,,,SI,SI,SI,SI,SI,NO,NO,,4,,SI,NO,,//,NO,SI,SI,SI,SI,X,,X,X,,,,020-2024,,SI,SI,NO,,,,,,,,,,,,NO,,,,,,,NO,,,,,,B0,A1,2,040516,040006
0898338,0,073020,3AP,SAN RAFAEL,PUNTA DE BOMBON,PUNTA DE BOMBON,SI,SI,,X,,,,,SI,SI,,,SI,X,X,,X,X,,SI,X,X,X,X,,,,NO,,SI,,,X,,,,,SI,,X,,,,,SI,NO,,,SI,,,X,,,,SI,NO,8,SI,,X,,,,,SI,2,X,X,X,X,X,X,,,,SI,SI,SI,SI,SI,3,,,X,X,,,,,,,X,,SI,SI,5,SI,4,X,X,X,X,,,,,,,X,,,X,,,,SI,SI,3,SI,X,,,X,,,SI,SI,SI,SI,SI,SI,SI,0,,,SI,NO,,//,SI,SI,SI,SI,SI,,,X,,X,,,020,,SI,SI,NO,,,,,,,,,,,,NO,,,,,,,NO,,,,,,B0,B4,1,040706,040008
1577709,0,649881,3AP,SCHOOL INTERNACIONAL BLUMER,JACOBO HUNTER,SEÑOR DE LOS MILAGROS,NO,,,,,,,,SI,SI,,,SI,,,,,,X,SI,,,,X,,,,NO,,NO,,,,,,,,NO,,,,,,,,SI,6,,SI,X,,X,,,,SI,NO,8,NO,,,,,,,NO,,X,X,X,,,X,X,,,SI,SI,NO,SI,SI,3,X,,,,,,,,,,X,,SI,SI,6,SI,1,,,X,,,,,,,,,,,X,,,,NO,SI,12,SI,,,,X,,,SI,SI,NO,SI,SI,SI,SI,0,,,SI,NO,,//,SI,SI,NO,SI,SI,,,X,X,X,,,019,039,SI,NO,NO,,,,,,,,,,,,NO,,,,,,,NO,,,,,,B0,B4,1,040107,040002
0307074,0,061437,3AP,PIO XII,MARIANO MELGAR,GENERALÍSIMO SAN MARTÍN,NO,,,,,,,,SI,NO,1,,SI,X,,,,,,SI,X,X,X,,,,,SI,SI,SI,,,X,,,,,SI,,X,,,,,SI,NO,,,SI,X,X,,,,,SI,SI,9,SI,,X,X,X,,,NO,,X,X,X,X,X,X,X,,,SI,SI,SI,SI,SI,7,,X,,X,X,,,,X,X,X,X,SI,SI,19,SI,2,X,X,,,X,X,X,,,X,X,X,X,X,,,,SI,SI,15,SI,X,X,,X,,,SI,SI,SI,SI,SI,SI,SI,0,,,SI,NO,,//,SI,SI,SI,SI,SI,,X,X,X,,,,0172-2024,0025,SI,SI,NO,,,,,,,,,,,,SI,,X,X,X,,,SI,X,,,,,B0,A4,1,040109,040002
1791169,0,857243,3AP,SHERADON BRYCE,CERRO COLORADO,AREQUIPA,NO,,,,,,,,NO,,,,NO,X,,,,X,,SI,,,,,,X,,NO,,NO,,,,,,,,SI,,X,X,,,,NO,NO,,,NO,,,,,,,NO,NO,9,NO,,,,,,,NO,,,,,,,,,,,NO,,,,,,X,,,X,,,,,,X,,,NO,NO,,SI,2,,,,,X,,,,,,X,X,,,,,,SI,NO,,SI,X,X,,,,,SI,SI,SI,SI,SI,SI,SI,0,,,NO,,,//,NO,NO,,NO,NO,,,,X,,,,,,,,NO,,,,,,,,,,,,NO,,,,,,,SI,X,,,,,B0,B4,1,040104,040001
0313692,0,072959,3AP,40490 SEÑOR DE LOS DESAMPARADOS,PUNTA DE BOMBON,LA PUNTA,NO,,,,,,,,SI,SI,,,SI,,,,X,,,SI,,X,X,,,,,NO,,SI,,,X,X,,,,SI,,X,X,,,,NO,NO,,,SI,X,X,X,X,,,SI,SI,7,SI,X,,X,,,,,,X,X,X,X,X,X,,,,SI,SI,SI,SI,SI,3,X,X,,X,,X,,,X,,X,,SI,SI,8,SI,3,,X,X,,,X,,,,X,X,,,X,,,,SI,SI,5,SI,X,X,X,,,,SI,SI,SI,SI,SI,SI,SI,0,,,SI,NO,,//,NO,SI,SI,SI,SI,X,,X,X,X,,,18-2025,,SI,SI,NO,,,,,,,,,,,,NO,,,,,,,NO,,,,,,B0,A1,1,040706,040008
0312249,0,068293,3AP,40343,APLAO,FUNDO EL CASTILLO,NO,,,,,,,,NO,,,,SI,X,,,,,,SI,,X,,,,,,NO,,NO,,,,,,,,SI,,X,,,,,NO,NO,,,NO,,,,,,,NO,NO,9,SI,X,,,,,,,,X,,,,X,,,,,SI,SI,SI,SI,SI,1,X,,,X,,,,,,X,,,SI,SI,2,SI,3,X,X,,,,,,,,X,X,,,,,,,SI,NO,,SI,,,,X,,,SI,SI,SI,SI,SI,SI,SI,0,,,SI,NO,,//,NO,SI,SI,SI,NO,,X,,,,,,,,,,NO,,,,,,,,,,,,NO,,,,,,,NO,,,,,,B0,A1,2,040401,040005
0218933,0,533215,3AP,40087 JESUS MANUEL LOAYZA DEZA,SACHACA,SACHACA,NO,,,,,,,,SI,SI,,,SI,X,,,X,X,,SI,,X,,,X,,,NO,,SI,,,X,X,,,,SI,,X,X,,,,NO,NO,,,SI,X,,,,,,SI,NO,8,SI,X,X,,,,,,,X,X,X,X,X,X,,,,SI,SI,SI,SI,SI,4,X,X,,X,X,,,,X,X,X,X,SI,SI,3,SI,10,X,X,,X,X,X,X,,,X,X,,,,,,,SI,SI,4,SI,,X,,X,,,SI,SI,SI,SI,SI,SI,SI,0,,,SI,NO,,//,SI,SI,SI,SI,SI,,,X,,X,,,003-2025,,SI,NO,SI,,X,,,,,,,,,X,NO,,,,,,,SI,X,,,,,B0,A1,1,040117,040001
1335256,0,548071,3AP,IBEROAMERICANO,CERRO COLORADO,SEMI RURAL PACHACUTEC,NO,,,,,,,,SI,SI,,,SI,,,,,,X,SI,X,,,,,,,NO,,NO,,,,,,,,NO,,,,,,,,NO,,,SI,X,X,,,,,SI,SI,8,NO,,,,,,,NO,,,,,,,,,,,NO,,,,,,,,,,,X,,,X,,,,SI,NO,,SI,1,,,,,,,X,,,,,,,X,,,,SI,SI,5,SI,,,X,,,,SI,SI,SI,SI,SI,NO,SI,0,,,SI,SI,1,15/3/2024,SI,SI,NO,SI,SI,X,,,,,,,,,,,,,,,,,,,,,,,NO,,,,,,,NO,,,,,,B0,B4,1,040104,040001
1116771,0,552770,3AP,41069,ORCOPMPA,RUMIHUASI,NO,,,,,,,,SI,SI,,,SI,X,,,,,,SI,,,,,,X,,NO,,SI,,,,X,,,,NO,,,,,,,,NO,,,NO,,,,,,,SI,NO,8,NO,,,,,,,,,X,,,,X,X,,,,SI,SI,SI,SI,NO,,X,,X,,,X,,,X,X,X,,NO,SI,1,SI,4,,X,X,X,X,X,X,,,X,X,X,X,,,,,SI,SI,6,SI,X,,X,X,,,SI,SI,SI,SI,SI,SI,SI,0,,,SI,NO,,//,SI,SI,SI,SI,NO,,X,,,,,,,,,,NO,,,,,,,,,,,,NO,,,,,,,NO,,,,,,B0,A1,2,040409,040005
0636373,0,069264,3AP,40575,UÑON,PIRAUCHO,NO,,,,,,,,NO,,,,SI,X,,,,,,SI,,X,,,,,,NO,,NO,,,,,,,,SI,X,,,,,,NO,NO,,,SI,X,,,,,,NO,SI,9,SI,X,,,,,,,,X,,,,X,,,,,SI,SI,SI,SI,SI,1,,,,X,,,,,,X,,,SI,SI,1,SI,2,,X,,,,,,,,X,X,,,,,,,SI,NO,,SI,,,,X,,,SI,SI,SI,SI,SI,SI,SI,0,,,SI,NO,,//,NO,NO,,SI,NO,,X,,,,,,,,,,,,,,,,,,,,,,NO,,,,,,,NO,,,,,,B0,A1,2,040412,040005
0307256,0,067378,3AP,SAN MIGUEL,CARAVELI,CARAVELI,NO,,,,,,,,SI,NO,1,,SI,X,,,,X,,SI,,,,,,X,,NO,,NS,,,,,,,,SI,,,X,X,,,SI,NO,,,SI,X,X,X,X,,,SI,SI,3,SI,X,X,X,X,,,,,X,X,X,X,X,X,,,,SI,SI,SI,SI,SI,5,X,X,X,X,X,X,,,X,X,X,X,,SI,2,SI,5,X,X,X,X,X,X,X,,,X,X,X,X,X,,,,SI,SI,20,SI,X,X,X,X,,,SI,SI,SI,SI,SI,SI,NO,,4,,SI,NO,,//,SI,SI,SI,SI,SI,X,X,X,X,X,,,046-2025,008,SI,SI,SI,X,X,X,X,X,X,,,X,X,X,SI,X,X,X,X,,,SI,X,X,X,,,B0,A4,1,040301,040004
0845206,0,057063,3AP,SAGRADO CORAZÓN DE JESÚS,AREQUIPA,URBANIZACIÓN MUNICIPAL,NO,,,,,,,,SI,SI,,,SI,X,,,X,X,,SI,X,,,,,,,NO,,NO,,,,,,,,SI,,X,X,,,,SI,NO,,,SI,X,,,,,,SI,SI,8,SI,,X,,,,,NO,,X,X,X,,X,X,X,,,SI,SI,SI,SI,SI,3,X,X,,,,X,,,X,,X,X,SI,SI,6,SI,8,X,X,X,X,X,X,X,,,X,X,,X,X,,,,SI,SI,4,SI,X,X,,X,,,SI,SI,SI,SI,SI,SI,SI,0,,,SI,SI,2,4/12/2024,SI,SI,SI,SI,SI,,X,X,,X,,,,22,SI,NO,NO,,,,,,,,,,,,NO,,,,,,,SI,,X,,,,B0,B4,1,040101,040001
1341551,0,864880,3AP,MENDEL PEDREGAL,MAJES,VILLA PEDREGAL,NO,,,,,,,,SI,SI,,,SI,X,,,,,,SI,X,,,,,,,NO,,NO,,,,,,,,SI,,,X,,,,NO,NO,,,SI,X,,X,,,,SI,SI,4,NO,,,,,,,NO,,,,,,,,,,,SI,SI,SI,NO,,,X,X,,,,X,,,X,,X,,NO,SI,5,SI,2,,X,,,,,X,,,,X,X,,X,,,,SI,SI,9,SI,,X,,,,,SI,SI,SI,SI,SI,SI,SI,0,,,NO,,,//,SI,SI,SI,SI,SI,X,,,,,,,,,,,,,,,,,,,,,,,SI,,X,,,,,SI,,X,,,,B0,B4,1,040520,040010
0770040,0,072370,3AP,41050 DIVINO MAESTRO,MOLLENDO,MOLLENDO,NO,,,,,,,,SI,SI,,,SI,X,,,,,,SI,X,,,,,,,NO,,SI,,,X,,,,,SI,,X,X,X,,,NO,SI,,1,SI,X,,X,,,,SI,NO,8,SI,X,,X,,,,,,X,X,X,X,X,X,,,,SI,SI,SI,SI,SI,3,X,X,,X,,,,,X,,X,,SI,SI,6,SI,5,X,X,X,,X,X,X,,,X,X,X,X,,,,,SI,SI,5,SI,X,,X,X,,,SI,SI,SI,SI,SI,SI,SI,0,,,SI,NO,,//,NO,SI,SI,SI,SI,,,X,,X,,,019-2025,,SI,SI,NO,,,,,,,,,,,,NO,,,,,,,NO,,,,,,B0,A1,1,040701,040008
0226852,0,112111,3AP,40045 LIVIA BERNAL DE BALTAZAR,CAYMA,,NO,,,,,,,,SI,NO,1,,SI,X,,,,,,SI,X,,,,,,,NO,,NO,,,,,,,,SI,,,X,,,,NO,SI,2,0,SI,,,X,,,,SI,SI,3,NO,,,,,,,,,X,X,X,X,,,,,,SI,SI,SI,SI,SI,4,,X,,,,,,,X,X,,,SI,SI,12,SI,6,X,X,,,,,,,,,X,,,,,,,SI,SI,6,SI,,,,X,,,SI,SI,SI,SI,SI,SI,SI,2,,,SI,NO,,//,NO,SI,SI,SI,NO,X,,X,,,,,011-2025,020-2025,SI,SI,NO,,,,,,,,,,,,NO,,,,,,,NO,,,,,,B0,A1,1,040103,040001
1338318,0,707687,3AP,ANDRE BRETON,JOSE LUIS BUSTAMANTE Y RIVERO,JOSE LUIS BUSTAMANTE Y RIVERO,NO,,,,,,,,SI,SI,,,SI,,,,,,X,SI,,,,,,X,,SI,SI,SI,,,X,,,,,SI,,X,,X,,,NO,NO,,,SI,X,,,,,,SI,SI,3,NO,,,,,,,NO,,X,X,X,X,X,X,X,,,SI,SI,SI,SI,NO,,,X,X,,X,X,,,X,X,X,X,NO,SI,4,SI,2,,,,,,,,,,X,X,,X,X,,,,SI,NO,,SI,,X,,,,,SI,SI,SI,SI,SI,SI,SI,0,,,SI,NO,,//,NO,SI,SI,SI,SI,,,,X,,,,,,,,NO,,,,,,,,,,,,NO,,,,,,,NO,,,,,,B0,B4,1,040129,040002
0845248,0,060414,3AP,40018 PEDRO VILLENA HIDALGO,JACOBO HUNTER,,NO,,,,,,,,SI,SI,,,SI,X,,,X,X,,SI,X,X,X,X,,,,SI,SI,SI,,,X,,,,,SI,X,X,X,,,,SI,NO,,,SI,X,,X,,,,SI,SI,8,NO,,,,,,,,,X,X,X,X,X,X,,,,SI,SI,SI,SI,SI,4,X,X,X,X,X,X,,,X,X,,,SI,SI,6,SI,3,X,X,X,,X,X,X,,,X,X,X,X,,,,,SI,SI,5,SI,X,X,X,X,,,SI,SI,SI,SI,SI,SI,SI,3,,,SI,NO,,//,SI,SI,SI,SI,SI,,,X,X,X,X,POLICIA ESCOLAR,112-2025,061,SI,SI,SI,X,X,X,,,X,,,X,X,,SI,X,X,X,X,,,SI,X,X,X,,,B0,A1,1,040107,040002
0845180,0,060621,3AP,COLEGIO SAN MARCOS DE LEON,JACOBO HUNTER,AREQUIPA,SI,SI,,,,X,,,NO,,,,SI,X,X,,,,,SI,,,,,,X,,SI,NO,NO,,,,,,,,SI,,,X,X,,,SI,NO,,,SI,X,,,,,,SI,NO,8,SI,,,,X,,,NO,,X,X,X,X,X,X,X,,,SI,SI,SI,SI,SI,3,X,X,,X,X,,,,X,X,X,X,SI,SI,6,SI,4,X,X,X,X,,,X,,,X,X,X,X,X,,,,SI,SI,5,SI,,X,,X,,,SI,SI,SI,SI,SI,SI,SI,0,,,SI,NO,,//,SI,SI,SI,SI,SI,,,X,,X,,,028,,SI,SI,,,,,,,,,,,,,SI,X,X,X,X,,,SI,,,X,,,B0,B4,1,040107,040002
1334952,0,547873,3AP,SAN JUAN MASIAS,CAYMA,AREQUIPA,NO,,,,,,,,SI,SI,,,SI,X,,,,,,SI,X,,X,,,,,NO,,SI,,,X,,,,,SI,,,X,X,,,NO,NO,,,SI,,,X,X,,,SI,SI,8,NO,,,,,,,NO,,X,X,X,X,X,X,X,,,SI,SI,SI,SI,SI,3,X,X,X,,,,,,X,X,X,,SI,SI,6,SI,2,,X,,,,,,,,X,X,X,,X,,,,SI,SI,2,SI,X,,,,,,SI,SI,SI,SI,SI,SI,SI,0,,,SI,NO,,//,SI,SI,SI,SI,SI,,,X,X,,,,083-2024.DIEP,,SI,SI,NO,,,,,,,,,,,,NO,,,,,,,NO,,,,,,B0,B4,1,040103,040001
1699503,0,612118,3AP,SANTISIMA TRINIDAD,CERRO COLORADO,AREQUIPA,NO,,,,,,,,SI,SI,,,SI,X,,,,X,,SI,X,,,,,,,NO,,NO,,,,,,,,SI,X,X,X,X,,,SI,NO,,,NO,,,,,,,SI,SI,3,NO,,,,,,,NO,,X,X,X,,X,,,,,SI,SI,SI,NO,,,,,,X,,,,,,X,,,NO,SI,6,SI,2,X,X,X,,X,,X,,,X,X,,,,,,,SI,SI,2,SI,X,X,,,,,SI,SI,SI,SI,SI,SI,SI,0,,,SI,NO,,//,NO,SI,SI,SI,SI,,,X,,,,,20,,SI,SI,NO,,,,,,,,,,,,NO,,,,,,,NO,,,,,,B0,B4,1,040104,040001
0219865,0,062578,3AP,40181 ALTO JESUS,PAUCARPATA,ALTO JESÚS,NO,,,,,,,,SI,SI,,,SI,X,,,,X,,SI,X,X,,,,,,SI,SI,SI,,,X,,,,,SI,X,X,X,,,,SI,NO,,,SI,X,,,,,,SI,SI,8,NO,,,,,,,,,X,X,X,,X,X,X,,,SI,SI,SI,SI,NO,,X,X,,X,,,,,X,X,X,X,SI,SI,6,SI,2,,,X,,,X,,,,X,X,,X,,,,,NO,SI,5,SI,X,,,X,,,SI,SI,SI,SI,SI,SI,SI,0,,,SI,NO,,//,NO,SI,SI,SI,SI,X,,X,,X,,,076,,SI,SI,NO,,,,,,,,,,,,NO,,,,,,,NO,,,,,,B0,A1,1,040112,040002
1607589,0,057708,3AP,DIVINO REDENTOR,LA JOYA,ESTACION DE VITOR,NO,,,,,,,,SI,SI,,,SI,,,,,,X,SI,X,,,,,,,SI,SI,SI,,,,,,X,CENTRO DE SALUD,SI,X,X,X,X,,,SI,NO,,,SI,,,X,X,X,VACUNACION,SI,NO,6,SI,,X,,,,,NO,,X,X,X,X,X,X,X,X,AUXILIAR,SI,SI,SI,SI,SI,3,X,X,X,,,X,,,X,,X,,SI,SI,7,SI,2,,X,,,X,X,,,,X,X,,X,X,,,,SI,SI,4,SI,X,,,,X,DIALOGO FAMILIAS,SI,SI,SI,SI,SI,SI,SI,0,,,SI,NO,,//,SI,SI,SI,SI,SI,X,X,,,X,,,,,,,,,,,,,,,,,,,SI,,X,,X,,,NO,,,,,,B0,B4,1,040108,040010
0219097,0,065416,3AP,40102 NUESTRA SEÑORA DEL CARMEN PATRONA DE YURA,YURA,LA ESTACION,NO,,,,,,,,SI,SI,,,SI,X,,,,,,SI,,,,,X,,,NO,,NS,,,,,,,,SI,X,,X,X,,,NO,NO,,,SI,X,,,,,,SI,SI,8,NO,,,,,,,,,X,X,X,X,X,X,,,,SI,SI,NO,SI,SI,3,X,X,X,X,X,X,,,X,X,X,X,SI,SI,3,SI,2,X,,,,X,,,,,X,X,,X,,,,,SI,SI,3,SI,,X,,X,,,SI,SI,SI,SI,SI,SI,SI,0,,,SI,NO,,//,SI,SI,SI,SI,SI,X,,,,X,,,,,,,NO,,,,,,,,,,,,SI,,,X,,,,NO,,,,,,B0,A1,2,040128,040001
0313122,0,071827,3AP,40432 VICTOR RAUL HAYA DE LA TORRE,CHICHAS,CHICHAS,NO,,,,,,,,SI,SI,,,SI,X,,,,,,SI,X,,,X,,,,SI,SI,SI,,,X,X,,,,SI,,X,X,X,,,SI,NO,,,SI,X,,X,,,,NO,NO,8,SI,X,X,X,,,,,,X,X,X,X,X,X,,,,SI,SI,SI,SI,SI,4,X,X,,,,X,,,X,X,X,X,SI,SI,1,SI,2,X,X,X,X,X,X,X,,,X,X,,,,,,,SI,SI,4,SI,,,X,,,,SI,SI,SI,SI,SI,SI,SI,0,,,SI,NO,,//,SI,SI,SI,SI,SI,X,X,X,,,,,019,,SI,SI,,,,,,,,,,,,,NO,,,,,,,NO,,,,,,B0,A1,2,040604,040007
1635598,0,849535,3AP,INNOVA KIDS II,CERRO COLORADO,VILLA CERRILLOS,NO,,,,,,,,SI,SI,,,SI,X,,,X,,,SI,X,,,,,,,NO,,NO,,,,,,,,SI,,X,X,X,,,NO,NO,,,SI,X,X,,,,,SI,SI,8,NO,,,,,,,NO,,X,X,X,,,,X,,,SI,SI,SI,SI,SI,5,X,,,,,X,,,X,,X,X,SI,SI,5,SI,3,,X,,,X,,X,,,X,X,,X,,,,,SI,SI,2,SI,X,X,,X,,,SI,SI,SI,SI,SI,SI,SI,0,,,SI,NO,,//,SI,SI,SI,SI,SI,,X,,,,,,,,,,,,,,,,,,,,,,SI,X,,,,,,NO,,,,,,B0,B4,1,040104,040001
1390848,0,545609,3AP,LICEE JEAN BAPTISTE LAMARCK,AREQUIPA,AREQUIPA,SI,SI,X,,,,,,SI,SI,,,SI,X,,,,,,SI,X,,,,,,,NO,,NO,,,,,,,,SI,X,X,X,X,,,NO,NO,,,NO,,,,,,,SI,NO,8,SI,,X,X,X,,,NO,,X,X,X,,X,,X,,,SI,SI,SI,SI,SI,5,X,X,X,X,,X,,,X,X,X,X,SI,SI,6,SI,2,,X,X,,,X,X,,,X,X,X,X,X,,,,NO,SI,6,SI,X,X,X,X,,,SI,SI,SI,SI,SI,NO,SI,1,,,SI,SI,1,24/4/2024,SI,NO,,SI,SI,,,,X,,,,,,,,NO,,,,,,,,,,,,NO,,,,,,,NO,,,,,,B0,B4,1,040101,040001
1116813,0,059552,3AP,40671,CERRO COLORADO,VILLA SAN JUAN,SI,SI,,,,X,,,SI,SI,,,SI,X,,,,,,SI,X,,X,,,,,NO,,NO,,,,,,,,SI,,X,,X,,,NO,NO,,,NO,,,,,,,SI,SI,6,SI,X,,,X,,,,,X,X,X,X,X,X,,,,SI,SI,SI,SI,SI,2,X,X,,,,,,,X,,X,X,NO,SI,1,SI,1,X,X,,,X,X,X,,,X,X,,,X,,,,SI,SI,10,SI,,,,X,,,SI,SI,SI,SI,SI,SI,SI,0,,,SI,SI,1,6/7/2024,NO,SI,NO,SI,NO,,,X,,X,,,031-2024,036-2024,NO,,NO,,,,,,,,,,,,NO,,,,,,,NO,,,,,,B0,A1,1,040104,040001
0736108,0,847334,3AP,40622,CAYLLOMA,TINTAYANI,NO,,,,,,,,SI,SI,,,SI,X,,,,,,SI,X,,,,,,,NO,,SI,,,X,,,,,SI,X,,,,,,NO,NO,,,SI,X,,,,,,NO,SI,8,NO,,,,,,,,,X,,,,X,X,,,,SI,SI,SI,SI,SI,3,X,,X,X,X,X,,,X,X,X,X,SI,SI,1,SI,3,,X,,,X,,X,,,,,X,X,X,,,,SI,SI,6,SI,,,X,,,,SI,SI,SI,SI,SI,SI,SI,0,,,SI,NO,,//,SI,SI,SI,SI,SI,,,,X,,,,,,,,NO,,,,,,,,,,,,SI,,X,,,,,SI,X,,,,,B0,A1,2,040505,040006
1532860,0,586256,3AP,VECTOR,JOSSE LUIS BUSTAMANTE Y RIVERO,AREQUIPA,SI,SI,X,,,,,,SI,SI,,,SI,,,,,,X,SI,,,,,,X,,SI,SI,NO,,,,,,,,SI,X,X,,,,,SI,NO,,,NO,,,,,,,SI,SI,9,NO,,,,,,,NO,,X,X,X,X,X,X,X,,,SI,SI,SI,SI,SI,2,X,X,X,X,X,X,,,X,X,X,X,SI,SI,14,SI,3,X,X,X,X,X,X,X,,,X,X,X,X,X,,,,SI,NO,,SI,X,X,X,X,,,SI,SI,SI,SI,SI,SI,SI,2,,,SI,SI,2,16/8/2024,SI,SI,SI,SI,SI,X,,X,X,,,,014,0016,SI,SI,NO,,,,,,,,,,,,NO,,,,,,,NO,,,,,,B0,B4,1,040129,040002
0845271,0,061687,3AP,AMERICA,MARIANO MELGAR,MARIANO MELGAR,NO,,,,,,,,SI,SI,,,SI,,,,,,X,SI,X,X,,,,,,NO,,NO,,,,,,,,SI,,X,X,X,,,NO,NO,,,SI,X,X,,,,,SI,NO,8,NO,,,,,,,NO,,X,X,X,X,X,X,,,,SI,SI,SI,SI,SI,4,X,X,X,,,,,,X,X,X,,SI,SI,6,NO,,,,,,,,,,,X,X,,X,,,,,SI,NO,,SI,X,,,X,,,SI,SI,SI,SI,SI,SI,SI,0,,,SI,NO,,//,SI,SI,NO,SI,SI,,X,,,X,,,,,,,,,,,,,,,,,,,NO,,,,,,,NO,,,,,,B0,B4,1,040109,040002
1371483,0,533300,3AP,LA MEDALLA MILAGROSA,PAUCARPATA,,NO,,,,,,,,SI,SI,,,SI,X,X,X,X,X,,SI,X,X,,,,,,NO,,SI,,,X,,,,,SI,X,X,X,,,,SI,NO,,,SI,X,X,X,X,,,SI,SI,8,SI,,X,,X,,,NO,,X,,X,,,X,X,,,SI,NO,NO,SI,SI,3,X,X,X,X,X,X,,,X,X,X,X,SI,SI,9,SI,1,,X,,,,,,,,X,X,X,,X,,,,SI,SI,5,SI,X,X,,,,,SI,SI,SI,SI,SI,SI,SI,0,,,SI,NO,,//,SI,SI,SI,NO,SI,X,X,X,,,,,RD-001,OF-001,SI,SI,SI,,,,,X,X,,,,,X,SI,,X,X,X,,,NO,,,,,,B0,B4,1,040112,040002
1030394,0,056493,3AP,JOHN WESLEY,AREQUIPA,AREQUIPA,NO,,,,,,,,NO,,,,SI,X,,X,X,,,SI,X,,X,,,,,SI,SI,NO,,,,,,,,SI,X,X,X,,X,ESCUELA DE PADRES,SI,NO,,,SI,X,,,,,,SI,SI,8,NO,,,,,,,NO,,X,X,X,X,X,X,X,,,SI,SI,SI,SI,SI,3,X,X,,X,,X,,,X,X,X,X,SI,SI,6,SI,6,X,X,,,X,X,,,,X,X,,,X,,,,SI,SI,65,SI,X,X,X,X,,,SI,SI,SI,SI,SI,SI,SI,0,,,SI,NO,,//,SI,SI,SI,SI,SI,X,X,X,X,X,,,R.D. 208-2025,17-2025-DIEP,SI,SI,NO,,,,,,,,,,,,SI,,X,X,X,,,NO,,,,,,B0,B4,1,040101,040001
0844340,0,058010,3AP,40261 TOMAS GUZMAN GOMEZ,ALTO SELVA ALEGRE,LEONES DEL MISTI,NO,,,,,,,,SI,SI,,,SI,X,,,,,,SI,X,,,,,,,NO,,NO,,,,,,,,SI,,X,,,,,NO,NO,,,SI,X,,X,,,,SI,NO,8,SI,X,,,,,,,,X,X,X,X,X,X,,,,SI,SI,SI,SI,SI,2,,X,,X,,,,,X,X,X,X,SI,SI,6,SI,4,X,X,,,,X,X,,,,X,,,,,,,SI,SI,5,SI,,X,,X,,,SI,SI,SI,NO,SI,SI,SI,0,,,SI,NO,,//,NO,SI,SI,SI,SI,X,X,X,,X,,,RD 079,,SI,SI,NO,,,,,,,,,,,,NO,,,,,,,SI,X,,,,,B0,A1,1,040102,040002
1238849,0,059868,3AP,ANGELUS,CERRO COLORADO,CERRO COLORADO,NO,,,,,,,,SI,SI,,,SI,X,,,X,X,,SI,X,,,,,,,SI,SI,SI,,,X,,,,,SI,,X,,,,,SI,NO,,,NO,,,,,,,SI,SI,5,NO,,,,,,,NO,,X,,X,,,,,,,SI,SI,SI,SI,SI,4,X,X,X,,,,,,X,X,X,X,SI,SI,8,SI,4,X,X,X,X,X,X,,,,X,X,X,X,,,,,SI,SI,8,SI,,X,X,X,,,SI,SI,SI,SI,SI,NO,SI,0,,,SI,NO,,//,NO,SI,SI,SI,SI,X,,,,X,,,,,,,,,,,,,,,,,,,SI,,X,X,X,,,NO,,,,,,B0,B4,1,040104,040001
1734029,0,861693,3AP,TALENTOS AREQUIPA,CERCADO,,NO,,,,,,,,SI,SI,,,SI,X,,,,,,SI,X,,,,,,,SI,SI,NO,,,,,,,,SI,X,X,X,X,,,SI,NO,,,SI,X,,,,,,SI,SI,3,NO,,,,,,,SI,2,X,X,X,,,,,,,SI,SI,SI,SI,SI,3,X,X,,,,X,,,X,X,X,X,SI,SI,6,SI,3,,X,,X,X,X,,,,,X,X,X,X,,,,SI,SI,15,SI,X,X,X,X,,,SI,SI,SI,SI,SI,SI,SI,0,,,SI,NO,,//,SI,SI,SI,SI,SI,,,X,X,,,,149,0029,SI,SI,NO,,,,,,,,,,,,NO,,,,,,,NO,,,,,,B0,B4,1,040101,040001
1333194,0,113455,3AP,JOHN G. LAKE,CAYMA,AREQUIPA,NO,,,,,X,,,SI,SI,,,SI,X,,,,,,SI,X,,X,,,,,NO,,NO,,,,,,,,SI,,X,,X,,,SI,NO,,,SI,,,,,X,VACUNACION,SI,NO,7,NO,,,,,,,,,X,X,X,X,X,X,X,,,SI,SI,SI,SI,SI,3,X,X,,X,,,X,FESTIFAMILIA JOHNGLAKINA,X,,X,,SI,SI,6,SI,6,X,X,X,,X,X,,,,,X,,X,X,,,,SI,SI,10,SI,,,,X,,,SI,SI,SI,SI,SI,SI,SI,0,,,NO,,,//,NO,SI,SI,SI,SI,,,X,,X,X,POLICIA ESCOLAR,0073-2024,,SI,NO,SI,,X,,,,,,,,,X,NO,,,,,,,SI,X,,,,,B0,A4,1,040103,040001
0226464,0,064718,3AP,40005,UCHUMAYO,EL CURAL,SI,SI,X,,,,,,SI,SI,,,SI,X,,X,,,,SI,X,,,,X,,,SI,SI,SI,,,X,,,,,SI,,,X,,X,ESCUELA PARA PADRES,SI,NO,,,SI,X,,X,,,,SI,SI,8,SI,X,X,,,,,,,X,X,X,X,X,X,,,,SI,SI,SI,SI,SI,3,X,X,X,X,X,,,,X,X,X,X,SI,SI,3,SI,7,X,X,X,,X,X,X,,,X,X,X,X,X,,,,NO,SI,15,SI,,X,,X,,,SI,SI,SI,SI,SI,SI,SI,1,,,SI,SI,1,23/8/2024,SI,SI,SI,SI,SI,,,X,,X,,,024-2025,,SI,SI,SI,X,X,,,,,,,,,X,SI,,X,,,,,SI,,,,X,PAGINA WEB MINEDU,B0,A1,2,040124,040001
1698786,0,781309,3AP,MATER MARIA SCHOOL,JOSE LUIS BUSTAMANTE Y RIVERO,CERRO JULI,NO,,,,,,,,NO,,,,SI,,,,,,X,SI,X,,,,,,,NO,,NO,,,,,,,,NO,,,,,,,,NO,,,SI,,,,,X,VPH,SI,NO,8,NO,,,,,,,NO,,X,X,X,X,X,X,,,,SI,NO,NO,SI,SI,1,X,,X,,,,,,X,,,,NO,SI,3,NO,,,,,,,,,,,,X,,,,,,,SI,NO,,NO,X,,,,,,SI,SI,SI,SI,SI,SI,SI,0,,,SI,NO,,//,NO,SI,NO,NO,NO,,,X,,,,,,011,SI,NO,NO,,,,,,,,,,,,NO,,,,,,,NO,,,,,,B0,B4,1,040129,040002
1615541,0,861711,3AP,WORLD SCHOOL,YANAHUARA,AREQUIPA,NO,,,,,,,,SI,SI,,,SI,X,,,,,,SI,X,,,,,,,NO,,NO,,,,,,,,SI,,,X,,,,NO,NO,,,NO,,,,,,,SI,NO,8,NO,,,,,,,NO,,,,,,,,,,,NO,,,NO,NO,,X,,,,,,,,X,,,,NO,SI,6,SI,1,,,,,,,X,,,,X,,,,,,,SI,NO,,SI,X,,,,,,SI,SI,SI,NO,SI,SI,SI,0,,,SI,NO,,//,SI,SI,NO,SI,SI,,,X,,,,,,16,SI,NO,NO,,,,,,,,,,,,NO,,,,,,,NO,,,,,,B0,B4,1,040126,040001
0226555,0,055323,3AP,40015 VALLECITO,AREQUIPA,AREQUIPA,NO,,,,,,,,SI,SI,,,SI,,,,,,X,SI,X,,X,,,,,SI,SI,SI,,,X,,,,,SI,,X,X,X,,,NO,SI,,5,SI,X,,X,,,,SI,SI,9,SI,X,X,X,X,,,NO,,X,X,X,X,X,X,X,,,SI,SI,SI,SI,SI,6,X,X,,X,X,X,,,X,,X,X,SI,SI,10,SI,6,X,X,X,,X,X,X,,,X,X,X,X,X,,,,SI,SI,20,SI,,,,X,,,SI,SI,SI,SI,SI,SI,SI,1,,,SI,NO,,//,SI,SI,SI,SI,SI,,,X,,X,,,,101-2024,SI,SI,NO,,,,,,,,,,,,NO,,,,,,,NO,,,,,,B0,A1,1,040101,040001
0898437,0,060051,3AP,SEÑOR DE LA ESPERANZA,CERRO COLORADO,CIUDAD MUNICIPAL,NO,,,,,,,,SI,SI,,,SI,X,X,,X,X,,SI,X,X,,,,,,SI,SI,SI,,,X,,,,,SI,X,X,X,X,,,SI,NO,,,SI,X,X,X,X,,,SI,SI,8,SI,X,X,X,X,,,SI,2,X,X,X,,,X,,,,SI,SI,SI,SI,SI,4,X,X,,X,,X,,,X,X,X,X,SI,SI,3,SI,10,X,X,X,X,X,X,X,,,X,X,X,X,X,,,,SI,SI,15,SI,X,X,X,X,,,SI,SI,SI,SI,SI,SI,SI,0,,,SI,NO,,//,SI,SI,SI,SI,SI,,,X,,,,,052,11,SI,SI,SI,,X,X,,,X,,,,,X,SI,X,X,X,X,,,SI,X,X,X,,,B0,B4,1,040104,040001
0219907,0,062615,3AP,40185 SAN JUAN BAUTISTA DE JESUS,PAUCARPATA,URB MANCO CAPAC,NO,,,,,,,,SI,SI,,,SI,X,,,,,,SI,X,,X,,,,,SI,SI,SI,,,X,,,,,NO,,,,,,,,NO,,,SI,X,X,,,,,SI,SI,8,NO,,,,,,,,,X,X,,,,,,,,SI,SI,SI,SI,NO,,,,,,,X,,,X,,X,,SI,SI,6,SI,2,,,,,,X,,,,,,,,X,,,,SI,NO,,SI,X,,,X,,,SI,SI,SI,SI,SI,SI,SI,0,,,SI,NO,,//,NO,SI,SI,SI,SI,,,X,X,,,,015-2025,,SI,SI,NO,,,,,,,,,,,,SI,X,X,,,,,SI,X,,,,,B0,A1,1,040112,040002
0723858,0,120192,3AP,41006 JORGE POLAR,JOSÉ LUIS BUSTAMANTE Y RIVERO,LA MELGARIANA,NO,,,,,,,,SI,SI,,,SI,X,,,X,,,SI,X,,,,,,,NO,,SI,,,X,,,,,SI,X,X,X,,,,NO,NO,,,SI,X,X,X,X,,,SI,NO,5,SI,,,X,,,,NO,,X,X,X,X,X,X,X,,,SI,SI,SI,SI,SI,2,X,X,X,X,,X,,,X,X,X,X,SI,SI,19,SI,3,X,X,,,X,X,X,,,X,X,,X,X,X,,ESCUELA DE PADRES,SI,SI,2,SI,X,X,,X,,,SI,SI,SI,SI,SI,SI,SI,0,,,SI,SI,3,9/12/2024,SI,SI,SI,SI,SI,,X,X,,X,,,189,89,SI,SI,SI,X,X,X,,,,,,,,X,NO,,,,,,,NO,,,,,,B0,A1,1,040129,040002
1368356,0,551469,3AP,NIÑO SALVADOR,PAUCARPATA,JORGE CHAVEZ,NO,,,,,,,,NO,,,,SI,,,,,X,,SI,X,,,,,,,NO,,NO,,,,,,,,SI,,,X,,,,NO,NO,,,NO,,,,,,,SI,NO,8,NO,,,,,,,NO,,X,X,X,X,X,X,,,,SI,SI,SI,NO,NO,,,,X,X,,,,,X,,X,,NO,SI,4,NO,,,,,,,,,,,X,X,X,,,,,,NO,SI,3,SI,X,X,,X,,,SI,SI,SI,NO,SI,SI,SI,0,,,SI,NO,,//,SI,SI,NO,SI,SI,X,,X,,,,,R.D.N°012-2025,,SI,NO,NO,,,,,,,,,,,,NO,,,,,,,NO,,,,,,B0,B4,1,040112,040002
0895680,0,063144,3AP,SAN ANTONIO DE PADUA,PAUCARPATA,GUARDIA CIVIL,NO,,,,,,,,SI,SI,,,SI,,,,,,X,SI,X,,,,,,,NO,,NO,,,,,,,,SI,,,X,,,,NO,NO,,,SI,X,,X,,,,SI,SI,8,NO,,,,,,,NO,,X,X,X,X,X,X,X,,,SI,SI,SI,SI,SI,2,X,X,,,,,,,X,X,X,X,SI,SI,6,SI,3,,X,X,,X,,,,,X,X,,X,,,,,SI,SI,15,SI,X,X,,,,,SI,SI,SI,SI,SI,SI,SI,0,,,SI,NO,,//,SI,SI,SI,SI,SI,X,,X,,X,,,020,010,SI,SI,NO,,,,,,,,,,,,NO,,,,,,,NO,,,,,,B0,B4,1,040112,040002
1281294,0,998709,3AP,DIVINO CRISTO OBRERO,CAYMA,FRANCISCO BOLOGNESI,SI,SI,X,,,,,,SI,SI,,,SI,X,,,,,,SI,X,,,,,,,NO,,NO,,,,,,,,SI,,,X,,,,NO,NO,,,NO,,,,,,,SI,NO,8,NO,,,,,,,NO,,X,X,X,X,,,,,,SI,SI,SI,SI,SI,3,X,,,,,,,,X,,,,SI,SI,7,SI,7,,X,,X,,X,X,,,X,,,,,,,,SI,SI,2,SI,X,,,,,,SI,SI,SI,NO,SI,SI,SI,0,,,SI,NO,,//,SI,SI,SI,SI,SI,,,X,,,,,,0026-2025,SI,NO,NO,,,,,,,,,,,,NO,,,,,,,NO,,,,,,B0,B4,1,040103,040001
1731355,0,758865,3AP,LUCERITOS DE DIOS,CERRO COLORADO,AREQUIPA,NO,,,,,,,,SI,SI,,,SI,X,X,,,,,SI,X,X,,,,,,SI,SI,SI,,,X,,,,,SI,,X,,,,,NO,SI,,2,SI,X,,,,,,SI,NO,8,SI,,X,,X,,,,,X,X,X,X,X,X,,,,SI,SI,SI,SI,SI,3,X,X,,X,,,,,X,,X,,SI,SI,6,SI,2,,X,,,,X,,,,X,X,,,X,,,,SI,SI,5,SI,X,,,X,,,SI,SI,SI,SI,SI,SI,SI,0,,,SI,SI,1,12/11/2024,NO,SI,SI,SI,NO,,,X,,X,,,025,0,SI,SI,NO,,,,,,,,,,,,NO,,,,,,,NO,,,,,,B0,A1,1,040104,040001
0472233,0,063002,3AP,VIRGEN DE CHAPI,PAUCARPATA,NUEVO PERU,NO,,,,,,,,SI,SI,,,SI,X,,,,,,SI,X,,X,,,,,SI,SI,SI,,,X,,,,,SI,,X,X,,,,NO,NO,,,NO,,,,,,,NO,SI,6,SI,X,,,,,,,,X,,X,X,X,X,,,,SI,SI,SI,SI,SI,5,,X,X,X,X,X,,,X,X,X,X,SI,SI,6,SI,1,X,X,X,X,X,X,X,,,X,X,X,X,X,,,,SI,SI,2,SI,X,X,X,X,,,SI,SI,SI,SI,SI,SI,SI,1,,,SI,NO,,//,SI,SI,SI,SI,SI,X,X,X,,X,,,055-2024,160,SI,SI,NO,,,,,,,,,,,,SI,,X,,,,,NO,,,,,,B0,A4,1,040112,040002
1518562,0,843232,3AP,ESPIRITU SANTO,ISLAY,MATARANI,SI,SI,,,X,,,,SI,SI,,,SI,,,,,,X,SI,X,,,,,,,NO,,SI,,,X,,,,,SI,,X,,,,,NO,NO,,,SI,X,,,,,,SI,NO,8,SI,,,X,,,,NO,,X,,X,,,,,,,SI,SI,NO,NO,,,X,X,,,,X,,,X,X,X,,NO,SI,6,NO,,,,,,,X,,,,,X,,,X,,,,SI,SI,5,SI,,X,,,,,SI,SI,SI,SI,SI,SI,SI,0,,,SI,NO,,//,SI,SI,NO,SI,SI,X,,X,,,,,032-2025,,NO,,NO,,,,,,,,,,,,NO,,,,,,,NO,,,,,,B0,B4,1,040704,040008
1757186,0,830102,3AP,ADALID,MARIANO MELGAR,,NO,,,,,,,,SI,SI,,,SI,X,,,X,X,,SI,X,,,,,,,SI,SI,SI,,,X,,,,,SI,,,X,,,,SI,NO,,,SI,,,X,X,,,SI,NO,8,SI,,,X,,,,SI,2,X,X,X,X,X,X,X,,,SI,SI,SI,SI,SI,3,,,,,X,,,,X,,X,,SI,SI,3,SI,3,,X,X,X,,X,X,,,X,,,,X,,,,SI,SI,15,SI,X,,,X,,,SI,SI,SI,SI,SI,SI,SI,0,,,SI,NO,,//,SI,SI,NO,SI,SI,,,,X,,,,,,,,NO,,,,,,,,,,,,NO,,,,,,,NO,,,,,,B0,B4,1,040109,040002
1334960,0,059180,3AP,PARAISO,CAYMA,ACEQUIA ALTA,NO,,,,,,,,NO,,,,SI,X,,,,,,SI,X,,,,,,,NO,,NO,,,,,,,,SI,X,X,X,,,,NO,NO,,,SI,X,,X,,,,SI,SI,3,SI,X,,,,,,NO,,,,,,,,,,,SI,SI,SI,SI,SI,2,,X,X,X,,,,,X,,X,,SI,SI,6,SI,1,X,X,X,X,,,,,,,X,X,,X,,,,SI,NO,,SI,X,X,X,X,,,SI,SI,SI,SI,SI,SI,SI,0,,,SI,NO,,//,SI,SI,SI,SI,SI,,,,X,,,,,,,,NO,,,,,,,,,,,,SI,X,X,X,X,,,SI,X,X,,,,B0,B4,1,040103,040001
0895920,0,066213,3AP,STELLA MARIS,JOSÉ LUIS BUSTAMATE Y RIVERO,ADEPA,NO,,,,,,,,SI,SI,,,SI,X,,,X,X,,SI,,,,,,X,,NO,,NO,,,,,,,,SI,X,X,,X,,,NO,NO,,,SI,X,,X,,,,SI,SI,8,NO,,,,,,,NO,,,,,,,,,,,SI,SI,SI,SI,SI,2,X,X,X,X,,X,,,X,X,X,,SI,SI,6,SI,1,,,X,,,X,,,,X,X,X,X,X,,,,SI,SI,10,SI,X,X,X,X,,,SI,SI,SI,SI,SI,SI,SI,0,,,SI,NO,,//,SI,SI,NO,SI,SI,X,,X,X,X,,,035,028,SI,NO,SI,,,,,X,X,,,,,X,SI,,X,,X,,,SI,X,,,,,B0,B4,1,040129,040002
0311407,0,066982,3AP,40255,OCOÑA,HUANTAY,NO,,,,,,,,SI,SI,,,SI,,,,,,X,SI,,,,,,X,,NO,,NO,,,,,,,,NO,,,,,,,,NO,,,NO,,,,,,,NO,NO,6,NO,,,,,,,,,X,,,,,,,X,IE UNIDOCENTE,SI,SI,SI,SI,NO,,,,,X,,X,,,X,,X,,NO,SI,1,SI,1,,,,,,X,,,,X,,,,,,,,SI,SI,1,SI,,,,,X,IE UNIDOCENTE,SI,SI,SI,SI,SI,SI,SI,0,,,SI,NO,,//,NO,SI,SI,SI,NO,,,,,,X,IE UNIDOCENTE,,,,,NO,,,,,,,,,,,,NO,,,,,,,NO,,,,,,B0,A1,2,040206,040003
0218842,0,063554,3AP,40079 VICTOR NUÑEZ VALENCIA,SACHACA,HUARANGUILLO,NO,,,,,,,,SI,SI,,,SI,X,,,,,,SI,X,X,,,,,,SI,SI,SI,,,X,X,X,,,SI,X,X,X,,,,SI,SI,4,0,SI,X,,X,,,,SI,SI,6,SI,X,X,,X,,,,,X,X,X,X,X,X,X,,,SI,SI,SI,SI,SI,3,X,X,X,X,X,X,,,X,X,X,X,SI,SI,11,SI,3,,X,,,X,X,X,,,X,X,X,X,X,,,,SI,SI,12,SI,,X,,X,,,SI,SI,SI,SI,SI,SI,SI,0,,,SI,NO,,//,SI,SI,SI,SI,SI,,,X,,X,,,024-2025,,SI,SI,NO,,,,,,,,,,,,NO,,,,,,,SI,X,X,,,,B0,A1,1,040117,040001
0218750,0,060862,3AP,40069 SAN AGUSTIN,LA JOYA,SEGUNDO  ASENTAMIENTO,NO,,,,,,,,SI,SI,,,SI,X,,,,,,SI,,X,,,,,,SI,SI,SI,,,X,,,,,SI,X,X,X,X,,,SI,NO,,,SI,X,X,,,,,SI,SI,9,SI,,X,X,,,,,,X,X,X,,X,,,,,SI,SI,SI,SI,SI,1,X,X,X,,,,,,,X,X,X,SI,SI,4,SI,2,,X,,X,X,,,,,X,,,X,,,,,SI,SI,15,SI,,X,X,,,,SI,SI,SI,SI,SI,SI,SI,1,,,SI,NO,,//,SI,SI,SI,SI,SI,,,X,X,,,,009,006,SI,SI,SI,,,,,,X,,,,,X,SI,,X,X,X,,,SI,,,X,,,B0,A1,2,040108,040010
1768696,0,827053,3AP,MONTESSORI SCHOOL,CERRO COLORADO,ALTO LIBERTAD,SI,SI,X,,,,,,NO,,,,SI,,,,,,X,SI,X,,,,,,,NO,,NO,,,,,,,,SI,,X,X,,,,NO,NO,,,SI,X,X,,,,,SI,SI,6,SI,,X,,,,,NO,,X,X,X,X,,,X,,,SI,SI,SI,SI,SI,2,,X,,,,X,,,X,X,X,,SI,SI,12,SI,1,,,,,X,,,,,X,X,,,,,,,SI,SI,5,SI,X,X,,,,,SI,SI,SI,SI,SI,SI,SI,3,,,SI,SI,2,18/11/2024,SI,SI,NO,NO,SI,,X,X,,X,,,X,018,SI,SI,NO,,,,,,,,,,,,NO,,,,,,,NO,,,,,,B0,B4,1,040104,040001
0307066,0,063648,3AP,EL MILAGRO DE FATIMA,SACHACA,ALTO DE AMADOS,NO,,,,,,,,SI,NO,1,,SI,X,,,X,,,SI,,,X,,,,,NO,,SI,,,,,,X,UNIVERSIDAD CATOLICA DE SANTA MARIA,SI,,,X,,X,ESCUELAS DE PADRES,NO,NO,,,SI,X,,X,,X,GESTION AMBIENTAL Y DE RIESGOS,SI,SI,8,SI,,,,X,,,,,X,X,X,X,X,X,,,,SI,SI,SI,SI,SI,3,X,X,X,X,,X,,,X,X,X,X,SI,SI,6,SI,10,X,X,X,,X,X,,,,X,X,X,,X,,,,SI,SI,4,SI,,,,X,,,SI,SI,SI,SI,SI,SI,SI,0,,,SI,NO,,//,SI,SI,SI,SI,SI,X,X,X,,X,,,63,,SI,SI,NO,,,,,,,,,,,,NO,,,,,,,NO,,,,,,B0,A4,1,040117,040001
1598531,0,665710,3AP,LACORDAIRE SCHOOL,AREQUIPA,AREQUIPA,NO,,,,,,,,SI,SI,,,SI,,,,,,X,SI,,,,,,X,,NO,,NO,,,,,,,,SI,X,,,,,,NO,NO,,,NO,,,,,,,SI,SI,3,SI,,,X,,,,NO,,X,,,,,,,,,SI,SI,SI,SI,SI,3,X,,X,,,,,,,,X,,NO,SI,1,NO,,,,,,,,,,,X,,X,,X,,,,SI,SI,3,SI,X,,,X,,,SI,SI,SI,NO,NO,NO,SI,0,,,SI,NO,,//,NO,SI,NO,SI,NO,X,,,,,,,,,,,NO,,,,,,,,,,,,NO,,,,,,,NO,,,,,,B0,B4,1,040101,040001
0477695,0,064855,3AP,40094,VITOR,TACAR,NO,,,,,,,,SI,SI,,,SI,X,,,,X,,SI,,X,,,X,,,SI,NO,NS,,,,,,,,SI,,,X,X,,,NO,NO,,,SI,X,,,,,,SI,SI,9,SI,X,,X,,,,,,X,,X,,X,,,,,SI,SI,NO,SI,SI,1,,,,X,,,,,X,X,,,SI,SI,1,NO,,,,,,,X,,,,X,X,,,X,,,,SI,SI,2,SI,,,X,,,,SI,SI,SI,SI,SI,NO,NO,,1,,SI,NO,,//,NO,SI,SI,SI,SI,,,,,X,,,015-2025,,SI,NO,NO,,,,,,,,,,,,NO,,,,,,,NO,,,,,,B0,A1,2,040125,040010
0845149,0,839070,3AP,MENDEL UMACOLLO,CERCADO,AREQUIPA,NO,,,,,,,,SI,NO,3,,SI,,,,X,,,SI,X,,,,,,,NO,,NO,,,,,,,,SI,X,X,X,X,,,SI,SI,4,,SI,X,X,,,,,SI,NO,8,NO,,,,,,,SI,1,X,X,X,,X,X,X,,,SI,SI,NO,NO,,,X,X,,X,,,,,X,X,X,,NO,SI,6,SI,3,,X,X,,,,,,,X,X,,X,,,,,SI,SI,2,SI,X,,X,,,,SI,SI,SI,SI,SI,SI,SI,0,,,SI,NO,,//,NO,SI,SI,NO,SI,,X,X,,X,,,,017,SI,NO,NO,,,,,,,,,,,,NO,,,,,,,NO,,,,,,B0,B4,1,040101,040001
1620186,0,597943,3AP,SAN JOSE,MAJES,CIUDAD MAJES,NO,,,,,,,,SI,SI,,,SI,,,X,,X,,SI,X,,,,,,,NO,,NO,,,,,,,,SI,,,X,,X,ESCUELA DE PADRES,SI,NO,,,SI,,,X,,X,VACUNAS,SI,SI,8,NO,,,,,,,NO,,X,X,,,X,,,,,SI,SI,SI,SI,NO,,,X,,X,,,,,X,X,X,X,SI,NO,,NO,,,,,,,X,,,,,X,,,,X,,ASISTENCIA PSICOLOGICA,NO,SI,1,SI,X,,,,,,SI,SI,SI,SI,SI,SI,SI,0,,,SI,SI,1,3/7/2024,SI,SI,NO,SI,SI,,,,,,X,OTRAS ACTIVIDADES,,,,,,,,,,,,,,,,,NO,,,,,,,NO,,,,,,B0,B4,1,040520,040010
0844290,0,070489,3AP,40625 CORAZON DE JESUS,MAJES,ASENTAMIENTO B1,NO,,,,,,,,SI,SI,,,SI,X,,,X,,,SI,X,,,,,,,SI,SI,SI,,,X,,,,,SI,,X,X,X,,,SI,NO,,,SI,X,,,,,,SI,SI,9,SI,X,X,,,,,,,X,X,X,X,X,X,X,,,SI,SI,SI,SI,SI,2,X,,,X,X,,,,X,,,,SI,SI,12,SI,2,,X,,,X,X,,,,,,,X,,,,,SI,SI,10,SI,,,,X,,,SI,SI,SI,SI,SI,SI,SI,0,,,SI,NO,,//,SI,SI,SI,SI,SI,X,,X,,X,,,102-2024,272-2024,SI,SI,SI,X,X,,,,,,,X,X,,SI,X,X,,X,,,SI,,X,,,,B0,A1,2,040520,040010
0892034,0,070494,3AP,40626 NUESTRA SEÑORA DEL PILAR,MAJES,ASENTAMIENTO C 3,NO,,,,,,,,SI,SI,,,SI,,,X,,,,SI,X,,,,X,,,NO,,SI,,,X,,,,,SI,X,,X,,,,NO,NO,,,SI,X,,,,X,CAMPAÑAS VACUNACIONES,SI,SI,8,SI,,X,,X,,,,,X,X,X,X,X,X,,,,SI,SI,SI,SI,SI,2,,X,X,,,X,,,X,,X,,SI,SI,3,SI,2,,X,,,,X,X,,,X,X,,,,,,,NO,SI,3,SI,,,,X,,,SI,SI,SI,SI,SI,NO,SI,0,,,SI,NO,,//,SI,SI,SI,SI,SI,X,,X,,X,,,008,00,NO,,SI,,,,,,X,,,,,X,NO,,,,,,,SI,X,,,,,B0,A1,2,040520,040010
1333046,0,521613,3AP,NUESTRA SEÑORA DE LAS MERCEDES,MAJES,EL PEDREGAL,NO,,,,,,,,NO,,,,SI,X,,,,,,SI,X,,,,,,,NO,,NO,,,,,,,,NO,,,,,,,,NO,,,SI,X,,,,,,SI,SI,3,NO,,,,,,,NO,,,,,,,,,,,NO,,,,,,X,,,,,X,,,X,,,,NO,SI,2,SI,2,X,,,,X,,,,,,X,,,,,,,SI,SI,6,SI,,,X,,,,SI,SI,SI,SI,NO,,NO,,1,,SI,NO,,//,NO,NO,,NO,NO,,,,,X,,,,,,,,,,,,,,,,,,,SI,X,,,,,,SI,X,,,,,B0,B4,1,040520,040010
0226944,0,059665,3AP,40054 JUAN DOMINGO ZAMACOLA Y JAUREGUI,CERRO COLORADO,LA LIBERTAD,SI,SI,,X,,,,,SI,SI,,,SI,X,,,,,,SI,X,X,X,,X,,,NO,,NO,,,,,,,,SI,X,X,,,,,SI,SI,17,2,SI,X,,X,,,,SI,SI,5,NO,,,,,,,,,X,X,X,X,X,X,X,,,SI,SI,SI,SI,SI,8,X,X,,X,X,X,X,DERIVACION DE CASOS A LA DEMUNA,X,X,X,X,SI,SI,17,SI,7,X,X,,,X,X,X,,,,X,X,X,X,,,,SI,NO,,SI,,,,X,,,SI,SI,SI,NO,SI,SI,SI,1,,,SI,SI,1,12/6/2024,NO,SI,SI,SI,SI,X,X,X,,X,,,,,SI,NO,NO,,,,,,,,,,,,NO,,,,,,,NO,,,,,,B0,A1,1,040104,040001
1436435,0,833148,3AP,ABC GREGORIO MENDEL,MOLLENDO,MOLLENDO,NO,,,,,,,,NO,,,,SI,X,,,X,,,SI,,,,,,X,,NO,,NO,,,,,,,,SI,,X,X,,,,NO,NO,,,NO,,,,,,,SI,NO,8,NO,,,,,,,NO,,X,X,X,,,,,,,SI,SI,SI,SI,SI,1,X,X,,,,X,,,X,,,X,SI,SI,6,SI,2,X,,,,,,X,,,X,X,,,X,,,,SI,SI,3,SI,X,X,,,,,SI,SI,SI,SI,SI,SI,SI,0,,,SI,NO,,//,SI,SI,SI,SI,SI,,,,X,,,,,,,,NO,,,,,,,,,,,,NO,,,,,,,NO,,,,,,B0,B4,1,040701,040008
0219360,0,061201,3AP,40129 MANUEL VERAMENDI E HIDALGO,MARIANO MELGAR,GENERALISIMO SAN MARTIN,NO,,,,,,,,SI,SI,,,SI,X,,,,,,SI,X,X,X,,,,,NO,,NO,,,,,,,,SI,,X,,,,,SI,SI,2,0,SI,X,,,,,,SI,SI,7,SI,X,,,,,,,,X,X,X,X,X,X,,,,SI,SI,SI,SI,SI,2,,X,,X,,X,,,,,X,,SI,SI,8,SI,1,,,X,,,,,,,X,X,X,X,X,,,,SI,SI,3,SI,,,,X,,,SI,SI,SI,SI,SI,SI,SI,0,,,SI,SI,1,4/7/2024,NO,SI,SI,SI,SI,,X,X,,X,,,016-2025,,SI,NO,SI,,X,,,,,,,,,X,NO,,,,,,,SI,,X,,,,B0,A1,1,040109,040002
0220152,0,063766,3AP,40196 TECNICO AGROPECUARIO ARTESANAL,SAN JUAN DE TARUCANI,SAN JUAN DE TARUCANI,NO,,,,,,,,SI,SI,,,SI,X,X,,,X,,SI,X,,,,,,,SI,SI,SI,,,X,,,,,SI,X,X,X,,,,NO,NO,,,SI,X,,X,,,,NO,SI,8,SI,X,X,X,X,,,,,X,X,X,X,X,,,X,DEMUNA,SI,SI,SI,SI,SI,3,X,X,X,,,X,,,X,X,X,X,SI,SI,2,SI,2,X,X,X,X,X,X,X,,,X,X,X,X,X,,,,SI,SI,4,SI,X,X,,X,,,SI,SI,SI,SI,SI,SI,SI,0,,,SI,NO,,//,SI,SI,SI,NO,SI,X,X,X,X,X,,,27-2024,065,SI,SI,NO,,,,,,,,,,,,SI,,X,X,,,,SI,X,X,,,,B0,A1,2,040119,040002
0844902,0,062408,3AP,PADRE ELOY ARRIBAS LAZARO,MIRAFLORES,TOMASA TITO CONDEMAYTA,NO,,,,,,,,SI,SI,,,SI,X,,,X,X,,SI,,X,X,,,,,NO,,SI,,,X,,,,,SI,X,X,X,,,,SI,NO,,,SI,X,,X,,,,SI,SI,8,SI,,X,,X,,,,,X,X,X,,X,,,,,SI,SI,SI,SI,NO,,X,X,,,X,X,,,X,,X,,SI,SI,6,SI,2,,,X,,X,X,,,,X,X,,X,X,,,,SI,SI,10,SI,X,,,X,,,SI,SI,NO,SI,SI,SI,SI,0,,,SI,SI,3,4/11/2024,SI,SI,SI,SI,SI,,,,X,,,,,063,SI,SI,NO,,,,,,,,,,,,NO,,,,,,,SI,X,X,,,,B0,A4,1,040110,040002
1721570,0,803325,3AP,JOULE DIVINO NIÑO,PAUCARPATA,COOPERATIVA PORONGOCHE,NO,,,,,,X,SE REPROGRAMARON,NO,,,,NO,X,,,,,,SI,X,,,,,,,NO,,NO,,,,,,,,SI,,,X,,,,SI,SI,6,,SI,,,X,,,,SI,NO,3,SI,X,,X,,,,NO,,X,X,X,X,,,X,,,SI,SI,SI,SI,SI,2,X,X,X,,,,,,X,X,X,,SI,SI,5,SI,5,,X,X,X,X,X,X,,,X,X,,X,,,,,SI,SI,18,SI,X,X,X,,,,SI,SI,SI,SI,SI,SI,SI,0,,,SI,SI,3,12/10/2024,SI,SI,SI,SI,SI,X,,X,,,,,09,23,NO,,NO,,,,,,,,,,,,NO,,,,,,,NO,,,,,,B0,B4,1,040112,040002
0218800,0,063525,3AP,40074 JOSE LUIS BUSTAMANTE Y RIVERO,SACHACA,SACHACA,NO,,,,,,,,SI,SI,,,SI,X,,,,,,SI,X,X,X,,,,,NO,,NO,,,,,,,,SI,,X,X,,,,SI,NO,,,SI,,,,X,,,SI,SI,5,SI,X,,,X,,,,,X,,X,,X,X,X,,,SI,SI,SI,SI,SI,3,X,X,,X,X,X,,,,X,X,,SI,SI,10,SI,1,X,,,,,,,,,X,X,X,X,X,,,,SI,SI,22,SI,X,X,X,X,,,SI,SI,SI,SI,SI,SI,SI,6,,,SI,SI,3,12/8/2024,SI,SI,SI,SI,SI,X,X,X,,X,,,157-2024,10-01-2025,SI,SI,SI,X,X,X,,,X,,,,,X,SI,,X,,,,,SI,X,X,,,,B0,A1,1,040117,040001
0218719,0,060824,3AP,40065 GLORIOSO HEROES DEL CENEPA,LA JOYA,SAN ISIDRO,NO,,,,,,,,SI,SI,,,SI,,,,,,X,SI,X,X,X,,,,,NO,,SI,,,X,,,,,SI,,,X,,X,ESCUELA DE PADRES,SI,NO,,,SI,X,,X,,,,SI,SI,3,SI,X,X,X,X,,,,,X,X,X,X,X,X,X,,,SI,SI,SI,SI,SI,2,X,X,X,,,X,,,X,,X,X,SI,SI,8,SI,1,X,,,,,,,,,,,,X,X,,,,SI,SI,50,SI,X,X,,X,,,SI,SI,SI,SI,SI,SI,SI,0,,,SI,NO,,//,SI,SI,SI,SI,SI,X,X,X,,X,,,095-2024,,SI,SI,SI,X,,,,,,,,,,X,SI,,X,,,,,SI,X,,,,,B0,A1,2,040108,040010
0218982,0,064756,3AP,40092 JOSE D. ZUZUNAGA OBANDO,UCHUMAYO,CERRO VERDE,NO,,,,,,,,SI,SI,,,SI,,,,,,X,SI,X,,X,X,,,,NO,,NO,,,,,,,,SI,X,X,X,,,,SI,NO,,,SI,X,X,X,X,,,SI,SI,5,SI,X,X,,X,,,,,X,X,X,X,X,X,X,,,SI,SI,SI,SI,SI,5,X,X,,X,,X,,,X,,X,X,SI,SI,14,SI,2,,X,,,,X,X,,,X,X,X,X,X,,,,SI,SI,6,SI,,X,,X,,,SI,SI,SI,SI,SI,SI,SI,6,,,SI,SI,6,19/12/2024,SI,SI,SI,SI,SI,,X,X,,X,,,002,0,SI,SI,SI,,,,,,,,,,,X,SI,,X,X,X,,,SI,X,,,,,B0,A1,1,040124,040001
0844456,0,067986,3AP,41056 DANIEL ALCIDES CARRION,HUANUHUANU,MOLLEHUACA,NO,,,,,,,,SI,SI,,,SI,X,,,,,,SI,,,,,,X,,SI,SI,SI,,,X,,,,,SI,,X,X,,,,SI,NO,,,SI,X,,X,,,,SI,SI,9,SI,,,,X,,,,,X,X,X,X,X,X,,,,SI,SI,SI,SI,SI,3,X,X,X,,X,,,,X,X,X,,SI,SI,12,SI,2,X,,,,X,X,,,,X,X,,X,,,,,SI,SI,10,SI,X,,,X,,,SI,SI,SI,SI,SI,SI,SI,0,,,SI,SI,2,24/4/2024,NO,SI,SI,SI,SI,,,,,X,,,,,,,,,,,,,,,,,,,SI,,X,,,,,SI,X,,,,,B0,A1,2,040309,040004
0307421,0,063686,3AP,COLEGIO PERUANO ALEMÁN MAX UHLE,SACHACA,AREQUIPA,NO,,,,,,,,SI,SI,,,SI,,,,,,X,SI,,,,,,X,,NO,,NO,,,,,,,,SI,X,X,,,,,NO,SI,14,,NO,,,,,,,SI,NO,2,NO,,,,,,,SI,31,X,,X,X,X,,X,,,SI,SI,SI,SI,SI,3,X,X,,,,,,,X,X,X,X,SI,SI,24,SI,5,X,,,,,X,X,,,X,X,X,X,X,,,,NO,SI,25,SI,,,,X,,,SI,SI,SI,SI,SI,SI,SI,0,,,SI,SI,2,23/10/2024,NO,SI,SI,SI,SI,X,X,,,X,,,,,,,,,,,,,,,,,,,NO,,,,,,,NO,,,,,,B0,B4,1,040117,040001
0845529,0,059849,3AP,SANTO TOMAS DE AQUINO,CERRO COLORADO,URBANIZACIÓN MARISCAL CASTILLA,NO,,,,,,,,SI,SI,,,SI,X,,,,,,SI,X,,X,,,,,NO,,NO,,,,,,,,SI,,X,X,,,,SI,NO,,,SI,X,,X,,,,SI,SI,9,SI,X,X,,X,,,,,X,X,X,X,X,X,X,,,SI,SI,SI,SI,SI,2,X,X,X,X,X,X,,,X,,X,,SI,SI,10,SI,1,X,X,X,X,X,X,X,,,X,X,X,X,X,,,,SI,SI,30,SI,,X,,X,,,SI,SI,SI,NO,SI,SI,SI,0,,,SI,SI,4,17/9/2024,NO,SI,SI,SI,SI,X,X,X,X,X,,,R.D.,,NO,,NO,,,,,,,,,,,,NO,,,,,,,NO,,,,,,B0,A4,1,040104,040001
1278977,0,547444,3AP,40705,CERRO COLORADO,AREQUIPA,NO,,,,,,,,SI,NO,1,,SI,X,X,,,,,SI,X,,,,,,,NO,,NO,,,,,,,,SI,,X,X,,,,NO,SI,,1,SI,X,,,,,,SI,SI,9,SI,,X,,X,,,,,X,X,X,X,X,X,,,,SI,SI,SI,SI,SI,3,,X,,,X,,,,X,,X,X,SI,SI,12,SI,2,X,X,X,X,X,X,X,,,,X,,X,X,,,,SI,SI,10,SI,X,X,,X,,,SI,SI,SI,SI,SI,SI,SI,3,,,SI,NO,,//,SI,SI,SI,SI,SI,,,X,,X,,,011-2025,082-2025,SI,NO,NO,,,,,,,,,,,,NO,,,,,,,SI,X,,,,,B0,A1,1,040104,040001
1030659,0,812532,3AP,CAMINO AL SABER,MARIANO MELGAR,ALTO SAN MARTIN,NO,,,,,,,,NO,,,,SI,,,,,,X,SI,,,,,,X,,NO,,NO,,,,,,,,SI,,X,,,,,SI,NO,,,SI,X,,,,,,SI,SI,8,SI,,X,,,,,NO,,,,,,,,,,,SI,SI,NO,NO,,,X,X,X,X,X,X,,,X,X,X,X,NO,SI,6,SI,1,,X,,,,,,,,X,X,X,X,X,,,,SI,SI,7,NO,X,,X,,,,SI,SI,NO,SI,SI,NO,SI,0,,,NO,,,//,NO,SI,NO,SI,SI,,,,,X,,,,,,,,,,,,,,,,,,,NO,,,,,,,SI,X,,,,,B0,B4,1,040109,040002
1277060,0,546897,3AP,LIBERTAD,MAJES,EL PEDREGAL,NO,,,,,,,,SI,SI,,,SI,,,,X,,,SI,X,,,,,,,NO,,NO,,,,,,,,SI,,X,,,,,SI,NO,,,SI,X,,,,,,SI,NO,8,SI,,X,,,,,SI,2,X,X,X,X,X,X,,,,SI,SI,SI,SI,NO,,X,,,X,,,,,X,,X,,SI,SI,1,SI,1,,X,,,X,,,,,X,X,,,,,,,SI,SI,2,SI,,,,X,,,SI,SI,SI,SI,SI,NO,SI,0,,,SI,SI,2,9/7/2024,SI,SI,NO,NO,SI,,,,X,,,,,,,,NO,,,,,,,,,,,,NO,,,,,,,NO,,,,,,B0,B4,1,040520,040010
1254861,0,063318,3AP,SANTISIMO CRISTO REDENTOR,PAUCARPATA,VILLA MARIA DEL TRIUNFO,NO,,,,,,,,SI,SI,,,SI,,,,,,X,SI,,X,,,,,,NO,,NO,,,,,,,,SI,,X,X,X,,,NO,NO,,,SI,X,,,,,,SI,SI,8,SI,X,,,,,,SI,1,X,X,X,X,,,X,,,SI,SI,SI,SI,NO,,,X,X,,,,,,X,X,,,SI,SI,6,SI,2,,X,,,X,,,,,X,X,,,X,,,,SI,SI,4,SI,X,,X,X,,,SI,SI,SI,SI,SI,SI,SI,0,,,SI,NO,,//,SI,SI,SI,SI,SI,,X,,,X,,,41,,SI,SI,NO,,,,,,,,,,,,NO,,,,,,,NO,,,,,,B0,B4,1,040112,040002
1334499,0,547161,3AP,ALBERTO HIDALGO,TIABAYA,TIABAYA,NO,,,,,,,,SI,SI,,,SI,,,,X,X,,SI,X,,,,,,,NO,,NO,,,,,,,,SI,,,X,X,,,SI,NO,,,SI,,,,,X,VACUNAS,SI,SI,3,NO,,,,,,,NO,,X,X,,,,,X,,,SI,SI,SI,SI,SI,2,X,X,,X,,,,,X,X,X,,SI,SI,9,NO,,,,,,,,,,,X,X,,,,,,,SI,SI,5,SI,,X,,X,,,SI,SI,SI,NO,SI,NO,SI,0,,,SI,NO,,//,SI,SI,SI,SI,SI,,,X,,X,,,,,SI,SI,NO,,,,,,,,,,,,SI,X,,,,,,NO,,,,,,B0,B4,1,040123,040001
1700079,0,782276,3AP,VIRGEN DE LOS REMEDIOS,AMPLIACION SOCABAYA,SOCABAYA,NO,,,,,,,,NO,,,,SI,X,X,X,X,,,SI,X,X,,,,,,SI,SI,NO,,,,,,,,NO,,,,,,,,NO,,,SI,X,X,,X,,,SI,SI,2,NO,,,,,,,NO,,,,,,,,,,,SI,SI,SI,NO,,,X,X,X,X,,,,,X,X,X,X,SI,SI,2,SI,1,,,X,,,,,,,X,X,X,,,,,,SI,NO,,NO,X,X,X,,,,SI,SI,SI,SI,SI,SI,SI,0,,,SI,NO,,//,NO,SI,SI,SI,SI,X,,,,,,,,,,,,,,,,,,,,,,,SI,X,,,,,,SI,X,,,,,B0,B4,1,040122,040002
1032465,0,055747,3AP,NUESTRA SEÑORA DE FATIMA,AREQUIPA,AREQUIPA,NO,,,,,,,,SI,SI,,,SI,X,,,X,X,,SI,X,,,,X,,,SI,SI,NO,,,,,,,,SI,X,X,X,X,X,ESCUELA DE PADRES,SI,NO,,,SI,X,X,,,,,SI,NO,9,NO,,,,,,,SI,2,X,X,X,X,X,X,X,,,SI,SI,SI,SI,SI,5,X,X,X,X,X,X,,,X,X,X,X,SI,SI,18,SI,6,X,X,X,X,X,X,X,,,X,X,X,X,X,,,,SI,SI,2,SI,X,X,,,,,SI,SI,SI,SI,SI,SI,SI,0,,,SI,NO,,//,SI,SI,SI,SI,SI,X,X,X,,X,,,140,048,SI,SI,SI,,X,,,,,,,,,X,SI,,X,X,X,,,NO,,,,,,B0,B2,1,040101,040001
1334945,0,547279,3AP,IEP MIGUEL ANGEL CORNEJO ROSADO,CERRO COLORADO,LA LIBERTAD,NO,,,,,,,,SI,SI,,,SI,X,,,X,X,,SI,X,,,,,,,NO,,NO,,,,,,,,SI,,X,,X,,,NO,NO,,,NO,,,,,,,SI,NO,8,SI,,X,,,,,NO,,,,,,,,,,,SI,SI,NO,NO,,,,X,,X,,,,,X,,,,SI,SI,6,NO,,,,,,,,,,,,,,X,X,,,,SI,SI,3,SI,X,X,,,,,SI,SI,NO,SI,SI,SI,SI,0,,,SI,NO,,//,NO,SI,NO,SI,SI,,,X,,X,,,,7-2025,NO,,,,,,,,,,,,,,NO,,,,,,,NO,,,,,,B0,B4,1,040104,040001
0844753,0,839584,3AP,JESUS DE NAZARETH,COCACHACRA,COCACHACRA,SI,SI,X,,,,,,SI,SI,,,SI,X,,,,,,SI,X,,,,,,,NO,,NO,,,,,,,,SI,,X,,X,,,NO,NO,,,NO,,,,,,,SI,NO,7,SI,,,X,,,,NO,,X,X,X,X,X,X,X,,,SI,SI,SI,SI,NO,,,X,,X,,,,,X,X,X,X,SI,SI,3,SI,2,,X,,,,,X,,,,X,,,,,,,SI,NO,,SI,X,X,,,,,SI,SI,SI,SI,SI,SI,SI,0,,,SI,NO,,//,NO,SI,SI,SI,SI,,X,X,,,,,08-25,,SI,NO,NO,,,,,,,,,,,,SI,,X,X,X,,,NO,,,,,,B0,B4,1,040702,040008
0311803,0,554854,3AP,40299 JOSE ALFREDO MOLINA,LOMAS,LOMAS,SI,NO,,,,,,,SI,SI,,,SI,,,,X,X,,SI,,,,,,X,,SI,SI,SI,,,X,,,,,SI,,X,X,,X,GINKANAS FAMILIARES,NO,NO,,,SI,X,X,,,,,NO,SI,9,SI,X,,,X,,,,,X,,X,X,X,X,,,,SI,SI,SI,SI,SI,2,X,X,,,,,,,X,,X,,SI,SI,8,SI,2,X,,,,X,X,X,,,X,,,,X,,,,SI,SI,10,SI,,X,,X,,,SI,SI,SI,SI,SI,SI,SI,0,,,SI,NO,,//,NO,SI,SI,SI,SI,,,X,,X,,,011,,SI,SI,NO,,,,,,,,,,,,NO,,,,,,,SI,,X,X,,,B0,A1,2,040311,040004
1536952,0,812787,3AP,CHAVES SCHOOL,AREQUIPA,AREQUIPA,NO,,,,,,,,SI,SI,,,SI,,,,,,X,SI,X,,,,,,,SI,NO,NS,,,,,,,,NO,,,,,,,,NO,,,NO,,,,,,,SI,NO,8,NO,,,,,,,NO,,X,,X,,,,,,,SI,SI,SI,SI,NO,,X,,,,,,,,X,,,,NO,NO,,SI,1,,,,,,,,X,NINGUNA,X,,,,,,,,NO,SI,3,NO,,X,,,,,SI,SI,SI,NO,SI,SI,SI,0,,,SI,NO,,//,SI,SI,NO,SI,SI,X,,,,,,,,,,,,,,,,,,,,,,,NO,,,,,,,NO,,,,,,B0,B4,1,040101,040001
0287706,0,061300,3AP,41031 MADRE DEL DIVINO AMOR,MARIANO MELGAR,MARIANO MELGAR,NO,,,,,,,,SI,SI,,,SI,,,,,,X,SI,X,X,X,,,,,NO,,SI,,,X,,,,,SI,,X,,X,,,SI,SI,,7,SI,X,X,X,X,,,SI,NO,9,SI,,,,,X,INFORME DE ASISTENCIA MEDIANTE FORMULARIO DE ALERTA ESCUELA,,,X,X,X,X,X,X,,,,SI,SI,SI,SI,NO,,X,X,,,,,,,X,,,X,SI,SI,16,SI,1,,X,,,,,X,,,,X,,,,,,,SI,NO,,NO,,,X,,,,SI,SI,SI,SI,SI,SI,SI,0,,,SI,SI,1,11/6/2024,SI,SI,NO,SI,SI,,,X,,,,,211,,SI,SI,NO,,,,,,,,,,,,NO,,,,,,,NO,,,,,,B0,A1,1,040109,040002
0219816,0,065633,3AP,40175 GRAN LIBERTADOR SIMON BOLIVAR,JOSE LUIS BUSTAMANTE Y RIVERO,SIMON BOLIVAR,NO,,,,,,,,NO,,,,SI,,,,,,X,SI,X,,,,,,,NO,,NO,,,,,,,,NO,,,,,,,,SI,1,3,SI,X,,X,,,,NO,SI,9,NO,,,,,,,,,X,X,X,X,X,X,X,,,SI,SI,SI,NO,,,X,,X,,X,,,,X,,X,,SI,NO,,NO,,,,,,,,,,,,X,X,X,,,,,NO,NO,,SI,X,,,X,,,SI,SI,SI,SI,SI,SI,SI,1,,,SI,SI,1,31/12/2024,SI,SI,NO,SI,SI,,,X,,,,,90,101,SI,SI,NO,,,,,,,,,,,,NO,,,,,,,NO,,,,,,B0,A1,1,040129,040002
0678771,0,059934,3AP,JUAN DE LA CRUZ CALIENES,CERRO COLORADO,CHALLAPAMPA,NO,,,,,,,,NO,,,,SI,,,,,,X,SI,,,,,,X,,SI,SI,NO,,,,,,,,SI,X,X,X,,,,NO,NO,,,NO,,,,,,,SI,NO,5,SI,,X,,X,,,SI,1,X,X,X,X,,,X,,,SI,NO,SI,SI,SI,3,X,X,,X,,X,,,X,,X,,SI,SI,13,SI,8,X,X,X,,X,X,X,,,X,X,X,X,X,,,,SI,SI,50,SI,,X,,X,,,SI,SI,SI,NO,SI,SI,SI,0,,,SI,NO,,//,SI,SI,SI,SI,SI,,,,,X,X,DELEGADOS DE AULA,,,,,NO,,,,,,,,,,,,NO,,,,,,,NO,,,,,,B0,B4,1,040104,040001
0898908,0,505019,3AP,CHAMPAGNAT,YANAHUARA,YANAHUARA,NO,,,,,,,,SI,SI,,,SI,,,,,,X,SI,,X,,X,,,,NO,,NO,,,,,,,,NO,,,,,,,,SI,4,,SI,,,,,X,CHARLAS DE PREVENCION DE ENFERMEDADES,SI,NO,8,SI,,,X,,,,NO,,X,X,X,X,X,X,X,,,SI,SI,SI,SI,SI,2,X,X,,,X,,,,,,X,,SI,SI,6,SI,5,X,X,,,X,X,X,,,X,X,X,,X,,,,SI,SI,2,SI,,,,X,,,SI,SI,SI,SI,SI,SI,SI,1,,,SI,SI,1,15/6/2024,SI,SI,SI,SI,SI,,,X,,X,,,022,,SI,NO,,,,,,,,,,,,,NO,,,,,,,NO,,,,,,B0,B4,1,040126,040001
1370089,0,532409,3AP,MAGNUS EDUCATORIS,AREQUIPA,AREQUIPA,NO,,,,,,,,SI,SI,,,SI,,,,,,X,SI,,,,,,X,,NO,,NO,,,,,,,,NO,,,,,,,,NO,,,NO,,,,,,,SI,NO,8,NO,,,,,,,NO,,X,X,,,,,,,,SI,SI,SI,NO,,,X,X,,X,,X,,,X,X,X,X,NO,SI,1,NO,,,,,,,,,,,X,X,X,,X,,,,SI,NO,,SI,,X,X,X,,,SI,SI,SI,NO,SI,SI,SI,0,,,SI,NO,,//,NO,SI,NO,SI,SI,,,X,,X,,,030,05,SI,NO,NO,,,,,,,,,,,,NO,,,,,,,NO,,,,,,B0,B4,1,040101,040001
0898486,0,058755,3AP,40654,CAYMA,VIRGEN DE CHAPI,NO,,,,,,,,SI,NO,1,,SI,X,,,X,,,SI,X,X,,,,,,SI,SI,SI,,,X,,,,,SI,X,X,X,X,,,SI,SI,1,,SI,X,,X,,,,SI,SI,9,SI,,X,X,X,,,,,X,X,X,X,X,X,X,,,SI,SI,SI,SI,SI,4,X,X,,X,,X,,,X,,X,X,SI,SI,8,SI,7,X,X,,X,X,X,X,,,X,X,,X,X,,,,SI,SI,6,SI,,X,,X,,,SI,SI,SI,SI,SI,SI,SI,0,,,SI,NO,,//,SI,SI,SI,SI,SI,,X,X,X,X,,,086-2025,,SI,SI,SI,,X,,,,,,,,,X,SI,X,,,,,,SI,X,,,,,B0,A1,1,040103,040001
3028677,0,900604,3AP,CORPUS CHRISTI SCHOOL,MIRAFLORES,AREQUIPA,NO,,,,,,,,SI,SI,,,SI,X,,,,,,SI,X,X,,,,,,NO,,NS,,,,,,,,SI,,,X,,,,SI,NO,,,NO,,,,,,,SI,SI,1,SI,X,X,,,,,NO,,X,,X,X,X,X,X,,,SI,SI,SI,SI,NO,,X,X,,,,,,,X,,X,,SI,SI,4,SI,1,,,,,,,,X,NO VINIERON NUNCA,,X,X,,,,,,SI,SI,8,SI,,,X,,,,SI,SI,SI,SI,SI,NO,NO,,4,,SI,NO,,//,SI,SI,NO,SI,SI,X,X,,,,,,,,,,,,,,,,,,,,,,SI,,X,,X,,,NO,,,,,,B0,B4,1,040110,040002
0656157,0,070465,3AP,40591 SAN FRANCISCO DE CCASAO,LLUTA,CCASAO,NO,,,,,,,,NO,,,,SI,X,,,X,,,SI,,X,,,,,,SI,SI,SI,,,X,,,,,SI,,,X,,,,NO,NO,,,SI,X,,,,,,SI,NO,9,SI,,X,,,,,,,X,X,X,,X,,,,,SI,SI,SI,NO,,,,X,X,X,,,,,X,X,X,,SI,SI,1,SI,2,,,,,,X,,X,,X,X,,,X,,,,SI,SI,2,SI,,X,,X,,,SI,SI,SI,SI,SI,NO,NO,,4,,SI,SI,7,18/10/2024,NO,SI,SI,SI,SI,,,X,,X,,,043-2024,,SI,SI,NO,,,,,,,,,,,,NO,,,,,,,NO,,,,,,B0,A1,2,040511,040001
0218727,0,060838,3AP,40066,LA JOYA,,NO,,,,,,,,NO,,,,SI,X,,,X,,,SI,X,X,,,,,,SI,SI,SI,,,X,,,,,SI,,X,X,X,,,NO,NO,,,SI,X,,X,X,,,SI,SI,8,SI,X,X,X,,,,,,X,,,,X,X,,,,SI,SI,NO,NO,,,X,,X,X,,,,,X,X,X,,SI,SI,1,SI,2,,X,X,X,,X,,,,X,,X,X,X,,,,NO,SI,3,SI,,,X,X,,,SI,SI,SI,SI,SI,NO,NO,,4,,NO,,,//,SI,SI,SI,SI,SI,X,X,,,X,,,,,,,,,,,,,,,,,,,NO,,,,,,,NO,,,,,,B0,A1,2,040108,040010
0226605,0,055634,3AP,40020 ESCUELA ECOLOGICA URBANA,AREQUIPA,SAN LAZARO,NO,,,,,,,,SI,SI,,,SI,X,,,,,,SI,X,,,,X,,,NO,,NO,,,,,,,,SI,,,X,X,,,NO,SI,,6,SI,X,,X,,,,NO,SI,6,NO,,,,,,,,,X,X,X,X,X,X,X,,,SI,SI,SI,SI,NO,,X,X,,X,,,,,X,X,X,,SI,SI,13,SI,3,,,,,X,X,,,,X,X,X,,X,,,,SI,SI,4,SI,,X,X,X,,,SI,SI,SI,SI,SI,SI,SI,0,,,SI,NO,,//,NO,SI,SI,SI,SI,,,X,,X,,,112-2025,,SI,SI,NO,,,,,,,,,,,,NO,,,,,,,NO,,,,,,B0,A1,1,040101,040001
0220103,0,060485,3AP,40206,JACOBO HUNTER,URBANIZACION MILAGROS,NO,,,,,,,,SI,SI,,,SI,,,,X,,,SI,,,X,,,,,SI,NO,SI,,,X,,,,,SI,,,X,,,,SI,SI,,4,SI,,,X,,,,SI,SI,6,SI,,,,X,,,,,X,X,X,X,X,X,,,,SI,SI,SI,SI,SI,2,,,,,,,X,CHARLA,,,X,,SI,SI,16,SI,1,,,,,,,,X,PLAN DE TUTORIA,X,X,,,X,,,,SI,SI,2,SI,,,,,X,SESIONES DE APRENDIZAJE,SI,SI,SI,SI,SI,SI,SI,0,,,SI,SI,3,18/7/2024,SI,SI,SI,SI,NO,,,X,,,,,06,,SI,SI,NO,,,,,,,,,,,,SI,,,X,,,,NO,,,,,,B0,A1,1,040107,040002
0678920,0,069848,3AP,40600 CLOTILDE FRANCISCA ODICIO ZUÑIGA,CABANCONDE,CABANACONDE,NO,,,,,,,,SI,SI,,,SI,X,,,X,,,SI,X,,X,,,,,SI,SI,SI,,,X,X,,,,SI,,X,X,,,,SI,NO,,,SI,X,X,X,X,,,SI,SI,8,NO,,,,,,,,,X,,X,X,X,X,,,,SI,SI,SI,SI,SI,2,X,X,,X,X,X,,,X,X,X,X,SI,SI,6,SI,2,,X,X,,X,X,X,,,X,X,X,X,X,,,,NO,SI,6,SI,,,,X,,,SI,SI,SI,SI,SI,SI,SI,0,,,SI,NO,,//,SI,SI,SI,SI,SI,,,X,X,X,,,021-2025,085,SI,SI,SI,,,,,,X,,,,,X,SI,,X,,,,,SI,X,,,,,B0,A1,2,040503,040006
1335348,0,617229,3AP,ADUNSA LA JOYA,LA JOYA,PJ EL TRIUNFO,SI,SI,,X,,,,,NO,,,,SI,,,,X,,,SI,,,,X,,,,NO,,NO,,,,,,,,SI,,X,X,,,,SI,NO,,,NO,,,,,,,SI,NO,8,SI,,,X,,,,SI,10,X,,X,,X,X,,,,SI,SI,SI,SI,SI,3,X,X,,,,X,,,X,,X,X,NO,SI,6,NO,,,,,,,,,,,X,X,,,X,,,,SI,SI,10,SI,X,,,X,,,SI,SI,SI,SI,SI,NO,NO,,4,,SI,NO,,//,NO,SI,SI,SI,NO,,,X,X,,,,45,20,SI,SI,NO,,,,,,,,,,,,NO,,,,,,,NO,,,,,,B0,B4,1,040520,040010
1720739,0,802298,3AP,FERNANDO STAHL AREQUIPA,CERRO C0LORADO,PERUARBO,NO,,,,,,,,NO,,,,SI,,,,,,X,SI,,,,,X,,,NO,,NO,,,,,,,,SI,,X,X,,,,SI,NO,,,NO,,,,,,,SI,NO,3,SI,,X,,,,,NO,,X,,X,,X,,X,,,NO,,,,,,,X,,X,,X,,,X,,X,,NO,SI,4,SI,1,,,,,,X,,,,,,X,X,,,,,SI,SI,8,SI,X,,,,,,SI,SI,SI,SI,SI,SI,SI,0,,,SI,NO,,//,SI,SI,SI,SI,SI,X,,,,,,,,,,,NO,,,,,,,,,,,,NO,,,,,,,NO,,,,,,B0,B4,1,040104,040001
1763697,0,788259,3AP,ESTRELLITAS DE AMOR,CERRO COLORADO,APIPA,NO,,,,,,,,SI,SI,,,SI,,,,,,X,SI,,,,,,X,,NO,,NO,,,,,,,,NO,,,,,,,,NO,,,NO,,,,,,,NO,NO,6,NO,,,,,,,,,,,,,,,,,,NO,,,,,,,,,,,,X,NINGUNO,,,X,,NO,NO,,NO,,,,,,,,,,,,,,,,,X,,SI,SI,1,NO,X,,,,,,NO,,,,NO,,NO,,4,,NO,,,//,NO,SI,NO,NO,NO,X,,,,,,,,,,,,,,,,,,,,,,,NO,,,,,,,NO,,,,,,B0,A1,1,040128,040001
0220046,0,064049,3AP,40199,SOCABAYA,CIUDAD MI TRABAJO,NO,,,,,,,,SI,SI,,,SI,X,,,X,,,SI,X,X,X,,,,,NO,,SI,,,X,,,,,SI,,X,X,,,,SI,SI,0,4,SI,X,X,X,X,,,SI,SI,4,SI,,,,X,,,,,X,,X,X,,X,,,,SI,SI,SI,SI,SI,3,,X,X,,X,,,,X,,X,,SI,SI,23,SI,1,,X,,,,X,,,,X,X,,X,,,,,SI,SI,250,SI,X,,,X,,,SI,SI,SI,SI,SI,SI,SI,1,,,SI,SI,2,26/9/2024,SI,SI,SI,SI,SI,,X,X,,X,,,056-2024,120-2024,SI,SI,SI,,X,,,,,,,,,X,NO,,,,,,,SI,X,,,,,B0,A1,1,040122,040002
0218917,0,064582,3AP,CARLOS JOSE ECHAVARRY OSACAR,TIABAYA,PAMPAS NUEVAS,SI,SI,,X,,,,,SI,SI,,,SI,X,,,,,,SI,X,,X,,,,,SI,NO,SI,X,,X,,,,,SI,X,X,X,,,,NO,NO,,,SI,X,X,X,,X,NUTRICION SALUDABLE,SI,SI,2,SI,X,X,X,X,X,COORDINACIÓN CON EL SERVICIO EDUCATIVO HOSPITALARIO,,,X,X,X,X,X,X,X,,,SI,SI,SI,SI,SI,5,X,X,X,X,X,X,,,X,X,X,,SI,SI,17,SI,4,X,X,,X,X,X,X,,,X,X,X,X,X,,,,NO,SI,46,SI,X,,,X,,,SI,SI,SI,SI,SI,SI,SI,10,,,SI,SI,4,29/11/2024,SI,SI,SI,SI,SI,,,X,,X,,,087,,SI,SI,SI,,X,,,,,,,,,X,NO,,,,,,,NO,,,,,,B0,A1,1,040123,040001
0307173,0,062941,3AP,SAN PEDRO Y SAN PABLO - CIRCA,PAUCARPATA,JORGE CHÁVEZ,NO,,,,,,,,SI,SI,,,SI,,,,X,,,SI,X,,,X,,,,NO,,SI,X,,X,,,,,SI,,X,X,X,,,NO,NO,,,SI,X,X,,,,,SI,SI,2,NO,,,,,,,,,X,X,X,X,X,X,X,,,SI,SI,SI,SI,SI,3,,X,X,,,,,,X,,X,,SI,SI,11,SI,1,,X,,,X,X,X,,,X,X,,X,,,,,SI,SI,10,SI,X,,,,,,SI,SI,SI,SI,SI,SI,SI,0,,,SI,SI,1,20/5/2024,SI,SI,SI,SI,SI,X,,X,,X,,,074,,SI,SI,SI,,,,,,X,,,,,,SI,,X,,,,,SI,X,,,,,B0,A4,1,040112,040002
0844316,0,057987,3AP,40029 LUDWING VAN BEETHOVEN,ALTO SELVA ALEGRE,URB INDEPENDENCIA,NO,,,,,,,,SI,SI,,,SI,X,,,X,,,SI,,,X,,,,,NO,,NO,,,,,,,,SI,,X,X,,,,SI,SI,,5,SI,X,,,,,,SI,SI,5,SI,X,X,,X,,,,,X,X,X,X,,X,,,,SI,SI,SI,SI,SI,3,X,X,X,,,,,,,X,,X,SI,SI,24,SI,1,,X,X,,X,X,,,,X,X,,,,,,,SI,SI,12,SI,X,X,,,,,SI,SI,SI,SI,SI,SI,SI,0,,,SI,NO,,//,SI,SI,SI,SI,SI,,,X,X,,,,0173,,SI,SI,NO,,,,,,,,,,,,NO,,,,,,,NO,,,,,,B0,A1,1,040102,040002
1640895,0,722584,3AP,FUTURA SCHOOLS TIABAYA,TIABAYA,AREQUIPA,NO,,,,,,,,NO,,,,SI,,,,,X,,SI,X,,,,,,,NO,,NO,,,,,,,,SI,,,,,X,ESCUELAS DE PADRES,SI,SI,1,,SI,,,,,X,CAMPAÑAS DE VACUNACIÓN Y PREVENCIÓN,SI,NO,8,NO,,,,,,,SI,1,X,X,X,X,X,X,X,,,SI,SI,SI,SI,SI,1,X,X,X,X,,X,X,ESCUELAS DE PADRES,X,,X,,NO,SI,6,SI,2,,X,,,X,X,X,,,X,X,X,X,X,,,,SI,SI,2,SI,X,X,X,X,,,SI,SI,SI,SI,SI,SI,SI,0,,,SI,SI,1,20/8/2024,SI,SI,SI,SI,SI,,,,X,,,,,,,,NO,,,,,,,,,,,,NO,,,,,,,NO,,,,,,B0,B4,1,040123,040001
0311969,0,062658,3AP,40315 JOSE MARIA ARGUEDAS,PAUCARPATA,CIUDAD BLANCA,NO,,,,,,,,SI,SI,,,SI,X,,,,,,SI,X,,,X,,,,NO,,NO,,,,,,,,NO,,,,,,,,NO,,,NO,,,,,,,SI,NO,1,NO,,,,,,,,,,,,,,,,,,SI,SI,SI,NO,,,X,,,,,,,,X,X,,,SI,NO,,SI,1,,,X,,,,,,,,X,,,,,,,NO,NO,,NO,X,,,,,,SI,SI,SI,NO,NO,,SI,0,,,NO,,,//,NO,SI,SI,SI,SI,,X,,,,,,,,,,,,,,,,,,,,,,NO,,,,,,,SI,X,X,,,,B0,A1,1,040112,040002
0219659,0,061890,3AP,40158 EL GRAN AMAUTA,MIRAFLORES,EDIFICADORES MISTI,NO,,,,,,,,SI,SI,,,SI,,,,,,X,SI,X,X,X,,,,,NO,,SI,,,X,,,,,SI,,X,X,,,,NO,SI,,1,SI,X,,X,,,,SI,SI,6,SI,X,X,,,X,DEMUNA,,,X,X,X,X,X,X,,,,SI,SI,SI,SI,SI,2,,X,X,,,,,,X,X,,,SI,SI,12,SI,1,,,,,X,X,,,,X,X,,,X,,,,SI,SI,12,SI,,X,,,,,SI,SI,SI,SI,SI,SI,SI,0,,,SI,NO,,//,SI,SI,SI,SI,SI,X,,X,,,,,178,,SI,NO,NO,,,,,,,,,,,,NO,,,,,,,NO,,,,,,B0,A1,1,040110,040002
0307330,0,056898,3AP,ORLEANS GOLEMAN,AREQUIPA,AREQUIPA,NO,,,,,,,,SI,SI,,,SI,,,,,,X,SI,,,,,,X,,NO,,NO,,,,,,,,SI,X,,X,,,,SI,NO,,,NO,,,,,,,SI,NO,6,NO,,,,,,,NO,,X,X,X,X,,,X,,,SI,SI,SI,SI,SI,3,,X,,X,,X,,,X,,X,,NO,SI,6,SI,4,,X,,,,X,X,,,,,,X,X,,,,SI,NO,,SI,X,,,X,,,SI,SI,SI,SI,SI,SI,SI,0,,,SI,SI,6,11/4/2024,SI,SI,SI,SI,SI,,,X,,,,,,025,SI,NO,,,,,,,,,,,,,NO,,,,,,,NO,,,,,,B0,B4,1,040101,040001
0845552,0,058963,3AP,EL PIONERO G-2,CAYMA,ENACE,SI,SI,,,,,X,CARPETAS PEDAGÓGICAS,SI,NO,1,,SI,X,,,X,,,SI,X,,,,,,,SI,NO,SI,,,X,,,,,SI,,X,X,,,,NO,NO,,,SI,X,,,,,,SI,SI,8,NO,,,,,,,,,X,,,,X,,,X,TUTORES,SI,SI,SI,SI,SI,2,X,,,,,,,,X,X,X,,SI,SI,6,SI,4,X,X,X,,X,X,X,,,X,X,X,,X,,,,SI,SI,120,SI,,,,,X,MONITOREO A LA EJECICIÓN DEL PLAN TOECE,SI,SI,SI,SI,SI,SI,SI,0,,,SI,NO,,//,SI,SI,SI,SI,SI,X,,X,,X,,,026-2025,,SI,SI,SI,,,,,X,X,,,,,X,SI,X,,,,,,SI,X,,,,,B0,A4,1,040103,040001
1371434,0,533282,3AP,INTERNACIONAL ELIM,MIRAFLORES,,NO,,,,,,,,SI,SI,,,SI,,,,,,X,SI,X,,,,,,,NO,,NO,,,,,,,,SI,,X,X,,,,SI,NO,,,SI,,,,,X,VACUNACIÓN,SI,SI,8,NO,,,,,,,NO,,X,X,X,X,X,X,X,,,SI,SI,SI,SI,SI,1,,X,,X,,,,,X,,X,,SI,SI,6,SI,1,,,,,,X,,,,X,X,X,,X,,,,SI,SI,1,SI,X,,,,X,VISITAS OPINADAS A LAS AULAS,SI,SI,SI,SI,SI,SI,SI,1,,,SI,NO,,//,NO,SI,NO,SI,SI,X,,X,,X,,,,010,SI,SI,NO,,,,,,,,,,,,NO,,,,,,,NO,,,,,,B0,B4,1,040110,040002
0307876,0,067463,3AP,41517,ACARI,MACHAYNIOC,NO,,,,,,,,SI,SI,,,SI,,,,,X,,SI,,,X,,,,,NO,,NO,,,,,,,,SI,X,,X,X,,,NO,NO,,,NO,,,,,,,NO,NO,3,NO,,,,,,,,,X,,,,X,,,,,SI,SI,SI,SI,SI,2,X,,,X,,,,,X,,,,NO,SI,1,SI,1,X,,,,,,,,,X,,X,,,,,,SI,SI,1,SI,,,,,X,AUTOEVALUACION DE ACTIVIDADES RELIZADAS,SI,SI,SI,SI,SI,SI,NO,,1,,SI,NO,,//,SI,SI,SI,SI,SI,X,,,,,,,,,,,,,,,,,,,,,,,NO,,,,,,,NO,,,,,,B0,A1,2,040302,040004
0307132,0,056172,3AP,PADRE DAMIÁN DE LOS SAGRADOS CORAZONES,AREQUIPA,AREQUIPA,NO,,,,,,,,SI,SI,,,SI,X,,,X,,,SI,X,,,,,,,NO,,SI,,,X,,,,,NO,,,,,,,,NO,,,SI,X,,,,,,SI,NO,9,NO,,,,,,,NO,,X,X,X,X,X,X,X,,,SI,SI,SI,SI,SI,7,X,X,,X,,X,,,X,X,X,X,SI,SI,19,SI,1,,,,,,X,,,,X,X,X,X,X,,,,NO,SI,14,SI,X,X,X,X,,,SI,SI,SI,SI,SI,SI,SI,0,,,SI,NO,0,//,SI,SI,SI,SI,SI,,,X,X,X,,,036,,SI,NO,NO,,,,,,,,,,,,NO,,,,,,,SI,X,,,,,B0,B2,1,040101,040001
1334465,0,547137,3AP,PANAMERICANO,AREQUIPA,URBANIZACIÓN LA VICTORIA,NO,,,,,,,,SI,SI,,,SI,,,,,,X,SI,X,,,,,,,NO,,NO,,,,,,,,NO,,,,,,,,NO,,,NO,,,,,,,SI,NO,5,NO,,,,,,,NO,,X,X,X,X,X,X,X,,,SI,SI,SI,SI,NO,,,X,,,,X,,,X,,,,NO,SI,9,SI,3,,X,,,X,X,X,,,X,X,,,,,,,SI,NO,,SI,X,,,,,,SI,SI,SI,NO,SI,SI,SI,3,,,SI,NO,,//,NO,SI,SI,SI,NO,,,X,,,,,049-2025,,SI,NO,NO,,,,,,,,,,,,NO,,,,,,,NO,,,,,,B0,B4,1,040101,040001
1202449,0,059854,3AP,SEÑOR DE HUANCA,CERRO COLORADO,VILLA PARAISO,SI,SI,,,,X,,,SI,NO,1,,SI,X,,,X,X,,SI,X,,X,,,,,NO,,NO,,,,,,,,SI,,X,X,X,,,SI,NO,,,SI,X,X,X,,,,SI,SI,8,SI,X,,,,,,,,,X,X,,,,X,,,SI,SI,SI,SI,SI,3,X,X,,,,,,,X,X,,,SI,SI,6,SI,5,X,X,X,,X,X,X,,,,X,X,,,,,,SI,SI,7,SI,,X,,,,,SI,SI,SI,SI,SI,SI,SI,0,,,SI,NO,,//,SI,SI,SI,SI,SI,X,,X,X,X,,,026,017,SI,SI,SI,X,X,,,,,,,,,X,NO,,,,,,,SI,X,X,,,,B0,A4,1,040104,040001
0226431,0,055276,3AP,40002 AL AIRE LIBRE,AREQUIPA,AREQUIPA,NO,,,,,,,,SI,SI,,,SI,X,,,,,,SI,X,,X,,,,,SI,SI,SI,,,X,,,,,SI,,X,X,,,,SI,SI,8,3,SI,X,,,,,,SI,SI,5,SI,,X,X,,,,,,X,X,X,X,X,X,,,,SI,SI,SI,SI,SI,1,X,,X,,,,,,X,X,,,SI,SI,15,SI,1,X,X,X,,,,,,,X,,X,X,X,,,,SI,SI,5,SI,X,X,,X,,,SI,SI,SI,SI,SI,SI,SI,1,,,SI,SI,2,10/9/2024,SI,SI,SI,SI,SI,,,X,,X,,,003,,SI,SI,SI,,X,,,,,,,,,X,SI,,,X,,,,SI,,X,,,,B0,A1,1,040101,040001
0307371,0,065138,3AP,INTERNACIONAL PERUANO BRITANICO,YANAHUARA,URB VALENCIA A1,NO,,,,,,,,NO,,,,SI,X,,,,,,SI,,,,,,X,,NO,,NO,,,,,,,,SI,,X,,,,,NO,NO,,,NO,,,,,,,SI,NO,4,NO,,,,,,,SI,15,X,X,X,,,X,X,,,SI,SI,SI,SI,NO,,X,X,,X,,X,,,X,,,,NO,SI,18,SI,1,,,,,,,,X,NO ACEPTA OTRA OPCION LA UGEL NO CAPACITO A LA IE,X,X,,,X,,,,SI,NO,,SI,,X,,X,,,SI,SI,SI,NO,SI,SI,SI,0,,,SI,NO,,//,NO,SI,NO,SI,SI,X,,X,,,,,45,,SI,NO,NO,,,,,,,,,,,,NO,,,,,,,NO,,,,,,B0,B4,1,040126,040001
1339274,0,551285,3AP,THE PROVIDENCE SCHOOL,ALTO SELVA ALEGRE,AREQUIPA,NO,,,,,,,,NO,,,,SI,X,,,,,,SI,,,,,,X,,NO,,NO,,,,,,,,NO,,,,,,,,SI,1,,SI,,,,,X,VACUNACION,SI,SI,7,SI,,X,,X,,,NO,,,,,,,,,,,SI,SI,SI,NO,,,X,,X,,,X,,,X,,X,,SI,NO,,SI,2,X,X,,,,,,,,X,X,,,,,,,SI,SI,4,SI,,,,X,,,SI,SI,SI,SI,SI,SI,SI,1,,,SI,NO,,//,NO,SI,SI,SI,NO,,,,X,,,,,,,,NO,,,,,,,,,,,,NO,,,,,,,NO,,,,,,B0,B4,1,040102,040002
0307140,0,056916,3AP,NUESTRA SEÑORA DEL PILAR,AREQUIPA,AREQUIPA,NO,,,,,,,,NO,,,,SI,,,,,,X,SI,,,,,,X,,NO,,NO,,,,,,,,SI,,,X,,,,SI,NO,,,SI,X,,,,,,SI,SI,5,NO,,,,,,,NO,,X,X,,,X,X,X,,,SI,SI,SI,SI,SI,4,X,X,,,,X,,,X,,X,,SI,SI,12,SI,5,,,,,X,X,,,,X,X,X,,X,,,,SI,SI,50,NO,X,X,,X,,,SI,SI,SI,NO,SI,SI,SI,8,,,SI,SI,1,16/12/2024,NO,SI,SI,SI,SI,,,,,,X,CONSEJO DE AULA,,,,,NO,,,,,,,,,,,,NO,,,,,,,NO,,,,,,B0,B4,1,040101,040001
1334903,0,863296,3AP,PERCY GIBSON MOLLER,CERRO COLORADO,AREQUIPA,NO,,,,,,,,SI,SI,,,SI,X,,,,,,SI,X,,,,,,,SI,SI,SI,,,X,,,,,SI,X,X,,,,,SI,NO,,,SI,X,X,,,,,SI,SI,8,SI,X,X,X,X,,,NO,,X,X,X,X,X,X,X,,,SI,SI,SI,SI,SI,4,X,X,X,X,X,X,,,X,X,X,X,SI,SI,6,NO,,,X,,,,,,,,X,X,X,X,X,,,,SI,SI,5,SI,X,X,X,X,,,SI,SI,SI,SI,SI,SI,SI,0,,,SI,NO,,//,SI,SI,SI,SI,SI,,,,X,,,,,,,,SI,,,,,X,X,,,,,X,SI,X,,,,,,SI,X,,,,,B0,B4,1,040104,040001
1705060,0,596321,3AP,CASA DE CARIDAD ARTES Y OFICIOS,CERRO COLORADO,,SI,SI,,,,X,,,SI,NO,1,,SI,X,,,X,X,,SI,X,X,X,,,,,SI,SI,SI,,,X,,,,,SI,X,X,X,X,,,SI,NO,,,SI,X,,X,,,,SI,SI,9,SI,,X,X,X,,,,,X,X,X,X,X,X,X,,,SI,SI,SI,SI,SI,8,X,X,X,X,X,X,,,X,X,X,X,SI,SI,6,SI,5,X,X,,,X,X,,,,X,X,X,X,X,,,,SI,SI,15,SI,,X,X,,,,SI,SI,SI,SI,SI,SI,SI,0,,,NO,,,//,NO,SI,SI,SI,SI,,,X,X,,,,039-2024-IECCAO,,SI,SI,SI,,X,,,,,,,,,X,NO,,,,,,,NO,,,,,,B0,A4,1,040104,040001
0218768,0,063865,3AP,40070 SANTA ISABEL DE HUNGRIA,SANTA ISABEL DE SIGUAS,CENTRO POBLADO SANTA ISABEL,NO,,,,,,,,SI,SI,,,SI,X,,,X,,,SI,X,X,,,,,,SI,SI,SI,,,X,,,,,SI,X,X,X,,,,NO,NO,,,SI,X,,X,X,,,SI,SI,8,SI,,,,X,,,,,X,X,X,X,X,X,,,,SI,SI,SI,SI,SI,2,,X,,X,,X,,,X,X,X,X,SI,SI,2,SI,1,X,X,X,,X,X,X,,,X,X,X,X,X,,,,SI,NO,,SI,X,,,,,,SI,SI,SI,SI,SI,SI,SI,2,,,SI,SI,6,11/10/2024,SI,SI,SI,SI,SI,X,,X,,X,,,032,032-2024,SI,SI,,,,,,,,,,,,,SI,,,X,,,,SI,,X,,,,B0,A1,2,040120,040010
1117738,0,061630,3AP,SEÑOR DE LUREN,SOCABAYA,SOCABAYA,NO,,,,,,,,SI,SI,,,SI,,,,,,X,SI,,,,,,X,,SI,SI,SI,,,X,,,,,SI,,X,,X,,,NO,NO,,,SI,X,,,,,,SI,SI,3,NO,,,,,,,NO,,X,X,X,X,X,X,X,,,SI,SI,SI,SI,NO,,X,X,X,X,X,X,,,X,X,X,X,NO,SI,4,SI,2,,,,,,,,,,X,X,,X,X,,,,SI,NO,,SI,,X,,,,,SI,SI,SI,SI,SI,SI,SI,0,,,SI,NO,,//,NO,SI,SI,SI,SI,,,,X,,,,,,,,NO,,,,,,,,,,,,NO,,,,,,,NO,,,,,,B0,B4,1,040109,040002
1732429,0,810118,3AP,VIRGENCITA DE FATIMA,CERRO COLORADO,HERNAN BEDOYA I ETAPA,NO,,,,,,,,SI,SI,,,SI,X,,,,,,SI,X,,,,,,,NO,,NO,,,,,,,,SI,,,X,,,,NO,NO,,,NO,,,,,,,SI,NO,7,NO,,,,,,,NO,,X,,X,,,,X,,,SI,SI,NO,SI,NO,,X,X,,X,,,,,X,,,,SI,SI,1,SI,1,,X,,,,,,,,,X,,,,,,,SI,NO,,SI,X,,,,,,SI,SI,SI,SI,SI,SI,SI,0,,,SI,NO,,//,SI,SI,SI,SI,SI,,,,,X,,,,,,,,,,,,,,,,,,,NO,,,,,,,NO,,,,,,B0,B4,1,040104,040001
1751411,0,825105,3AP,INTERNACIONAL ROOSEVELT,SOCABAYA,SOCABAYA,NO,,,,,,,,SI,SI,,,SI,,,,,,X,SI,,,,,,X,,SI,SI,SI,,,X,,,,,SI,,X,,X,,,NO,NO,,,SI,X,,,,,,SI,SI,3,NO,,,,,,,NO,,X,X,X,X,X,X,X,,,SI,SI,SI,SI,NO,,X,X,X,X,X,X,,,X,X,X,X,NO,SI,4,SI,2,,,,,,,,,,X,X,,X,X,,,,SI,NO,,SI,,X,,,,,SI,SI,SI,SI,SI,SI,SI,0,,,SI,NO,,//,NO,SI,SI,SI,SI,,,,X,,,,,,,,NO,,,,,,,,,,,,NO,,,,,,,NO,,,,,,B0,B4,1,040122,040002
0218891,0,064577,3AP,400083 FRANKLIN ROOSEVELT,TIABAYA,TIABAYA,NO,,,,,,,,SI,NO,1,,SI,X,,,,,,SI,X,,,X,,,,SI,SI,SI,,,X,,,,,SI,,X,X,,,,NO,NO,,,SI,X,,X,,,,SI,SI,9,SI,,X,,,,,,,X,X,X,X,X,X,X,,,SI,SI,SI,SI,SI,5,X,,,X,X,,,,X,X,X,X,SI,SI,14,SI,2,,,,,,X,,,,X,X,X,X,,,,,SI,SI,12,SI,X,,,,,,SI,SI,SI,SI,SI,SI,SI,0,,,SI,NO,,//,SI,SI,SI,SI,SI,,,X,,X,,,72,23,SI,SI,NO,,,,,,,,,,,,NO,,,,,,,NO,,,,,,B0,A1,1,040123,040001
0656173,0,059156,3AP,LORD BYRON,CAYMA,AREQUIPA,NO,,,,,,,,SI,SI,,,SI,,,,X,,,SI,X,,,,,,,NO,,NS,,,,,,,,SI,X,X,X,,,,SI,NO,,,NO,,,,,,,SI,SI,1,NO,,,,,,,NO,,X,,X,,,,,,,SI,SI,SI,SI,SI,2,X,,X,,,,,,X,X,,,SI,SI,15,SI,2,,,,,,X,,,,,X,,,,,,,SI,SI,1,SI,,,,X,,,SI,SI,SI,NO,SI,SI,SI,0,,,SI,NO,,//,SI,SI,SI,SI,SI,X,,,,,,,,,,,NO,,,,,,,,,,,,SI,X,,,,,,SI,X,,,,,B0,B4,1,040103,040001
0895581,0,540094,3AP,SEYMOUR BRUNER,AREQUIPA,AREQUIPA,SI,SI,,,,X,,,SI,SI,,,SI,,,,,X,,SI,,,X,,,,,SI,NO,NS,,,,,,,,SI,,,X,,,,SI,SI,4,0,NO,,,,,,,SI,NO,8,SI,,X,X,,,,NO,,X,,X,,,X,X,,,SI,SI,SI,SI,SI,3,,X,,,,,,,X,,X,,SI,SI,5,SI,6,X,X,,X,,X,X,,,X,X,,,,,,,NO,SI,3,SI,X,,,,,,SI,SI,SI,SI,SI,NO,SI,1,,,SI,NO,,//,SI,SI,SI,SI,NO,,,X,,X,,,052- I.ESB,,SI,NO,NO,,,,,,,,,,,,NO,,,,,,,SI,,X,,,,B0,B4,1,040101,040001
0307116,0,061423,3AP,CORAZON DE JESUS,MARIANO MELGAR,SANTA ROSA,NO,,,,,,,,SI,SI,,,SI,X,,,,X,,SI,X,X,X,X,,,,NO,,NO,,,,,,,,SI,,X,X,X,,,SI,NO,,,SI,X,X,X,,,,SI,SI,9,SI,X,,X,X,,,,,X,X,X,X,X,X,,,,SI,SI,SI,SI,SI,3,X,X,X,X,X,X,,,X,X,X,X,SI,SI,9,SI,2,,X,,,X,X,X,,,X,X,X,X,X,,,,SI,SI,9,SI,X,X,,,,,SI,SI,SI,SI,SI,SI,SI,5,,,SI,NO,,//,NO,SI,SI,SI,SI,X,X,X,X,,,,175-2024,,SI,SI,SI,,X,,,,,,,X,X,,SI,,X,X,X,,,SI,,X,,,,B0,A4,1,040109,040002
1526854,0,616786,3AP,AMOR DE DIOS,SACHACA,MARCARANI,NO,,,,,,,,SI,SI,,,SI,X,,,,X,,SI,,,,,X,,,NO,,NO,,,,,,,,SI,,X,X,,,,SI,NO,,,SI,,,,,X,DIAGNOSTICO ODONTOLOGICO,SI,NO,8,SI,,,X,,,,NO,,X,X,X,X,X,X,,,,SI,SI,SI,SI,SI,3,,X,,X,,X,,,X,X,X,X,SI,SI,4,SI,5,X,X,X,X,X,X,X,,,,X,,X,,,,,SI,NO,,SI,X,X,,X,,,SI,SI,SI,SI,SI,SI,SI,0,,,SI,NO,,//,SI,SI,SI,SI,SI,,,X,,,,,011,09,SI,SI,NO,,,,,,,,,,,,NO,,,,,,,SI,,X,,,,B0,B4,1,040117,040001
1203405,0,576610,3AP,NUEVA GENERACION ESTUDIANTIL,MAJES,EL PEDREGAL,NO,,,,,,,,SI,SI,,,SI,X,,,,,,SI,X,,,,,,,NO,,NO,,,,,,,,SI,,X,,,,,NO,NO,,,NO,,,,,,,SI,NO,1,SI,X,,X,,,,NO,,X,,X,X,,,X,,,SI,SI,SI,SI,NO,,X,,,,,X,,,X,,,,SI,SI,1,SI,1,,X,,,,,,,,X,,X,,X,,,,NO,SI,4,SI,,,X,X,,,SI,SI,SI,SI,SI,SI,SI,0,,,SI,NO,,//,SI,SI,NO,SI,SI,X,,,,,,,,,,,NO,,,,,,,,,,,,NO,,,,,,,NO,,,,,,B0,B4,1,040520,040010
0307165,0,062861,3AP,JUAN XXIII,PAUCARPATA,MIGUEL GRAU,NO,,,,,,,,SI,SI,,,SI,X,,X,X,,,SI,X,,X,,,,,NO,,NO,,,,,,,,SI,X,,X,,,,NO,NO,,,SI,X,,,,,,SI,SI,9,SI,,X,,X,,,,,X,X,X,X,,,,,,SI,SI,SI,SI,SI,3,,X,,,,,,,X,X,X,X,SI,SI,11,SI,1,,X,X,,,X,,,,X,X,,X,X,,,,SI,SI,10,SI,X,,,X,,,SI,SI,SI,SI,SI,SI,SI,0,,,SI,NO,,//,SI,SI,SI,SI,SI,X,,,,,,,,,,,NO,,,,,,,,,,,,SI,,X,X,X,,,NO,,,,,,B0,A4,1,040112,040002
1030485,0,064407,3AP,IE MARIA ANUA COELI,SOCABAYA,AREQUIPA,NO,,,,,,,,SI,SI,,,SI,,,,,,X,SI,X,,,,,,,NO,,NO,,,,,,,,SI,,,X,,,,NO,NO,,,SI,,,,,X,VACUNAS,SI,SI,8,SI,,X,,,,,NO,,X,X,X,,,,,,,SI,SI,SI,SI,SI,1,,,,,,X,,,X,,,,SI,SI,6,SI,1,,X,,,,X,X,,,X,X,,,,,,,SI,SI,1,SI,X,X,,,,,SI,SI,SI,SI,SI,SI,SI,1,,,SI,SI,6,13/12/2024,SI,SI,NO,SI,SI,,,X,,X,,,,012,SI,SI,NO,,,,,,,,,,,,NO,,,,,,,NO,,,,,,B0,B4,1,040122,040002
1260264,0,998926,3AP,CRISTO SALVADOR DE MONTECARLO,TIABAYA,TIABAYA,SI,NO,,,,,,,SI,SI,,,SI,,,,,,X,SI,X,,,,,,,NO,,SI,,,X,,,,,SI,X,,,X,,,SI,NO,,,SI,X,,,,X,VACUNAS,SI,NO,8,NO,,,,,,,NO,,X,X,X,X,,,X,,,SI,SI,SI,SI,SI,2,X,X,X,,,X,,,X,,X,,SI,SI,6,SI,1,,,,,,,,X,MINGUNA,X,X,,,X,,,,SI,SI,4,SI,X,X,,X,,,SI,SI,SI,SI,SI,SI,SI,0,,,SI,NO,,//,SI,SI,NO,SI,SI,,X,,,,,,,,,,NO,,,,,,,,,,,,SI,X,,,,,,SI,X,,,,,B0,B4,1,040123,040001
0678904,0,070026,3AP,40532,CAYLLOMA,TALTA HUARAHUARCO,NO,,,,,,,,NO,,,,SI,X,,,,,,SI,,,X,,,,,NO,,NO,,,,,,,,NO,,,,,,,,NO,,,SI,X,,,,,,SI,NO,3,NO,,,,,,,,,X,X,X,X,X,X,,,,SI,SI,SI,SI,NO,,X,,,X,,,,,,,X,,NO,SI,1,SI,2,,X,,,X,X,X,,,X,,,,X,,,,SI,NO,,SI,,,,,X,IE UNIDOCENTE,SI,SI,SI,SI,SI,SI,SI,0,,,SI,NO,,//,NO,SI,SI,SI,NO,,,,X,,,,,,,,NO,,,,,,,,,,,,NO,,,,,,,NO,,,,,,B0,A1,2,040505,040006
1239524,0,617738,3AP,AMIGOS DE CRISTO,PAUCARPATA,URBANIZACION CALIFORNIA,NO,,,,,,,,NO,,,,SI,,,,,,X,SI,X,,,,,,,NO,,NO,,,,,,,,SI,,,X,,,,NO,NO,,,SI,X,,,,,,SI,NO,8,NO,,,,,,,NO,,X,X,X,,,,,,,SI,NO,NO,SI,SI,1,X,,,,,,,,X,,,,SI,NO,,SI,1,,,,,,,,,,,X,,,,,,,NO,SI,4,SI,,,,X,,,SI,SI,SI,NO,NO,,SI,0,,,SI,NO,,//,SI,SI,SI,SI,SI,,,X,,,,,NINGUNO,NINGUNO,SI,NO,NO,,,,,,,,,,,,NO,,,,,,,NO,,,,,,B0,B4,1,040112,040002
0307090,0,060602,3AP,SAN ANTONIO MARIA CLARET,JACOBO HUNTER,,NO,,,,,,,,NO,,,,SI,X,X,,X,X,,SI,X,,,,X,,,SI,SI,SI,X,X,X,,,,,SI,X,X,X,X,,,SI,NO,,,SI,X,X,X,X,,,SI,SI,5,NO,,,,,,,,,X,X,X,X,X,X,X,,,SI,SI,SI,SI,SI,1,X,X,X,X,X,X,,,X,X,X,X,SI,SI,13,SI,3,,X,,,X,,X,,,X,X,X,,X,,,,SI,SI,10,SI,X,X,,X,,,SI,SI,SI,SI,SI,SI,SI,1,,,SI,SI,1,10/10/2024,SI,SI,SI,SI,SI,X,X,X,X,X,,,042,29,SI,SI,NO,,,,,,,,,,,,SI,,X,X,,,,SI,X,,,,,B0,A4,1,040107,040002
1794346,0,909807,3AP,JESUS REDENTOR SCHOOL,CERRO COLORADO,CIUDAD MUNICIPAL,NO,,,,,,,,SI,SI,,,SI,,,,,,X,SI,,,,,X,,,NO,,NO,,,,,,,,NO,,,,,,,,NO,,,SI,X,,,,,,SI,NO,3,NO,,,,,,,NO,,,,,,,,,,,NO,,,,,,X,,,,,,,,X,,,,SI,SI,3,SI,1,,,,,,,,X,,X,,,,,,,,NO,SI,3,SI,X,,,,,,NO,,,,NO,,NO,,4,,NO,,,//,NO,NO,,NO,NO,,X,,,,,,,,,,,,,,,,,,,,,,NO,,,,,,,NO,,,,,,B0,B4,1,040104,040001
0226688,0,057973,3AP,40028 GUILLERMO MERCADO BARROSO,AREQUIPA,AREQUIPA,NO,,,,,,,,SI,SI,,,SI,X,,,,,,SI,,,X,,,,,SI,SI,SI,,,X,,,,,SI,X,X,X,,,,NO,SI,5,,SI,X,,X,,,,SI,NO,9,NO,,,,,,,,,X,X,X,X,X,X,,,,SI,SI,SI,SI,SI,3,X,X,X,X,,X,,,X,,X,X,SI,SI,11,SI,5,X,X,X,X,X,X,X,,,X,X,X,X,X,,,,SI,SI,12,SI,X,,,X,,,SI,SI,SI,SI,SI,SI,SI,0,,,SI,SI,1,23/11/2024,NO,SI,SI,SI,SI,X,X,X,,X,,,18,132,SI,SI,SI,X,X,X,,,,,,X,,X,NO,,,,,,,NO,,,,,,B0,A1,1,040102,040002
1720309,0,055988,3AP,MAPLE BEAR AREQUIPA,AREQUIPA,AREQUIPA,NO,,,,,,,,SI,SI,,,SI,,,,,,X,SI,,,,,,X,,NO,,NO,,,,,,,,SI,,X,X,,,,NO,SI,2,,NO,,,,,,,SI,NO,9,NO,,,,,,,NO,,,,,,,,,,,SI,NO,NO,NO,,,X,,,X,,X,,,X,,X,,NO,SI,6,SI,6,,X,,,,X,,,,X,X,,X,X,,,,SI,NO,,SI,X,X,X,,,,SI,NO,NO,NO,SI,SI,SI,0,,,SI,NO,,//,NO,SI,SI,SI,SI,,,,,,X,NINGUNO,,,,,,,,,,,,,,,,,NO,,,,,,,NO,,,,,,B0,B4,1,040101,040001
3048287,0,913343,3AP,JESUS SACRAMENTADO,CAYMA,CAYMA,NO,,,,,,,,NO,,,,SI,X,,,,,,SI,,X,,,,,,NO,,SI,,,X,,,,,SI,X,,X,,,,NO,NO,,,SI,X,,,,,,SI,SI,8,SI,X,,,X,,,NO,,X,,X,,,,,,,NO,,,,,,X,X,,,,,,,X,,,,SI,SI,3,SI,3,,X,,,X,X,,,,,,X,X,,,,,SI,SI,3,SI,X,,X,,,,SI,SI,SI,NO,SI,NO,NO,,1,,SI,NO,,//,NO,SI,SI,SI,SI,,,,X,,,,,,,,NO,,,,,,,,,,,,NO,,,,,,,NO,,,,,,B0,B4,1,040103,040001
1674340,0,680777,3AP,SOR ANA - B,CERRO COLORADO,AREQUIPA,NO,,,,,,,,SI,SI,,,SI,X,,,X,,,SI,X,,,,,,,NO,,NO,,,,,,,,SI,,,X,X,,,NO,NO,,,SI,X,,X,,,,SI,NO,8,SI,,X,,,,,,,X,X,X,X,,,,,,SI,SI,SI,NO,,,,,,X,,X,,,X,,X,,NO,SI,6,SI,1,,,,,,X,,,,X,,,,X,,,,SI,SI,4,SI,,X,,,,,SI,SI,SI,SI,SI,NO,SI,0,,,NO,,,//,NO,SI,SI,SI,NO,X,,,,,,,,,,,,,,,,,,,,,,,SI,,X,,,,,NO,,,,,,B0,A1,1,040104,040001
1574946,0,647995,3AP,KINDER BLESSED,CERRO COLORADO,AREQUIPA,SI,SI,,X,,,,,NO,,,,SI,,,,,,X,SI,X,,,,,,,SI,SI,SI,,,X,,,,,SI,,,X,,,,NO,NO,,,SI,X,,,,,,SI,SI,9,NO,,,,,,,NO,,X,,X,,,,,,,SI,SI,SI,SI,NO,,X,,,,,,,,X,,,,SI,SI,5,NO,,,,,,X,,,,,,X,X,,,,,,SI,SI,3,SI,,X,,,,,SI,SI,SI,SI,SI,NO,NO,,4,,SI,NO,,//,SI,SI,NO,SI,SI,X,,,,,,,,,,,NO,,,,,,,,,,,,NO,,,,,,,NO,,,,,,B0,B4,1,040104,040001
0307553,0,851298,3AP,SAN FRANCISCO DE ASIS,CAYMA,AREQUIPA,SI,SI,,,,X,,,SI,SI,,,SI,,,X,X,,,SI,X,,,,,,,NO,,NO,,,,,,,,SI,,X,X,,X,JORNADA ESPIRITUAL,SI,NO,,,SI,X,,,,,,SI,SI,9,SI,,X,X,X,,,SI,2,X,X,X,,,,X,,,SI,SI,SI,SI,SI,5,X,,,,,X,,,X,,X,,SI,SI,11,SI,2,,,X,,,X,X,,,,,,,X,,,,SI,SI,12,SI,X,X,,X,,,SI,SI,SI,SI,SI,SI,SI,2,,,SI,NO,,//,SI,SI,SI,SI,SI,,,X,,X,,,062-2025,,SI,SI,NO,,,,,,,,,,,,NO,,,,,,,NO,,,,,,B0,B4,1,040103,040001
0312660,0,070328,3AP,40386 TUPAC AMARU,ICHUPAMPA,ICHUPAMPA,NO,,,,,,,,NO,,,,SI,,,,,,X,SI,,,X,,,,,SI,SI,SI,,,X,,,,,SI,X,X,X,,,,SI,NO,,,SI,X,,X,,X,ACTIVIDADES DIVERSAS,SI,SI,8,SI,X,X,X,X,,,,,X,X,X,X,X,X,,X,REPRESENTANTE DE PADRES DE FAMILIA,SI,SI,SI,SI,SI,8,X,,,X,X,,,,X,X,,X,SI,SI,8,SI,10,X,X,X,X,X,X,X,,,X,X,,X,X,,,,SI,SI,8,SI,X,,,X,,,SI,SI,SI,SI,SI,SI,SI,1,,,SI,NO,,//,SI,SI,SI,SI,SI,X,,X,,X,,,22-2025,093-2025,NO,,NO,,,,,,,,,,,,NO,,,,,,,SI,X,X,,,,B0,A1,2,040509,040006
1338722,0,910071,3AP,FEDERICO VILLARREAL,ALTO SELVA ALEGRE,PJ INDEPENDENCIA,NO,,,,,,,,SI,SI,,,NO,,,,,,X,SI,,,,,,X,,NO,,SI,,,X,,,,,SI,,X,X,,,,NO,NO,,,SI,X,,,,,,SI,SI,8,SI,X,,,X,,,NO,,X,X,X,X,X,X,,,,SI,SI,SI,SI,SI,3,X,X,,X,,X,,,X,X,X,,SI,SI,6,SI,1,X,X,X,X,X,X,,,,X,X,X,X,X,,,,SI,NO,,SI,X,,,X,,,SI,SI,SI,SI,SI,SI,SI,0,,,SI,NO,,//,NO,SI,SI,SI,SI,,,X,,X,,,N° 009-2025-,001,SI,SI,NO,,,,,,,,,,,,SI,X,,,,,,NO,,,,,,B0,B4,1,040102,040002
1271618,0,117217,3AP,40694 CENTRO DE INNOVACION PEDAGOGICA ISPPA,YURA,CAMINEROS EMPLEADOS,SI,SI,,,,X,,,SI,SI,,,SI,X,,,X,,,SI,X,X,X,X,,,,SI,SI,SI,,,X,,,,,SI,,X,X,X,,,SI,SI,0,5,SI,X,,X,,,,SI,SI,9,SI,X,,,X,,,,,X,X,X,X,X,X,,,,SI,SI,SI,SI,SI,4,X,X,,X,X,X,,,X,X,X,X,SI,SI,12,SI,10,X,X,X,X,X,X,X,,,X,X,,X,X,,,,SI,SI,4,SI,X,X,,X,,,SI,SI,SI,SI,SI,SI,SI,2,,,SI,SI,1,11/6/2024,SI,SI,SI,SI,SI,,,X,X,X,,,RD 037,,SI,SI,NO,,,,,,,,,,,,NO,,,,,,,SI,X,,,X,UGELNORTE,B0,A4,1,040128,040001
0219832,0,062535,3AP,40177 DIVINO CORAZON DE JESUS,PAUCARPATA,AMPLIACIÓN PAUCARPATA,SI,SI,,,,X,,,SI,SI,,,SI,X,,,X,X,,SI,X,X,,,,,,SI,SI,SI,,,X,,,,,SI,,X,X,X,,,NO,NO,,,SI,X,X,X,X,,,SI,SI,3,SI,,X,,,,,,,X,X,X,X,X,X,X,,,SI,SI,SI,SI,SI,3,X,X,,X,,,,,X,X,X,,,SI,7,NO,,,,,,,X,,,,,X,X,X,,,,,,SI,10,SI,X,,,,,,SI,SI,SI,SI,SI,SI,SI,0,,,SI,SI,2,13/12/2024,NO,SI,SI,SI,SI,,,X,,X,,,065-2025,124-2025,SI,SI,NO,,,,,,,,,,,,NO,,,,,,,SI,X,,,,,B0,A1,1,040112,040002
1698307,0,713495,3AP,ALAS DEL PROGRESO SCHOOL,SACHACA,,NO,,,,,,,,SI,SI,,,SI,X,,,X,,,SI,X,,,,,,,SI,SI,SI,,,X,,,,,SI,,,,,X,ESCUELA DE PASRES DE FAMILIA,SI,NO,,,SI,X,,X,X,,,SI,SI,8,SI,X,,,,,,NO,,X,X,X,X,,X,X,,,SI,SI,SI,SI,SI,2,X,X,X,,,,,,,X,X,,SI,SI,2,SI,4,X,X,,X,,X,,,,X,X,,X,X,,,,SI,SI,4,SI,X,X,X,,,,SI,SI,SI,SI,SI,SI,SI,0,,,SI,NO,,//,SI,SI,SI,SI,SI,X,,X,,X,,,015-2024,,SI,SI,NO,,,,,,,,,,,,SI,X,X,X,,,,SI,X,,,,,B0,B4,1,040117,040001
0219188,0,060918,3AP,40111,LA JOYA,LA JOYA,NO,,,,,,,,SI,SI,,,SI,X,,,X,X,,SI,X,,,,,,,SI,SI,SI,,,X,,,,,SI,,,X,,,,SI,,,2,SI,X,,,,,,SI,SI,3,SI,,,X,,,,NO,,X,,,,X,,,,,SI,SI,SI,SI,SI,1,X,,,,,,,,X,X,,X,SI,,2,SI,3,X,X,,X,X,X,,,,,X,X,,,,,,SI,SI,6,SI,X,,,,,,NO,,,,SI,SI,SI,0,,,NO,NO,,//,SI,SI,SI,SI,SI,,,,X,,,,10-25,,SI,SI,SI,,,,,,X,,,,,X,SI,,X,,,,,SI,,X,,,,B0,A1,2,040108,040010
1755867,0,828731,3AP,DIVINO NIÑO ALTO LIBERTAD,CERRO COLORADO,ALTO LIBERTAD,SI,SI,,,,,X,SE ENVIÓ FICHAS DE TRABAJO A CASA,SI,NO,1,,SI,X,,,,,,SI,X,X,X,,,,,NO,,SI,,,X,,,,,SI,X,X,X,X,,,SI,NO,,,SI,X,,X,,,,NO,SI,9,SI,X,X,,X,,,,,X,X,X,X,,,,,,SI,SI,SI,SI,SI,2,,X,,X,X,,,,X,,X,,SI,SI,12,SI,8,X,X,X,,,X,X,,,X,X,X,X,,,,,SI,NO,,SI,X,,,X,,,SI,SI,SI,SI,SI,SI,SI,3,,,SI,NO,,//,NO,SI,SI,SI,SI,,,X,,X,,,RD N°160,,SI,NO,SI,,X,,,,,,,,,X,SI,,,X,,,,SI,,X,,,,B0,A1,1,040104,040001
0218743,0,060857,3AP,40068,LA JOYA,EL RAMAL,NO,,,,,,,,SI,SI,,,SI,X,X,X,X,,,SI,X,X,X,X,,,,NO,,SI,,,X,,,,,SI,,X,X,,,,SI,NO,,,SI,X,X,X,,,,SI,SI,3,SI,,X,,,,,,,X,X,X,X,X,X,,,,SI,SI,SI,SI,SI,1,X,X,,,,,,,X,X,X,X,SI,SI,6,SI,1,,X,X,X,,,,,,X,X,X,X,X,,,,SI,SI,6,SI,X,X,,X,,,SI,SI,SI,SI,SI,SI,SI,1,,,SI,SI,1,12/11/2024,SI,SI,SI,SI,SI,X,,X,,X,,,049-2024,,NO,,NO,,,,,,,,,,,,NO,,,,,,,NO,,,,,,B0,A1,2,040108,040010
0311779,0,067953,3AP,40296 VIRGEN DEL ROSARIO,HUANUHUANU,HUANUHUANU,NO,,,,,,,,SI,SI,,,SI,X,,,,X,,SI,,,,,X,,,SI,SI,SI,,,,X,,,,SI,X,X,X,,,,NO,NO,,,SI,X,,,,X,SALUD BUCAL ALIMENTACION SALUDABLE,SI,SI,3,NO,,,,,,,,,X,X,X,X,X,X,,,,SI,SI,SI,SI,SI,3,,X,,,X,,,,X,X,X,X,SI,SI,1,SI,5,X,X,X,,X,X,X,,,X,X,,X,X,,,,SI,SI,3,SI,,,,X,,,SI,SI,SI,SI,SI,SI,SI,0,,,SI,NO,,//,SI,SI,SI,SI,SI,,X,X,,X,,,019,052,SI,SI,NO,,,,,,,,,,,,SI,X,,,,,,SI,X,X,,,,B0,A1,2,040309,040004
1273176,0,272524,3AP,SAN JOSE DE COTTOLENGO,CERRO COLORADO,ASOCIACION ANDRES AVELINO CACERES,NO,,,,,,,,NO,,,,SI,X,,,,,,SI,X,X,,,,,,SI,SI,SI,,,X,,,,,SI,X,X,,,,,SI,NO,,,SI,X,,,,,,SI,SI,9,SI,X,,,,,,,,X,X,X,X,,,,,,SI,SI,SI,SI,SI,3,X,X,,,,,,,X,,X,,SI,SI,12,SI,2,X,X,X,,X,X,X,,,X,X,,X,X,,,,SI,SI,5,SI,X,,,X,,,SI,SI,SI,SI,SI,SI,SI,0,,,SI,NO,,//,SI,SI,SI,SI,SI,,,X,X,,,,035,086,SI,SI,NO,,,,,,,,,,,,SI,X,,,,,,SI,,X,,,,B0,A4,1,040104,040001
0226936,0,059401,3AP,40053 MANUEL A. TAPIA FUENTES,CERRO COLORADO,ZAMACOLA,SI,SI,,,,X,,,SI,SI,,,SI,X,,,,,,SI,X,,X,,,,,NO,,SI,,,X,,,,,SI,,X,X,,,,NO,NO,,,SI,X,X,X,,,,SI,SI,9,SI,,X,,X,,,,,X,X,X,X,X,X,,,,SI,SI,NO,SI,SI,3,,,,X,,X,,,X,,,,SI,SI,19,SI,6,X,X,,,X,X,X,,,,X,,,,,,,SI,SI,19,SI,X,,,X,,,SI,SI,SI,SI,SI,SI,SI,0,,,SI,SI,10,5/12/2024,SI,SI,SI,SI,SI,,,X,,X,,,11,,SI,NO,NO,,,,,,,,,,,,NO,,,,,,,NO,,,,,,B0,A1,1,040104,040001
1328251,0,546958,3AP,ACUAREL DEL SOL,AREQUIPA,AREQUIPA,NO,,,,,,,,SI,SI,,,SI,X,,,X,X,,SI,X,,,,X,,,NO,,NO,,,,,,,,SI,X,X,X,X,,,NO,SI,2,0,NO,,,,,,,NO,NO,8,NO,,,,,,,NO,,X,X,X,,,,X,,,NO,,,,,,X,,X,X,,X,,,X,X,X,X,NO,SI,6,NO,,,,,,,,,,,X,X,,X,X,,,,NO,SI,10,SI,X,X,,,,,SI,SI,SI,SI,SI,SI,SI,0,,,SI,NO,,//,SI,SI,SI,SI,SI,X,X,,,X,,,,,,,NO,,,,,,,,,,,,SI,,X,X,X,,,SI,X,,,,,B0,B4,1,040101,040001
0845198,0,058784,3AP,41024 MANUEL GALLEGOS SANZ,CAYMA,BUENOS AIRES,NO,,,,,,,,SI,SI,,,SI,X,,,X,,,SI,X,,X,,,,,NO,,SI,,,X,,,,,SI,,,X,,,,NO,NO,,,SI,X,,X,,,,SI,SI,5,NO,,,,,,,,,X,X,X,X,X,X,,,,SI,SI,SI,SI,SI,2,X,X,,,,,,,X,X,X,X,SI,SI,12,SI,6,X,X,X,,X,X,X,,,X,X,,X,X,,,,SI,SI,10,SI,X,,,X,X,VISACIÓN DE SESIONES DE TUTORÍA,SI,SI,SI,SI,SI,SI,SI,1,,,SI,SI,6,5/9/2024,NO,SI,SI,SI,SI,,X,X,,X,,,098-2024,207-2024-DIE,SI,SI,NO,,,,,,,,,,,,NO,,,,,,,SI,X,,,,,B0,A1,1,040103,040001
0219287,0,065586,3AP,40121 EVERARDO ZAPATA SANTILLANA,JOSE LUIS BUSTAMANTE Y RIVERO,CASAPIA,NO,,,,,,,,SI,SI,,,SI,,,,X,X,,SI,X,X,,,,,,SI,SI,SI,,,X,,,,,SI,X,X,X,,,,SI,SI,2,0,SI,X,X,X,X,,,SI,SI,9,SI,X,X,,X,,,,,X,X,X,X,X,X,,,,SI,SI,SI,SI,SI,3,,X,,,X,X,,,X,X,X,X,SI,SI,11,SI,6,,X,X,X,X,X,X,,,X,X,X,X,X,,,,SI,SI,12,SI,X,X,,X,,,SI,SI,SI,SI,SI,SI,SI,0,,,SI,NO,,//,SI,SI,SI,SI,SI,X,X,X,,X,,,012-2025,021-2025,SI,SI,NO,,,,,,,,,,,,NO,,,,,,,NO,,,,,,B0,A1,1,040129,040002
0219964,0,063399,3AP,40191 SANTISIMO CORAZON DE JESUS,POLOBAYA,POLOBAYA CHICO,NO,,,,,,,,SI,SI,,,SI,,,,,,X,SI,,,,,,X,,NO,,NO,,,,,,,,SI,,X,,,,,SI,NO,,,NO,,,,,,,SI,NO,3,SI,,X,,,,,,,,,,,,,,,,SI,SI,SI,NO,,,,,,,,X,,,X,,,,NO,SI,1,SI,1,,,,,,,X,,,,,,X,,,,,NO,SI,2,SI,,,X,,,,SI,SI,SI,SI,SI,SI,SI,0,,,SI,NO,,//,NO,SI,NO,SI,NO,,,,X,,,,,,,,NO,,,,,,,,,,,,NO,,,,,,,NO,,,,,,B0,A1,2,040114,040002
1757756,0,758851,3AP,SAN ALFONSO MARIA LIGROIO,CERRO COLORADO,ASOCIACION URBANIZADORA JOSE LUIS BUSTAMANTE Y RIVERO,NO,,,,,,,,SI,SI,,,SI,X,,,,,,SI,,,X,,,,,NO,,NO,,,,,,,,SI,X,,X,,,,NO,NO,,,SI,X,,,,,,SI,NO,8,SI,,,,X,,,,,X,X,X,X,X,X,,,,SI,SI,SI,SI,NO,,X,X,,,,,,,X,,,,SI,SI,6,NO,,,,,,,,,,,X,X,,,,,,,SI,NO,,SI,,,,,X,REVISIÓN DE UNIDADES DIDÁCTICAS,SI,SI,SI,SI,SI,NO,SI,0,,,SI,NO,,//,NO,SI,NO,SI,SI,,,X,,,,,038-202A,,SI,SI,NO,,,,,,,,,,,,NO,,,,,,,NO,,,,,,B0,A1,1,040104,040001
1333202,0,059260,3AP,KENNETH E. HAGIN,CAYMA,DEAN VALDIVIA ENACE,NO,,,,,,,,SI,SI,,,SI,X,,,X,,,SI,X,X,,,,,,NO,,SI,,,X,,,,,SI,X,X,,X,,,NO,NO,,,SI,X,X,X,,,,SI,SI,8,SI,,X,,X,,,,,X,X,X,X,X,X,X,,,SI,SI,NO,SI,SI,3,X,X,,X,,,,,X,X,X,X,SI,SI,6,SI,2,X,X,X,,,X,X,,,X,X,,X,,,,,SI,SI,6,SI,X,X,,,,,SI,SI,SI,SI,SI,NO,SI,0,,,SI,NO,,//,SI,SI,SI,SI,SI,,X,X,X,X,,,0072-2024,0098,SI,SI,NO,,,,,,,,,,,,SI,,X,X,X,,,SI,X,X,,,,B0,A4,1,040103,040001
0844969,0,062272,3AP,SAN MIGUEL ARCANGEL,MIRAFLORES,MIRAFLORES,SI,SI,,,,X,,,NO,,,,SI,,,,X,,,SI,X,,,,,,,SI,SI,SI,,,X,,,,,NO,,,,,,,,NO,,,SI,,,X,,,,SI,SI,8,NO,,,,,,,NO,,X,X,X,X,X,X,X,,,SI,SI,SI,SI,SI,3,X,X,,X,,,,,X,X,X,,SI,SI,7,SI,1,,X,,,,,,,,X,X,X,,X,,,,SI,SI,1,SI,X,X,,X,,,SI,SI,SI,SI,SI,SI,SI,0,,,SI,NO,,//,SI,SI,NO,SI,SI,,X,X,X,,,,12,10,SI,SI,NO,,,,,,,,,,,,NO,,,,,,,NO,,,,,,B0,B4,1,040110,040002
0844431,0,058406,3AP,SAN JUAN APOSTOL,ALTO SELVA ALEGRE,SELVA ALEGRE,NO,,,,,,,,SI,SI,,,SI,X,,,,,,SI,X,X,,,,,,SI,NO,NO,,,,,,,,SI,,X,X,,,,SI,NO,,,NO,,,,,,,SI,NO,8,SI,,X,X,X,,,NO,,X,X,X,X,X,X,X,,,SI,SI,SI,SI,SI,2,X,X,,X,,,,,X,X,,X,SI,SI,6,SI,2,,X,X,,X,X,X,,,X,X,X,X,,,,,SI,SI,3,SI,X,,,X,,,SI,SI,SI,SI,SI,SI,SI,0,,,SI,SI,1,1/7/2024,SI,SI,SI,SI,SI,,X,X,,X,,,,045-2024,SI,NO,NO,,,,,,,,,,,,SI,,X,X,,,,SI,X,,,,,B0,B4,1,040102,040002
0218735,0,060843,3AP,40067,LA JOYA,LA CURVA,NO,,,,,,,,SI,SI,,,SI,X,,,,,,SI,X,X,,,,,,NO,,NO,,,,,,,,SI,,,X,,,,SI,NO,,,SI,X,,,,,,NO,SI,8,NO,,,,,,,,,X,,,,X,X,,,,SI,SI,SI,SI,NO,,,,,,X,X,,,X,X,X,,SI,SI,6,SI,2,,X,,,X,X,,,,X,X,,X,,,,,SI,NO,,SI,,X,,,,,SI,SI,SI,SI,SI,SI,SI,0,,,SI,NO,,//,NO,SI,SI,SI,NO,X,X,,,,,,,,,,NO,,,,,,,,,,,,NO,,,,,,,NO,,,,,,B0,A1,2,040108,040010
0312074,0,060937,3AP,40326 UAN VELASCO ALVARADO,LA JOYA,SAN CAMILO,NO,,,,,,,,SI,SI,,,SI,X,,,,,,SI,,X,,,,,,NO,,SI,,,X,,,,,SI,,X,X,,,,NO,NO,,,SI,X,X,X,X,,,SI,SI,5,SI,X,X,,,,,,,X,X,X,X,X,X,X,,,SI,SI,SI,SI,SI,3,X,X,X,X,X,X,,,X,X,X,X,SI,SI,10,SI,2,,,,,,,X,,,X,X,X,X,X,X,,ORIENTACIÓN Y ATENCIÓN PSICOLOGICA,SI,SI,3,SI,,,X,X,,,SI,SI,SI,NO,SI,NO,SI,0,,,SI,NO,,//,SI,SI,SI,SI,SI,,,X,,X,,,RD 125-2024,,SI,NO,NO,,,,,,,,,,,,NO,,,,,,,NO,,,,,,B0,A1,2,040108,040010
1031376,0,059892,3AP,DE CIENCIAS PITAGORAS,CERRO COLORADO,CERRO COLORADO,NO,,,,,,,,SI,SI,,,SI,,,,X,,,SI,X,X,X,,,,,SI,SI,SI,X,X,X,X,,,,SI,X,X,X,,,,SI,NO,,,SI,X,X,X,,,,SI,SI,2,SI,X,X,X,X,,,SI,2,X,X,X,X,X,X,,,,SI,SI,SI,SI,SI,3,X,X,X,X,,X,,,X,,X,,SI,SI,6,SI,2,X,X,X,X,,,X,,,X,X,X,,X,,,,SI,NO,,SI,X,X,,,,,SI,SI,SI,SI,SI,SI,NO,,4,,SI,NO,,//,SI,SI,NO,SI,SI,X,X,X,,X,,,036,,SI,SI,SI,,,X,,,,,,,,X,SI,,X,X,,,,NO,,,,,,B0,B4,1,040104,040001
0898312,0,059811,3AP,EL NAZARENO,CERRO COLORADO,EL NAZARENO,NO,,,,,,,,NO,,,,SI,X,,,,,,SI,X,X,,X,,,,NO,,NO,,,,,,,,SI,X,X,X,X,,,SI,SI,,2,SI,X,,,,,,SI,SI,1,NO,,,,,,,,,X,X,X,X,X,X,X,,,SI,SI,SI,SI,SI,3,X,X,,,,,,,X,,,,SI,SI,6,SI,1,X,X,,X,X,X,,,,X,X,,X,X,,,,SI,SI,12,SI,X,X,,,,,SI,SI,SI,SI,SI,SI,SI,0,,,SI,SI,7,12/8/2024,NO,SI,SI,SI,SI,,,,X,,,,,,,,NO,,,,,,,,,,,,NO,,,,,,,NO,,,,,,B0,A4,1,040104,040001
1774116,0,778689,3AP,SAN BERNARDO DE CLARAVAL,JOSE LUIS BUSTAMANTE Y RIBERO,AVENIDA DOLORES,NO,,,,,,,,SI,SI,,,SI,X,X,,,,,SI,X,,,,,,,NO,,NO,,,,,,,,SI,,,,X,,,NO,NO,,,SI,X,X,X,X,,,SI,SI,8,NO,,,,,,,NO,,X,X,X,,,,X,,,SI,SI,SI,SI,SI,4,X,X,X,X,,X,,,X,X,X,X,SI,SI,4,SI,1,,,,,,,X,,,,,X,,X,,,,SI,SI,40,SI,,,,X,,,SI,SI,NO,SI,SI,SI,SI,0,,,SI,NO,,//,SI,SI,NO,SI,SI,,,X,,,,,,0003,SI,SI,NO,,,,,,,,,,,,SI,,X,,,,,SI,X,,,,,B0,B4,1,040129,040002
1598564,0,574140,3AP,SAN FELIPE NERI,CERRO COLORADO,CIUDAD MUNICIPAL,NO,,,,,,,,SI,SI,,,SI,X,X,,,,,SI,X,X,,,,,,NO,,NO,,,,,,,,SI,X,X,X,,,,SI,NO,,,SI,X,X,,,,,SI,NO,3,NO,,,,,,,NO,,X,X,,,,,,,,SI,SI,SI,SI,SI,2,X,X,X,,,,,,X,X,X,,SI,SI,5,SI,1,,X,X,,,,,,,X,X,X,X,,,,,SI,SI,2,SI,X,X,X,,,,SI,SI,SI,SI,SI,SI,SI,0,,,SI,NO,,//,SI,SI,NO,SI,SI,X,X,X,X,X,,,10-2025,005-2025,SI,SI,NO,,,,,,,,,,,,SI,X,X,X,X,,,SI,X,X,X,,,B0,B4,1,040104,040001
0219980,0,063479,3AP,40193 FLORENTINO PORTUGAL,SABANDIA,SABANDÍA,NO,,,,,,,,SI,NO,1,,SI,X,,,X,,,SI,X,,X,,,,,NO,,NO,,,,,,,,SI,,X,X,,,,NO,NO,,,SI,X,,,,,,SI,NO,9,NO,,,,,,,,,X,X,X,X,X,X,,,,SI,SI,SI,SI,SI,2,X,X,,X,,,,,X,X,,,SI,SI,13,SI,2,,X,,,X,X,,,,X,X,,X,X,,,,SI,NO,,SI,X,X,,,,,SI,SI,SI,SI,SI,SI,SI,0,,,SI,SI,1,20/8/2024,SI,SI,SI,SI,SI,,,X,,X,,,22,,SI,SI,NO,,,,,,,,,,,,SI,,X,X,,,,NO,,,,,,B0,A1,1,040116,040002
1202241,0,826869,3AP,LEONARDO DA VINCI,CERRO COLORADO,JOSE LUIS BUSTAMANTE Y RIVERO,NO,,,,,,,,SI,SI,,,SI,X,,,,,,SI,X,X,,,,,,SI,SI,SI,,,X,,,,,SI,,X,X,,,,SI,NO,,,SI,X,,,,,,SI,SI,8,NO,,,,,,,NO,,X,X,X,X,X,X,X,,,SI,SI,SI,SI,SI,3,,X,,,,,,,,,,X,SI,SI,6,SI,1,,,,,,X,X,,,X,,,,X,,,,SI,SI,5,SI,X,,,,,,SI,SI,SI,SI,SI,SI,SI,0,,,SI,NO,,//,SI,SI,SI,SI,SI,,,X,,,,,030,25,SI,SI,SI,X,,,,,X,,,,X,X,SI,,X,X,X,,,SI,X,,,,,B0,B4,1,040104,040001
0219923,0,063912,3AP,40187,SANTA ISABEL DE SIGUAS,ANEXO LA QUEBRADA,NO,,,,,,,,NO,,,,SI,X,,,,,,SI,,,,,,X,,NO,,NO,,,,,,,,SI,,X,X,,,,SI,NO,,,NO,,,,,,,SI,SI,9,NO,,,,,,,,,X,,,,X,,,,,SI,NO,NO,SI,SI,3,X,,,,,,,,X,,X,,NO,SI,2,SI,1,,X,,,,,,,,X,,,,,,,,SI,SI,1,SI,,,X,,,,SI,SI,NO,SI,SI,SI,SI,1,,,SI,SI,1,20/11/2024,NO,SI,NO,SI,SI,X,X,,,,,,,,,,NO,,,,,,,,,,,,NO,,,,,,,NO,,,,,,B0,A1,2,040120,040010
0287524,0,055455,3AP,41008 MANUEL MUÑOZ NAJAR,AREQUIPA,AREQUIPA,SI,SI,,,,X,,,SI,SI,,,SI,,,,X,,,,X,,,,X,,,NO,,SI,,,X,,,,,SI,,X,X,,X,ESCUELA DE PADRES,SI,SI,7,9,SI,X,,X,,,,SI,SI,9,SI,X,X,,,,,,,X,X,X,X,X,,X,X,ASISTENTA SOCIAL,SI,SI,SI,SI,SI,2,X,X,X,X,X,X,X,EESCUELA DE PADRES,X,,X,X,SI,SI,19,SI,1,,,X,X,,,,,,X,X,,X,X,,,,SI,SI,2,SI,X,,,X,,,SI,SI,SI,SI,SI,SI,SI,0,,,SI,NO,,//,SI,SI,SI,SI,SI,,,X,X,,,,031,050,SI,SI,SI,,,,,,X,,,X,,,SI,,X,,,,,SI,X,,,,,B0,A1,1,040101,040001
1342294,0,555306,3AP,40702 ALBERTO BENAVIDES DE LA QUINTANA,ORCOPAMPA,VISTA ALEGRE,NO,,,,,,,,SI,SI,,,SI,X,,,,,,SI,,X,X,,,,,NO,,NS,,,,,,,,SI,X,X,X,X,,,SI,NO,,,SI,X,,,,,,SI,SI,6,SI,X,,X,,,,,,X,X,X,X,X,,,,,SI,SI,SI,SI,SI,2,X,,,,X,,,,,X,X,X,SI,SI,7,SI,1,X,X,,X,,X,,,,X,X,,,,,,,SI,SI,35,SI,,X,,,,,SI,SI,SI,SI,SI,SI,SI,0,,,SI,NO,0,//,NO,SI,SI,SI,SI,X,,,,X,,,0112,,SI,SI,SI,,X,,,,,,,,,,NO,,,,,,,NO,,,,,,B0,A1,1,040409,040005
1031608,0,071714,3AP,40662,CHUQUIBAMBA,CRISTALPUQUIO,NO,,,,,,,,NO,,,,SI,X,,,,,,SI,,,,X,,,,NO,,NO,,,,,,,,SI,X,,X,,,,NO,NO,,,NO,,,,,,,NO,NO,8,NO,,,,,,,,,X,,,,X,X,,,,SI,SI,SI,SI,NO,,,,,X,,X,,,X,,X,,SI,SI,1,SI,1,,,,,,X,X,,,,X,,X,,,,,SI,NO,,SI,,,,X,,,SI,SI,SI,SI,SI,SI,SI,0,,,SI,NO,,//,NO,SI,SI,SI,NO,,,X,,X,,,008,13,NO,,NO,,,,,,,,,,,,NO,,,,,,,NO,,,,,,B0,A1,2,040601,040007
1752609,0,781253,3AP,JESUS DE NAZARETH,CERRO COLORADO,AREQUIPA,NO,,,,,,,,SI,SI,,,SI,X,,,,,,SI,X,,X,,,,,SI,SI,SI,,,X,,,,,SI,,X,X,,,,SI,NO,,,SI,X,,X,,,,SI,SI,8,SI,X,,,,,,,,X,X,X,X,X,X,,,,SI,SI,SI,SI,SI,3,,,,X,,,,,X,,X,,SI,SI,9,SI,4,,X,,,X,X,X,,,X,X,,,,,,,SI,SI,12,SI,X,,,,,,SI,SI,SI,SI,SI,SI,SI,1,,,SI,NO,,//,SI,SI,SI,SI,NO,,X,X,,X,,,0055-2025,,SI,SI,NO,,,,,,,,,,,,NO,,,,,,,NO,,,,,,B0,A4,1,040104,040001
0844423,0,067613,3AP,41052 MANUEL ALVA CABRERA,ATIQUIPA,SANTA ROSA,NO,,,,,,,,SI,SI,,,SI,,,,,,X,SI,X,X,,,,,,NO,,SI,,,X,,,,,SI,,X,,,,,SI,NO,,,SI,X,,,,,,SI,SI,9,SI,X,X,,,,,,,X,X,X,X,X,X,,,,SI,SI,SI,SI,SI,1,,X,,,,,,,X,X,X,,SI,SI,7,SI,1,,X,,,,,,,,,X,,,,,,,SI,SI,5,SI,X,,,,,,SI,SI,SI,SI,SI,NO,SI,0,,,SI,NO,,//,NO,SI,SI,SI,SI,,,X,,X,,,,20,SI,SI,,,,,,,,,,,,,SI,,X,,,,,NO,,,,,,B0,A1,2,040304,040004
1032044,0,058312,3AP,JOSE CADALSO,ALTO SELVA ALEGRE,ALTO SELVA ALEGRE,NO,,,,,,,,SI,SI,,,SI,,,,,,X,SI,,,,,,X,,SI,SI,SI,,,X,,,,,SI,,X,,X,,,NO,NO,,,SI,X,,,,,,SI,SI,3,NO,,,,,,,NO,,X,X,X,X,X,X,X,,,SI,SI,SI,SI,NO,,X,X,X,X,X,X,,,X,X,X,X,NO,SI,4,SI,2,,,,,,,,,,X,X,,X,X,,,,SI,NO,,SI,,X,,,,,SI,SI,SI,SI,SI,SI,SI,0,,,SI,NO,,//,NO,SI,SI,SI,SI,,,,X,,,,,,,,NO,,,,,,,,,,,,NO,,,,,,,NO,,,,,,B0,B4,1,040102,040002
0312652,0,070248,3AP,40384,HUANCA,HUANCA,NO,,,,,,,,SI,SI,,,SI,X,,X,,,,SI,X,,,,,,,NO,,NO,,,,,,,,SI,,X,X,X,,,NO,NO,,,SI,X,,,,,,SI,NO,8,NO,,,,,,,NO,,X,X,X,X,X,X,,,,SI,SI,SI,SI,NO,,X,,,X,X,,,,X,,,X,SI,NO,,NO,,,,,,,,,,,X,X,,X,,,,,SI,SI,6,SI,,,,X,,,SI,SI,SI,SI,SI,NO,NO,,4,,SI,NO,,//,SI,NO,,SI,NO,,,,X,,,,,,NO,,NO,,,,,,,,,,,,NO,,,,,,,NO,,,,,,B0,A1,2,040508,040001
0844175,0,070192,3AP,40651,HUAMBO,CHININI,NO,,,,,,,,NO,,,,SI,X,,,,,,SI,X,,,,,,,NO,,NO,,,,,,,,NO,,,,,,,,NO,,,NO,,,,,,,NO,NO,1,NO,,,,,,,,,X,,,,,,,,,SI,SI,SI,SI,NO,,X,,,,,,,,X,,,,NO,NO,,SI,1,,,,,,X,,,,X,,,,,,,,SI,SI,1,SI,X,,,,,,SI,SI,SI,SI,SI,SI,SI,0,,,SI,NO,,//,SI,SI,SI,SI,SI,X,,,,,,,,,,,,,,,,,,,,,,,NO,,,,,,,NO,,,,,,B0,A1,2,040507,040010
1118173,0,776242,3AP,MENDEL CAYMA,CAYMA,MICAELA BASTIDAS,NO,,,,,,,,NO,,,,SI,X,,,X,,,SI,X,,,,,,,NO,,SI,,,X,,,,,SI,X,X,X,,,,SI,NO,,,SI,X,,X,,,,SI,SI,9,NO,,,,,,,SI,2,X,X,X,,,,X,,,SI,SI,SI,SI,SI,2,X,X,X,X,X,X,,,X,X,X,,SI,SI,8,SI,2,,X,,,X,X,X,,,X,X,,X,X,,,,SI,SI,10,SI,X,X,X,,,,SI,SI,SI,SI,SI,SI,SI,0,,,SI,NO,,//,SI,SI,SI,SI,SI,,X,X,,X,,,046,021,SI,NO,NO,,,,,,,,,,,,NO,,,,,,,NO,,,,,,B0,B4,1,040103,040001
1030170,0,059019,3AP,SAN JOSE DE CALASANZ,CAYMA,DEÁN VALDIVIA,NO,,,,,,,,SI,NO,1,,SI,X,,X,X,X,,SI,X,,X,,,,,NO,,NO,,,,,,,,SI,,X,X,,,,SI,NO,,,SI,X,,,,,,SI,SI,3,SI,X,X,X,X,,,,,X,X,X,X,X,X,,,,SI,SI,SI,SI,NO,,X,,,,,,,,X,X,X,,SI,SI,6,SI,1,,,X,,,,,,,X,,,X,,,,,SI,SI,4,SI,X,,,,,,SI,SI,SI,SI,SI,SI,SI,0,,,SI,NO,,//,SI,SI,SI,SI,SI,X,,X,,,,,229,,SI,SI,SI,,X,,,,,,,,,X,SI,,X,,,,,NO,,,,,,B0,A4,1,040103,040001
0312181,0,068839,3AP,40337,MACHAGUAY,COTANAY,NO,,,,,,,,NO,,,,SI,X,,,,,,SI,,,,,,X,,NO,,NO,,,,,,,,SI,,,X,,,,NO,NO,,,SI,X,X,,,,,SI,NO,9,NO,,,,,,,,,X,X,X,X,X,X,,,,SI,SI,SI,SI,SI,3,X,,,X,,,,,X,,,,SI,SI,1,SI,3,,X,,X,,X,,,,X,X,,,,,,,SI,NO,,SI,,,,X,,,SI,SI,SI,SI,SI,SI,SI,0,,,SI,NO,,//,SI,SI,SI,SI,SI,,,,X,,,,,,,,NO,,,,,,,,,,,,NO,,,,,,,NO,,,,,,B0,A1,2,040408,040005
1756220,0,826100,3AP,MAYOR JOSE ANTONIO ENCINA,YURA,YURA,NO,,,,,,,,SI,SI,,,SI,,,,,,X,SI,,,,,,X,,SI,SI,SI,,,X,,,,,SI,,X,,X,,,NO,NO,,,SI,X,,,,,,SI,SI,3,NO,,,,,,,NO,,X,X,X,X,X,X,X,,,SI,SI,SI,SI,NO,,X,X,X,X,X,X,,,X,X,X,X,NO,SI,4,SI,2,,,,,,,,,,X,X,,X,X,,,,SI,NO,,SI,,X,,,,,SI,SI,SI,SI,SI,SI,SI,0,,,SI,NO,,//,NO,SI,SI,SI,SI,,,,X,,,,,,,,NO,,,,,,,,,,,,NO,,,,,,,NO,,,,,,B0,B4,1,040128,040001
1334440,0,807818,3AP,DIVINO NIÑO CORPAIDOS,AREQUIPA,AREQUIPA,NO,,,,,,,,SI,SI,,,SI,,,,,,X,SI,X,,,,,,,NO,,NO,,,,,,,,SI,,,X,,,,NO,NO,,,NO,,,,,,,SI,NO,8,SI,,,X,,,,NO,,,,X,X,X,X,,,,SI,SI,SI,SI,NO,,X,X,,,,,,,X,X,X,X,NO,SI,4,NO,,,,,,,,,,,X,,X,,X,,,,SI,SI,2,SI,X,,,,,,SI,SI,SI,SI,SI,SI,SI,0,,,SI,NO,,//,SI,SI,NO,SI,SI,X,,,,,,,,,,,,,,,,,,,,,,,NO,,,,,,,NO,,,,,,B0,B4,1,040101,040001
0218925,0,064600,3AP,40086,TIABAYA,PATASAGUA,NO,,,,,,,,SI,SI,,,SI,X,,,,,,SI,X,,X,,,,,SI,SI,SI,,,X,,,,,SI,,X,X,,,,SI,NO,,,SI,X,,,,,,SI,SI,5,SI,,X,X,,,,,,X,X,X,X,X,X,,,,SI,SI,SI,SI,SI,1,X,,X,,,,,,X,X,,,SI,SI,15,SI,1,X,X,X,,,,,,,X,,X,X,X,,,,SI,SI,5,SI,X,X,,X,,,SI,SI,SI,SI,SI,SI,SI,1,,,SI,SI,2,10/9/2024,SI,SI,SI,SI,SI,,,X,,X,,,003,,SI,SI,SI,,X,,,,,,,,,X,SI,,,X,,,,SI,,X,,,,B0,A1,2,040123,040001
0655761,0,068561,3AP,40530,AYO,SUBNA,NO,,,,,,,,NO,,,,SI,X,,X,X,X,,SI,,,,,,X,,NO,,NO,,,,,,,,SI,X,,,,,,NO,NO,,,SI,X,,,,,,NO,NO,9,NO,,,,,,,NO,,X,,,,,,,,,SI,SI,SI,SI,NO,,,X,,,,,,,X,,,,NO,SI,1,SI,2,,X,,X,X,X,X,,,X,,X,,,,,,SI,SI,2,SI,,,X,,,,NO,,,,SI,NO,SI,0,,,NO,NO,,//,NO,NO,,SI,NO,,,,X,,,,,,,,NO,,,,,,,,,,,,NO,,,,,,,NO,,,,,,B0,A1,2,040403,040005
1253749,0,073666,3AP,40690,PUYCA,CCALLA,NO,,,,,,,,NO,,,,SI,,,,,,X,SI,X,X,,,,,,NO,,NO,,,,,,,,NO,,,,,,,,NO,,,NO,,,,,,,SI,NO,8,NO,,,,,,,,,,,,,,,,,,NO,,,,,,X,,,,,,,,X,,,,NO,SI,1,SI,2,,,X,,,,,,,X,,,,,,,,NO,SI,4,NO,,,X,,,,SI,SI,NO,SI,SI,NO,NO,,3,,NO,,,//,SI,SI,NO,SI,SI,X,,,,,,,,,,,,,,,,,,,,,,,NO,,,,,,,NO,,,,,,B0,A1,2,040806,040009
0844746,0,073614,3AP,41060 HERMANA CLOTILDE DEMUND CAMINADA,PUYCA,SAYROSA,NO,,,,,,,,NO,,,,SI,,,,,,X,SI,,,,,,X,,NO,,NS,,,,,,,,NO,,,,,,,,NO,,,NO,,,,,,,NO,NO,1,NO,,,,,,,,,,,,,,,,,,NO,,,,,,,,,X,,,,,X,,,,NO,NO,,NO,,X,,,,,,,,,,X,,,,,,,NO,NO,,SI,,,X,,,,SI,SI,SI,SI,SI,SI,SI,0,,,SI,NO,,//,SI,SI,NO,SI,SI,,,,X,,,,,,,,NO,,,,,,,,,,,,SI,,X,,,,,NO,,,,,,B0,A1,2,040806,040009
0220137,0,065341,3AP,40209 HEROES DE YARABAMBA,YARABAMBA,YARABAMBA,NO,,,,,,,,SI,SI,,,SI,,,,,,X,SI,X,,X,X,,,,SI,SI,SI,,,X,X,,,,SI,X,X,X,X,,,SI,NO,,,SI,X,,X,X,,,SI,SI,5,NO,,,,,,,,,X,X,X,X,X,X,X,,,SI,SI,SI,SI,SI,2,X,X,,X,,,,,X,X,X,X,SI,SI,14,SI,15,,,X,,,X,,,,X,X,,X,X,,,,NO,SI,18,SI,X,X,,X,,,SI,SI,SI,SI,SI,SI,SI,0,,,SI,NO,,//,SI,SI,SI,SI,SI,,,X,,X,,,010,012,SI,SI,,,,,,,,,,,,,SI,,X,X,X,,,SI,X,X,,,,B0,A1,2,040127,040002
0307322,0,057176,3AP,SAN PEDRO PASCUAL,AREQUIPA,AREQUIPA,NO,,,,,,,,SI,SI,,,SI,X,,,,,,SI,X,,,,,,,NO,,NO,,,,,,,,SI,,X,X,,,,NO,SI,1,,SI,X,,,,,,SI,SI,9,NO,,,,,,,NO,,X,X,X,X,X,X,X,,,SI,SI,SI,SI,SI,3,,X,,X,,X,,,,X,X,,SI,SI,16,SI,2,X,X,X,X,,X,X,,,X,X,,X,X,,,,NO,SI,255,SI,X,X,,X,,,SI,SI,SI,NO,SI,SI,SI,3,,,SI,SI,24,3/12/2024,SI,SI,SI,SI,SI,,,X,,X,,,33,,NO,,NO,,,,,,,,,,,,NO,,,,,,,NO,,,,,,B0,B4,1,040101,040001
1767136,0,757229,3AP,SAN JUAN MASIAS - EL PEDREGAL,MAJES,EL PIONERO,NO,,,,,,,,NO,,,,SI,,,,,,X,SI,,,,,,X,,NO,,NO,,,,,,,,NO,,,,,,,,NO,,,NO,,,,,,,SI,SI,9,NO,,,,,,,NO,,,,,,,,,,,SI,SI,SI,NO,,,X,,,,,,,,X,,,,NO,SI,1,SI,1,,,,,,,,,,,X,,,,,,,NO,NO,,NO,X,,,,,,NO,,,,SI,NO,SI,0,,,NO,,,//,SI,SI,SI,SI,SI,,,,X,,,,,,,,NO,,,,,,,,,,,,NO,,,,,,,NO,,,,,,B0,B4,1,040520,040010
1339878,0,551983,3AP,LORD KARMEL,MIRAFLORES,EDIFICADORES MISTI,NO,,,,,,,,NO,,,,SI,,,,,,X,SI,X,,,,,,,NO,,NS,,,,,,,,NO,,,,,,,,NO,,,NO,,,,,,,SI,NO,8,NO,,,,,,,NO,,X,X,X,,,X,X,,,SI,SI,SI,SI,SI,2,,X,X,X,,,,,X,X,X,,NO,SI,5,SI,1,,X,,,,,,,,X,X,,,,,,,NO,SI,5,NO,X,,,X,,,SI,SI,SI,SI,SI,SI,SI,1,,,SI,NO,,//,SI,SI,NO,SI,SI,,,X,,,,,0024-25,,NO,,NO,,,,,,,,,,,,NO,,,,,,,NO,,,,,,B0,B4,1,040110,040002
0612291,0,130308,3AP,40429 JOSE GABRIEL CONDORCANQUI,CAYARANI,VISCA VISCA,NO,,,,,,,,NO,,,,SI,X,,,,,,SI,X,X,,X,,,,SI,SI,SI,X,,X,X,,,,SI,,X,X,X,,,SI,NO,,,SI,X,X,X,X,,,NO,SI,9,SI,X,X,X,X,,,NO,,X,X,X,X,X,X,,,,SI,SI,SI,SI,SI,4,X,X,,X,,X,,,X,X,X,X,SI,SI,4,SI,1,,X,,,X,X,,,,X,X,X,X,X,,,,SI,SI,2,SI,X,X,,X,,,SI,SI,SI,SI,SI,NO,SI,0,,,SI,NO,,//,NO,SI,NO,SI,SI,X,,X,X,X,,,28-2024,,SI,NO,NO,,,,,,,,,,,,SI,,X,X,X,,,SI,X,,,,,B0,A1,2,040603,040006
1575505,0,597938,3AP,MUNDO MAGICO,MAJES,PEDREGAL,NO,,,,,,,,SI,SI,,,SI,,,,,,X,SI,X,,,,,,,NO,,NO,,,,,,,,SI,,X,X,,,,NO,NO,,,SI,,,,,X,CAMPAÑA DE VACUNACION,SI,NO,8,NO,,,,,,,NO,,X,X,X,X,X,X,X,,,SI,SI,NO,SI,NO,,X,X,,X,,,,,X,X,,,NO,SI,1,SI,1,,X,,,,,,,,,,X,,,,,,SI,NO,,SI,X,,,,,,SI,SI,SI,SI,SI,NO,SI,0,,,SI,NO,,//,SI,SI,NO,SI,SI,,,,,,X,ACTIVIDADES EXTRACURRICULARES,,,,,SI,,,,,,X,,,,,X,SI,,,X,,,,SI,X,,,,,B0,B4,1,040520,040010
1341528,0,865752,3AP,SAN DIEGO,MAJES,PEDREGAL,NO,,,,,,,,SI,SI,,,SI,,,,,,X,SI,X,,,,,,,NO,,NO,,,,,,,,SI,,X,X,,,,NO,NO,,,SI,,,,,X,CAMPAÑA DE VACUNACION,SI,NO,8,NO,,,,,,,NO,,X,X,X,X,X,X,X,,,SI,SI,NO,SI,SI,2,X,X,,X,,,,,X,X,,,NO,SI,6,SI,1,,X,,,,,,,,,,X,,,,,,SI,NO,,SI,X,,,,,,SI,SI,SI,SI,SI,NO,SI,0,,,SI,NO,,//,SI,SI,NO,SI,SI,,,,X,,X,ACTIVIDADES EXTRACURRICULARES,,,,,SI,,,,,,X,,,,,X,SI,,,X,,,,SI,X,,,,,B0,B4,1,040520,040010
1120559,0,065534,3AP,SOLARIS,YURA,CIUDAD DE DIOS,NO,,,,,,,,SI,SI,,,SI,X,,,,X,,SI,X,,,,,,,SI,NO,NO,,,,,,,,SI,,X,X,,,,SI,NO,,,NO,,,,,,,SI,NO,8,SI,,X,,X,,,NO,,X,X,,,,,X,,,SI,SI,NO,SI,SI,5,X,X,X,X,,,,,X,,X,,SI,SI,3,SI,2,,,X,,X,X,X,,,X,X,,,X,,,,SI,SI,35,SI,,X,X,,,,SI,SI,SI,NO,SI,SI,SI,0,,,SI,NO,,//,NO,SI,SI,SI,SI,,X,X,,,,,085-2025,04-2025-CS,SI,SI,NO,,,,,,,,,,,,NO,,,,,,,NO,,,,,,B0,B4,1,040128,040001
0307595,0,065223,3AP,NUESTRA SRA. DE LA MERCED,YANAHUARA,AREQUIPA,NO,,,,,,,,SI,SI,,,SI,X,,,,,,SI,X,,,,,,,SI,SI,NO,,,,,,,,SI,X,X,X,,,,SI,NO,,,SI,X,X,,,,,NO,NO,7,NO,,,,,,,SI,22,X,X,X,,X,X,X,,,SI,SI,SI,SI,SI,6,X,X,X,X,,X,X,CAMPAÑAS PERMANENTES,X,X,X,X,SI,SI,25,SI,1,X,X,X,,X,X,X,,,X,X,X,X,X,,,,SI,SI,5,SI,X,X,X,,X,ENTREVISTAS,SI,SI,SI,SI,SI,SI,SI,0,,,SI,SI,5,26/7/2024,NO,SI,SI,SI,SI,,,,X,,,,2025,,,,NO,,,,,,,,,,,,NO,,,,,,,NO,,,,,,B0,B4,1,040126,040001
0219089,0,065402,3AP,40101 DIVINO JESUS,YURA,YURA VIEJO,NO,,,,,,,,NO,,,,SI,X,,,X,X,,SI,X,,X,,,,,SI,SI,SI,,,X,,,,,SI,X,,,,,,SI,NO,,,SI,X,X,X,X,,,SI,SI,8,SI,,X,,X,,,,,X,X,X,X,,,,,,SI,SI,SI,SI,SI,5,X,X,X,X,X,X,,,X,X,X,X,SI,SI,5,SI,5,X,X,X,,X,X,X,,,X,X,,X,X,,,,SI,SI,2,SI,X,,,X,,,SI,SI,SI,SI,SI,SI,SI,0,,,SI,NO,0,//,SI,SI,NO,SI,SI,,,X,,X,,,X,089,SI,SI,SI,,X,,,,,,,,X,,SI,,,X,,,,SI,,X,,,,B0,A1,2,040128,040001
0897678,0,914050,3AP,REY DE REYES,CERRO COLORADO,AVENIDA CHALLAPAMPA,NO,,,,,,,,SI,SI,,,SI,X,,,,,,SI,X,,,,X,,,SI,SI,SI,,,X,,,,,SI,X,X,X,X,,,NO,NO,,,SI,,,,,X,CAMPAÑA DE VACUNACIÓN,SI,SI,5,NO,,,,,,,SI,8,X,X,X,X,X,X,X,,,SI,SI,SI,SI,SI,6,X,X,,X,,X,,,X,X,X,,SI,SI,12,SI,10,,X,X,,X,X,X,,,X,X,X,X,X,,,,SI,SI,2,SI,X,,,,,,SI,SI,SI,SI,SI,SI,SI,1,,,SI,NO,,//,SI,SI,SI,SI,NO,X,X,X,,X,,,46,,SI,NO,NO,,,,,,,,,,,,NO,,,,,,,NO,,,,,,B0,B4,1,040104,040001
1470616,0,865144,3AP,JESUS BENAVIDES MOSCOSO,VITOR,BARRIO NUEVO,NO,,,,,,,,SI,SI,,,SI,,,,,,X,SI,X,,X,,,,,SI,SI,SI,,,X,,,,,SI,X,X,X,,,,SI,NO,,,SI,X,X,X,,,,SI,SI,8,SI,X,,X,,,,NO,,X,,X,,X,X,,,,SI,SI,SI,SI,SI,6,X,X,,X,,,,,X,X,,,NO,SI,7,SI,4,X,X,X,X,,,,,,X,,X,X,,,,,SI,SI,3,SI,X,X,,,,,SI,SI,SI,SI,SI,NO,NO,,3,,SI,SI,3,17/7/2024,SI,SI,NO,SI,SI,,,X,,,,,32,22,SI,SI,,,,,,,,,,,,,NO,,,,,,,NO,,,,,,B0,B4,2,040125,040010
1784107,0,852132,3AP,TALENT SCHOOL AQP,CERRO COLORADO,JOSE MARIA ARGUEDAS,NO,,,,,,,,SI,SI,,,SI,,,,,,X,SI,X,,,,,,,NO,,NO,,,,,,,,SI,,,,,X,ESCUELA DE PADRES,NO,NO,,,SI,,,,,X,PREVENCION DE ENFERMEDADES VACUNACION,SI,NO,8,SI,,,X,,,,NO,,X,X,X,X,X,X,X,,,SI,SI,SI,SI,SI,2,,X,,,,,,,,,X,,SI,SI,6,SI,5,X,X,,,X,X,X,,,X,X,,,X,,,,SI,SI,10,SI,X,,,,,,SI,SI,SI,SI,SI,SI,SI,0,,,SI,NO,,//,SI,SI,SI,SI,SI,,,X,,,,,,030,SI,NO,SI,,,,,,,,,,,X,NO,,,,,,,NO,,,,,,B0,B4,1,040104,040001
1118132,0,059769,3AP,40677 SAN MIGUEL FEBRES CORDERO,CERRO COLORADO,VILLA LAS CANTERAS,NO,,,,,,,,SI,SI,,,SI,X,,,,,,SI,X,,X,,X,,,NO,,NO,,,,,,,,SI,X,X,X,X,,,SI,NO,,,SI,X,,,,,,SI,NO,3,SI,X,X,X,,,,,,X,X,X,X,X,X,X,,,SI,SI,SI,SI,NO,,X,X,X,X,,,,,X,,,X,SI,SI,12,SI,1,X,X,,,,,,,,X,X,,X,,,,,SI,SI,3,SI,X,X,,,,,SI,SI,SI,SI,SI,SI,SI,0,,,SI,SI,1,23/9/2024,NO,SI,NO,SI,SI,,,X,,,,,044,143,SI,SI,,,,,,,,,,,,,NO,,,,,,,NO,,,,,,B0,A1,1,040104,040001
1261684,0,063993,3AP,SANTISIMO NIÑO JESUS SCHOOL,SANTARITA DE SIGUAS,SANTA RITA DE SIGUAS,NO,,,,,,,,SI,SI,,,SI,,,,,,X,SI,X,,,,,,,SI,SI,NO,,,,,,,,NO,,,,,,,,NO,,,SI,X,,,,,,SI,NO,8,SI,,X,,,,,NO,,X,X,X,X,X,X,,,,NO,,,,,,X,,,X,,,,,X,,,,NO,SI,4,SI,1,,X,,,,,,,,X,,,,,,,,SI,SI,2,SI,X,,,,,,SI,SI,SI,SI,SI,NO,NO,,3,,SI,NO,,//,NO,SI,NO,SI,SI,,,X,,,,,0014-2024,,SI,SI,NO,,,,,,,,,,,,NO,,,,,,,NO,,,,,,B0,B4,1,040121,040010
1705433,0,787820,3AP,JOHN KEYNES,CERRO COLORADO,,NO,,,,,,,,SI,SI,,,SI,X,,,,,,SI,X,,,,,,,NO,,SI,,,X,,,,,SI,X,X,X,,,,NO,NO,,,NO,,,,,,,SI,NO,6,NO,,,,,,,NO,,X,X,X,X,X,X,X,,,SI,SI,SI,SI,NO,,,X,,X,,,,,X,,X,,SI,SI,12,SI,5,,X,X,,X,X,X,,,X,X,,X,,,,,SI,NO,,SI,X,,,,,,SI,SI,SI,SI,SI,SI,SI,0,,,SI,NO,,//,SI,SI,SI,SI,SI,,,X,,,,,RD 015,OF 010,SI,NO,NO,,,,,,,,,,,,NO,,,,,,,NO,,,,,,B0,B4,1,040104,040001
0312520,0,069565,3AP,40371,VIRACO,YASO,NO,,,,,,,,NO,,,,SI,X,,,,,,SI,,,,,,X,,NO,,NO,,,,,,,,SI,X,,,,,,SI,NO,,,SI,X,X,,,,,SI,NO,9,NO,,,,,,,,,X,,,,X,X,,,,SI,SI,SI,SI,SI,2,X,,,X,,,,,X,,,,SI,SI,1,SI,3,,,X,,,,X,,,X,X,,,,,,,SI,SI,3,SI,,,,X,,,SI,SI,SI,SI,SI,SI,SI,0,,,SI,NO,,//,NO,SI,SI,SI,SI,,,,X,,,,,,,,NO,,,,,,,,,,,,SI,X,,,,,,NO,,,,,,B0,A1,2,040414,040005
0226886,0,064964,3AP,40048 ANTONIO JOSE DE SUCRE,YANAHUARA,YANAHUARA,SI,SI,X,,,,,,SI,NO,1,,SI,,,,X,,,SI,X,,X,,,,,NO,,NO,,,,,,,,SI,,X,X,X,,,SI,SI,0,7,SI,X,X,X,X,X,SALUD BUCAL,SI,SI,9,SI,X,X,,X,,,,,X,,X,X,X,X,,,,SI,SI,SI,SI,,2,X,X,,X,,,,,X,X,X,X,,,14,SI,4,X,X,X,,X,X,X,,,X,X,,,,,,,,,10,SI,X,,,X,,,SI,SI,SI,SI,SI,SI,SI,0,,,SI,SI,9,17/12/2024,SI,SI,SI,SI,SI,X,,,X,X,,,,,,,SI,,X,,,,,,,,,X,SI,X,,X,,,,SI,X,,,,,B0,A1,1,040126,040001
0844597,0,070837,3AP,SANTA TERESA DE LISIEUX,MAJES,LA COLINA,NO,,,,,,,,SI,SI,,,SI,X,,,,,,SI,X,,,,,,,NO,,SI,,,X,,,,,SI,X,X,,,,,NO,NO,,,NO,,,,,,,SI,SI,9,NO,,,,,,,NO,,X,,X,,,,X,,,SI,SI,SI,SI,NO,,,,X,,,X,,,X,,,,NO,SI,2,SI,1,,X,,,,,,,,,X,,,,,,,SI,SI,1,NO,,,,X,,,SI,SI,SI,SI,SI,SI,SI,0,,,SI,NO,,//,SI,SI,NO,SI,SI,,,X,,,,,17,OFICIO 17,SI,SI,NO,,,,,,,,,,,,NO,,,,,,,NO,,,,,,B0,B4,1,040520,040010
0312777,0,071337,3AP,40397 SAN ANTONIO DE PADUA,YANQUE,YANQUE,NO,,,,,,,,SI,SI,,,SI,,,,X,,,SI,X,,,,,,,NO,,SI,,,X,,,,,SI,,X,X,,,,SI,NO,,,SI,X,X,X,X,,,SI,SI,5,SI,X,X,X,X,,,,,X,X,X,X,X,X,,,,SI,SI,SI,SI,SI,2,,X,,X,X,,,,X,,X,,NO,SI,10,SI,3,,X,,,X,X,X,,,X,,,,X,,,,SI,SI,5,SI,X,X,,X,,,SI,SI,SI,SI,SI,SI,SI,1,,,SI,NO,,//,NO,SI,SI,SI,SI,,,X,X,,,,054-2024,095-2024,SI,SI,NO,,,,,,,,,,,,NO,,,,,,,SI,,X,,,,B0,A1,2,040519,040006
1277227,0,546307,3AP,DE LA VIDA Y DE LA PAZ,CERRO COLORADO,PACHACUTEC VIEJO,NO,,,,,,,,SI,SI,,,SI,,,,,,X,SI,,,,,,X,,NO,,NO,,,,,,,,SI,,,X,,,,NO,NO,,,NO,,,,,,,SI,NO,8,NO,,,,,,,NO,,X,,X,,X,X,X,,,NO,,,,,,,X,,X,,X,,,X,,,,SI,SI,3,SI,9,,X,,,,X,,,,X,X,,X,,,,,NO,SI,2,SI,,X,,,,,SI,SI,SI,NO,SI,NO,SI,1,,,SI,NO,,//,SI,SI,SI,NO,NO,X,,,,,,,,,,,,,,,,,,,,,,,NO,,,,,,,NO,,,,,,B0,B4,1,040104,040001
0312710,0,070955,3AP,40391,MADRIGAL,MADRIGAL,NO,,,,,,,,SI,SI,,,SI,X,,,X,,,SI,X,X,,,,,,SI,SI,SI,,,X,X,,,,SI,,X,X,,,,NO,NO,,,SI,X,,X,X,,,SI,SI,8,SI,X,X,,,,,,,X,X,X,,X,X,,,,SI,SI,SI,SI,SI,2,X,X,,,,,,,X,X,X,X,SI,SI,6,SI,2,,X,X,,X,,,,,X,X,X,X,X,,,,SI,SI,5,SI,X,,X,,,,SI,SI,SI,SI,SI,SI,SI,0,,,SI,NO,,//,SI,SI,SI,NO,SI,,X,X,,,,,025-2024,,SI,NO,NO,,,,,,,,,,,,NO,,,,,,,SI,X,,,,,B0,A1,2,040513,040006
0312298,0,068486,3AP,40348,ANDAGUA,AREQUIPA,NO,,,,,,,,NO,,,,SI,X,,,,,,SI,X,,,,,,,NO,,NO,,,,,,,,SI,X,,X,,,,SI,NO,,,NO,,,,,,,SI,NO,8,NO,,,,,,,,,X,,,,,X,,,,SI,SI,SI,NO,,,X,,X,X,,,,,X,,,,NO,SI,1,SI,1,X,,,,,,,,,X,X,,,,,,,NO,SI,2,SI,,,X,,,,SI,SI,SI,SI,SI,SI,SI,0,,,SI,NO,,//,NO,NO,,SI,NO,X,,,X,X,,,,,,,NO,,,,,,,,,,,,NO,,,,,,,NO,,,,,,B0,A1,2,040402,040005
1642149,0,723423,3AP,DENYORK SCHOOL,MARIANO MELGAR,,NO,,,,,X,,,SI,SI,,,SI,,,,,,X,SI,X,,,,,,,SI,SI,NO,,,,,,,,SI,X,,X,,,,NO,NO,,,NO,,,,,,,SI,SI,8,SI,,X,,,,,NO,,X,X,X,X,,,X,,,SI,SI,SI,SI,SI,2,,,,,X,X,,,X,X,X,X,SI,SI,4,SI,1,,,,,,,,X,NINGUNA,,,X,,X,,,,SI,SI,1,SI,X,,X,X,,,SI,SI,SI,SI,SI,SI,SI,0,,,SI,NO,,//,NO,SI,SI,SI,SI,,,X,,X,,,0045,0064,SI,SI,,,,,,,,,,,,,SI,,X,,X,,,SI,X,,,,,B0,B4,1,040109,040002
1337369,0,541606,3AP,EBENEZER,AREQUIPA,AREQUIPA,NO,,,,,,,,SI,SI,,,SI,X,,,X,X,,SI,X,X,,,,,,SI,SI,SI,,,X,,,,,SI,X,X,X,X,,,SI,NO,,,SI,X,,,,,,SI,SI,8,NO,,,,,,,NO,,X,X,X,X,X,X,X,,,SI,SI,SI,SI,SI,6,X,X,X,X,,X,,,X,X,X,X,SI,SI,6,SI,4,X,X,X,,X,X,X,,,X,X,X,X,X,,,,SI,SI,15,SI,X,X,X,X,,,SI,SI,SI,SI,SI,SI,SI,0,,,SI,NO,,//,SI,SI,SI,SI,SI,,X,X,X,X,,,81-2024,,SI,SI,SI,,,X,,,X,,,X,,X,SI,,X,,X,,,SI,X,,,,,B0,B4,1,040101,040001
1780857,0,998752,3AP,BALMER JUVENTUS,CERRO COLORADO,CERRO COLORADO,NO,,,,,,,,SI,SI,,,SI,X,,,,,,SI,X,X,,,,,,NO,,SI,,,X,,,,,SI,X,X,X,X,,,SI,NO,,,SI,X,,X,,,SERVICIO GRATUTITO DE SALUD DENTAL Y NUTRICIÓN,SI,SI,8,NO,,,,,,,NO,,,,,,,,,,,SI,SI,SI,SI,NO,,X,X,X,,,,,,X,X,,,SI,SI,1,SI,3,,,,,,,X,,,X,X,,,,,,,SI,SI,10,SI,,,X,,,,SI,SI,SI,SI,SI,NO,NO,,4,,NO,,,//,NO,SI,SI,SI,SI,,,,X,,,,,,SI,SI,NO,,,,,,,,,,,,SI,,X,,X,,,NO,,,,,,B0,B4,1,040104,040001
0312702,0,070917,3AP,40390 MAYTA CAPAC,MACA,MACA,NO,,,,,,,,SI,SI,,,SI,X,,,,,,SI,,,X,,,,,NO,,SI,,,X,,,,,SI,,X,X,X,,,NO,NO,,,SI,X,,,,,,SI,SI,8,SI,X,X,,X,,,,,X,,X,X,X,X,,,,SI,SI,SI,SI,SI,1,X,X,,X,,X,,,X,X,X,X,SI,SI,4,SI,1,,,,,,X,,,,X,X,X,X,X,,,,SI,SI,1,SI,X,,,X,,,SI,SI,SI,SI,SI,SI,SI,0,,,SI,NO,,//,NO,SI,NO,SI,NO,,,X,X,X,,,030,0,SI,SI,SI,X,,,,,,,,X,X,X,NO,,,,,,,SI,,X,,,,B0,A1,2,040512,040006
0542811,0,069155,3AP,40645,PAMPACOLCA,AREQUIPA,NO,,,,,,,,NO,,,,SI,X,,,,,,SI,X,,,,,,,NO,,NO,,,,,,,,SI,X,,X,,,,SI,NO,,,NO,,,,,,,SI,NO,8,NO,,,,,,,,,X,,,,X,X,,,,SI,SI,SI,NO,,,X,,X,X,,,,,X,,,,NO,SI,1,SI,1,X,,,,,,,,,X,X,,,,,,,NO,SI,2,SI,,,X,,,,SI,SI,SI,SI,SI,SI,SI,0,,,SI,NO,,//,NO,NO,,SI,NO,X,,,X,X,,,,,,,NO,,,,,,,,,,,,NO,,,,,,,NO,,,,,,B0,A1,2,040410,040005
0312686,0,070413,3AP,40388 CORAZON SAGRADO DE JESUS DE LLUTA,LLUTA,LLUTA,NO,,,,,,,,SI,SI,,,SI,X,,,,,,SI,X,,,,,,,NO,,SI,,,X,X,,,,NO,,,,,,,,NO,,,NO,,,,,,,NO,NO,7,NO,,,,,,,,,,,,,,,,,,SI,SI,SI,NO,,,X,,,,,,,,X,,,,SI,SI,3,NO,,,,,,,,,,,X,,,,,,,,SI,SI,4,SI,,X,,,,,NO,,,,NO,,SI,1,,,NO,,,//,SI,SI,NO,SI,NO,,,,X,,,,,,,,NO,,,,,,,,,,,,NO,,,,,,,NO,,,,,,B0,A1,2,040511,040001
1334614,0,547241,3AP,40699 ESCUELA CONCERTADA SOLARIS,CERRO COLORADO,CERRO COLORADO,NO,,,,,,,,SI,SI,,,SI,X,,X,X,X,,SI,X,X,X,,,,,SI,SI,SI,,,X,,,,,SI,,X,,,,,NO,NO,,,SI,X,,X,,,,SI,SI,3,NO,,,,,,,,,X,X,X,X,X,X,,,,SI,SI,SI,SI,SI,5,X,X,,X,X,X,,,X,X,X,X,SI,SI,11,SI,9,X,X,X,X,X,X,X,,,X,X,X,X,X,,,,SI,SI,3,SI,,X,X,X,,,SI,SI,SI,SI,SI,SI,SI,0,,,SI,NO,,//,SI,SI,SI,SI,SI,X,X,X,X,X,,,26-2025,,SI,SI,NO,,,,,,,,,,,,SI,,X,X,X,,,SI,,,,X,PORTAL MINEDU,B0,A4,1,040104,040001
1337468,0,513905,3AP,LOS DELFINES,MARIANO MELGARX,,NO,,,,,,,,NO,,,,SI,X,,,X,,,SI,,,,,X,,,NO,,NO,,,,,,,,SI,,X,X,,,,SI,SI,3,,NO,,,,,,,SI,NO,8,NO,,,,,,,NO,,X,X,X,X,X,X,X,,,SI,SI,SI,SI,SI,3,X,X,X,,,X,X,DESARROLLO EMOCIONAL,X,X,X,X,NO,SI,6,SI,1,,X,,,,X,,,,X,X,,X,X,X,,DESARROLLO EMOCIONAL,SI,SI,24,SI,,,X,,X,DESARROOLLO DE PEDE,SI,SI,SI,NO,SI,SI,SI,1,,,SI,NO,,//,NO,SI,SI,SI,NO,,,,,,X,SOPORTE SOCIOEMOCIONAL,,,,,,,,,,,,,,,,,SI,,X,X,X,,,SI,X,,,,,B0,B4,1,040109,040002
1333236,0,546048,3AP,40698 SAN JUAN BAUTISTA DE MAJES,MAJES,PEDREGAL SUR,NO,,,,,,,,SI,NO,1,,SI,,,,,X,,SI,X,,,,,,,SI,SI,NO,,,,,,,,SI,,,X,,,,SI,NO,,,SI,X,,X,,,,SI,SI,6,SI,,X,,,,,,,X,X,,,,,,,,SI,SI,SI,SI,SI,8,X,X,X,X,X,X,,,X,X,X,X,SI,SI,9,SI,5,X,X,X,,X,X,,,,X,X,X,X,X,,,,SI,SI,10,SI,,,,X,,,SI,SI,SI,SI,SI,SI,SI,1,,,SI,NO,,//,SI,SI,SI,SI,SI,,,X,,X,,,010,5,SI,SI,NO,,,,,,,,,,,,SI,X,,,,,,SI,X,,,,,B0,A1,1,040520,040010
0311845,0,068127,3AP,40303 MARGARITA VILLA DE MARQUEZ,QUICACHA,TIRUQUE,NO,,,,,,,,NO,,,,SI,X,,,,,,SI,,,,,,X,,NO,,NO,,,,,,,,SI,X,,X,,,,NO,NO,,,SI,X,,,,,,SI,SI,3,NO,,,,,,,,,X,,X,,,,,,,SI,SI,SI,SI,SI,3,X,,,,X,,,,X,,X,,SI,SI,2,SI,2,X,X,X,,X,X,X,,,,X,,,X,,,,NO,SI,2,NO,,,,X,,,SI,SI,SI,SI,SI,NO,SI,0,,,SI,NO,,//,NO,SI,SI,NO,NO,,,X,,X,,,022-2025,,SI,NO,NO,,,,,,,,,,,,SI,X,,,,,,NO,,,,,,B0,A1,2,040312,040004
0311811,0,062644,3AP,40300 MIGUEL GRAU,PAUCARPATA,PJ MIGUEL GRAU,NO,,,,,,,,SI,SI,,,SI,X,X,,X,X,,SI,X,X,X,,,,,NO,,SI,,,X,,,,,SI,,X,X,,,,SI,NO,,,SI,X,X,X,,,,SI,SI,9,SI,,X,X,X,,,,,X,X,X,X,X,X,,,,SI,SI,SI,SI,SI,3,X,X,X,X,X,X,,,X,,X,,SI,SI,8,SI,2,X,X,X,X,X,,,,,X,X,X,X,X,,,,SI,SI,2,SI,X,X,,X,,,SI,SI,SI,SI,SI,SI,SI,0,,,SI,NO,,//,SI,SI,SI,SI,SI,,X,X,,,,,098,049,SI,SI,SI,,,,,X,,,,X,,,SI,,X,,,,,SI,X,,,,,B0,A1,1,040112,040002
1341379,0,554321,3AP,ANGELITOS DE JESUS,NICOLAS DE PIEROLA,SAN GREGORIO,NO,,,,,,,,SI,SI,,,SI,,,,,,X,SI,,,,,,X,,SI,SI,NO,,,,,,,,SI,X,X,X,X,,,NO,NO,,,SI,X,,,,,,SI,NO,8,NO,,,,,,,SI,1,X,,,,X,X,,,,SI,SI,SI,SI,SI,1,X,X,,X,,,,,X,X,X,X,SI,SI,4,SI,1,,,,,,X,,,,,X,,X,X,,,,SI,NO,,SI,X,,,,,,SI,SI,SI,SI,SI,SI,SI,0,,,SI,NO,,//,SI,SI,SI,SI,SI,,,X,,,,,,011/24/04/25,SI,NO,NO,,,,,,,,,,,,SI,,,X,,,,NO,,,,,,B0,B4,1,040205,040003
1787407,0,846117,3AP,NUESTRA SEÑORA DE LA ESPERANZA,LA JOYA,SAN JOSE,SI,SI,,,,X,,,SI,SI,,,SI,X,,,X,X,,SI,,,,,X,,,SI,SI,SI,,,X,,,,,SI,,X,,X,,,NO,NO,,,SI,X,,X,,,,SI,SI,8,SI,,X,,X,,,,,X,,X,X,,,,,,SI,SI,SI,SI,SI,3,X,X,,,X,,,,X,X,,,SI,SI,4,SI,1,,,,,,X,,,,,X,,X,,,,,SI,SI,3,SI,,X,,,,,SI,SI,SI,SI,SI,SI,SI,0,,,SI,SI,1,25/4/2024,SI,SI,SI,SI,SI,,,X,,X,,,,084-2024,SI,SI,NO,,,,,,,,,,,,NO,,,,,,,SI,X,,,,,B0,A1,2,040108,040010
0218669,0,060777,3AP,40060 ELIAS AGUIRRE,LA JOYA,X,NO,,,,,,,,SI,SI,,,SI,,,,,,X,NO,,X,,,,,,NO,,NS,,,,,,,,SI,X,X,,,,,NO,NO,,,SI,X,,X,,,,NO,NO,6,SI,X,X,,,,,,,X,X,X,X,X,X,,,,NO,,,,,,X,X,,X,,,,,X,,X,,SI,SI,3,SI,2,,X,,,,X,,,,X,X,,,X,,,,NO,SI,1,SI,,X,,X,,,SI,SI,SI,SI,SI,SI,SI,1,,,SI,NO,,//,SI,SI,SI,SI,NO,,,,X,,,,014 2025,26,SI,SI,NO,,,,,,,,,,,,NO,,,,,,,SI,X,X,,,,B0,A1,2,040108,040010
1753227,0,826609,3AP,VENN EULER,ORCOPAPA,ORCOPAPA,NO,,,,,,,,SI,SI,,,NO,X,,,,,,SI,X,X,,,,,,NO,,NO,,,,,,,,SI,X,X,X,,,,SI,NO,,,SI,X,X,X,,,,SI,NO,3,SI,,X,,,,,SI,3,,,,,,,,,,SI,SI,SI,NO,,,X,X,X,X,,X,,,X,X,X,X,NO,SI,10,SI,3,,,X,X,,X,,,,X,X,,X,X,,,,SI,SI,10,SI,X,X,,,,,SI,SI,SI,NO,NO,,SI,0,,,NO,,,//,SI,SI,NO,NO,NO,,,,X,,,,,,,,NO,,,,,,,,,,,,NO,,,,,,,NO,,,,,,B0,B4,1,040409,040005
1694991,0,778458,3AP,EL BUEN PASTOR,ISLAY,AVIS BELLO HORIZONTE,NO,,,,,,,,SI,NO,1,,SI,X,X,,X,,,SI,X,X,,,,,,SI,SI,SI,,,X,,,,,SI,,X,X,,,,SI,NO,,,SI,X,,X,,,,SI,SI,8,SI,X,,,,,,,,X,X,X,X,X,X,,,,SI,SI,SI,SI,NO,,,,X,X,,,,,X,,X,X,SI,SI,2,SI,2,,,,X,,X,,,,X,X,,X,X,,,,SI,SI,1,SI,,X,,X,,,SI,SI,SI,SI,SI,SI,SI,2,,,SI,NO,,//,SI,SI,NO,SI,SI,X,X,X,,X,,,0016,,SI,SI,NO,,,,,,,,,,,,SI,X,,,,,,NO,,,,,,B0,A1,1,040704,040008
0899179,0,545949,3AP,41063,LA JOYA,IRRIGACIÓN LA CANO,NO,,,,,,,,NO,,,,SI,X,,,,X,,SI,,,X,X,,,,NO,,NO,,,,,,,,SI,,X,X,,,,NO,NO,,,SI,X,,,,,,SI,SI,8,NO,,,,,,,,,X,,X,X,X,X,,,,SI,SI,SI,SI,SI,2,X,,X,,,,,,X,X,X,,SI,SI,1,SI,1,,X,,,,X,X,,,X,X,,X,X,,,,SI,NO,,SI,,,X,,,,SI,SI,SI,SI,SI,SI,SI,0,,,SI,NO,,//,NO,SI,SI,SI,NO,,X,X,,X,,,011,008,SI,SI,,,,,,,,,,,,,NO,,,,,,,NO,,,,,,B0,A1,2,040108,040010
0312678,0,070347,3AP,40387,LARI,LARI,NO,,,,,,X,CARPETAS DE RECUPERACIÓN,SI,SI,,,SI,,,,,,X,SI,X,,X,,,,,NO,,SI,,,X,,,,,SI,,X,X,,,,SI,NO,,,SI,X,,X,,,,SI,SI,8,SI,X,X,X,,,,,,X,X,X,X,X,X,,,,SI,SI,SI,SI,NO,,,X,,X,,,,,,,X,,SI,SI,6,SI,1,,X,,,,X,X,,,X,X,X,X,X,,,,SI,SI,6,SI,,X,,X,,,SI,SI,NO,NO,SI,SI,SI,0,,,SI,SI,1,1/11/2024,NO,SI,SI,SI,NO,X,,X,X,X,,,023-2025,051-2025,NO,,SI,,,,,,,,,,,X,NO,,,,,,,SI,X,,,,,B0,A1,2,040510,040006
0617407,0,060923,3AP,40137 NUESTRA SEÑORA DE LA GLORIA,LA JOYA,AAHH LA GLORIA,NO,,,,,,,,SI,SI,,,SI,,,,,,X,SI,X,X,,,,,,NO,,SI,,,X,,,,,SI,X,X,X,,,,SI,NO,,,SI,X,,X,,,,SI,SI,6,SI,,,X,,,,,,X,X,X,X,X,X,,,,SI,SI,SI,SI,SI,3,X,,X,X,,,,,X,,X,,SI,SI,9,SI,2,,X,X,,,,,,,X,X,,X,X,,,,SI,SI,2,SI,,X,,X,,,SI,SI,SI,SI,SI,SI,SI,0,,,SI,SI,10,10/12/2024,NO,SI,SI,SI,SI,X,X,X,,X,,,025-2024,135/2024,SI,SI,NO,,,,,,,,,,,,NO,,,,,,,SI,X,,,,,B0,A1,1,040108,040010
1240118,0,057421,3AP,CD CARPE DIEM,CERCADO,AREQUIPA,NO,,,,,,,,SI,NO,2,,SI,X,X,,,,,SI,X,X,X,,,,,NO,,NO,,,,,,,,SI,,X,X,,,,SI,SI,3,,SI,X,,X,,,,SI,SI,6,SI,X,X,,,,,NO,,X,X,X,X,X,X,X,,,SI,SI,SI,SI,SI,2,,X,X,,,,,,X,X,X,X,NO,SI,3,SI,1,,X,,,,X,X,,,X,X,,X,,,,,SI,SI,4,SI,,X,X,X,,,SI,SI,SI,SI,SI,SI,SI,1,,,SI,SI,1,4/11/2024,SI,SI,NO,SI,SI,,X,X,,,,,,075,SI,NO,NO,,,,,,,,,,,,NO,,,,,,,NO,,,,,,B0,B4,1,040101,040001
0569749,0,062936,3AP,PAULO VI,PAUCARPATA,AREQUIPA,NO,,,,,,,,SI,SI,,,SI,X,,,X,,,SI,X,,,,,,,NO,,SI,,,X,,,,,SI,,X,X,,,,NO,NO,,,SI,,,X,,,,SI,SI,9,SI,X,X,,X,,,,,X,,X,,X,X,,,,SI,SI,NO,NO,,,,X,,X,,X,,,,X,X,,SI,SI,6,SI,2,,,X,,,X,X,,,X,X,,,,,,,SI,SI,3,SI,X,X,,,,,SI,SI,SI,SI,SI,SI,SI,0,,,SI,NO,,//,NO,SI,NO,SI,SI,,,X,,,,,,0008,SI,SI,NO,,,,,,,,,,,,SI,,,X,,,,SI,,,X,,,B0,A4,1,040112,040002
0311951,0,068472,3AP,40314 NUESTRA SEÑORA DE LA ASUNCION,ANDAGUA,ANDAGUA,NO,,,,,,,,SI,SI,,,SI,,,,,,X,SI,X,,,,,,,NO,,NO,,,,,,,,SI,,,X,,,,SI,NO,,,SI,X,,,X,,,NO,SI,7,SI,X,,,,,,,,X,,X,X,X,,,,,SI,SI,SI,SI,SI,1,X,,,,,,,,X,,,,SI,SI,6,SI,2,X,,,X,,,,,,X,,,,,,,,SI,SI,10,SI,,X,,,,,SI,SI,SI,SI,SI,SI,SI,0,,,NO,,,//,SI,SI,SI,SI,SI,,,,X,,,,,,,,SI,,,,,X,,,,,,X,SI,X,,,,,,SI,X,,,,,B0,A1,2,040402,040005
0226647,0,057968,3AP,40024 MANUEL GONZALES PRADA,ALTO SELVA ALEGRE,GRAFICOS,NO,,,,,,,,SI,SI,,,SI,,,,X,,,SI,X,X,X,,,,,NO,,NO,,,,,,,,SI,X,X,X,,X,ENTREGA DE BOLETAS DE INFORMACION,NO,SI,0,1,SI,X,X,X,X,,,NO,SI,8,NO,,,,,,,,,X,,X,X,X,X,,,,SI,SI,SI,SI,SI,3,X,X,X,,,X,,,X,,,,SI,SI,6,SI,12,X,X,X,,X,X,X,,,,,X,X,X,,,,SI,NO,,SI,X,,,X,,,SI,SI,SI,SI,SI,SI,SI,0,,,SI,SI,2,22/5/2024,NO,SI,SI,SI,SI,X,X,X,,,,,088,,SI,SI,SI,,,,,,,X,PORTAL DE DIRECTIVOS,,,X,SI,,X,X,X,,,SI,X,,,,,B0,A1,1,040102,040002
0287656,0,059566,3AP,41025 200 MILLAS PERUANAS,CERRO COLORADO,LA LIBERTAD,SI,SI,,,,X,,,SI,SI,,,SI,X,,X,X,X,,SI,X,X,X,,,,,NO,,SI,,,X,X,,,,SI,X,X,X,X,,,SI,SI,4,,SI,X,,X,X,,,SI,NO,9,SI,X,X,,X,,,,,X,X,X,X,X,X,,,,SI,SI,SI,SI,SI,6,X,X,X,X,X,X,,,X,X,X,X,SI,SI,12,SI,11,X,X,X,X,X,X,X,,,X,X,X,X,X,,,,SI,SI,14,SI,X,X,,X,,,SI,SI,SI,SI,SI,SI,SI,3,,,SI,SI,4,8/8/2024,SI,SI,SI,SI,SI,,,X,X,X,,,125,157,SI,SI,SI,X,X,,,,,,,X,X,X,SI,,X,X,X,,,SI,X,,,,,B0,A1,1,040104,040001
0219014,0,060881,3AP,40096,LA JOYA,SAN CAMILO ASENTAMIENTO 5,NO,,,,,,,,SI,SI,,,SI,X,,,,,,SI,X,,,,,,,SI,NO,NS,,,,,,,,SI,,X,X,,,,SI,NO,,,SI,X,,X,,,,SI,SI,9,NO,,,,,,,,,X,X,X,X,,X,,,,SI,SI,SI,SI,SI,2,X,X,X,X,X,,,,X,,X,X,SI,SI,6,SI,6,,X,,,,X,,,,X,,,X,X,,,,SI,NO,,SI,X,X,,X,,,SI,SI,SI,NO,SI,SI,SI,2,,,SI,SI,4,8/8/2024,NO,SI,SI,SI,SI,,,X,,,,,025,,SI,NO,NO,,,,,,,,,,,,NO,,,,,,,SI,,X,,,,B0,A1,2,040108,040010
1030204,0,548151,3AP,FREINETT,CERCADO,CIUDAD MUNICIPAL,SI,SI,,,,X,,,SI,SI,,,SI,X,,,,,,SI,X,,,,,,,NO,,NO,,,,,,,,SI,,X,,,,,SI,NO,,,NO,,,,,,,SI,SI,8,SI,X,,,,,,NO,,X,,,,X,,,,,SI,SI,SI,SI,NO,,,X,X,X,,,,,X,,,,SI,SI,2,SI,2,X,X,X,X,,,,,,,X,,X,,,,,SI,NO,,SI,X,X,X,,,,NO,,,,SI,NO,NO,,3,,SI,NO,,//,NO,NO,,SI,SI,X,,,X,,,,,,,,NO,,,,,,,,,,,,NO,,,,,,,NO,,,,,,B0,B4,1,040101,040001
1369628,0,839089,3AP,TRILCE AREQUIPA,YANAHUARA,AREQUIPA,NO,,,,,,,,NO,,,,SI,,,,,,X,SI,X,,,,,,,SI,SI,NO,,,,,,,,NO,,,,,,,,NO,,,NO,,,,,,,SI,NO,8,SI,X,X,,,,,NO,,X,X,X,,X,,,,,NO,,,,,,X,X,,X,,,,,X,,X,,NO,SI,2,SI,1,,,X,,,,,,,,X,X,,,,,,SI,NO,,SI,X,,,,,,SI,SI,SI,NO,SI,SI,SI,0,,,SI,NO,,//,NO,SI,NO,SI,SI,,,,,X,,,,,,,,,,,,,,,,,,,NO,,,,,,,NO,,,,,,B0,B4,1,040126,040001
0723452,0,060348,3AP,40617,CHIGUATA,CACAYACO,NO,,,,,,,,SI,SI,,,SI,X,,,,,,SI,X,,,,,,,NO,,SI,,,X,,,,,SI,,X,,,,,NO,NO,,,SI,X,,X,,,,SI,SI,9,NO,,,,,,,,,,,,,,,,,,SI,SI,SI,SI,NO,,,,,,,X,,,X,,,,SI,SI,1,SI,1,,X,,,,,X,,,X,,,X,,,,,SI,SI,4,SI,,,,X,,,SI,SI,SI,SI,SI,SI,SI,0,,,SI,NO,,//,NO,SI,SI,SI,SI,X,,,,,,,,,,,,,,,,,,,,,,,NO,,,,,,,NO,,,,,,B0,A1,2,040106,040002
0313445,0,071889,3AP,40464 DIVINO NIÑO JESUS,CHICHAS,CHANCHALLAY,NO,,,,,,,,NO,,,,SI,X,,,,,,SI,,,,,,X,,NO,,NO,,,,,,,,NO,,,,,,,,NO,,,NO,,,,,,,NO,NO,8,NO,,,,,,,,,,,,,,,,,,SI,SI,SI,SI,NO,,,,,,,X,,,,,,X,NO,NO,,NO,,,,,,,,,,,X,,,,,,,,SI,NO,,SI,,,,X,,,SI,SI,SI,SI,NO,,NO,,4,,SI,NO,,//,NO,SI,NO,SI,NO,,,,,X,,,,,,,,,,,,,,,,,,,NO,,,,,,,SI,,,X,,,B0,A1,2,040604,040007
1695352,0,778750,3AP,JOULE MIRAFLORES,MIRAFLORES,AREQUIPA,NO,,,,,,,,SI,SI,,,SI,,,,X,,,SI,,,,,,X,,NO,,NO,,,,,,,,NO,,,,,,,,NO,,,NO,,,,,,,SI,NO,8,NO,,,,,,,NO,,X,,,,,,,,,SI,SI,SI,SI,SI,2,X,X,,,,,,,X,X,X,,NO,NO,,SI,1,,X,,,,,,,,,X,,,,,,,NO,NO,,SI,X,X,,,,,SI,SI,SI,NO,SI,SI,SI,0,,,SI,NO,,//,SI,SI,SI,SI,SI,,,X,,,,,026,008,SI,NO,NO,,,,,,,,,,,,NO,,,,,,,NO,,,,,,B0,B4,1,040110,040002
0219410,0,061244,3AP,40134,MARIANO MELGAR,GENERALISIMO DON JOSÉ DE SAN MARTIN,NO,,,,,,,,SI,NO,1,,SI,,,,X,,,SI,X,,X,,,,,SI,SI,SI,X,,X,,,,,SI,,X,X,X,,,NO,SI,4,2,SI,X,X,,,,,SI,SI,5,SI,X,X,,,,,,,X,X,X,X,X,X,,X,SUBDIRECTORA,SI,SI,SI,SI,SI,3,X,X,X,X,X,X,,,X,,X,,SI,SI,20,SI,2,,,,,,X,X,,,X,X,,X,X,,,,SI,SI,20,SI,X,,,X,,,SI,SI,SI,SI,SI,SI,SI,0,,,SI,SI,1,24/10/2024,NO,SI,SI,SI,SI,,,X,,X,,,25-2025,,SI,SI,NO,,,,,,,,,,,,NO,,,,,,,NO,,,,,,B0,A1,1,040109,040002
1626530,0,692676,3AP,THOMAS JEFFERSON,JA JOYA,CRUCE,NO,,,,,,,,SI,SI,,,SI,X,,X,X,,,SI,,,,,,X,,NO,,NO,,,,,,,,SI,X,,X,,,,SI,SI,,2,NO,,,,,,,SI,NO,6,NO,,,,,,,NO,,,,,,,,,,,NO,,,,,,X,,,X,,X,,,X,X,X,,NO,SI,2,SI,3,,X,,,,X,X,,,X,,,,,,,,SI,SI,6,NO,,,X,,,,SI,SI,SI,SI,NO,,NO,,4,,SI,NO,,//,SI,SI,SI,SI,SI,,,,X,,,,,,,,NO,,,,,,,,,,,,NO,,,,,,,SI,X,,,,,B0,B4,1,040108,040010
0844563,0,070781,3AP,NUESTRA SRA. DE LA PAZ,MAJES,PEDREGAL,NO,,,,,,,,SI,SI,,,SI,X,,,,,,SI,X,,,,,,,NO,,SI,,,X,,,,,NO,,,,,,,,NO,,,SI,X,,,,,,SI,NO,8,NO,,,,,,,NO,,X,X,X,X,X,X,,,,SI,SI,SI,SI,NO,,,X,,,,,,,X,,,,SI,SI,6,SI,1,,X,,,,X,,,,,X,,,,,,,SI,SI,2,SI,,,,X,,,SI,SI,SI,SI,SI,SI,SI,0,,,SI,NO,,//,SI,SI,SI,SI,SI,,,,X,,,,,,,,SI,,,X,,,X,,,X,,,SI,X,,,,,,NO,,,,,,B0,B2,2,040520,040010
0312736,0,071035,3AP,40393,SIBAYO,SIBAYO,NO,,,,,,,,SI,SI,,,SI,X,,,X,X,,SI,X,X,,,,,,SI,SI,SI,,,X,X,,,,SI,X,,X,,,,SI,NO,,,SI,X,,X,,,,SI,SI,8,SI,,X,X,X,,,,,X,X,X,X,X,X,,,,SI,SI,SI,SI,NO,,X,X,,X,,,,,X,X,X,X,SI,SI,6,SI,1,,X,X,,,,X,,,X,X,X,X,,,,,SI,SI,3,SI,,X,,X,,,SI,SI,SI,SI,SI,SI,SI,0,,,SI,NO,,//,SI,SI,SI,SI,SI,X,,X,,X,,,007-2024,050-2024,SI,SI,NO,,,,,,,,,,,,NO,,,,,,,SI,X,,,,,B0,A1,2,040515,040006
0313361,0,071667,3AP,40456 TUPAC AMARU II,ANDARAY,HUARANGUIL,NO,,,,,,,,SI,SI,,,SI,X,,,,,,SI,,,,,,X,,NO,,NO,,,,,,,,SI,,,X,,,,NO,NO,,,NO,,,,,,,SI,SI,3,NO,,,,,,,,,X,,,,X,X,,,,SI,SI,SI,SI,SI,1,X,,,,,,,,X,,X,,SI,SI,1,SI,2,X,X,,,X,X,,,,,X,,,,,,,SI,SI,4,SI,,,,X,,,SI,SI,SI,SI,SI,SI,SI,0,,,SI,NO,,//,SI,SI,SI,SI,SI,X,,,,X,,,,,,,NO,,,,,,,,,,,,NO,,,,,,,NO,,,,,,B0,A1,2,040602,040007
0312868,0,070007,3AP,40406,CAYLLOMA,CUCHO CAPILLA,NO,,,,,,,,NO,,,,SI,X,,,,,,SI,,,X,,,,,NO,,SI,,,X,,,,,SI,X,X,X,,,,NO,NO,,,SI,X,X,X,,,,SI,SI,2,SI,X,X,X,,,,,,X,X,X,X,X,X,,,,SI,SI,SI,NO,,,X,X,,X,,X,,,X,,X,,SI,SI,1,SI,1,,X,,,,X,X,,,X,X,,X,X,,,,SI,SI,4,SI,,,,X,,,SI,SI,SI,SI,SI,NO,NO,,3,,SI,NO,,//,NO,SI,SI,SI,SI,X,X,X,,X,,,020,045,SI,SI,,,,,,,,,,,,,NO,,,,,,,SI,,X,,,,B0,A1,2,040505,040006
0311498,0,067533,3AP,40266 ENMANUEL,ATICO,ATICO CAPITAL,NO,,,,,,,,SI,SI,,,SI,X,,,,,,SI,,X,,,,,,NO,,NO,,,,,,,,SI,,,X,,,,SI,NO,,,SI,X,,,,,,SI,SI,9,NO,,,,,,,,,X,,X,,X,,,,,SI,SI,SI,NO,,,,,X,X,,,,,X,,,,SI,SI,2,SI,2,,X,,,,X,,,,,X,,,,,,,SI,NO,,SI,,,,,X,NO APLICA,SI,SI,SI,SI,SI,SI,SI,0,,,SI,NO,,//,SI,SI,SI,SI,SI,,,X,,,,,,013-2025,SI,SI,NO,,,,,,,,,,,,NO,,,,,,,NO,,,,,,B0,A1,2,040303,040004
0312751,0,071196,3AP,40395,TISCO,COTA COTA,NO,,,,,,,,SI,SI,,,SI,,,,,,X,SI,,X,X,,,,,SI,SI,SI,,,X,X,,,,SI,,X,X,,,,SI,NO,,,SI,X,,X,,,,SI,NO,8,NO,,,,,,,,,X,X,X,X,X,X,,,,SI,SI,SI,SI,NO,,,X,,,,,,,,,X,,SI,SI,3,SI,2,,X,X,,,,,,,X,X,X,X,,,,,SI,SI,3,SI,,,X,X,,,SI,SI,SI,SI,SI,SI,SI,0,,,SI,NO,,//,SI,SI,NO,SI,SI,,X,X,X,X,,,022-2025,,NO,,SI,,,,,X,X,,,,,X,SI,,X,X,,,,SI,X,,,,,B0,A1,2,040517,040006
0312033,0,068815,3AP,40322 NUESTRA SEÑORA DE LA ASUNTA,MACHAHUAY,MACHAHUAY,NO,,,,,,,,SI,SI,,,SI,,,,,,X,SI,,X,,,,,,NO,,SI,,,X,X,,,,SI,,X,,,,,SI,NO,,,SI,X,,X,X,,,SI,SI,8,SI,X,X,X,,,,,,X,X,X,X,X,X,,,,SI,SI,SI,SI,SI,2,X,X,,X,X,,,,X,X,,,SI,SI,3,SI,2,,X,,,X,X,,,,X,X,X,,,,,,SI,SI,7,SI,X,,,X,,,SI,SI,SI,SI,SI,SI,SI,0,,,SI,NO,,//,NO,SI,SI,SI,SI,,,X,,,,,040,104,SI,SI,SI,,X,,,,,,,,,X,NO,,,,,,,NO,,,,,,B0,A1,2,040408,040005
0894667,0,061569,3AP,IBEROAMERICANO,MARIANO MELGAR,GENERALISIMO SAN MARTIN,NO,,,,,,,,NO,,,,SI,,,,,,X,SI,,,,,,X,,NO,,NO,,,,,,,,NO,,,,,,,,NO,,,SI,X,,,,,,SI,NO,8,SI,,,X,,,,NO,,X,X,X,X,X,X,X,,,SI,SI,SI,SI,SI,10,X,X,,,,,,,,,,X,SI,SI,6,SI,1,,X,X,X,X,X,X,,,X,X,,,,X,,AL RESCATE DE VIOLENCIA ESCOLAR,SI,NO,,SI,X,,,,,,SI,SI,SI,NO,SI,SI,SI,0,,,SI,NO,,//,NO,SI,SI,SI,SI,,,X,,X,,,090,60,SI,NO,NO,,,,,,,,,,,,NO,,,,,,,NO,,,,,,B0,B4,1,040109,040002
1776137,0,690677,3AP,DIVINO CORAZON DE MARIA,CERRO COLORADO,VILLA PARAISO,SI,SI,,X,,,,,SI,SI,,,SI,,,,,,X,SI,X,,,,,,,SI,SI,SI,,,X,,,,,SI,,X,,,,,NO,NO,,,NO,,,,,,,SI,SI,8,SI,,X,,,,,NO,,X,X,X,,X,,X,,,SI,SI,SI,SI,SI,1,X,X,X,,,,,,X,,,,SI,SI,1,SI,1,X,X,,,,,,,,,X,,,,,,,SI,SI,5,SI,X,,,,,,SI,SI,SI,SI,SI,SI,SI,0,,,SI,NO,,//,NO,SI,NO,SI,SI,,,,X,,,,,,,,NO,,,,,,,,,,,,NO,,,,,,,SI,,,X,,,B0,B4,1,040104,040001
1663749,0,745731,3AP,BELEN KIDS,CERRO COLORADO,AREQUIPA,NO,,,,,,,,NO,,,,SI,,,,,,X,SI,X,,,,,,,NO,,SI,,,X,,,,,SI,,X,,,,,NO,NO,,,SI,X,,,,,,SI,NO,3,NO,,,,,,,NO,,X,X,X,,,,,,,NO,,,,,,X,X,,X,,,,,X,,,,SI,SI,6,SI,6,,,X,,X,X,,,,,X,,,,,,,SI,SI,2,SI,,X,,,,,SI,SI,SI,SI,SI,NO,SI,0,,,SI,NO,,//,NO,SI,NO,SI,SI,,,,,X,,,,,,,,,,,,,,,,,,,NO,,,,,,,NO,,,,,,B0,B4,1,040104,040001
0899351,0,068523,3AP,40664,CHOCO,SIHUINCHA,NO,,,,,,,,SI,NO,4,FALTA DE TRABAJO EN LA ZONA,SI,X,,X,,X,,SI,X,X,X,X,,,,SI,SI,SI,,,X,,,,,SI,X,X,X,X,,,NO,NO,,,SI,X,X,X,X,,,SI,SI,9,NO,,,,,,,,,X,X,X,X,X,X,X,,,SI,SI,SI,SI,SI,3,X,,X,X,,X,,,X,X,X,X,SI,SI,1,SI,2,X,,X,,X,,X,,,,X,X,X,,,,,SI,SI,6,SI,,,X,X,,,SI,SI,SI,SI,SI,SI,SI,0,,,SI,NO,,//,SI,SI,SI,SI,SI,,X,,,X,,,,,,,,,,,,,,,,,,,NO,,,,,,,NO,,,,,,B0,A1,2,040406,040005
1373380,0,913215,3AP,ALITAS DORADAS SCHOOL,JOSE LUIS BUSTAMANTE Y RIVERO,JOSE LUIS BUSTAMANTE Y RIVERO,NO,,,,,,,,SI,SI,,,SI,,,,,,X,SI,,,,,,X,,SI,SI,SI,,,X,,,,,SI,,X,,X,,,NO,NO,,,SI,X,,,,,,SI,SI,3,NO,,,,,,,NO,,X,X,X,X,X,X,X,,,SI,SI,SI,SI,NO,,X,X,X,X,X,X,,,X,X,X,X,NO,SI,4,SI,2,,,,,,,,,,X,X,,X,X,,,,SI,NO,,SI,,X,,,,,SI,SI,SI,SI,SI,SI,SI,0,,,SI,NO,,//,NO,SI,SI,SI,SI,,,,X,,,,,,,,NO,,,,,,,,,,,,NO,,,,,,,NO,,,,,,B0,B4,1,040129,040002
1589282,0,661043,3AP,NUEVA JUVENTUD,SANTA RITA DE SIGUAS,SANTA RITA,NO,,,,,,,,SI,SI,,,SI,X,,,,,,SI,X,X,,,,,,NO,,NO,,,,,,,,SI,,X,X,,,,SI,NO,,,SI,X,,X,,,,SI,SI,6,SI,X,X,,X,,,,,X,,X,,,,,,,SI,SI,SI,NO,,,X,X,,X,,,,,,,X,,SI,SI,12,SI,1,,X,,,,,,,,,,X,,,,,,SI,NO,,SI,X,,,,,,SI,SI,SI,SI,SI,SI,SI,0,,,SI,NO,,//,SI,SI,SI,SI,SI,,,,X,,,,,,,,NO,,,,,,,,,,,,SI,X,,,,,,NO,,,,,,B0,A1,1,040121,040010
1031400,0,070564,3AP,40666 ANTONIO RAYMONDI,MAJES,ASENTAMIENTO C1,NO,,,,,,,,SI,SI,,,SI,X,,,,,,SI,X,,,,,,,SI,SI,SI,,,X,,,,,SI,X,,X,,,,SI,NO,,,SI,X,,X,,,,SI,SI,8,SI,X,X,,,,,,,X,X,X,X,X,X,,,,SI,SI,SI,SI,SI,4,,X,,X,,X,,,,X,X,,SI,SI,5,SI,2,,,,,,X,X,,,X,X,X,,,,,,SI,SI,15,SI,,,,X,,,SI,SI,SI,SI,SI,SI,SI,5,,,SI,SI,5,17/12/2024,NO,SI,SI,SI,SI,,,X,X,,,,028-2025,,SI,SI,SI,,,,,,X,,,,X,,NO,,,,,,,SI,X,,,,,B0,A1,2,040520,040010
1273945,0,058227,3AP,ADOLFO KOLPING,ALTO SELVA ALEGRE,ALTO SELVA ALEGRE,NO,,,,,,,,SI,SI,,,SI,,,,,,X,SI,,,,,,X,,SI,SI,SI,,,X,,,,,SI,,X,,X,,,NO,NO,,,SI,X,,,,,,SI,SI,3,NO,,,,,,,NO,,X,X,X,X,X,X,X,,,SI,SI,SI,SI,NO,,X,X,X,X,X,X,,,X,X,X,X,NO,SI,4,SI,2,,,,,,,,,,X,X,,X,X,,,,SI,NO,,SI,,X,,,,,SI,SI,SI,SI,SI,SI,SI,0,,,SI,NO,,//,NO,SI,SI,SI,SI,,,,X,,,,,,,,NO,,,,,,,,,,,,NO,,,,,,,NO,,,,,,B0,B4,1,040102,040002
1660497,0,837702,3AP,JEAN PIAGET,ORCOPAMPA,ORCOPAMPA,NO,,,,,,,,SI,SI,,,SI,,,,,,X,SI,,,,,,X,,NO,,NO,,,,,,,,SI,,,X,,,,NO,NO,,,NO,,,,,,,SI,NO,8,SI,,X,X,,,,NO,,,,,,,,,,,SI,SI,NO,NO,,,,,X,,,,,,,,X,,SI,SI,3,SI,1,,X,X,,,,,,,,X,,,,,,,SI,NO,,SI,,X,,,,,SI,SI,SI,SI,SI,SI,SI,0,,,SI,NO,,//,NO,SI,SI,SI,SI,X,,,,,,,,,,,,,,,,,,,,,,,NO,,,,,,,NO,,,,,,B0,B4,1,040409,040005
0312579,0,069773,3AP,40376,ACHOMA,ACHOMA,SI,SI,X,,,,,,SI,SI,,,SI,X,,,,,X,SI,X,X,X,,,,,SI,SI,SI,,,X,,,,,SI,,X,X,,,,SI,NO,,,SI,X,,X,,,,SI,SI,8,NO,,,,,,,,,X,,X,,X,X,,,,SI,SI,SI,SI,,,X,,,X,,,,,X,,X,,SI,SI,6,NO,,,X,,,,,,,,,X,,,X,,,,SI,,3,SI,X,X,,X,,,SI,SI,SI,SI,SI,SI,SI,0,,,SI,NO,0,//,SI,SI,NO,SI,SI,,,X,X,X,,,001,005-25,SI,SI,NO,,,,,,,,,,,,NO,,,,,,,SI,X,X,,,,B0,A1,2,040502,040006
0312793,0,071342,3AP,40399 GRAL. JUAN VELASCO ALVARADO,YANQUE,CHALHUANCA,NO,,,,,,,,SI,SI,,,SI,X,,,,,,SI,X,,,X,,,,NO,,NS,,,,,,,,SI,,X,X,,,,SI,NO,,,SI,X,,X,,,,SI,SI,8,NO,,,,,,,,,X,X,X,X,X,X,,,,SI,SI,SI,SI,SI,2,,X,,,,X,,,,X,,,SI,SI,4,SI,2,,X,,X,,,,,,X,X,,X,X,,,,SI,SI,3,SI,,,,X,,,SI,SI,SI,NO,SI,SI,SI,0,,,SI,NO,,//,SI,SI,SI,SI,SI,,,,X,,,,,,,,NO,,,,,,,,,,,,NO,,,,,,,SI,,X,,,,B0,A1,2,040519,040006
1271576,0,129135,3AP,40693,MAJES,CENTRO DE SERVICIOS,NO,,,,,,,,SI,SI,,,SI,X,,,,,,SI,X,X,,,,,,SI,SI,NO,,,,,,,,SI,,X,X,,,,NO,NO,,,SI,X,,,,,,SI,SI,8,NO,,,,,,,,,X,,X,X,X,,,,,SI,SI,SI,SI,NO,,X,,,,X,,,,X,,X,,SI,SI,2,SI,2,,X,,,,X,,,,X,,,X,,,,,NO,SI,2,SI,,,,,X,SESIONES DE APRENDIZJE,SI,SI,SI,NO,SI,SI,SI,0,,,SI,NO,,//,NO,SI,SI,NO,NO,,,X,,,,,RD.22,,SI,SI,,,,,,,,,,,,,SI,,X,,,,,NO,,,,,,B0,A1,2,040520,040010
0844357,0,070502,3AP,40628 WADE NEWBEGIN,MAJES,ASENTAMIENTO B4,NO,,,,,,,,SI,SI,,,SI,X,,,,,,SI,X,,,,,,,NO,,SI,,,X,,,,,SI,,X,X,,,,SI,NO,,,NO,,,,,,,NO,NO,7,NO,,,,,,,NO,,X,X,X,X,X,X,,,,SI,SI,SI,NO,,,,X,X,X,,,,,X,,X,X,SI,SI,2,,2,X,X,,,X,X,X,,,X,X,X,X,X,,,,SI,SI,5,SI,,X,,,,,SI,SI,SI,SI,SI,NO,SI,0,,,SI,NO,,//,NO,SI,SI,SI,SI,,,,X,,,,,35,SI,SI,NO,,,,,,,,,,,,NO,,,,,,,NO,,,,,,B0,A1,2,040520,040010
0312801,0,069645,3AP,40400 EUSEBIO VELASQUEZ CONDORI,CHIVAY,CENTRO POBLADO DE CANOCOTA,NO,,,,,,,,NO,,,,SI,,,,,,X,SI,,X,,,,,,SI,SI,SI,,,X,,,,,SI,,X,X,,,,NO,NO,,,SI,X,,X,,,,NO,SI,8,SI,X,X,X,,,,NO,,X,,,,X,X,,,,SI,SI,SI,SI,SI,2,,X,X,X,,X,,,X,,X,X,SI,SI,1,SI,8,X,X,X,,X,X,X,,,,X,X,X,,,,,SI,SI,1,SI,X,,,X,,,SI,SI,SI,SI,SI,SI,SI,0,,,SI,NO,,//,NO,SI,SI,SI,SI,,,X,X,,,,030-2025,048-2025,NO,,NO,,,,,,,,,,,,NO,,,,,,,NO,,,,,,B0,A1,2,040501,040006
1335017,0,547905,3AP,PADRE SANTIAGO APOSTOL,CERRO COLORADO,AREQUIPA,NO,,,,,,,,NO,,,,SI,X,,X,,X,,SI,X,,,,,,,NO,,NO,,,,,,,,SI,,X,,,,,NO,NO,,,SI,X,X,,,,,SI,NO,8,SI,,X,,,,,NO,,X,X,X,X,X,X,X,,,SI,SI,NO,SI,SI,2,,X,,X,,X,,,X,,X,,SI,SI,6,SI,7,X,X,X,,X,X,X,,,X,X,X,X,X,,,,SI,SI,12,SI,X,X,,X,,,SI,SI,SI,SI,SI,SI,SI,0,,,SI,SI,1,17/9/2024,SI,SI,SI,SI,SI,,,X,,X,,,007,,SI,NO,SI,,,,,,X,,,,,X,NO,,,,,,,SI,X,,,,,B0,B4,1,040104,040001
1749894,0,759011,3AP,ASPEIN,MAJES,ASOCIACIÓN ASPEIN,NO,,,,,,,,SI,SI,,,SI,X,,,,,,SI,X,,,,,,,NO,,NO,,,,,,,,SI,,X,X,,,,SI,NO,,,SI,X,,,,,,SI,SI,3,SI,X,X,X,X,,,,,X,X,X,X,X,X,X,,,SI,SI,SI,SI,SI,5,,X,,X,,X,,,X,X,X,X,SI,SI,1,SI,1,,,X,,,X,X,,,X,X,X,,,,,,SI,SI,2,SI,,X,,X,,,SI,SI,SI,SI,SI,SI,SI,1,,,SI,NO,,//,SI,SI,SI,SI,SI,X,X,X,,X,,,019,,SI,NO,NO,,,,,,,,,,,,NO,,,,,,,NO,,,,,,B0,A1,1,040520,040010
0307223,0,058185,3AP,SAN MARTIN DE PORRES,ALTO SELVA ALEGRE,GRAFICOS,NO,,,,,,,,SI,SI,,,SI,X,,,,,,SI,X,X,,X,,,,SI,SI,SI,,,X,,,,,SI,X,X,X,X,,,SI,NO,,,SI,X,X,X,X,,,SI,SI,9,SI,X,X,X,X,,,,,X,X,X,X,X,X,,,,SI,SI,SI,SI,SI,4,X,X,X,,,X,,,X,X,X,X,SI,SI,3,SI,2,X,X,,,,X,,,,X,X,X,X,X,,,,SI,SI,12,SI,X,X,X,X,,,SI,SI,SI,SI,SI,SI,SI,0,,,SI,NO,,//,SI,SI,SI,SI,SI,X,X,X,X,X,,,114,198,SI,SI,SI,,X,,,,,,,X,X,X,SI,X,X,X,X,,,SI,X,X,,,,B0,A4,1,040102,040002
1769769,0,840323,3AP,SANDRO MARIATEGUI CHIAPPE,MAJES,CIUDAD MAJES,NO,,,,,,,,SI,NO,1,,SI,X,,,,,,SI,X,,,,,,,NO,,NO,,,,,,,,SI,,X,,,,,NO,NO,,,SI,X,,,,,,SI,SI,8,NO,,,,,,,,,X,,,X,,,X,,,SI,SI,SI,SI,NO,,,X,X,,,,,,X,,,X,SI,SI,1,SI,2,X,,X,,,,X,,,,X,,X,,,,,SI,NO,,SI,,X,,,,,SI,SI,SI,SI,SI,NO,SI,0,,,SI,NO,,//,SI,SI,SI,SI,SI,,X,,,,,,,,,,,,,,,,,,,,,,NO,,,,,,,SI,X,,,,,B0,A1,1,040520,040010
0472118,0,068014,3AP,40277,JAQUI,JAQUI,SI,SI,,X,,,,,SI,SI,,,SI,X,,,X,X,,SI,X,X,,,,,,NO,,SI,,,X,,,,,SI,X,X,X,X,,,SI,NO,,,SI,X,X,X,,,,SI,SI,3,SI,,X,,,,,,,X,X,X,X,X,X,,,,SI,SI,SI,SI,SI,4,X,X,,X,,,,,X,X,X,,SI,SI,10,SI,3,X,X,X,,X,X,X,,,,X,,X,X,,,,SI,NO,,SI,,X,,X,,,SI,SI,SI,SI,SI,SI,SI,0,,,SI,NO,,//,SI,SI,SI,SI,NO,X,,X,,X,,,48-2024,0199,SI,SI,NO,,,,,,,,,,,,SI,,X,X,X,,,NO,,,,,,B0,A1,2,040310,040004
0699900,0,062960,3AP,SANTA MARIA DE LA PAZ,PAUCARPATA,NUEVA ALBORADA,NO,,,,,,,,SI,SI,,,SI,X,,,X,,,SI,X,,X,,,,,NO,,SI,,,X,,,,,SI,,X,X,,,,NO,NO,,,SI,X,X,X,,,,NO,SI,5,NO,,,,,,,,,X,X,X,X,X,X,X,,,SI,SI,SI,SI,SI,7,,X,,,,,,,X,,X,,SI,SI,13,SI,4,,X,X,,X,X,X,,,X,X,,X,X,,,,SI,SI,40,SI,X,X,,X,,,SI,SI,SI,SI,SI,SI,SI,0,,,SI,SI,2,5/9/2024,SI,SI,SI,SI,SI,X,,X,,,,,38,05,SI,SI,NO,,,,,,,,,,,,NO,,,,,,,SI,X,,,,,B0,A4,1,040112,040002
0219501,0,548226,3AP,40143,AREQUIPA,URB PABLO VI,NO,,,,,,,,SI,SI,,,SI,X,,,X,,,SI,X,,X,,,,,NO,,NO,,,,,,,,SI,,X,,X,,,NO,NO,,,SI,X,,,,,,SI,SI,6,SI,,,,X,,,,,X,X,X,X,X,X,X,,,SI,SI,SI,SI,SI,2,X,X,,X,,,,,X,,,X,SI,SI,11,SI,1,,,,,,X,,,,X,,,X,,,,,SI,SI,20,SI,X,,,,,,SI,SI,SI,SI,SI,SI,SI,1,,,SI,SI,2,6/12/2024,NO,SI,SI,SI,SI,,,,,X,,,,,,,,,,,,,,,,,,,NO,,,,,,,NO,,,,,,B0,A1,1,040101,040001
0541912,0,055686,3AP,ESCLAVAS DEL SAGRADO CORAZÓN DE JESÚS,AREQUIPA,,NO,,,,,,,,SI,SI,,,SI,,,,,,X,SI,X,,,,X,,,NO,,NO,,,,,,,,SI,X,X,X,,X,COPA RAFAELA,SI,NO,,,SI,,,,,X,VACUNACIÓN,SI,SI,5,NO,,,,,,,SI,1,,,,,,,,,,SI,SI,SI,SI,SI,4,,X,,,,,,,X,X,X,X,SI,SI,12,SI,3,X,X,X,,X,X,X,,,X,X,X,X,X,,,,SI,SI,5,SI,X,X,,,,,SI,SI,SI,SI,SI,SI,SI,8,,,SI,SI,1,27/7/2024,SI,SI,SI,SI,SI,X,,X,,X,,,126-2024,,SI,SI,NO,,,,,,,,,,,,NO,,,,,,,NO,,,,,,B0,B4,1,040101,040001
0220095,0,064068,3AP,40205 MANUEL BENITO LINARES A.,SOCABAYA,URBANIZACION SAN MARTIN,NO,,,,,,,,SI,SI,,,SI,X,X,X,X,X,,SI,X,X,,X,,,,NO,,SI,,,X,,,,,SI,,X,,,,,SI,SI,2,3,SI,X,,X,,,,SI,SI,9,SI,,X,,X,,,,,X,X,X,X,X,X,X,,,SI,SI,SI,SI,NO,,X,X,X,X,,X,,,X,X,X,X,SI,SI,19,SI,2,,,,,X,X,,,,X,X,X,X,X,,,,SI,SI,3,SI,X,X,,X,,,SI,SI,SI,SI,SI,SI,SI,0,,,SI,SI,1,18/5/2024,SI,SI,SI,SI,SI,X,X,X,X,X,,,135,,SI,SI,NO,,,,,,,,,,,,NO,,,,,,,SI,,X,,,,B0,A1,1,040122,040002
1435577,0,554236,3AP,LA INMACULADA DE LA COLINA,MAJES,SANTA MARIA DE LA COLINA,NO,,,,,,,,SI,SI,,,SI,,,,,,X,SI,X,X,,,,,,NO,,NO,,,,,,,,SI,X,,X,,,,NO,NO,,,SI,,,X,,,,SI,NO,8,SI,,X,,,,,NO,,X,X,X,X,X,X,,,,SI,SI,SI,NO,,,X,X,,,,,,,X,X,,,SI,SI,6,SI,2,,,,,,,X,,,X,,X,,,,,,SI,SI,3,SI,X,X,,,,,SI,SI,SI,SI,SI,SI,SI,0,,,SI,NO,,//,NO,SI,SI,SI,SI,,X,X,,,,,053-2025,,SI,NO,NO,,,,,,,,,,,,NO,,,,,,,NO,,,,,,B0,B4,1,040520,040010
1653617,0,735242,3AP,MARIANO LORENZO MELGAR VALDIVIESO,MAJES,MAJES,NO,,,,,,,,SI,SI,,,SI,X,,,X,,,SI,X,,,,,,,NO,,SI,,,X,,,,,SI,,X,X,,,,SI,NO,,,SI,X,,X,,,,NO,SI,5,SI,,X,,X,,,,,X,X,X,X,,X,,,,SI,SI,SI,SI,SI,3,X,X,,X,,X,,,X,,X,X,SI,SI,9,SI,1,,X,X,,,X,X,,,X,X,,X,,,,,SI,SI,3,SI,,X,X,X,,,SI,SI,SI,SI,SI,SI,SI,0,,,SI,NO,,//,SI,SI,SI,SI,NO,,,,X,,,,,,,,SI,,,,,X,,,,,,X,SI,,,X,,,,SI,X,,,,,B0,A1,1,040520,040010
1783083,0,550337,3AP,NUESTRA SEÑORA DE LA SOLIDARIDAD,PAUCARPATA,CIUDAD BLANCA,NO,,,,,,,,SI,SI,,,SI,X,,,,,,SI,X,,,,,,,NO,,SI,,,X,,,,,SI,,X,X,,,,SI,SI,1,0,SI,X,,X,,X,VACUNAS,SI,SI,8,NO,,,,,,,,,X,X,X,X,X,X,,,,SI,SI,SI,SI,SI,3,X,X,X,X,X,X,,,X,X,X,X,SI,SI,6,SI,2,X,X,,,,X,X,,,X,X,X,X,X,,,,SI,SI,8,SI,X,X,X,X,,,SI,SI,SI,SI,SI,SI,SI,0,,,SI,NO,,//,NO,SI,SI,SI,NO,,,X,,,,,0010-2024,0001-2024,SI,SI,NO,,,,,,,,,,,,NO,,,,,,,NO,,,,,,B0,A4,1,040112,040002
0656074,0,070050,3AP,40589,CAYLLOMA,APACHETA RAJADA,NO,,,,,,,,NO,,,,SI,X,,,,,,SI,,,,,,X,,NO,,SI,,,X,,,,,SI,X,X,X,,,,NO,NO,,,SI,X,X,X,,,,SI,SI,8,SI,X,X,X,,,,,,X,X,X,,X,X,,,,SI,SI,SI,NO,,,X,,,X,,X,,,X,,X,,SI,SI,1,SI,1,,X,,,,X,X,,,X,X,,X,X,,,,SI,SI,2,SI,,,,X,,,SI,SI,SI,SI,SI,NO,NO,,3,,SI,NO,,//,NO,SI,SI,SI,SI,X,X,X,,X,,,020,045,SI,SI,,,,,,,,,,,,,NO,,,,,,,SI,,X,,,,B0,A1,2,040505,040006
1656206,0,517296,3AP,SAN FELIPE DE NERI,APLAO,APLAO,NO,,,,,,,,NO,,,,SI,X,,,,,,SI,X,,,,,,,SI,NO,SI,,,X,,,,,NO,,,,,,,,SI,,3,SI,X,,,,,,SI,NO,3,NO,,,,,,,NO,,X,X,,,,,,,,SI,SI,SI,NO,NO,,X,,,,,,,,X,,,,NO,SI,4,SI,3,X,X,X,,,,,,,X,,,,,,,,SI,NO,,SI,X,X,,,,,SI,SI,SI,NO,NO,,SI,0,,,SI,NO,,//,SI,SI,SI,SI,SI,,X,,,,,,,,,,,,,,,,,,,,,,SI,,,X,,,,NO,,,,,,B0,B4,1,040401,040005
1117936,0,848060,3AP,40680 HORACIO ZEBALLOS GAMEZ,SOCABAYA,HORACIO ZEBALLOS GAMEZ,NO,,,,,,,,SI,NO,1,,SI,,,,X,,,SI,X,,,,,,,NO,,SI,,,X,,,,,SI,,X,X,,,,NO,NO,,,SI,X,X,,,,,SI,SI,5,SI,,X,,,,,,,X,X,X,X,X,,,,,SI,SI,SI,SI,SI,3,X,X,X,X,,,,,X,,X,,SI,SI,13,SI,1,X,,X,,,X,,,,X,X,,X,X,,,,SI,SI,15,SI,X,X,X,X,,,SI,SI,SI,SI,SI,SI,SI,0,,,SI,NO,,//,SI,SI,SI,SI,SI,X,X,X,,X,,,15,,SI,SI,NO,,,,,,,,,,,,SI,,X,,,,,NO,,,,,,B0,A1,1,040122,040002
0287466,0,070111,3AP,40652,CAYLLOMA,ANEXO PUSA PUSA,NO,,,,,,,,NO,,,,SI,X,,,,,,SI,X,X,,,,,,NO,,SI,,,X,,,,,SI,,X,X,X,,,SI,NO,,,SI,X,,X,,,,NO,NO,9,SI,,X,X,,,,,,X,X,X,X,X,X,,,,SI,SI,SI,SI,SI,2,,X,X,X,,X,,,X,X,,X,SI,SI,1,SI,2,,X,,,,X,,,,,X,,,X,,,,NO,SI,1,SI,,,X,X,,,SI,SI,SI,SI,SI,NO,SI,0,,,SI,NO,,//,SI,SI,SI,SI,NO,,,,X,,,,,,,,SI,,X,,,,,,,,,,NO,,,,,,,SI,,,X,,,B0,A1,2,040505,040006
1788843,0,758846,3AP,UPIS LOS MILAGROS ZONA 1,YURA,AREQUIPA,NO,,,,,,,,SI,SI,,,SI,X,,,,,,SI,X,X,X,,,,,NO,,NO,,,,,,,,NO,,,,,,,,NO,,,SI,X,,X,,,,SI,NO,8,NO,,,,,,,,,,,,,,,,X,DOCENTES,SI,SI,SI,NO,,,X,X,,,,,,,,,X,,SI,SI,1,SI,3,,X,,X,,X,,,,X,,,,X,,,,SI,SI,3,SI,X,,,,,,SI,SI,SI,SI,SI,SI,SI,0,,,NO,,,//,SI,SI,SI,SI,SI,,,X,,X,,,RD N°012,,SI,SI,NO,,,,,,,,,,,,SI,,,,X,,,NO,,,,,,B0,A1,1,040128,040001
0307157,0,062856,3AP,JESUS OBRERO - CIRCA,PAUCARPATA,15 DE AGOSTO,SI,SI,,X,,X,,,SI,SI,,,SI,X,X,,,,,SI,X,X,X,,,,,NO,,NO,,,,,,,,SI,X,X,X,X,,,NO,NO,,,SI,X,,X,,,,SI,SI,8,NO,,,,,,,,,X,X,X,X,X,X,,,,SI,SI,SI,SI,SI,2,X,X,,X,,X,,,X,X,X,X,SI,SI,8,SI,1,X,X,X,X,,,,,,X,X,X,X,X,,,,SI,SI,10,SI,X,,,X,,,SI,SI,SI,SI,SI,SI,SI,0,,,SI,NO,,//,SI,SI,SI,SI,SI,X,X,X,,X,,,024-2025,029-2025,SI,SI,NO,,,,,,,,,,,,NO,,,,,,,NO,,,,,,B0,A4,1,040112,040002
1780220,0,548009,3AP,EL UNIVERSITARIO,AREQUIPA,AREQUIPA,NO,,,,,,,,NO,,,,SI,,,,,,X,NO,,,,,,X,,NO,,NO,,,,,,,,NO,,,,,,,,NO,,,NO,,,,,,,SI,NO,1,NO,,,,,,,NO,,X,X,,,,,,,,NO,,,NO,NO,,X,X,,,,,,,X,,,,NO,NO,,SI,2,,,X,,,,,,,X,X,X,,,,,,SI,NO,,SI,,X,,,,,SI,SI,SI,SI,SI,SI,SI,0,,,SI,NO,,//,SI,SI,SI,SI,SI,X,,,,,,,,,,,NO,,,,,,,,,,,,SI,X,,,,,,NO,,,,,,B0,B4,1,040101,040001
0287664,0,059571,3AP,41026 MARIA MURILLO DE BERNAL,CERRO COLORADO,AREQUIPA,NO,,,,,,,,SI,SI,,,SI,,,,,,X,SI,X,,X,,,,,SI,SI,SI,,,X,,,,,SI,,,X,,,,SI,SI,4,22,SI,X,,,,,,SI,SI,9,SI,,X,,,,,,,X,X,X,X,X,X,X,,,SI,SI,SI,SI,SI,4,,X,,,X,,,,,,X,,SI,SI,24,SI,1,,,,,,,X,,,X,X,,,X,,,,SI,SI,90,SI,,,,X,,,SI,SI,SI,SI,SI,SI,SI,1,,,SI,NO,,//,SI,SI,NO,SI,SI,,,X,X,,,,147,,SI,SI,SI,,,,,,X,,,,,X,SI,,,X,,,,SI,X,,,,,B0,A1,1,040104,040001
0694950,0,841271,3AP,BEN CARSON,PAUCARPATA,,NO,,,,,,,,NO,,,,SI,X,,,,,,SI,,,,,,X,,NO,,NO,,,,,,,,SI,X,X,X,,,,NO,NO,,,SI,X,,,,,,SI,NO,3,NO,,,,,,,NO,,X,X,X,,,X,X,,,NO,,,,,,X,X,,,,,,,,X,,X,SI,SI,6,NO,,,X,,,,,,,,,X,,,,,,,SI,SI,2,SI,X,,,,,,SI,SI,SI,SI,SI,SI,SI,0,,,SI,NO,,//,NO,SI,SI,SI,SI,,,,X,,,,,,,,NO,,,,,,,,,,,,NO,,,,,,,NO,,,,,,B0,B4,1,040112,040002
0307520,0,062314,3AP,SANTA TERESITA DE LISIEUX,MIRAFLORES,MIRAFLORES,SI,SI,,,,X,,,SI,SI,,,SI,,,,X,,,SI,X,,,,,,,NO,,NO,,,,,,,,SI,,X,X,,,,NO,SI,2,,SI,X,,,,,,SI,NO,8,NO,,,,,,,SI,1,X,X,X,X,X,X,X,,,SI,SI,SI,SI,SI,4,X,,,X,,X,,,X,X,X,X,SI,SI,11,SI,2,,,,,,X,,,,,X,,X,,,,,NO,SI,3,SI,X,X,,,,,SI,SI,SI,SI,SI,SI,SI,0,,,SI,NO,,//,SI,SI,SI,SI,SI,,,X,,X,,,,056,SI,NO,NO,,,,,,,,,,,,NO,,,,,,,SI,X,,,,,B0,B4,1,040110,040002
0307850,0,067024,3AP,41515 REINO DE ESPAÑA,OCOÑA,CENTRO POBLADO LA PLANCHADA,NO,,,,,,,,SI,SI,,,SI,X,,,,,,SI,,,,,,X,,SI,SI,SI,,,X,,,,,SI,,X,X,,,,NO,NO,,,SI,X,,X,X,,,SI,SI,8,SI,X,X,,,,,,,X,X,X,X,X,X,,,,SI,SI,SI,SI,SI,3,,X,,X,,,,,X,X,X,,SI,SI,6,SI,3,,X,,X,,X,,,,X,X,,X,,,,,SI,SI,6,SI,X,,,X,,,SI,SI,SI,SI,SI,SI,SI,0,,,SI,NO,,//,NO,SI,SI,SI,SI,,,X,,,,,029-2025,,SI,SI,SI,,X,,,,,,,,,X,NO,,,,,,,SI,,X,,,,B0,A1,2,040206,040003
1653633,0,680838,3AP,BLANCA VARELA GONZALES,MAJES,EL PEDREGAL,NO,,,,,,,,SI,NO,1,,SI,,,,X,,,SI,X,,,,,,,NO,,NO,,,,,,,,SI,,,X,,,,NO,NO,,,SI,X,,X,,,,SI,SI,6,SI,X,,X,,,,,,X,X,X,,X,,,,,SI,SI,SI,SI,NO,,X,,,X,X,,,,X,,,,SI,SI,6,SI,1,,X,,,,,,,,,,,,X,,,,NO,SI,6,SI,,,,X,,,SI,SI,SI,SI,SI,SI,SI,0,,,SI,NO,,//,NO,SI,SI,SI,NO,,,X,,,,,050,,NO,,NO,,,,,,,,,,,,NO,,,,,,,NO,,,,,,B0,A1,1,040520,040010
1253228,0,059788,3AP,ALFREDO RODRÍGUEZ BALLÓN,CERRO COLORADO,AREQUIPA,NO,,,,,,,,SI,SI,,,SI,X,,X,X,X,,SI,X,,X,,,,,NO,,NO,,,,,,,,SI,X,X,X,X,,,NO,SI,,4,SI,X,,X,,,,SI,SI,8,NO,,,,,,,,,X,X,X,X,X,X,,,,SI,SI,SI,SI,SI,3,X,X,,X,X,X,,,X,,X,,SI,SI,7,SI,5,X,,,,X,X,X,,,X,X,,X,X,,,,SI,SI,15,SI,X,X,,X,,,SI,SI,SI,SI,SI,SI,SI,0,,,SI,SI,10,10/11/2024,NO,SI,SI,SI,NO,X,,X,,X,,,077-2025,099-2025,SI,NO,NO,,,,,,,,,,,,NO,,,,,,,NO,,,,,,B0,A1,1,040104,040001
0226761,0,060763,3AP,40037 HUMBERTO LEON GARCIA,LA JOYA,LA JOYA,NO,,,,,,,,SI,SI,,,SI,X,,,,,,SI,X,X,,,,,,NO,,NO,,,,,,,,NO,,,,,,,,SI,1,3,SI,X,,,,,,SI,SI,9,NO,,,,,,,,,X,,X,X,,X,,,,SI,SI,SI,SI,NO,,,X,,,,,,,X,,,,SI,SI,12,SI,2,X,X,,,,X,,,,,X,,,,,,,NO,NO,,SI,,,,,X,VISITAS DE MONITOREO DE DESEMPEÑO,SI,SI,SI,NO,SI,SI,SI,0,,,SI,SI,2,10/10/2024,NO,SI,SI,SI,NO,,,,,X,,,,,,,,,,,,,,,,,,,NO,,,,,,,NO,,,,,,B0,A1,1,040108,040010
1371608,0,551898,3AP,WILLIAM SHAKESPEARE,JACOBO HUNTER,VILLA SAN ISIDRO,NO,,,,,,,,SI,SI,,,SI,X,,,,,,SI,X,X,,,,,,SI,NO,SI,,,X,,,,,SI,X,,X,,,,NO,NO,,,SI,X,,X,,,,SI,SI,8,NO,,,,,,,SI,5,X,X,X,X,X,X,X,,,SI,SI,SI,SI,SI,2,,X,,,,X,,,X,X,X,X,SI,SI,6,SI,2,,,,,,X,X,,,X,X,,X,X,,,,SI,SI,23,SI,,,,X,,,SI,SI,SI,SI,SI,SI,SI,0,,,SI,NO,,//,NO,SI,SI,SI,NO,,,X,,X,,,024,,SI,SI,NO,,,,,,,,,,,,NO,,,,,,,SI,X,,,,,B0,B4,1,040107,040002
1621101,0,685628,3AP,LA JOYA,LA JOYA,LA JOYA,NO,,,,,,,,SI,SI,,,SI,X,,,,,,SI,,,,,,X,,SI,SI,NO,,,,,,,,SI,,X,X,,,,NO,NO,,,SI,X,,,,,,SI,SI,8,SI,X,,,,,,NO,,,,,,,,,,,SI,SI,SI,NO,,,,,,X,,,,,,,X,,SI,SI,6,SI,1,,X,,,,,,,,X,X,,,,,,,SI,NO,,SI,,X,,,,,SI,SI,SI,NO,SI,SI,SI,0,,,SI,NO,,//,SI,SI,SI,SI,SI,,X,,,,,,,,,,NO,,,,,,,,,,,,NO,,,,,,,NO,,,,,,B0,B4,1,040108,040010
1334630,0,547255,3AP,NIÑO MAGISTRAL,CAYMA,FRANCISCO BOLOGNESI,NO,,,,,,,,SI,SI,,,SI,X,,,,,,SI,,,,,,X,,NO,,NO,,,,,,,,SI,,X,X,,,,NO,NO,,,SI,X,,,,,,SI,SI,5,SI,,X,,X,,,NO,,X,X,X,,,,X,,,SI,SI,SI,SI,SI,4,X,X,X,X,X,X,,,X,X,X,,SI,SI,12,SI,4,X,X,X,,X,,X,,,X,X,X,X,X,,,,NO,NO,,SI,X,,,X,,,SI,SI,SI,SI,SI,SI,SI,0,,,SI,NO,,//,SI,SI,SI,SI,SI,,X,X,,X,,,12-2025,0,SI,SI,NO,,,,,,,,,,,,NO,,,,,,,NO,,,,,,B0,B4,1,040103,040001
1719764,0,865851,3AP,BRYCE LA JOYA,MAJES,PEDREGAL,NO,,,,,,,,SI,SI,,,SI,,,,,,X,SI,,,,,,X,,NO,,NO,,,,,,,,SI,,X,,,,,SI,NO,,,SI,,,,,X,VACUNACION,SI,NO,8,SI,,X,,,,,NO,,X,X,X,,,,X,,,SI,SI,NO,SI,NO,,X,,,X,,,,,,,X,,SI,NO,,SI,1,,X,,,,,,,,,X,,,,,,,SI,NO,,SI,,,X,,,,SI,SI,SI,SI,SI,SI,SI,0,,,SI,NO,,//,NO,SI,NO,SI,SI,,,,,X,,,,,,,,,,,,,,,,,,,NO,,,,,,,NO,,,,,,B0,B4,1,040108,040010
0219048,0,064983,3AP,40099,YANAHUARA,FATIMA,NO,,,,,,,,SI,SI,,,SI,X,,,,,,SI,X,,,,,,,NO,,NO,,,,,,,,SI,,,X,,,,NO,NO,,,SI,X,,,,,,SI,NO,9,NO,,,,,,,,,X,,,,X,X,,,,SI,SI,SI,SI,NO,,,,,,,X,,,X,,,,NO,SI,6,SI,1,,,,,,,,,,,X,,,,,,,SI,SI,1,NO,,,X,,,,SI,SI,SI,SI,SI,SI,SI,0,,,SI,NO,,//,SI,SI,SI,SI,SI,X,,X,,,,,075,,SI,NO,NO,,,,,,,,,,,,NO,,,,,,,NO,,,,,,B0,A1,1,040126,040001
1341536,0,512270,3AP,JOSE A. QUIÑONES GONZALES,MAJES,EL PEDREGAL,NO,,,,,,,,SI,NO,1,,SI,,,,,,X,SI,X,,,,,,,NO,,SI,,,X,,,,,SI,X,X,X,,,,NO,NO,,,SI,,,X,,,,SI,NO,7,SI,,X,,X,,,NO,,X,X,X,X,X,X,X,,,SI,SI,SI,SI,SI,3,,X,,X,,X,,,,X,X,,SI,SI,6,SI,2,,,,,X,X,X,,,,X,,X,,,,,SI,NO,,SI,X,,,,,,SI,SI,SI,SI,SI,NO,SI,0,,,SI,NO,,//,SI,SI,SI,SI,SI,X,,X,,,,,87,32,SI,NO,NO,,,,,,,,,,,,SI,X,,,,,,SI,X,,,,,B0,B4,1,040520,040010
0844977,0,063101,3AP,LATINOAMERICANO,PAUCARPATA,AREQUIPA,NO,,,,,,,,SI,SI,,,SI,,,,,,X,SI,,,,,,X,,NO,,NO,,,,,,,,SI,,X,X,,,,NO,NO,,,NO,,,,,,,SI,NO,6,NO,,,,,,,NO,,,,,,,,,,,SI,SI,SI,SI,NO,,X,X,,X,,,,,X,X,,,SI,SI,18,NO,,,,,,,,,,,,X,X,,X,,,,NO,NO,,SI,,X,,,,,SI,SI,SI,NO,SI,SI,SI,1,,,SI,SI,1,28/10/2024,SI,SI,SI,SI,SI,X,,X,,X,,,0009,,SI,SI,NO,,,,,,,,,,,,SI,X,,,,,,NO,,,,,,B0,B4,1,040112,040002
1607563,0,820358,3AP,DIVINA INFANCIA,MAJES,EL PEDREGAL,SI,SI,X,,,,,,SI,SI,,,SI,X,,,,,,SI,,X,,,,,,NO,,SI,,,,X,,,,SI,,X,,,,,NO,SI,,1,SI,X,,X,,,,SI,SI,8,SI,,X,,,,,NO,,X,X,X,,,,X,,,SI,SI,SI,SI,SI,3,X,,X,X,,,,,X,,X,,SI,SI,6,SI,1,,,X,,,,,,,,X,X,X,,,,,SI,NO,,SI,X,X,,,,,SI,SI,SI,NO,SI,NO,SI,0,,,SI,NO,,//,SI,SI,SI,SI,SI,X,,,,X,,,,,,,,,,,,,,,,,,,SI,,X,,X,,,NO,,,,,,B0,B4,1,040520,040010
1031483,0,067972,3AP,40668,HUANUHUANU,EL POZO,NO,,,,,,,,SI,SI,,,SI,X,,,,,,SI,X,,,,,,,NO,,SI,,,X,,,,,NO,,,,,,,,NO,,,SI,X,,X,,,,SI,NO,8,SI,,,,,X,NO SE PRESENTARON CASOS,,,X,X,,X,,,,,,SI,SI,SI,SI,NO,,,X,,,,,,,X,,,,SI,SI,6,SI,4,X,X,,,X,X,,,,X,X,,,,,,,SI,NO,,SI,X,,,,,,SI,SI,SI,SI,SI,SI,SI,0,,,SI,NO,,//,SI,SI,SI,SI,SI,,,X,,,,,025-2025,,SI,SI,,,,,,,,,,,,,NO,,,,,,,NO,,,,,,B0,A1,2,040309,040004
0695023,0,063422,3AP,40604,POLOBAYA,,NO,,,,,,,,NO,,,,SI,X,,,X,,,SI,,,,,,X,,NO,,NO,,,,,,,,NO,,,,,,,,NO,,,NO,,,,,,,SI,SI,7,NO,,,,,,,,,X,,,,X,X,,,,SI,SI,SI,NO,,,X,,,,,,,,,X,,,NO,NO,,SI,1,,X,,,,,,,,,X,,,,,,,NO,NO,,SI,,,,X,,,SI,SI,SI,SI,SI,SI,SI,0,,,SI,NO,,//,NO,SI,SI,SI,SI,,,,X,,,,,,,,NO,,,,,,,,,,,,NO,,,,,,,NO,,,,,,B0,A1,2,040114,040002
1339605,0,551247,3AP,AMERICANO GERMANO CHRISTUS REX,ALTO SELA ALEGRE,ALTO SELA ALEGRE,NO,,,,,,,,SI,SI,,,SI,,,,,,X,SI,,,,,,X,,SI,SI,SI,,,X,,,,,SI,,X,,X,,,NO,NO,,,SI,X,,,,,,SI,SI,3,NO,,,,,,,NO,,X,X,X,X,X,X,X,,,SI,SI,SI,SI,NO,,,X,X,,X,X,,,X,X,X,X,NO,SI,4,SI,2,,,,,,,,,,X,X,,X,X,,,,SI,NO,,SI,,X,,,,,SI,SI,SI,SI,SI,SI,SI,0,,,SI,NO,,//,NO,SI,SI,SI,SI,,,,X,,,,,,,,NO,,,,,,,,,,,,NO,,,,,,,NO,,,,,,B0,B4,1,040102,040002
1761428,0,816993,3AP,TUPAC AMARU II,MAJES,EL PEDREGAL,NO,,,,,,,,NO,,,,SI,X,,,,,,SI,X,X,X,X,,,,NO,,SI,,,X,,,,,NO,,,,,,,,NO,,,SI,X,,,,,,SI,NO,6,NO,,,,,,,,,X,X,X,X,X,X,,,,SI,SI,SI,NO,,,X,X,X,X,,,,,X,X,X,X,NO,SI,3,SI,2,X,X,X,X,X,,,,,X,X,X,,,,,,SI,NO,,SI,X,X,,,,,SI,SI,SI,SI,SI,SI,SI,0,,,SI,NO,,//,NO,SI,SI,SI,SI,,,,X,,,,,,,,NO,,,,,,,,,,,,NO,,,,,,,NO,,,,,,B0,A1,1,040520,040010
1419399,0,550714,3AP,ADONAI INTERNACIONAL,PAUCARPATA,,NO,,,,,,,,SI,SI,,,SI,X,,,,,,SI,X,,,,,,,NO,,NO,,,,,,,,SI,,,X,,,,NO,NO,,,NO,,,,,,,SI,NO,8,SI,,X,X,X,,,SI,1,X,X,X,X,X,X,X,,,SI,SI,SI,SI,NO,,X,X,X,X,,X,,,X,X,,X,SI,SI,3,SI,2,,X,X,,,X,,,,X,X,X,,X,,,,SI,SI,10,SI,X,X,,X,,,SI,SI,SI,SI,SI,SI,SI,0,,,SI,NO,,//,SI,SI,SI,SI,SI,,,,X,,,,,,,,NO,,,,,,,,,,,,NO,,,,,,,SI,X,,,,,B0,B4,1,040112,040002
0698761,0,070535,3AP,40655 NUESTRA SEÑORA DEL CARMEN,MAJES,ASENTAMIENTO E1,NO,,,,,,,,SI,SI,,,SI,,,,,,X,SI,X,X,,,,,,SI,SI,SI,,,X,,,,,SI,X,X,X,X,,,SI,NO,,,SI,X,X,X,X,,,SI,SI,6,SI,,X,,X,,,,,X,,X,X,X,X,X,,,SI,SI,SI,SI,SI,2,X,X,X,,,X,,,X,X,,X,SI,SI,3,SI,2,,X,,,X,,,,,X,X,X,X,X,,,,SI,SI,1,SI,,,,X,,,SI,SI,SI,SI,SI,SI,SI,1,,,SI,SI,1,11/11/2024,NO,SI,SI,SI,SI,,X,X,,X,,,RD.09-2025,021,SI,SI,,,,,,,,,,,,,SI,,X,X,X,,,NO,,,,,,B0,A1,2,040520,040010
1749506,0,729552,3AP,EL PARAISO,LA JOYA,LA VICTORIA II,NO,,,,,,,,SI,SI,,,SI,X,X,,,,,SI,X,,,,,,,NO,,NS,,,,,,,,SI,X,X,,,,,SI,NO,,,SI,X,,,,,,SI,SI,3,NO,,,,,,,,,X,X,X,,,,,,,SI,SI,NO,SI,NO,,X,X,,,,,,,X,X,,,NO,SI,2,SI,1,X,X,,,,,,,,X,,,,,,,,SI,SI,6,SI,X,X,,,,,SI,SI,NO,SI,SI,NO,SI,0,,,SI,NO,,//,SI,SI,NO,SI,NO,X,,,,,,,,,,,,,,,,,,,,,,,SI,X,,,,,,SI,X,X,,,,B0,A1,1,040108,040010
0844571,0,067019,3AP,41043,OCOÑA,PANARCANA,,,,,,,,,SI,SI,,,SI,X,,,,X,,SI,,,,X,X,,,NO,,SI,,,X,,,,,SI,X,X,X,,,,SI,NO,,,SI,X,,X,,,,SI,SI,1,SI,,X,X,,X,REFUERZO ESCOLAR,NO,,X,,,,X,X,,,,SI,SI,SI,SI,SI,3,X,,X,X,,,,,X,X,X,X,SI,SI,1,SI,1,,X,,X,,,,,,X,X,,,X,,,,,SI,4,SI,,,,,X,SUPERVISION DE ESPECIALISTAS DE LA UGEL,SI,SI,SI,SI,NO,NO,NO,0,4,,SI,NO,,//,SI,SI,SI,SI,SI,,,X,,X,,,011-2025,035-2025,NO,NO,NO,,,,,,,,,,,,SI,,X,,,,,SI,X,,,,,B0,A1,2,040206,040003
0844472,0,070601,3AP,41501 FRIED KRIEGER,MAJES,ASENTAMIENTO D3,NO,,,,,,,,SI,SI,,,SI,X,,,,,,SI,X,,,,,,,NO,,NO,,,,,,,,SI,,,X,,,,NO,NO,,,NO,,,,,,,SI,NO,3,SI,,,,X,,,,,X,X,X,X,X,X,,,,SI,SI,SI,SI,SI,1,,,,X,,,,,X,,,,SI,SI,2,SI,1,,,,,,X,X,,,,X,,,,,,,SI,NO,,SI,,,,,X,REUNION CON PADRES,SI,SI,SI,SI,SI,SI,SI,0,,,SI,NO,,//,NO,SI,SI,SI,NO,,,X,,,,,RD 027-2024,016,NO,,,,,,,,,,,,,,NO,,,,,,,NO,,,,,,B0,A1,2,040520,040010
0311696,0,067420,3AP,40287 MALCO,ACARI,MALCO,NO,,,,,,,,SI,SI,,,SI,,,,,,X,SI,,,,,,X,,NO,,NO,,,,,,,,SI,,,X,,,,NO,NO,,,SI,X,,,,,,NO,NO,8,SI,,X,X,,,,,,X,,,,X,X,,,,SI,SI,SI,NO,,,,,X,X,,,,,X,,,,SI,SI,1,SI,1,,,,,,X,X,,,X,,,,,,,,SI,SI,6,SI,,,,X,,,SI,SI,SI,SI,NO,,SI,0,,,SI,NO,,//,SI,SI,SI,SI,SI,,,X,,X,,,19,01,SI,NO,NO,,,,,,,,,,,,SI,,,X,,,,NO,,,,,,B0,A1,2,040302,040004
0898544,0,063573,3AP,40660 DOMINIC WILLIAMS,SACHACA,,NO,,,,,,,,SI,SI,,,SI,X,,,X,,,SI,,,,,,X,,SI,SI,SI,,,,X,,,,SI,,,X,,,,NO,NO,,,SI,X,,,,,,SI,NO,8,SI,,X,,,,,,,X,,X,,X,X,,,,SI,SI,SI,SI,SI,2,X,,,X,,,,,X,,X,,SI,SI,2,SI,2,,X,X,,,X,X,,,,X,X,,X,,,,SI,SI,2,SI,,X,,,,,SI,SI,SI,SI,SI,SI,SI,0,,,SI,NO,,//,NO,SI,SI,SI,SI,,,X,,X,,,N° 024-225-DW,,SI,NO,NO,,,,,,,,,,,,NO,,,,,,,NO,,,,,,B0,A1,1,040117,040001
0311340,0,066864,3AP,40249,NICOLÁS DE PIÉROLA,SONAY,NO,,,,,,,,SI,SI,,,SI,,,,X,,,SI,X,X,,,,,,NO,,SI,,,X,,,,,SI,,,X,,,,NO,NO,,,SI,X,,X,,,,SI,SI,8,NO,,,,,,,,,X,,,,X,,,,,SI,SI,SI,SI,SI,1,X,,X,,,,,,X,,,,SI,SI,1,SI,1,,,,,,X,,,,X,X,,,,,,,SI,SI,3,SI,,,,X,,,SI,SI,SI,SI,SI,SI,SI,0,,,SI,NO,,//,NO,SI,NO,SI,NO,X,X,,,,,,,,,,,,,,,,,,,,,,NO,,,,,,,SI,X,,,,,B0,A1,2,040205,040003
0844266,0,070516,3AP,40629 DIVINO NIÑO JESUS,MAJES,C2,NO,,,,,,,,SI,SI,,,SI,X,,,,,,NO,X,,,,,,,NO,,NO,,,,,,,,SI,X,,,,,,NO,NO,,,SI,X,,,,,,SI,NO,3,SI,,X,,,,,,,X,X,X,X,X,X,X,,,SI,SI,SI,SI,NO,,X,,,,,,,,X,,,,SI,SI,6,SI,1,,,,,,,,X,NO SE REALIZO,X,X,X,X,,,,,SI,SI,10,NO,X,,,,,,SI,SI,SI,SI,SI,SI,SI,0,,,SI,SI,1,10/10/2024,SI,SI,NO,SI,SI,X,X,X,,X,,,031-2025,031,SI,SI,NO,,,,,,,,,,,,NO,,,,,,,NO,,,,,,B0,A1,2,040520,040010
1795210,0,851279,3AP,LAS FLORES,CERRO COLORADO,LAS FLORES,SI,SI,,,,,X,VIRTUALES,SI,NO,1,,SI,,,,,,X,SI,X,,,,,,,NO,,NO,,,,,,,,SI,,,X,,,,SI,NO,,,SI,,,,,X,VACUNACION,SI,NO,8,NO,,,,,,,,,X,X,X,X,,X,,,,SI,SI,SI,SI,SI,1,,X,,X,X,,,,X,X,X,X,SI,SI,6,SI,2,,X,,,X,X,X,,,X,X,,,X,,,,SI,SI,10,SI,X,X,X,X,,,SI,SI,SI,SI,SI,SI,SI,0,,,SI,NO,,//,SI,SI,SI,SI,SI,X,,X,X,X,,,025-2025,,SI,SI,NO,,,,,,,,,,,,NO,,,,,,,SI,X,,,,,B0,A1,1,040104,040001
0218818,0,063530,3AP,40075 HORACIO MORALES DELGADO,SACHACA,PAMPA DE CAMARONES,SI,SI,,,,X,,,NO,,,,SI,X,,,,,,SI,X,,X,,,,,NO,,SI,,,,X,,,,SI,X,X,X,,,,SI,SI,6,3,NO,,,,,,,SI,NO,9,SI,X,X,,,,,,,X,X,X,X,X,X,,,,SI,SI,SI,SI,SI,4,X,X,,X,X,,,,X,X,X,,SI,SI,28,SI,8,,X,X,,X,X,X,,,X,,X,X,,,,,SI,SI,2,SI,,X,,X,,,SI,SI,SI,SI,SI,SI,SI,1,,,SI,SI,3,29/11/2024,NO,SI,SI,SI,SI,,,X,,X,,,038,,SI,SI,NO,,,,,,,,,,,,NO,,,,,,,NO,,,,,,B0,A1,1,040117,040001
1662360,0,744411,3AP,CIENCIAS APLICADAS SIR ISAAC NEWTON,MOLLENDO,MOLLENDO,NO,,,,,,,,SI,SI,,,SI,,,,X,,,SI,X,,,,,,,NO,,NO,,,,,,,,SI,,,X,,,,NO,NO,,,NO,,,,,,,SI,NO,6,SI,,X,,X,,,NO,,X,X,X,X,X,X,,,,SI,SI,SI,SI,SI,2,X,,,,,,,,X,,X,,SI,SI,8,SI,2,,,X,,,X,,,,,X,,,,,,,SI,SI,15,SI,,X,,,,,SI,SI,SI,SI,SI,SI,SI,0,,,SI,NO,,//,SI,SI,SI,SI,SI,,,X,,,,,X,19-2025,SI,SI,NO,,,,,,,,,,,,NO,,,,,,,NO,,,,,,B0,B4,1,040701,040008
1240001,0,063238,3AP,AGUEDA VIGNES,PAUCARPATA,COOPERATIVA CRISTO REY,SI,SI,,X,,X,,,SI,SI,,,SI,X,,,,X,,SI,X,,,,,,,NO,,SI,,,X,,,,,SI,,,X,,,,NO,NO,,,SI,X,X,,,,,SI,NO,8,NO,,,,,,,NO,,X,X,X,,X,X,X,,,SI,SI,SI,SI,SI,3,X,X,,X,,X,,,X,,X,X,SI,SI,6,SI,1,,X,,,,X,,,,X,X,X,X,X,,,,SI,SI,30,SI,X,,X,X,,,SI,SI,SI,SI,SI,SI,SI,0,,,SI,NO,,//,NO,SI,SI,SI,SI,,,X,,X,,,RD- 001,005,SI,SI,NO,,,,,,,,,,,,NO,,,,,,,NO,,,,,,B0,B4,1,040112,040002
0220210,0,063785,3AP,40217 VIRGEN DE LA ASUNTA,SAN JUAN DE TARUCANI,SALINAS HUITO,NO,,,,,,,,SI,SI,,,SI,X,,,X,,,SI,X,X,,,,,,NO,,SI,,,X,,,,,SI,X,X,X,,,,SI,NO,,,SI,X,,X,,,,SI,SI,8,NO,,,,,,,,,X,X,X,X,X,X,,,,SI,SI,SI,SI,SI,2,X,,,X,,,,,X,,,,SI,SI,3,SI,1,,,,,,X,,,,X,X,,X,,,,,SI,SI,2,SI,,X,,X,,,SI,SI,SI,SI,SI,SI,SI,0,,,SI,NO,,//,NO,SI,SI,SI,SI,,,X,,,,,040-2024,120-2024,NO,,NO,,,,,,,,,,,,NO,,,,,,,NO,,,,,,B0,A1,2,040119,040002
0219147,0,060904,3AP,40107 JUAN DE MATA RIVAS OVIEDO,LA JOYA,SAN JOSE,NO,,,,,,,,SI,SI,,,SI,X,,,,,,SI,X,,X,,,,,SI,SI,SI,,,X,,,,,SI,,X,X,,,,SI,NO,,,SI,X,X,X,X,,,SI,SI,3,NO,,,,,,,,,X,,X,X,,,,,,SI,SI,SI,SI,SI,1,X,X,X,X,X,,,,X,X,X,,NO,SI,3,SI,2,,X,X,,,X,,,,X,X,X,X,X,,,,SI,SI,4,SI,,X,,X,,,SI,SI,SI,SI,SI,SI,SI,0,,,SI,NO,,//,SI,SI,SI,SI,NO,X,X,X,,,,,RD 01,01,SI,SI,NO,,,,,,,,,,,,NO,,,,,,,NO,,,,,,B0,A1,1,040108,040010
1351196,0,701100,3AP,MADRE AUXILIADORA,CERRO COLORADO,VILLA LAS CANTERAS,SI,SI,,X,,,,,SI,SI,,,SI,,,,X,,,SI,X,,,,,,,NO,,NO,,,,,,,,SI,,X,,,,,SI,NO,,,NO,,,,,,,SI,SI,8,SI,,X,,,,,NO,,X,X,X,X,X,X,X,,,SI,SI,SI,SI,SI,1,,,,X,,,,,X,,X,X,SI,SI,6,SI,1,,X,,,,,,,,X,X,,,X,,,,SI,SI,1,SI,X,,,X,,,SI,SI,SI,SI,SI,SI,SI,0,,,SI,NO,,//,SI,SI,NO,SI,SI,,,X,,,,,065-2025,,SI,NO,NO,,,,,,,,,,,,NO,,,,,,,NO,,,,,,B0,B4,1,040104,040001
0314302,0,073671,3AP,40554,QUECHUALLA,QUECHUALLA,NO,,,,,,,,SI,SI,,,SI,X,,,,,,SI,X,,,,,,,NO,,NO,,,,,,,,SI,,,X,,,,NO,NO,,,NO,,,,,,,NO,NO,8,NO,,,,,,,,,,,,,,,,,,SI,SI,SI,SI,NO,,X,,,X,,,,,X,X,,X,NO,SI,2,SI,2,X,X,,,X,X,,,,,X,,,X,,,,SI,SI,1,SI,,,,X,,,SI,SI,SI,SI,SI,SI,SI,0,,,NO,,,//,NO,SI,SI,SI,SI,,X,,,,,,,,,,,,,,,,,,,,,,NO,,,,,,,NO,,,,,,B0,A1,2,040807,040009
0894543,0,061461,3AP,ANA FRANK,MARIANO MELGAR,AREQUIPA,NO,,,,,,,,SI,SI,,,SI,X,,,,X,,SI,X,X,,,,,,NO,,NO,,,,,,,,SI,,X,X,,,,NO,NO,,,SI,X,,X,X,,,SI,SI,9,NO,,,,,,,SI,2,X,X,X,X,X,X,X,,,SI,SI,SI,SI,SI,5,X,X,X,X,,X,,,X,X,X,X,SI,SI,12,SI,1,,X,,,,X,X,,,X,X,X,X,X,,,,SI,NO,,SI,X,,X,X,,,SI,SI,SI,SI,SI,SI,SI,0,,,SI,NO,,//,NO,SI,SI,SI,SI,X,,X,,X,,,001,080,SI,NO,NO,,,,,,,,,,,,NO,,,,,,,NO,,,,,,B0,B4,1,040109,040002
1752880,0,061994,3AP,CRISTO OBRERO,MIRAFLORES,EDIFICADORES MISTI,NO,,,,,,,,SI,SI,,,SI,X,,,,X,,SI,X,X,X,,,,,NO,,SI,,,X,,,,,SI,,X,X,,,,NO,SI,1,2,SI,X,X,,,,,SI,SI,8,SI,X,,,,,,,,X,X,X,X,X,X,X,,,,,,,,2,X,,,X,,,,,X,,,,,SI,6,SI,2,,X,,,,,,,,X,X,X,X,,,,,SI,SI,3,SI,X,,,X,,,,SI,SI,SI,SI,SI,SI,0,,,SI,NO,,//,NO,SI,SI,SI,SI,,,,X,,,,,,SI,SI,NO,,,,,,,,,,,,NO,,,,,,,SI,X,,,,,B0,A4,1,040110,040002
1576792,0,649522,3AP,DIVINA INFANCIA CIUDAD DE MAJES,MAJES,,NO,,,,,,,,SI,SI,,,SI,,,,X,,,SI,,,,,,X,,NO,,NO,,,,,,,,SI,,,X,,,,SI,NO,,,SI,X,,X,,,,SI,SI,3,SI,,,X,,,,NO,,,,,,,,,,,NO,,,,,,,,X,,,,,,,X,,,SI,NO,,SI,1,X,,,,X,,,,,,,X,,X,,,,NO,SI,1,SI,X,,,,,,SI,SI,SI,SI,SI,NO,SI,1,,,SI,NO,,//,SI,SI,SI,SI,SI,,X,,,,,,,,,,,,,,,,,,,,,,NO,,,,,,,SI,X,,,,,B0,B4,1,040520,040010
0218685,0,060782,3AP,40062 SEÑORA DE FATIMA,LA JOYA,PUEBLO TRADICIONAL LA JOYA,SI,SI,X,,,,,,SI,SI,,,SI,X,X,,,,,SI,,,,,,X,,SI,SI,SI,,,X,,,,,SI,X,,X,,,,SI,SI,0,4,SI,X,X,X,,,,SI,SI,5,SI,X,X,X,X,,,,,X,X,X,X,X,X,X,,,SI,SI,NO,SI,SI,4,X,X,X,X,X,X,,,X,X,X,X,SI,SI,18,SI,20,X,X,,,,X,,,,X,X,,X,,,,,SI,SI,12,SI,X,X,X,X,,,SI,SI,SI,SI,SI,SI,SI,2,,,SI,SI,3,10/12/2024,NO,SI,SI,SI,SI,X,,X,,,,,228 2024,FORM ULARIO,SI,NO,SI,,,,,X,,,,,,X,SI,,,,X,,,NO,,,,,,B0,A1,1,040108,040010
1371533,0,831149,3AP,PRINCETON SCHOOL,MARIANO MELGAR,,NO,,,,,,,,SI,SI,,,SI,X,X,,,,,SI,,X,,,,,,SI,NO,SI,,,X,,,,,SI,X,X,X,,,,NO,NO,,,SI,X,,,,,,SI,SI,8,SI,X,X,X,X,,,NO,,X,X,X,X,X,X,X,,,SI,SI,SI,SI,SI,5,X,X,,X,,,,,X,X,X,X,SI,SI,4,SI,2,X,X,X,,X,X,X,,,X,X,X,X,X,,,,SI,SI,2,SI,X,X,,X,,,SI,SI,SI,SI,SI,SI,SI,0,,,SI,NO,,//,SI,SI,SI,SI,NO,,,X,,,,,018,,NO,,NO,,,,,,,,,,,,SI,X,X,X,X,,,NO,,,,,,B0,B4,1,040109,040002
0218701,0,060800,3AP,40064 CAP. FAP RAUL VERA C.,LA JOYA,LA JOYA,NO,,,,,,,,SI,SI,,,SI,,,,,,X,SI,X,X,,,,,,NO,,SI,,,X,,,,,SI,,X,,X,,,SI,NO,,,SI,X,X,X,X,,,SI,NO,9,SI,,X,,,,,,,X,X,X,X,X,X,,,,SI,SI,SI,SI,NO,,X,X,,,,,,,X,,,X,SI,SI,20,SI,2,X,X,,,,X,,,,,X,,,,,,,SI,SI,20,NO,,,X,,,,SI,SI,SI,SI,SI,SI,SI,0,,,SI,NO,,//,SI,SI,NO,SI,SI,,,X,,,,,105,,SI,SI,NO,,,,,,,,,,,,NO,,,,,,,NO,,,,,,B0,A1,1,040108,040010
0312348,0,061041,3AP,40353 SANTIAGO ANTUNEZ DE MAYOLO,LA JOYA,SAN CAMILO,SI,SI,,,,X,,,SI,SI,,,SI,X,,,,,,SI,X,X,,X,,,,NO,,SI,,,X,,,,,SI,,X,X,,,,SI,NO,,,SI,X,,X,,,,SI,SI,8,SI,X,X,X,X,,,,,X,X,X,X,X,X,,,,SI,SI,SI,SI,SI,3,,X,,X,,X,,,X,X,X,X,SI,SI,11,SI,2,,X,,,,X,X,,,X,X,X,X,,,,,SI,SI,5,SI,,,,X,,,SI,SI,SI,SI,SI,NO,SI,0,,,SI,NO,,//,NO,SI,SI,SI,SI,X,X,X,X,X,,,75,,SI,NO,SI,X,,,,,,,,,,X,NO,,,,,,,SI,,X,,,,B0,A1,2,040108,040010
0226480,0,055281,3AP,40007 GILBERTO OCHOA GALDOS,AREQUIPA,LAMBRAMANI,NO,,,,,,,,SI,SI,,,SI,X,,X,X,,,SI,X,,X,,,,,NO,,SI,,,X,,,,,SI,X,X,X,,,,NO,NO,,,SI,X,,,,,,SI,SI,9,NO,,,,,,,,,X,X,X,X,X,X,,,,SI,SI,SI,SI,SI,2,,X,,X,,,,,X,X,,X,SI,SI,6,SI,4,,X,,X,X,X,,,,X,X,,X,,,,,SI,SI,2,SI,,X,X,,,,SI,SI,SI,SI,SI,SI,SI,0,,,SI,SI,1,21/10/2024,SI,SI,SI,SI,NO,,,X,,X,,,085-2/12/2024,,SI,SI,NO,,,,,,,,,,,,NO,,,,,,,NO,,,,,,B0,A1,1,040101,040001
0287417,0,073888,3AP,40647 VIRGEN DE LA CANDELARIA,TORO,HUACHUY,NO,,,,,,,,NO,,,,SI,X,,,,,,SI,,,X,,,,,NO,,SI,,,X,,,,,SI,,X,X,,,,SI,NO,,,SI,X,X,,,,,SI,NO,1,SI,,,X,,,,,,X,,X,,X,,,,,SI,SI,SI,SI,SI,1,X,,,,,,,,X,,,,SI,SI,1,SI,2,,X,X,,,,,,,,X,,,,,,,SI,NO,,SI,,,X,,,,SI,SI,SI,SI,SI,SI,SI,0,,,SI,NO,,//,NO,SI,SI,SI,SI,,X,,X,,,,,,,,SI,,X,,,,,,,,,X,SI,,,,X,,,SI,,X,,,,B0,A1,2,040811,040009
0695148,0,064916,3AP,40285,VICTOR,PUEBLO VIEJO,NO,,,,,,,,SI,SI,,,SI,X,X,,X,,,SI,X,X,,,,,,NO,,NO,,,,,,,,SI,X,X,X,X,,,NO,NO,,,SI,X,,,,,,SI,SI,6,SI,X,X,,X,,,,,X,X,X,X,X,,,,,SI,SI,SI,SI,SI,3,X,X,X,X,,,,,X,,X,X,SI,SI,7,SI,2,,X,,,,,,,,X,X,X,X,X,,,,SI,SI,5,SI,X,,,X,,,SI,SI,SI,SI,SI,SI,SI,4,,,SI,NO,,//,NO,SI,SI,SI,SI,X,X,X,,X,,,RD 023,30,SI,SI,NO,,,,,,,,,,,,NO,,,,,,,NO,,,,,,B0,A1,2,040125,040010
0656132,0,068085,3AP,40278,QUICACHA,SIFUENTES,NO,,,,,X,,,NO,,,,SI,X,,,X,,,SI,X,,,,,,,NO,,SI,,,X,,,,,SI,,,X,,,,NO,NO,,,SI,X,,,,,,SI,NO,8,NO,,,,,,,,,X,X,X,,X,X,,,,SI,SI,SI,SI,NO,,X,,,,,,,,X,,,,SI,SI,2,SI,3,,X,,,X,X,X,,,X,X,,,,,,,SI,SI,2,SI,,X,,,,,SI,SI,SI,SI,SI,SI,SI,0,,,SI,NO,,//,NO,SI,SI,SI,SI,,,X,,,,,035-2024,55-2024,NO,,NO,,,,,,,,,,,,SI,X,,,,,,SI,X,,,,,B0,A1,2,040312,040004
0844514,0,072134,3AP,40433,YANAQUIHUA,ARIRAHUA,NO,,,,,,,,SI,SI,,,SI,X,,,,,,SI,,,,,,X,,NO,,NO,,,,,,,,SI,,,,X,,,NO,NO,,,SI,,,X,,,,SI,NO,8,SI,,X,,,,,,,X,X,,,X,X,,,,SI,SI,NO,SI,NO,,,,,,,X,,,,X,,,SI,SI,2,SI,2,,,,,X,X,X,,,X,X,,,,,,,SI,SI,1,SI,,,,X,,,SI,SI,SI,SI,SI,NO,SI,0,,,SI,SI,3,23/10/2024,NO,SI,SI,SI,NO,,,,,X,,,,,,,NO,,,,,,,,,,,,NO,,,,,,,SI,X,,,,,B0,A1,2,040608,040007
0844985,0,061159,3AP,CORONEL FAP CESAR FAURA GOUBET,LA JOYA,VILLA FAP,NO,,,,,,,,SI,SI,,,SI,X,,,,,,SI,X,,,,X,,,SI,SI,SI,,,,,,X,CERRO VERDE Y SANIDAD FAP,SI,,,X,,,,SI,NO,,,NO,,,,,,,SI,NO,8,NO,,,,,,,,,X,X,X,X,X,X,X,,,SI,SI,SI,SI,SI,3,X,X,X,X,X,X,,,X,X,X,X,SI,SI,5,SI,4,,X,X,X,,X,X,,,X,X,,,X,,,,SI,SI,1,SI,X,X,X,X,,,SI,SI,SI,SI,SI,SI,SI,0,,,SI,NO,,//,SI,SI,SI,SI,SI,,,X,,X,,,X,026 A,SI,SI,NO,,,,,,,,,,,,NO,,,,,,,SI,,X,,,,B0,A2,2,040108,040010
1654128,0,735826,3AP,PALMER,PAUCARPATA,JORGE CHAVEZ,NO,,,,,,,,SI,SI,,,SI,,,,X,,,SI,,,,,,X,,NO,,NO,,,,,,,,NO,,,,,,,,NO,,,NO,,,,,,,SI,NO,8,NO,,,,,,,NO,,X,,,,,,,,,SI,SI,SI,SI,SI,2,X,X,,,,,,,X,X,X,,NO,NO,,SI,1,,X,,,,,,,,,X,,,,,,,NO,NO,,SI,X,X,,,,,SI,SI,SI,NO,SI,SI,SI,0,,,SI,NO,,//,SI,SI,SI,SI,SI,,,X,,,,,030,006,SI,NO,NO,,,,,,,,,,,,NO,,,,,,,NO,,,,,,B0,B4,1,040112,040002
0220301,0,066473,3AP,40226 SANTA ROSA DE LIMA,CAMANA,CAMANA,NO,,,,,,,,SI,SI,,,SI,X,,X,,X,,SI,X,,X,X,,,,SI,SI,SI,X,X,X,,,,,SI,X,X,X,X,,,SI,SI,,12,SI,X,X,,,,,SI,SI,3,SI,X,X,X,X,,,,,X,X,X,X,X,X,,,,SI,SI,SI,SI,SI,3,X,X,X,X,,,,,X,X,X,X,SI,SI,2,SI,2,,,,,X,X,,,,X,X,X,X,X,,,,SI,SI,30,SI,X,X,,X,,,SI,SI,SI,SI,SI,SI,SI,0,,,SI,NO,,//,SI,SI,SI,SI,SI,X,,X,X,X,,,33,10,SI,SI,SI,X,,X,,,,,,,,X,NO,,,,,,,SI,,X,,,,B0,A1,1,040201,040003
0794222,0,549141,3AP,LITTLE ANGELS SCHOOL,CERRO COLORADO,BENIGNO BALLON FARFAN,NO,,,,,,,,NO,,,,SI,,,,,,X,SI,,,,,,X,,NO,,NO,,,,,,,,SI,X,,,,,,NO,NO,,,NO,,,,,,,SI,SI,8,NO,,,,,,,NO,,X,,X,,,,,,,SI,SI,SI,SI,SI,2,X,X,,,,,,,X,X,,,NO,SI,3,SI,1,,,X,,,,,,,,X,,,,,,,SI,NO,,SI,X,X,X,,,,SI,SI,SI,NO,NO,,NO,,4,,SI,NO,,//,SI,NO,,SI,SI,X,,,,,,,,,,,,,,,,,,,,,,,NO,,,,,,,NO,,,,,,B0,B4,1,040104,040001
0226977,0,059458,3AP,40057 SANTISIMA VIRGEN DEL ROSARIO,CERRO COLORADO,CERRO VIEJO,NO,,,,,,,,SI,SI,,,SI,X,,,X,,,SI,,,X,,,,,SI,SI,SI,,,X,,,,,SI,,X,,,,,NO,NO,,,SI,X,,,,,,SI,SI,8,SI,X,,,,,,,,X,,X,,X,X,,,,SI,SI,SI,SI,SI,3,,,,X,,,,,X,,,X,SI,SI,6,SI,1,,,,,X,,,,,X,X,X,X,,,,,NO,SI,10,SI,,X,,X,,,SI,SI,SI,SI,SI,SI,SI,0,,,SI,SI,4,11/4/2024,SI,SI,SI,SI,SI,,,X,,X,,,80-2024,,SI,SI,SI,,,,,,X,,,,,X,SI,,X,,,,,NO,,,,,,B0,A1,1,040104,040001
1342351,0,555325,3AP,40706,ANDAGUA,ORAHUASTO,NO,,,,,,,,NO,,,,SI,X,,,,,,SI,,X,,,,,,NO,,SI,,,X,,,,,SI,,X,X,,,,NO,NO,,,NO,,,,,,,NO,NO,9,NO,,,,,,,,,X,,,,X,X,,,,SI,NO,NO,SI,NO,,X,,,X,,,,,X,X,,,SI,NO,,SI,2,,X,,,X,,X,,,,X,X,X,X,,,,SI,NO,,SI,,X,,,,,SI,SI,SI,NO,SI,SI,NO,,1,,SI,NO,,//,SI,SI,SI,SI,SI,X,X,,,X,,,,,,,NO,,,,,,,,,,,,NO,,,,,,,NO,,,,,,B0,A1,2,040402,040005
3014412,0,551501,3AP,JOULE SOCABAYA,CHARACATO,HORACIO ZEBALLOS GAMEZ,NO,,,,,,,,SI,SI,,,SI,,,,X,,,SI,,,,,,X,,NO,,NO,,,,,,,,NO,,,,,,,,NO,,,NO,,,,,,,SI,NO,8,NO,,,,,,,NO,,X,,,,,,,,,SI,SI,SI,SI,SI,2,X,X,,,,,,,X,X,X,,NO,NO,,SI,1,,X,,,,,,,,,X,,,,,,,NO,NO,,SI,X,X,,,,,SI,SI,SI,NO,SI,SI,SI,0,,,SI,NO,,//,SI,SI,SI,SI,SI,,,X,,,,,020,003,SI,NO,NO,,,,,,,,,,,,NO,,,,,,,NO,,,,,,B0,B4,1,040105,040002
0220202,0,063771,3AP,40216 VIRGEN DEL ROSARIO DE HUAYLLACUCHO,SAN JUAN DE TARUCANI,HUAYLLACUCHO,NO,,,,,,,,NO,,,,SI,,,,X,X,,SI,,,,,X,,,NO,,SI,,,X,,,,,SI,,,X,,,,NO,NO,,,SI,X,,,,,,NO,SI,9,NO,,,,,,,,,X,X,X,X,X,X,,,,SI,SI,SI,SI,NO,,X,,,X,,,,,X,,,X,SI,SI,1,SI,1,,,,,,X,,,,,X,,,X,,,,SI,SI,2,SI,,,X,,,,SI,SI,SI,SI,SI,SI,SI,0,,,SI,NO,,//,NO,SI,SI,SI,SI,,,X,,,,,26,68,SI,NO,NO,,,,,,,,,,,,NO,,,,,,,SI,X,X,,,,B0,A1,2,040119,040002
0219634,0,061871,3AP,40156 NUESTRA SEÑORA DEL CARMEN,MIRAFLORES,,NO,,,,,,,,SI,SI,,,SI,X,,,,,,SI,X,,X,,,,,NO,,SI,,,X,,,,,SI,X,X,X,,,,NO,NO,,,SI,X,X,X,X,,,SI,SI,6,SI,X,X,X,X,,,,,X,X,X,X,X,X,,,,SI,SI,SI,SI,SI,3,X,X,X,X,,X,,,X,X,X,X,SI,SI,12,SI,2,,X,,,,X,X,,,X,X,,X,X,,,,SI,SI,3,SI,,X,X,X,,,SI,SI,SI,SI,SI,SI,SI,0,,,SI,NO,,//,SI,SI,SI,SI,SI,X,,X,,X,,,105-2024,,SI,SI,NO,,,,,,,,,,,,NO,,,,,,,NO,,,,,,B0,A1,1,040110,040002
0897884,0,070578,3AP,41055,MAJES,CENTRO DE SERVICIOS DE LA D 2,NO,,,,,,,,SI,SI,,,SI,X,,,X,,,SI,X,,,,,,,NO,,SI,,,X,,,,,SI,X,,X,,,,SI,NO,,,SI,X,,,,,,SI,NO,8,NO,,,,,,,,,X,X,,,X,X,,,,SI,SI,SI,SI,SI,4,X,X,,,,,,,X,,X,,SI,SI,5,SI,3,,X,,X,X,X,,,,X,X,,X,X,,,,SI,SI,20,SI,,,,,X,ENTREVISTA CON DOCENTES,SI,SI,SI,SI,SI,SI,SI,0,,,SI,NO,,//,SI,SI,SI,SI,NO,X,X,X,,X,,,6,12,SI,NO,SI,,,,,,X,,,,,X,SI,,,X,,,,NO,,,,,,B0,A1,2,040520,040010
1633247,0,705834,3AP,EL EMPERADOR,CERRO COLORADO,CARLOS BACA FLOR,SI,SI,,,,,X,CLASES VIRTUALES,SI,SI,,,SI,X,X,X,X,X,,SI,X,X,X,X,,,,NO,,NO,,,,,,,,SI,X,X,X,,,,SI,NO,,,SI,X,,X,,,,SI,NO,8,SI,X,X,X,X,,,NO,,,,,,,,,,,SI,SI,SI,SI,SI,2,X,X,X,X,X,X,,,X,X,X,X,SI,SI,6,SI,2,X,X,X,X,X,X,X,,,X,X,X,X,X,,,,SI,SI,6,SI,X,X,X,X,,,SI,SI,SI,SI,SI,SI,SI,0,,,SI,NO,,//,SI,SI,SI,SI,SI,X,X,X,X,X,,,31,5,SI,SI,SI,,,X,,X,X,,,,,X,SI,X,X,X,X,,,SI,X,,,,,B0,B4,1,040104,040001
0219550,0,061852,3AP,40148 GERARDO IQUIRA PIZARRO,MIRAFLORES,ALTO MISTI,NO,,,,,,,,SI,SI,,,SI,X,,,X,,,SI,X,,X,X,,,,NO,,NO,,,,,,,,SI,,X,,,,,SI,NO,,,SI,X,X,X,X,,,SI,SI,8,SI,,X,X,X,,,,,X,X,X,X,X,X,,,,SI,SI,SI,SI,NO,,,X,X,,,,,,X,X,X,,SI,SI,8,SI,2,,X,X,,X,X,,,,X,X,,X,,,,,SI,NO,,SI,,X,,X,,,SI,SI,SI,SI,SI,SI,SI,0,,,SI,NO,,//,NO,SI,SI,SI,NO,,,,X,,,,,,,,NO,,,,,,,,,,,,NO,,,,,,,SI,X,,,,,B0,A1,1,040110,040002
1634203,0,706918,3AP,SAN CRISTÓBAL,YANAQUIHUA,CONDESUYOS,NO,,,,,,,,SI,SI,,,SI,,,,,,X,SI,X,,,,,,,NO,,NO,,,,,,,,SI,,X,X,,,,SI,NO,,,SI,X,,,,,,SI,NO,8,SI,X,X,,,,,,,X,X,X,X,X,X,,,,SI,SI,SI,SI,NO,,,X,,,,,,,X,,,,SI,SI,3,SI,2,,X,,,,X,X,,,X,X,,X,,,,,SI,NO,,SI,,X,,X,,,SI,SI,NO,SI,SI,NO,SI,0,,,SI,NO,,//,NO,SI,NO,SI,SI,,,X,X,,,,,070,SI,NO,SI,X,X,,,,,,,,,X,NO,,,,,,,SI,,X,,,,B0,A1,2,040608,040007
0287482,0,055422,3AP,41003 ALMIRANTE MIGUEL GRAU,AREQUIPA,LAS ORQUIDEAS,NO,,,,,,,,SI,SI,,,SI,,,X,X,,,SI,X,,,,X,,,NO,,NS,,,,,,,,SI,,X,X,X,,,NO,SI,6,,SI,X,,X,,,,SI,SI,8,NO,,,,,,,,,X,,X,,,,X,,,SI,SI,SI,SI,SI,3,X,X,,X,X,,,,X,X,X,,SI,SI,6,SI,5,,X,X,,X,X,X,,,X,X,X,X,X,,,,SI,SI,2,SI,,X,,X,,,SI,SI,SI,SI,SI,SI,SI,0,,,SI,NO,,//,SI,SI,SI,SI,SI,,,X,,X,,,011-2025,,SI,SI,NO,,,,,,,,,,,,SI,,X,X,,,,SI,X,,,,,B0,A1,1,040101,040001
1626522,0,628275,3AP,NIÑITOS DE JESUS,SACHACA,PUEBLO TRADICIONAL TIO CHICO,NO,,,,,,,,SI,SI,,,SI,X,,,,,,SI,X,,,,,,,NO,,NO,,,,,,,,SI,,X,X,,,,NO,NO,,,NO,,,,,,,SI,NO,8,NO,,,,,,,NO,,X,X,X,X,X,X,X,,,SI,SI,SI,SI,SI,2,X,X,,,,X,,,X,,X,X,SI,SI,6,SI,1,,,,,,,X,,,X,X,,,X,,,,SI,SI,2,SI,X,,,,,,SI,SI,SI,SI,SI,SI,SI,0,,,SI,NO,,//,NO,SI,SI,SI,SI,,,X,,X,,,027,,SI,SI,NO,,,,,,,,,,,,NO,,,,,,,NO,,,,,,B0,B4,1,040117,040001
0311613,0,068090,3AP,40279 NUESTRA SEÑORA DEL PERPETUO SOCORRO,QUICACHA,QUICACHA,NO,,,,,,,,SI,SI,,,SI,X,,,X,X,,SI,,,,,,X,,SI,SI,SI,,,X,,,,,SI,X,X,X,,,,SI,NO,,,SI,X,,,,,,SI,SI,8,SI,,X,,X,,,,,X,X,X,X,X,X,,,,SI,SI,SI,SI,NO,,,X,,,,,,,X,,,,SI,SI,6,SI,2,,,,,X,X,,,,X,X,,,,,,,SI,SI,3,SI,X,,,,,,SI,SI,SI,SI,SI,SI,SI,3,,,SI,SI,3,23/4/2024,NO,SI,SI,SI,SI,,,X,X,X,,,032,103,SI,SI,SI,,X,,,,,,,X,,X,NO,,,,,,,SI,,X,,,,B0,A1,2,040312,040004
1304468,0,549688,3AP,DIVINA INFANCIA DE JESÚS,SACHACA,HUARANGUILLO,NO,,,,,,,,SI,SI,,,SI,X,,,,,,SI,X,,,,,,,NO,,NO,,,,,,,,SI,,X,X,,,,NO,NO,,,SI,,,,,X,VACUNACIONES,SI,NO,8,NO,,,,,,,NO,,X,X,X,X,X,X,X,,,SI,SI,SI,SI,SI,2,X,X,,,,X,,,X,,X,X,SI,SI,6,SI,1,,,,,,,X,,,X,X,,,X,,,,SI,SI,2,SI,X,,,,,,SI,SI,SI,SI,SI,SI,SI,0,,,SI,NO,,//,NO,SI,SI,SI,SI,,,X,,X,,,016,,SI,SI,NO,,,,,,,,,,,,NO,,,,,,,NO,,,,,,B0,B4,1,040117,040001
1118884,0,619068,3AP,CEDEU PITAGORAS SCHOOL,SACHACA,PUEBLO TRADICIONAL TIO CHICO,NO,,,,,,,,SI,SI,,,SI,X,,,,,,SI,X,,,,,,,NO,,NO,,,,,,,,SI,,X,X,,,,NO,NO,,,NO,,,,,,,SI,NO,8,NO,,,,,,,NO,,X,X,X,X,X,X,X,,,SI,SI,SI,SI,SI,2,X,X,,,,X,,,X,,X,X,SI,SI,6,SI,1,,,,,,,X,,,X,X,,,X,,,,SI,SI,2,SI,X,,,,,,SI,SI,SI,SI,SI,SI,SI,0,,,SI,NO,,//,NO,SI,SI,SI,SI,,,X,,X,,,027,,SI,SI,NO,,,,,,,,,,,,NO,,,,,,,NO,,,,,,B0,B4,1,040124,040001
1698158,0,780970,3AP,CESAR VALLEJO,CHAPARRA,PUERTO VIEJO,NO,,,,,,,,SI,SI,,,SI,X,,,,,,SI,X,X,,,,,,SI,SI,SI,,,X,,,,,SI,X,X,X,X,,,SI,NO,,,SI,X,,,,,,SI,NO,8,SI,X,X,X,,,,,,X,X,,,X,X,,,,SI,SI,NO,SI,NO,,X,,X,,,,,,X,X,,,SI,SI,1,SI,2,,X,X,X,,,,,,X,X,X,X,,,,,SI,NO,,SI,,X,,,,,SI,SI,SI,SI,SI,SI,SI,0,,,SI,NO,,//,SI,SI,SI,SI,SI,,X,,X,,,,,,,,NO,,,,,,,,,,,,NO,,,,,,,NO,,,,,,B0,A1,2,040308,040004
0287763,0,065666,3AP,IE. 41038 JOSE OLAYA BALANDRA,JOSE LUIS BUSTAMANTE Y RIVERO,13 DE ENERO,NO,,,,,,,,SI,SI,,,SI,X,X,X,X,X,,SI,X,,X,,,,,NO,,SI,,,X,,,,,SI,X,X,X,X,,,SI,NO,,,SI,X,X,X,X,,,SI,SI,9,SI,X,X,,X,,,,,X,X,,X,X,X,X,,,SI,SI,SI,SI,SI,4,X,X,X,X,X,,,,X,,X,X,SI,SI,2,SI,2,X,X,X,X,X,X,X,,,,X,X,X,X,,,,SI,NO,,SI,,,,X,,,SI,SI,SI,SI,SI,SI,SI,0,,,SI,SI,1,7/5/2024,NO,SI,SI,SI,SI,,,X,X,X,,,0110,,SI,NO,SI,,X,,,,,,,,,X,NO,,,,,,,NO,,,,,,B0,A1,1,040129,040002
0695155,0,070470,3AP,40594 JUAN VELASCO A.,CAYLLOMA,MAJES,NO,,,,,,,,SI,NO,1,,SI,X,,,,,,SI,X,,,,,,,SI,SI,SI,,,X,,,,,SI,,,X,,,,NO,NO,,,SI,X,,X,,,,SI,NO,9,SI,X,,,,,,NO,,X,X,X,X,X,X,X,,,SI,SI,SI,SI,SI,2,,X,,X,X,,,,X,,X,,SI,SI,15,SI,1,,,,,,X,,,,X,X,X,X,,,,,SI,NO,,SI,X,,,X,,,SI,SI,SI,SI,SI,SI,SI,7,,,SI,SI,5,22/12/2024,SI,SI,SI,SI,SI,X,,X,,X,,,14,14,SI,SI,,,,,,,,,,,,,SI,,X,X,,,,SI,X,,,,,B0,A1,1,040520,040010
1532878,0,556669,3AP,MI AMIGO NIÑO JESUS,SOCABAYA,UGEL AREQUIPA SUR,NO,,,,,,,,SI,SI,,,SI,,,,,,X,SI,X,,,,,,,NO,,NO,,,,,,,,NO,,,,,,,,NO,,,NO,,,,,,,SI,SI,8,NO,,,,,,,NO,,X,X,X,X,X,X,,,,SI,SI,SI,SI,SI,3,X,X,,,,,,,X,X,,,SI,SI,4,SI,1,,,,,,X,,,,X,X,,,,,,,SI,SI,10,SI,X,,,,,,SI,SI,SI,SI,SI,SI,SI,0,,,SI,NO,,//,NO,SI,SI,SI,SI,,,,X,,,,,,,,NO,,,,,,,,,,,,SI,,,,,X,PLANIFICACION,NO,,,,,,B0,B4,1,040122,040002
3017183,0,904268,3AP,40219 JOSE ABELARDO QUIÑONES,SAN JUAN DE TARUCANI,PATI,NO,,,,,,,,NO,,,,NO,X,,,,,,SI,,,,,,X,,NO,,NO,,,,,,,,NO,,,,,,,,NO,,,NO,,,,,,,SI,SI,3,NO,,,,,,,,,,,,,,,,,,SI,SI,SI,NO,,,X,,,,,,,,X,,,,SI,SI,1,SI,1,,X,,,,,,,,X,,,,,,,,SI,SI,2,SI,,,,X,,,NO,,,,SI,NO,NO,,1,,NO,,,//,NO,NO,,NO,NO,,,X,,,,,10,10,NO,,NO,,,,,,,,,,,,NO,,,,,,,SI,X,,,,,B0,A1,2,040119,040002
0313395,0,071733,3AP,40459 SAN ROQUE,CAYARANI,CP UMACHULCO,NO,,,,,,,,SI,SI,,,SI,,,,,,X,SI,,,X,,,,,NO,,NO,,,,,,,,SI,,X,X,,,,SI,NO,,,SI,X,,,,,,SI,SI,8,SI,X,,,X,,,,,X,X,X,X,X,X,,,,SI,SI,SI,SI,NO,,X,X,,X,,,,,X,X,X,,SI,NO,,SI,1,,,,,,X,,,,X,X,X,X,X,,,,SI,SI,4,SI,,X,,X,,,SI,SI,SI,SI,SI,SI,SI,0,,,SI,SI,11,30/4/2024,NO,SI,NO,SI,SI,X,,X,,X,,,012-2025,23,SI,SI,NO,,,,,,,,,,,,NO,,,,,,,SI,X,,,,,B0,A1,2,040603,040005
0894550,0,627676,3AP,JUAN JACOBO ROUSSEAU,PAUCARPATA,UGEL AREQUIPA SUR,NO,,,,,,,,SI,SI,,,SI,,,,,,X,SI,X,,,,,,,NO,,NO,,,,,,,,NO,,,,,,,,NO,,,NO,,,,,,,SI,SI,8,NO,,,,,,,NO,,X,X,X,X,X,X,,,,SI,SI,SI,SI,SI,3,X,X,,,,,,,X,X,,,SI,SI,4,SI,1,,,,,,X,,,,X,X,,,,,,,SI,SI,10,SI,X,,,,,,SI,SI,SI,SI,SI,SI,SI,0,,,SI,NO,,//,NO,SI,SI,SI,SI,,,,X,,,,,,,,NO,,,,,,,,,,,,SI,,,,,X,PLANIFICACION,NO,,,,,,B0,B4,1,040112,040002
1598499,0,618083,3AP,DANIEL CHRISTIAN SCHOOL,CERRO COLORADO,LA LIBERTAD,NO,,,,,,,,SI,SI,,,SI,,,,,,X,SI,X,,,,,,,SI,NO,NO,,,,,,,,SI,,,X,,,,NO,NO,,,SI,X,,,,,,SI,NO,8,NO,,,,,,,NO,,X,X,X,X,X,X,X,,,SI,SI,SI,SI,SI,2,X,,,X,,,,,X,X,X,X,SI,SI,5,SI,1,,X,,,,,,,,X,X,X,X,X,,,,SI,SI,20,SI,,,,X,,,SI,SI,SI,SI,SI,SI,SI,1,,,SI,NO,,//,NO,SI,NO,SI,SI,,,X,,X,,,40-2024,,SI,NO,NO,,,,,,,,,,,,NO,,,,,,,NO,,,,,,B0,B4,1,040104,040001
1262443,0,071460,3AP,CIENCIAS APLICADAS,MAJES,EL PEDREGAL,NO,,,,,,,,SI,SI,,,SI,X,,,,,,SI,X,,,,,,,NO,,NO,,,,,,,,SI,X,X,X,,,,NO,NO,,,NO,,,,,,,SI,SI,1,NO,,,,,,,SI,2,X,,X,X,,,X,,,SI,SI,SI,SI,NO,,X,,,,,X,,,X,,,,SI,SI,12,SI,1,,,X,,,,,,,X,X,,,,,,,NO,NO,,SI,,,,X,,,SI,SI,SI,SI,SI,SI,SI,0,,,SI,NO,,//,SI,SI,NO,SI,SI,,,X,,,,,078,078,SI,SI,NO,,,,,,,,,,,,NO,,,,,,,NO,,,,,,B0,B4,1,040520,040010
0542712,0,067439,3AP,40308,ACARÍ,VIJOTO,NO,,,,,,,,SI,SI,,,SI,X,,,X,X,,SI,,X,X,,,,,NO,,SI,,,X,,,,,SI,X,X,X,,,,SI,NO,,,SI,X,,X,,,,SI,SI,9,NO,,,,,,,,,X,,X,,X,X,,,,SI,SI,SI,SI,SI,2,,X,,X,,,,,X,,X,X,SI,SI,2,SI,2,X,X,,,X,X,,,,X,X,X,X,,,,,SI,NO,,SI,,,X,X,,,SI,SI,SI,SI,SI,SI,SI,0,,,SI,NO,,//,NO,SI,SI,SI,NO,,,X,X,,,,N°015-2024,48,SI,SI,NO,,,,,,,,,,,,NO,,,,,,,NO,,,,,,B0,A1,2,040302,040004
1333863,0,742153,3AP,EL GRAN PODER DE JESUS,CERRO COLORADO,ASOC CENTRO INDUSTRIAL LAS CANTERAS,NO,,,,,,,,SI,SI,,,SI,,X,,,,,SI,,,,,,X,,NO,,NO,,,,,,,,NO,,,,,,,,NO,,,NO,,,,,,,SI,NO,3,SI,,X,,,,,NO,,X,X,X,,,X,,,,SI,SI,NO,SI,SI,1,X,X,X,,,,,,X,X,,,NO,SI,6,SI,2,,X,,,,,X,,,X,X,,,X,,,,SI,NO,,SI,,X,,,,,SI,SI,SI,SI,SI,SI,SI,0,,,SI,NO,,//,NO,SI,SI,SI,SI,,,X,X,,,,14-2025,,SI,SI,NO,,,,,,,,,,,,NO,,,,,,,NO,,,,,,B0,B4,1,040104,040001
0895201,0,063016,3AP,ALMIRANTE GRAU,PAUCARPATA,MIGUEL GRAU,NO,,,,,,,,SI,SI,,,SI,X,,,,X,,SI,X,,,,,,,SI,SI,SI,,,X,,,,,SI,,X,X,,,,SI,NO,,,SI,X,,X,X,,,SI,SI,7,SI,,X,,X,,,NO,,X,X,X,X,X,X,X,,,SI,SI,SI,SI,NO,,X,X,X,X,,X,,,X,X,X,X,SI,SI,6,NO,,,,,,,,,,,X,X,X,X,X,,,,SI,SI,6,SI,X,X,X,X,,,SI,SI,SI,SI,SI,SI,SI,0,,,SI,NO,,//,SI,SI,SI,SI,SI,X,,X,,X,,,033,,SI,NO,,,,,,,,,,,,,NO,,,,,,,NO,,,,,,B0,B4,1,040112,040002
1665330,0,747909,3AP,MILAGROS DE JESUS,CERRO COLORADO,AREQUIPA,SI,SI,X,,,,,,NO,,,,SI,,,,,,X,SI,,,,,,X,,NO,,SI,,,X,,,,,SI,,,X,,,,NO,NO,,,NO,,,,,,,SI,SI,9,NO,,,,,,,NO,,X,,X,,X,,,,,SI,SI,SI,SI,NO,,,X,,X,,,,,,X,X,,SI,SI,1,SI,1,,X,,,,,,,,,X,,,,,,,SI,SI,1,SI,,X,,,,,SI,SI,SI,NO,SI,SI,SI,0,,,SI,NO,,//,SI,SI,NO,SI,SI,X,,,,,,,,,,,,,,,,,,,,,,,SI,,X,,,,,NO,,,,,,B0,B4,1,040104,040001
0311548,0,067712,3AP,40271,CAHUACHO,CAHUACHO,NO,,,,,,,,SI,SI,,,SI,X,,,,,,SI,X,,,,,,,SI,SI,SI,,,X,,,,,SI,X,X,X,,,,NO,NO,,,SI,X,,X,,,,SI,SI,3,NO,,,,,,,,,,,,,,,,,,SI,SI,SI,SI,NO,,X,X,X,,,,,,X,X,,,NO,SI,2,SI,1,,,,,,,X,,,X,,,,,,,,SI,SI,1,NO,,,X,,,,SI,SI,SI,SI,SI,NO,NO,,4,,NO,,,//,SI,SI,SI,SI,SI,,,,X,,,,,,,,NO,,,,,,,,,,,,SI,,X,,X,,,NO,,,,,,B0,A1,2,040306,040004
0844837,0,065176,3AP,VANCOUVER,YANAHUARA,UMACOLLO,SI,SI,,,,X,,,SI,NO,1,,SI,,,,X,X,,SI,X,,,,,,,NO,,SI,,,X,,,,,SI,X,X,X,X,,,SI,NO,,,SI,X,X,,,,,SI,SI,6,SI,X,X,X,X,,,NO,,X,X,X,X,X,X,X,,,SI,SI,SI,SI,SI,4,X,X,,X,X,X,,,X,,X,,SI,SI,8,SI,10,,X,X,X,X,X,X,,,X,X,,X,X,,,,NO,SI,10,SI,X,X,,X,,,SI,SI,SI,SI,SI,SI,SI,3,,,SI,SI,3,18/7/2024,SI,SI,SI,SI,SI,,,X,,,X,LIDERAZGO,,09-2025,SI,NO,NO,,,,,,,,,,,,SI,,X,X,X,,,NO,,,,,,B0,B4,1,040126,040001
1340280,0,510153,3AP,TOMAS MARSANO,ALTO SELVA ALEGRE,ALTO SELVA ALEGRE,SI,SI,,,,X,,,SI,SI,,,SI,X,,,X,,,SI,X,X,,,,,,NO,,NO,,,,,,,,SI,X,X,X,,,,SI,NO,,,SI,X,X,,,,,SI,SI,3,SI,,X,,X,,,SI,3,X,X,X,X,X,X,X,,,SI,SI,SI,SI,SI,3,X,X,,X,,,,,X,,X,,SI,SI,6,SI,3,,X,,,X,X,,,,X,X,,X,,,,,NO,SI,20,SI,X,X,,,,,SI,SI,SI,SI,SI,SI,SI,0,,,SI,NO,,//,SI,SI,SI,SI,SI,,,X,,,,,021,,SI,SI,NO,,,,,,,,,,,,NO,,,,,,,NO,,,,,,B0,B4,1,040102,040002
0313056,0,071479,3AP,40425 SAN MARTIN DE PORRES,CHUQUIBAMBA,BELEN,NO,,,,,,,,SI,SI,,,SI,X,,,,,,SI,X,,,,,,,NO,,SI,,,X,,,,,SI,X,,,,,,SI,NO,,,SI,X,,,,,,SI,SI,8,SI,,X,,,,,,,X,X,X,X,X,X,,,,SI,SI,SI,SI,SI,3,X,X,,X,,,,,,,X,,SI,SI,6,SI,1,,X,,,,,,,,X,X,,X,,,,,SI,SI,16,SI,,X,,,,,SI,SI,SI,SI,SI,SI,SI,0,,,SI,NO,,//,SI,SI,SI,SI,SI,X,,X,,X,,,016,,SI,SI,,,,,,,,,,,,,NO,,,,,,,SI,X,,,,,B0,A1,1,040601,040007
1649649,0,726346,3AP,NOVA STEINER,MARIANO MELGAR,,NO,,,,,,,,SI,SI,,,SI,X,,,,,,SI,X,,,,,,,NO,,SI,,,X,,,,,SI,X,X,X,,,,NO,NO,,,NO,,,,,,,SI,NO,6,NO,,,,,,,NO,,X,X,X,X,X,X,X,,,SI,SI,SI,SI,NO,,,X,,X,,,,,X,,X,,SI,SI,7,SI,3,,X,X,,X,X,X,,,X,X,,X,,,,,SI,NO,,SI,X,,,,,,SI,SI,SI,SI,SI,SI,SI,0,,,SI,NO,,//,SI,SI,SI,SI,SI,,,X,,,,,RD 015,OF 010,SI,NO,NO,,,,,,,,,,,,NO,,,,,,,NO,,,,,,B0,B4,1,040109,040002
0656116,0,067000,3AP,40282,MARIANO NICOLAS VALCARCEL,SURITA,NO,,,,,,,,SI,SI,,,SI,X,,,X,,,SI,,X,,,,,,NO,,NO,,,,,,,,SI,,X,X,,,,SI,NO,,,SI,X,,,,,,SI,SI,8,SI,,X,,,,,,,X,,,,X,X,,,,SI,SI,SI,SI,SI,4,X,,,X,,,,,X,,X,,SI,SI,1,SI,1,,X,,,,X,,,,,,X,,X,,,,SI,NO,,SI,,,X,X,,,SI,SI,SI,NO,SI,NO,SI,0,,,SI,NO,,//,NO,SI,SI,SI,SI,X,,,,X,,,,,,,,,,,,,,,,,,,SI,X,X,X,,,,NO,,,,,,B0,A1,2,040203,040003
1341494,0,572886,3AP,CIMAS,MAJES,EL PEDREGAL,NO,,,,,,,,SI,SI,,,SI,X,,,,,,SI,X,,,,,,,NO,,NO,,,,,,,,SI,,,X,,,,NO,NO,,,SI,,,,,X,VACUNAS,SI,NO,9,NO,,,,,,,NO,,X,X,X,,,,X,,,SI,SI,SI,SI,NO,,,,,,,X,,,X,,,,SI,SI,6,SI,1,,,,,,X,,,,,X,X,,,,,,SI,SI,4,SI,,,,X,,,SI,SI,SI,SI,SI,SI,SI,0,,,SI,NO,,//,SI,SI,NO,SI,SI,,,X,,,,,040,40,SI,SI,NO,,,,,,,,,,,,NO,,,,,,,NO,,,,,,B0,B4,1,040520,040010
1239201,0,061135,3AP,40685,LA JOYA,PROGRESO KM 48,NO,,,,,,,,SI,SI,,,SI,,,,X,,,SI,,,,,X,,,SI,SI,SI,,,X,,,,,SI,,X,X,,,,SI,NO,,,SI,X,X,X,X,,,SI,SI,8,SI,,X,,X,,,,,X,,X,,X,X,,,,SI,SI,SI,SI,SI,3,,X,X,X,,,,,,X,X,,SI,SI,3,SI,2,,,,,X,X,,,,X,X,X,,,,,,SI,SI,1,SI,,X,,X,,,SI,SI,SI,SI,SI,SI,SI,2,,,SI,SI,1,8/11/2024,SI,SI,SI,SI,NO,,,X,,,,,018,065,SI,SI,,,,,,,,,,,,,SI,,,X,,,,NO,,,,,,B0,A1,2,040108,040010
1520576,0,078785,3AP,INTERNACIONAL ALBERT L. LEHNINGER,AREQUIPA,AREQUIPA,NO,,,,,,,,NO,,,,SI,,,,,,X,SI,,,,,,X,,SI,SI,NO,,,,,,,,SI,,X,X,,,,SI,NO,,,NO,,,,,,,SI,NO,3,SI,,,,X,,,NO,,X,X,X,X,X,X,X,,,SI,SI,SI,SI,SI,2,,X,,X,,X,,,X,X,X,X,SI,SI,6,SI,1,,X,X,,X,X,X,,,,X,X,,,,,,SI,SI,2,SI,X,X,,,,,SI,SI,SI,SI,SI,SI,SI,0,,,SI,NO,,//,SI,SI,SI,SI,SI,X,X,X,X,X,,,11,,SI,SI,NO,,,,,,,,,,,,NO,,,,,,,NO,,,,,,B0,B4,1,040101,040001
0219931,0,063342,3AP,40188,POCSI,POCSI,NO,,,,,,,,NO,,,,SI,,,,,,X,NO,,,,,,X,,NO,,NO,,,,,,,,SI,X,X,,,,,SI,NO,,,NO,,,,,,,NO,NO,9,NO,,,,,,,NO,,,,,,,,,,,SI,SI,SI,NO,,,X,,,,,X,,,X,,X,,NO,SI,1,SI,1,,X,,,,,,,,X,X,,,X,,,,SI,SI,2,SI,,,,X,,,SI,SI,SI,SI,SI,NO,NO,,1,,SI,NO,,//,NO,NO,,SI,SI,X,,,,,,,,,,,,,,,,,,,,,,,NO,,,,,,,NO,,,,,,B0,A1,2,040113,040002
0656066,0,070045,3AP,40588,CAYLLOMA,ANEXO SOTOCAYA,NO,,,,,,,,NO,,,,SI,X,,,,X,,SI,X,,,,,,,NO,,NO,,,,,,,,SI,,,X,,,,NO,NO,,,SI,X,,,,,,NO,NO,8,NO,,,,,,,,,X,,,,X,X,,X,DIRECTORA OTROS CARGOS,SI,SI,SI,SI,SI,3,X,,,,,,,,X,,,,SI,SI,1,NO,,,,,,,,X,,,X,,,,X,,,,NO,SI,5,SI,,,,X,,,SI,SI,SI,SI,SI,SI,SI,0,,,SI,NO,,//,NO,SI,NO,SI,SI,,,,,,X,INDIVIDUAL Y GRUPAL,,,,,,,,,,,,,,,,,NO,,,,,,,SI,,,X,,,B0,A1,2,040505,040006
0678953,0,071002,3AP,40599,SAN ANTONIO DE CHUCA,PILLONE,NO,,,,,,,,SI,SI,,,SI,,,,,,X,SI,,,,,,X,,NO,,NO,,,,,,,,NO,,,,,,,,NO,,,NO,,,,,,,NO,SI,8,NO,,,,,,,,,X,X,X,,X,X,,,,SI,SI,SI,SI,SI,2,X,,,,,,,,X,,X,,SI,SI,1,SI,1,,X,,,X,,X,,,,X,,X,,,,,NO,NO,,SI,,,X,,,,SI,SI,SI,SI,SI,SI,SI,0,,,SI,NO,,//,NO,SI,SI,SI,SI,,,,,X,,,,,,,,,,,,,,,,,,,NO,,,,,,,NO,,,,,,B0,A1,2,040514,040006
0218826,0,064558,3AP,40077,TIABAYA,EL CURAL,NO,,,,,,,,SI,SI,,,SI,X,,,,,,SI,X,X,,,,,,SI,NO,SI,,,X,,,,,SI,,,X,X,,,NO,NO,,,SI,X,,,,,,SI,SI,8,NO,,,,,,,,,X,X,X,X,X,X,X,,,SI,SI,SI,SI,SI,3,X,,,X,,,,,X,,X,X,SI,SI,1,SI,1,,X,,,,X,X,,,,X,,X,,,,,SI,NO,,SI,,,,X,,,SI,SI,SI,SI,SI,SI,SI,0,,,SI,NO,,//,NO,SI,SI,SI,SI,,X,X,X,X,,,X,X,SI,SI,NO,,,,,,,,,,,,NO,,,,,,,NO,,,,,,B0,A1,2,040123,040001
0898460,0,060065,3AP,SEÑOR DE LAS PIEDADES,CERRO COLORADO,AREQUIPA,NO,,,,,,,,SI,SI,,,SI,,,,,,X,SI,X,,,X,,,,NO,,SI,X,,,,,,,SI,,X,X,X,,,SI,NO,,,NO,,,,,,,SI,NO,8,SI,,X,,,,,SI,3,X,X,X,,,X,X,,,SI,SI,SI,SI,SI,1,X,X,,,,,,,X,X,,X,NO,SI,6,SI,1,,,,,X,,,,,X,X,X,,,,,,SI,SI,4,SI,X,X,,X,,,SI,SI,SI,SI,SI,NO,SI,0,,,SI,NO,,//,SI,SI,SI,SI,SI,,,X,,X,,,020-2025,007,SI,SI,NO,,,,,,,,,,,,SI,X,,,,,,NO,,,,,,B0,B4,1,040104,040001
1640929,0,722598,3AP,FUTURA SCHOOLS CERRO COLORADO,CERRO COLORADO,AREQUIPA,NO,,,,,,,,SI,SI,,,SI,,,,,,X,SI,X,,,,,,,NO,,NO,,,,,,,,SI,,X,X,,,,SI,NO,,,SI,,,,,X,VACUNACION,SI,SI,9,NO,,,,,,,SI,2,,,,,,,,,,SI,SI,SI,SI,SI,2,X,,,X,,,,,X,,,,SI,SI,12,SI,1,,,,,,,,X,CAPACITACION EXTERNA,X,X,,,X,,,,SI,SI,2,SI,X,,,,,,SI,SI,SI,NO,SI,SI,SI,0,,,SI,NO,,//,SI,SI,SI,SI,SI,,X,,X,,,,,,,,NO,,,,,,,,,,,,NO,,,,,,,NO,,,,,,B0,B4,1,040104,040001
3039914,0,910066,3AP,VIRGEN DEL ROSARIO ALTO MOLINO,RIO GRANDE,ALTO MOLINO,NO,,,,,,,,NO,,,,SI,,,,,,X,SI,X,X,,,,,,SI,SI,NO,,,,,,,,NO,,,,,,,,NO,,,SI,,,X,,,,SI,SI,4,NO,,,,,,,NO,,,,,,,,,,,NO,,,,,,,,,,,,X,NO CUENTO,X,,,,SI,NO,,SI,1,,X,,,,,,,,X,,,,,,,,SI,SI,5,SI,X,,,,,,SI,SI,SI,NO,NO,,SI,0,,,SI,NO,,//,NO,SI,SI,SI,SI,,,,,,X,NINGUNO,,,,,NO,,,,,,,,,,,,SI,,X,,,,,SI,X,,,,,B0,B4,2,040606,040007
0612853,0,541593,3AP,40173 DIVINO NIÑO JESUS,CERRO COLORADO,HERNAN BEDOYA FORGA,NO,,,,,,,,SI,NO,1,,SI,,,,X,,,SI,X,,X,,,,,NO,,SI,,,X,,,,,SI,,X,X,,,,NO,NO,,,SI,X,,,,,,SI,SI,8,NO,,,,,,,,,X,X,X,X,X,,,,,SI,SI,SI,SI,NO,,,,,X,,,,,X,X,,,SI,SI,4,SI,1,,X,,,,,,,,,X,,,,,,,SI,NO,,SI,,X,,,,,SI,SI,SI,NO,SI,NO,NO,,4,,SI,NO,,//,SI,SI,NO,SI,SI,,,X,,,,,30,,SI,NO,,,,,,,,,,,,,NO,,,,,,,NO,,,,,,B0,A1,1,040104,040001
1339779,0,551921,3AP,ANGELITOS DE LA ESPERANZA,ALTO SELVA ALEGRE,LEONES DEL MISTI,NO,,,,,,,,SI,SI,,,SI,,,,,X,,SI,X,X,,,,,,SI,SI,SI,,,X,,,,,SI,,X,X,,,,SI,NO,,,SI,X,,,,,,SI,SI,8,NO,,,,,,,NO,,X,X,X,,X,X,,,,SI,SI,SI,SI,SI,5,X,X,,X,,X,,,X,X,X,,SI,SI,6,SI,2,,,,,,X,X,,,X,X,,,X,,,,SI,SI,12,SI,,X,,,,,SI,SI,SI,SI,SI,SI,SI,0,,,SI,NO,,//,SI,SI,SI,SI,SI,,X,X,,,,,045-2024,,SI,SI,NO,,,,,,,,,,,,NO,,,,,,,NO,,,,,,B0,B4,1,040102,040002
1772961,0,843623,3AP,CLEMENTS MARKHAM,YURA,CIUDAD DE DIOS,NO,,,,,,,,SI,SI,,,SI,X,,,,,,SI,X,,,,,,,NO,,NO,,,,,,,,SI,,X,X,,,,NO,NO,,,NO,,,,,,,NO,NO,8,NO,,,,,,,NO,,X,,X,,X,X,X,,,SI,SI,NO,SI,SI,3,X,X,,X,,X,,,X,,,,SI,SI,8,SI,2,,X,,,,,X,,,,X,,,X,,,,SI,NO,,SI,X,,,,,,SI,SI,SI,SI,SI,SI,SI,0,,,SI,NO,,//,SI,SI,NO,SI,SI,X,,X,,,,,,042-2024,SI,NO,,,,,,,,,,,,,NO,,,,,,,NO,,,,,,B0,B4,1,040128,040001
0307512,0,062979,3AP,SANTA ROSA DE LIMA,PAUCARPATA,CALIFORNIA B,NO,,,,,,,,SI,NO,1,,SI,X,,X,X,X,,SI,X,X,X,,,,,SI,SI,SI,,X,,,,,,SI,,X,X,,,,NO,SI,5,,SI,X,X,X,,,,SI,SI,8,NO,,,,,,,,,X,X,X,,,X,X,,,SI,SI,SI,SI,SI,4,X,X,X,X,X,X,,,X,X,X,X,SI,SI,12,SI,2,,,X,X,X,X,,,,X,X,X,X,X,,,,SI,SI,295,SI,X,X,,X,,,SI,SI,SI,SI,SI,SI,SI,1,,,SI,SI,2,27/9/2024,SI,SI,SI,SI,SI,,,X,,,,,1,1,SI,SI,NO,,,,,,,,,,,,NO,,,,,,,SI,,,,X,AÑOS PASADOS,B0,A4,1,040112,040002
1695048,0,618460,3AP,SAN PABLO MISIONERO,CAYMA,EMBAJADA DE JAPON,NO,,,,,,,,SI,SI,,,SI,X,,,,,,SI,X,,,,,,,SI,SI,SI,,,X,,,,,NO,,,,,,,,NO,,,SI,,,X,,,,SI,SI,3,NO,,,,,,,NO,,X,,,,,,,,,SI,SI,SI,NO,,,X,,,,,,,,,,X,,NO,SI,2,SI,1,,X,,,,,,,,,X,,,,,,,NO,SI,3,SI,X,,,,,,SI,SI,SI,SI,SI,NO,SI,0,,,NO,,,//,SI,SI,SI,SI,SI,X,,,,,,,,,,,,,,,,,,,,,,,NO,,,,,,,NO,,,,,,B0,B4,1,040103,040001
0472100,0,067608,3AP,40290,ATIQUIPA,AGUA SALADA,NO,,,,,,,,SI,SI,,,SI,X,X,,,X,,SI,X,X,,,X,,,SI,SI,SI,,,X,X,,,,SI,X,X,X,,,,SI,NO,,,SI,X,,,,,,SI,SI,9,SI,,X,X,,,,,,X,,X,,X,X,,,,SI,SI,SI,SI,SI,2,X,,X,,,,,,X,,X,X,SI,SI,3,SI,2,,X,,,X,X,,,,,,X,X,X,,,,NO,NO,,SI,,,,,X,REUNIONES DE RER,SI,SI,SI,SI,SI,NO,SI,0,,,SI,NO,,//,NO,SI,SI,SI,SI,,,X,X,,,,012,,SI,SI,NO,,,,,,,,,,,,NO,,,,,,,SI,X,,,,,B0,A1,2,040304,040004
1238286,0,066835,3AP,40683 ROLF LAUMER,MARISCAL CACERES,ROLF LAUMER,NO,,,,,,,,SI,SI,,,SI,X,,,,,,SI,X,,X,,,,,NO,,NO,,,,,,,,SI,,X,X,,,,SI,NO,,,SI,X,,,,,,SI,SI,8,SI,X,X,,,,,,,X,X,X,X,X,X,,,,SI,SI,SI,SI,SI,2,X,X,,X,,,,,X,X,X,X,SI,SI,4,SI,10,,X,X,,,,,,,X,X,,X,X,,,,SI,SI,5,SI,,X,,,,,SI,SI,SI,SI,SI,SI,SI,0,,,SI,NO,,//,NO,SI,SI,SI,SI,,,X,,,,,,032-2025,SI,NO,,,,,,,,,,,,,NO,,,,,,,NO,,,,,,B0,A1,1,040204,040003
1368455,0,530518,3AP,HOWARD GARDNER,ATICO,LA FLORIDA,NO,,,,,,,,SI,SI,,,SI,,,,X,,,SI,,,,,X,,,NO,,NO,,,,,,,,SI,,,X,,,,NO,NO,,,SI,X,,,,,,SI,NO,8,NO,,,,,,,NO,,X,,X,,X,X,X,,,SI,SI,SI,SI,SI,1,X,X,,,,,,,X,,,,SI,SI,6,SI,3,,X,,,X,X,,,,X,,,,,,,,SI,SI,1,SI,X,,,,,,SI,SI,SI,NO,SI,SI,SI,0,,,SI,NO,,//,NO,SI,SI,SI,SI,,,X,,,,,06,11,SI,NO,NO,,,,,,,,,,,,NO,,,,,,,SI,X,,,,,B0,B4,1,040303,040004
1700095,0,649843,3AP,MADRE SANTA CECILIA,PAUCARPATA,PAUCARPATA,NO,,,,,,,,SI,SI,,,SI,,,,,,X,SI,,,,,,X,,SI,SI,SI,,,X,,,,,SI,,X,,X,,,NO,NO,,,SI,X,,,,,,SI,SI,3,NO,,,,,,,NO,,X,X,X,X,X,X,X,,,SI,SI,SI,SI,NO,,X,X,X,X,X,X,,,X,X,X,X,NO,SI,4,SI,2,,,,,,,,,,X,X,,X,X,,,,SI,NO,,SI,,X,,,,,SI,SI,SI,SI,SI,SI,SI,0,,,SI,NO,,//,NO,SI,SI,SI,SI,,,,X,,,,,,,,NO,,,,,,,,,,,,NO,,,,,,,NO,,,,,,B0,B4,1,040112,040002
0226837,0,060433,3AP,40043 NUESTRA SEÑORA DE LA MEDALLA MILAGROSA,JACOBO HUNTER,HUNTER,NO,,,,,,,,SI,SI,,,SI,X,,,,,,SI,X,,X,,,,,NO,,SI,,,X,,,,,SI,,X,X,,,,SI,NO,,,SI,,,X,X,,,SI,SI,9,SI,,X,X,,,,,,X,X,X,,,,,,,SI,SI,SI,SI,SI,3,X,,,,,,,,,,,X,SI,NO,,SI,2,,X,X,,,X,,,,,X,X,,,,,,NO,SI,3,SI,,X,,,,,NO,,,,SI,NO,SI,2,,,SI,NO,,//,SI,SI,NO,SI,SI,X,,X,,X,,,035,00,SI,SI,SI,,,,,X,X,,,,X,,NO,,,,,,,SI,X,,X,,,B0,A1,1,040107,040002
0894584,0,065690,3AP,ESPECIAL DE RAPIDO APRENDIZAJE,CALLE COLO SIN NUMERO,AREQUIPA,NO,,,,,,,,NO,,,,SI,,,,X,,,SI,X,,,,,,,SI,SI,SI,,,X,,,,,SI,X,,X,X,,,NO,SI,2,0,SI,X,X,,,,,SI,SI,3,NO,,,,,,,,,X,X,X,X,,X,,,,SI,SI,SI,SI,SI,2,X,X,,,X,,,,X,,X,,SI,SI,5,NO,,,,,,,,,,,X,X,,,,,,,SI,SI,8,SI,,X,,,,,SI,SI,SI,SI,SI,SI,SI,3,,,SI,NO,,//,SI,SI,NO,SI,SI,,,,X,,,,,,,,NO,,,,,,,,,,,,NO,,,,,,,SI,X,,,,,B0,A1,1,040129,040002
0612770,0,069669,3AP,40572 JOSÉ QUIÑONES,COPORAQUE,PPJJ SOL DE SACSAYHUAMAN,NO,,,,,,,,SI,SI,,,SI,X,,,,,,SI,,,X,,,,,NO,,SI,,,X,,,,,SI,,X,X,,,,NO,NO,,,SI,X,X,X,X,,,SI,SI,3,SI,,X,,X,,,,,X,X,X,X,X,X,,,,SI,SI,SI,SI,SI,1,X,X,,X,X,X,,,X,,X,,SI,SI,6,SI,2,,X,,,X,X,X,,,X,X,,X,,,,,SI,SI,1,SI,,,,X,,,SI,SI,SI,SI,SI,SI,SI,0,,,SI,NO,,//,NO,SI,SI,SI,SI,,,X,,X,,,038,092,SI,SI,NO,,,,,,,,,,,,NO,,,,,,,NO,,,,,,B0,A1,1,040506,040006
1120310,0,061767,3AP,MI PEQUEÑO REYNO SAN LORENZO,MARIANO MELGAR,SAN LORENZO,SI,SI,,,,,X,VIRTUAL,SI,SI,,,SI,X,,,,,,SI,X,,,,,,,NO,,NO,,,,,,,,SI,,,X,,X,ESCUELA DE PADRES,NO,NO,,,NO,,,,,,,SI,NO,7,NO,,,,,,,NO,,X,X,X,X,X,X,X,,,SI,SI,SI,SI,SI,2,X,X,,,,X,,,X,,X,,SI,SI,9,SI,1,,,,,,X,X,,,,X,,,,,,,SI,NO,,SI,X,X,,X,,,SI,SI,SI,NO,SI,SI,SI,0,,,SI,NO,,//,NO,SI,SI,SI,SI,,,X,,X,,,58,,SI,NO,NO,,,,,,,,,,,,NO,,,,,,,NO,,,,,,B0,B4,1,040109,040002
0311217,0,066802,3AP,40236 CESAR VALLEJO,MARISCAL CACERES,066802,NO,,,,,,,,NO,,,,SI,X,,,X,,,SI,X,,,,X,,,NO,,SI,,,X,,,,,SI,X,X,X,,,,NO,SI,,4,SI,X,X,X,X,,,SI,SI,5,SI,X,X,X,X,,,,,X,X,X,X,X,X,X,,,SI,SI,SI,SI,SI,3,X,X,X,X,X,X,,,X,,X,,SI,SI,15,SI,2,X,X,,,X,X,X,,,,X,X,X,X,,,,SI,SI,5,SI,X,X,,X,,,SI,SI,SI,SI,SI,NO,SI,1,,,SI,SI,1,22/11/2024,SI,SI,SI,SI,SI,X,,X,,X,,,RD 086-2025,OFICIO N° 015,SI,SI,NO,,,,,,,,,,,,NO,,,,,,,SI,X,,,X,WS,B0,A1,1,040204,040003
0656058,0,070168,3AP,40587,TISCO,MARCALLA,NO,,,,,,,,SI,SI,,,SI,X,,,,X,,SI,,X,,,,,,NO,,NO,,,,,,,,SI,,,X,,,,NO,NO,,,SI,,,,X,,,SI,NO,8,SI,X,X,,,,,,,,,,,X,X,,,,SI,SI,SI,SI,SI,1,,,,X,,,,,X,,X,,NO,SI,2,NO,,,,,,,,,,,,,,X,,,,,SI,SI,2,SI,,,X,,,,SI,SI,SI,SI,SI,SI,SI,0,,,SI,SI,3,18/11/2024,NO,SI,SI,SI,NO,X,,,,,,,,,,,,,,,,,,,,,,,SI,,X,,X,,,SI,X,,,,,B0,A1,2,040517,040006
0569772,0,628534,3AP,40212,CHIGUATA,ARENALES,NO,,,,,,,,SI,SI,,,SI,X,,X,X,,,SI,,,,,,X,,NO,,SI,,,X,,,,,SI,X,X,,X,,,NO,NO,,,SI,X,,X,,,,SI,SI,8,SI,X,,X,,,,,,X,X,X,X,X,,,,,SI,SI,SI,SI,SI,3,X,,X,,,X,,,X,X,X,X,SI,SI,1,SI,2,,X,X,,X,X,X,,,X,X,,,,,,,SI,SI,23,SI,,X,X,,,,SI,SI,SI,SI,SI,SI,SI,0,,,SI,NO,,//,SI,SI,SI,SI,SI,X,X,X,,X,,,014,,SI,NO,NO,,,,,,,,,,,,SI,,X,X,X,,,NO,,,,,,B0,A1,2,040106,040002
1371509,0,836707,3AP,MARIA DE SALES BRIGNOLE,ALTO SELVA ALEGRE,VILLA CHACHAS,NO,,,,,,,,SI,SI,,,SI,X,,,X,X,,SI,,,,,,X,,SI,NO,NO,,,,,,,,SI,X,X,X,,,,NO,NO,,,NO,,,,,,,SI,NO,8,NO,,,,,,,NO,,X,X,X,X,X,X,,,,SI,SI,SI,SI,NO,,,X,,,,,,,X,,X,,SI,SI,6,SI,1,X,,X,,X,X,X,,,,X,,X,X,,,,SI,NO,,SI,X,,,X,,,SI,SI,SI,NO,SI,SI,SI,0,,,SI,SI,1,4/6/2024,NO,SI,SI,SI,SI,,,,X,,,,,,,,NO,,,,,,,,,,,,NO,,,,,,,NO,,,,,,B0,B4,1,040102,040002
0745919,0,060367,3AP,40637 FERNANDO BELAUNDE TERRY,CHIGUATA,ANEXO ESPIRITU SANTO,NO,,,,,,,,SI,SI,,,SI,,,,X,,,SI,,X,,,,,,SI,NO,SI,,,X,,,,,SI,X,,X,,,,SI,NO,,,SI,X,,X,,,,SI,SI,8,SI,,X,,,,,,,X,,X,X,X,X,,,,SI,SI,SI,SI,SI,3,,X,,X,,,,,X,X,X,X,SI,SI,4,NO,,,,,,,,,,,,X,,X,X,,,,SI,SI,3,SI,X,,,X,,,SI,SI,SI,SI,SI,SI,SI,0,,,SI,NO,,//,SI,SI,SI,SI,SI,X,,X,,,,,011,000,SI,SI,NO,,,,,,,,,,,,NO,,,,,,,NO,,,,,,B0,A1,2,040106,040002
1030246,0,832059,3AP,GRAN PADRE SAN AGUSTIN,SACHACA,,SI,SI,X,,,,,,SI,SI,,,SI,,,,,,X,SI,X,,,,,,,NO,,NO,,,,,,,,SI,,X,,,,,SI,NO,,,SI,X,,,,,,SI,NO,3,SI,,,X,,,,NO,,X,X,X,X,X,X,X,,,SI,SI,SI,SI,SI,2,,,X,,,X,,,X,,X,,NO,SI,11,SI,20,,X,,,,X,X,,,,X,X,,,,,,SI,NO,,SI,,X,,,,,SI,SI,SI,SI,SI,SI,SI,0,,,SI,NO,,//,SI,SI,SI,SI,SI,,,X,,,,,,36,SI,SI,NO,,,,,,,,,,,,NO,,,,,,,NO,,,,,,B0,B4,1,040117,040001
1642289,0,723512,3AP,KAROL JOSEF WOJTYLA,SOCABAYA,HORACIO ZEBALLOS GAMEZ SUB SECTOR D,NO,,,,,,,,NO,,,,SI,X,,X,X,X,,SI,X,,,,,,,SI,NO,SI,,,X,,,,,NO,,,,,,,,NO,,,SI,X,X,,,,,SI,SI,9,NO,,,,,,,NO,,,,,,,,,,,NO,,,,,,X,,,,,,,,X,,,,NO,SI,4,SI,2,X,X,,,,,,,,,X,X,,,,,,SI,NO,,NO,X,,,,,,NO,,,,SI,SI,SI,1,,,SI,NO,,//,NO,NO,,NO,NO,X,X,,,,,,,,,,NO,,,,,,,,,,,,NO,,,,,,,NO,,,,,,B0,B4,1,040122,040002
0312876,0,069933,3AP,40407,CALLALLI,PACHACHACA,NO,,,,,,,,NO,,,,SI,X,,,X,,,SI,,,,,,X,,SI,SI,SI,,,X,,,,,SI,,,X,,,,SI,NO,,,SI,X,,,,,,SI,SI,8,NO,,,,,,,,,X,,,,X,X,,,,SI,SI,NO,SI,SI,2,,,,,,X,,,X,,,,SI,SI,1,SI,1,,X,,,,X,X,,,X,X,,X,X,,,,NO,SI,2,NO,,X,,,,,SI,SI,SI,SI,SI,SI,SI,0,,,SI,NO,,//,NO,SI,SI,SI,SI,,,,,X,,,,,,,SI,,,,,,X,,,,,X,SI,,X,,,,,SI,X,,,,,B0,A1,2,040504,040006
0219667,0,061908,3AP,40159 EJERCITO AREQUIPA,MIRAFLORES,AREQUIPA,NO,,,,,,,,SI,SI,,,SI,X,,,,,,SI,X,X,,,,,,NO,,NO,,,,,,,,SI,,X,,,,,SI,NO,,,SI,X,X,,,,,SI,SI,9,NO,,,,,,,,,X,X,X,X,X,X,X,,,SI,SI,SI,SI,SI,3,X,X,,,X,X,,,X,,X,,SI,SI,15,SI,3,,X,X,,X,X,,,,X,X,X,,X,,,,SI,NO,,SI,X,X,,X,,,SI,SI,SI,SI,SI,NO,SI,3,,,SI,SI,1,15/6/2024,NO,SI,SI,SI,SI,,,X,,X,,,027,,SI,SI,SI,X,,,,,X,,,,X,,SI,,X,,,,,SI,X,X,,,,B0,A2,1,040110,040002
1748714,0,865832,3AP,ABRAHAM LINCOLN SCHOOL,LA JOYA,EL TRIUNFO,NO,,,,,,,,NO,,,,SI,,,,,,X,SI,,,,,,X,,NO,,NO,,,,,,,,NO,,,,,,,,NO,,,NO,,,,,,,SI,NO,9,NO,,,,,,,NO,,,,,,,,,,,NO,,,,,,,X,,,,,,,X,X,,,NO,SI,1,SI,1,X,,,,,,,,,X,X,,,,,,,NO,NO,,NO,X,,,,,,NO,,,,NO,,SI,0,,,NO,,,//,SI,NO,,SI,SI,X,,,,,,,,,,,,,,,,,,,,,,,NO,,,,,,,NO,,,,,,B0,B4,1,040108,040010
0570101,0,062470,3AP,401240 MARIA AUXILIADORA,PAUCARPATA,CIUDAD BLANCA COMITÉ 24,NO,,,,,,,,SI,SI,,,SI,X,,,X,,,SI,X,X,,,,,,SI,SI,NS,,,,,,,,SI,X,X,X,,,,SI,NO,,,SI,X,X,X,X,,,SI,SI,8,SI,X,X,,X,,,,,X,X,X,X,X,X,,,,SI,SI,SI,SI,SI,2,X,X,,X,,,,,X,X,X,,SI,SI,7,NO,,,,,,,,,,,X,X,,X,,,,,SI,SI,25,SI,X,X,X,X,,,SI,SI,SI,SI,SI,SI,SI,0,,,SI,SI,1,23/8/2024,SI,SI,SI,SI,SI,,X,X,,X,,,054-2024,,SI,SI,NO,,,,,,,,,,,,NO,,,,,,,NO,,,,,,B0,A1,1,040112,040002
1030469,0,064332,3AP,CORAZON DE ORO,SOCABAYA,URBANIZACION LARA,SI,SI,X,,,,,,SI,SI,,,SI,X,,,X,,,SI,X,,,,,,,NO,,NO,,,,,,,,SI,X,,X,,,,SI,NO,,,SI,X,X,,,,,SI,NO,8,NO,,,,,,,NO,,X,X,X,X,X,X,X,,,SI,SI,SI,SI,SI,4,,X,,,,,,,X,X,X,,SI,SI,6,SI,2,,X,,,X,,,,,X,X,X,X,,,,,SI,NO,,SI,X,,,X,,,SI,SI,SI,SI,SI,SI,SI,6,,,SI,NO,,//,NO,SI,SI,SI,SI,,,X,X,X,,,54,,SI,NO,NO,,,,,,,,,,,,NO,,,,,,,NO,,,,,,B0,B4,1,040122,040002
0313429,0,071865,3AP,40462,CHICHAS,ACCHAPUNA,NO,,,,,,,,NO,,,,SI,X,,,,,,SI,,X,,,,,,NO,,NO,,,,,,,,SI,,X,,,,,SI,NO,,,NO,,,,,,,NO,SI,8,NO,,,,,,,,,,,,,,,,,,SI,SI,SI,SI,NO,,,,,X,,,,,,,X,,NO,NO,,SI,1,,,X,,,,,,,X,,,,,,,,SI,SI,1,SI,,,X,,,,SI,SI,SI,SI,NO,,NO,,1,,NO,,,//,NO,SI,NO,NO,NO,,,,X,,,,,,,,NO,,,,,,,,,,,,NO,,,,,,,NO,,,,,,B0,A1,2,040604,040007
0894378,0,533357,3AP,SANTA MARIA DE LA MERCED,MIRAFLORES,UNION EDIFICADORES MISTI,SI,SI,,,,X,,,NO,,,,SI,,,,,,X,SI,X,,,,,,,NO,,NO,,,,,,,,SI,,,X,,,,NO,NO,,,NO,,,,,,,SI,NO,8,NO,,,,,,,NO,,X,X,X,X,,,X,,,SI,SI,SI,SI,NO,,X,,,X,,,,,X,,,,NO,SI,6,NO,,,,,,,,,,,X,X,,,,,,,NO,SI,30,SI,X,X,,,,,SI,SI,SI,NO,SI,SI,SI,0,,,SI,NO,,//,NO,SI,NO,SI,SI,,,X,,X,,,0026-2025,,SI,NO,NO,,,,,,,,,,,,NO,,,,,,,NO,,,,,,B0,B4,1,040110,040002
1368208,0,530491,3AP,SANTISIMO SALVADOR,SOCABAYA,LARA,SI,SI,,,,X,,,SI,SI,,,SI,,,,,,X,SI,X,X,,,,,,NO,,SI,,,X,,,,,SI,X,X,X,,,,SI,NO,,,SI,X,,X,,,,SI,NO,5,SI,,,,X,,,SI,42,X,X,X,X,X,X,X,,,SI,SI,SI,SI,SI,6,X,X,,X,,X,,,X,,X,X,SI,SI,12,SI,1,,,,,,X,,,,X,X,,X,,,,,SI,SI,20,SI,,X,,,,,SI,SI,SI,SI,SI,SI,SI,3,,,SI,SI,4,17/10/2024,NO,SI,SI,SI,SI,,,X,,X,,,108,,SI,SI,NO,,,,,,,,,,,,NO,,,,,,,NO,,,,,,B0,B4,1,040122,040002
3044633,0,907380,3AP,NIÑO JESUS DE VILLA TAMBO,YURA,VILLA TAMBO,NO,,,,,,,,SI,SI,,,SI,,,,,,X,SI,,,,,,X,,NO,,NS,,,,,,,,SI,,X,X,,,,NO,NO,,,SI,X,,,,,,SI,NO,8,SI,,X,X,,,,,,X,X,X,X,X,,,,,SI,SI,SI,SI,NO,,X,X,,,,,,,X,,X,X,SI,SI,2,NO,,,,,,,X,,,,,X,,X,X,,,,SI,NO,,SI,,,,X,,,SI,SI,SI,SI,SI,SI,SI,0,,,SI,NO,,//,NO,SI,SI,SI,SI,,X,,,,,,,,,,,,,,,,,,,,,,NO,,,,,,,NO,,,,,,B0,A1,2,040128,040001
1515303,0,650266,3AP,SANTIAGO RAMON Y CAJAL,UCHUMAYO,CONGATA,NO,,,,,,,,SI,SI,,,SI,,,,,,X,SI,,,,,,X,,NO,,SI,,,,,,X,POSTA,SI,,X,X,,,,SI,NO,,,SI,X,X,,,,,SI,SI,1,SI,X,,X,,,,SI,1,,,,,,,,,,SI,SI,SI,SI,SI,3,X,X,,,,,,,,X,,,NO,SI,2,SI,4,,X,,,,X,X,,,X,X,X,,,,,,NO,SI,2,SI,,X,,,,,SI,SI,SI,SI,SI,SI,SI,0,,,SI,SI,1,20/4/2024,SI,SI,SI,SI,SI,,,,X,,,,,,,,NO,,,,,,,,,,,,NO,,,,,,,NO,,,,,,B0,B4,1,040124,040001
0529008,0,061282,3AP,40283DIVINO MAESTRO,MARIANO MELGAR,,NO,,,,,,,,SI,NO,2,,SI,X,,,,,,SI,X,X,X,,,,,NO,,SI,,,X,,,,,SI,,X,X,,,,SI,SI,5,0,SI,X,,X,,,,SI,SI,8,SI,X,,X,,,,NO,,X,X,X,X,X,X,,,,SI,SI,SI,SI,SI,5,X,X,,X,,X,,,X,X,X,X,SI,SI,6,SI,1,X,,X,,X,,,,,X,X,,X,,,,,SI,SI,6,SI,,,,X,,,SI,SI,SI,SI,SI,SI,SI,0,,,SI,NO,,//,NO,SI,SI,SI,SI,,,X,,X,,,020-2024,,SI,NO,NO,,,,,,,,,,,,SI,,X,X,,,,NO,,,,,,B0,A1,1,040109,040002
0656041,0,071078,3AP,40586,TISCO,CHALLUTA,NO,,,,,,,,NO,,,,SI,X,,,,,,SI,,X,,,,,,SI,SI,SI,,,X,,,,,SI,,X,,,,,SI,NO,,,SI,X,,,,,,SI,SI,8,SI,,,X,,,,,,X,,X,,X,X,,,,SI,SI,SI,SI,NO,,X,,X,X,,,,,,X,,,SI,SI,2,SI,3,,X,,,X,,,,,X,,X,,,,,,SI,SI,4,SI,X,,,,,,SI,SI,SI,SI,SI,SI,SI,0,,,SI,NO,,//,SI,SI,SI,SI,SI,,,,,X,,,,,,,,,,,,,,,,,,,SI,,X,X,X,,,NO,,,,,,B0,A1,2,040517,040006
1655109,0,736784,3AP,VILLA INFANTIL CASA CHAPI,CHIVAY,TRAPICHE,NO,,,,,,,,NO,,,,SI,X,,,,,,SI,X,X,X,,,,,SI,SI,SI,,,X,,,,,SI,X,,X,,,,NO,NO,,,SI,X,X,,,,,SI,SI,8,SI,X,X,,,,,,,X,X,X,,,,,,,SI,SI,SI,SI,SI,3,X,X,,,,,,,X,,X,,SI,SI,6,NO,,,,,,,X,,,,,X,,X,,,,,SI,SI,4,SI,X,,,X,,,SI,SI,SI,SI,SI,SI,SI,0,,,SI,NO,,//,NO,SI,NO,SI,SI,,,,,X,,,,,,,,,,,,,,,,,,,NO,,,,,,,NO,,,,,,B0,A4,2,040501,040006
1695394,0,864149,3AP,JOULE SAN PABLO,MARIANO MELGAR,AREQUIPA,NO,,,,,,,,NO,,,,SI,X,,,,,,SI,,,,,,X,,NO,,NO,,,,,,,,NO,,,,,,,,NO,,,NO,,,,,,,SI,NO,3,NO,,,,,,,NO,,X,,X,,,,,,,SI,SI,SI,NO,,,,,X,,,,,,,,,X,NO,SI,5,SI,2,,X,X,,,X,X,,,,X,X,,,,,,SI,SI,10,SI,X,,,,,,SI,SI,SI,SI,SI,SI,SI,0,,,SI,NO,,//,SI,SI,SI,SI,SI,,,X,,,,,035,040,SI,SI,NO,,,,,,,,,,,,NO,,,,,,,NO,,,,,,B0,B4,1,040109,040002
1371368,0,533239,3AP,ARCANGEL SAN MIGUEL,JOSE LUIS BUSTAMANTE Y RIVERO,SIMÓN BOLÍVAR,NO,,,,,,,,SI,SI,,,SI,,,X,,,,SI,,,,,,X,,NO,,SI,,,X,,,,,SI,,X,X,,,,NO,NO,,,SI,X,,X,,,,SI,SI,3,SI,,X,,,,,NO,,X,X,X,X,X,X,X,,,SI,SI,SI,SI,SI,3,,X,,,,X,,,X,,X,,SI,SI,6,SI,1,,,,,,,,X,NINGUNA,X,X,,,,,,,SI,SI,70,SI,,X,,X,,,SI,SI,SI,SI,SI,SI,SI,0,,,SI,NO,,//,SI,SI,SI,SI,SI,,,X,,,,,7,15,SI,SI,NO,,,,,,,,,,,,NO,,,,,,,NO,,,,,,B0,B4,1,040129,040002
1628213,0,776440,3AP,NUEVOS HORIZONTES,CERRO COLORADO,SEMI RURAL PACHACUTEC,NO,,,,,,,,NO,,,,SI,,,,,,X,SI,X,,,,,,,SI,SI,SI,,,X,,,,,SI,,X,X,,,,NO,NO,,,SI,X,,,,,,SI,NO,3,SI,,,,X,,,NO,,X,X,X,X,X,X,X,,,SI,SI,SI,SI,SI,1,,X,,X,,X,,,X,X,X,X,SI,SI,6,SI,1,,X,X,,X,X,X,,,,X,X,,,,,,SI,SI,2,SI,X,X,,,,,SI,SI,SI,SI,SI,SI,SI,0,,,SI,NO,,//,SI,SI,NO,SI,SI,X,X,X,X,X,,,10,,SI,SI,NO,,,,,,,,,,,,NO,,,,,,,NO,,,,,,B0,B4,1,040104,040001
1271006,0,550224,3AP,ERNEST RUTHERFORD,SOCABAYA,HORACIO ZEBALLOS GAMEZ,NO,,,,,,,,SI,SI,,,SI,X,,,X,X,,SI,X,,,,,,,SI,SI,SI,,,X,,,,,SI,X,,X,X,,,SI,NO,,,SI,X,,,,,,SI,SI,8,SI,X,X,X,X,,,SI,5,X,X,X,,X,,X,,,SI,SI,SI,SI,SI,4,X,X,,,,X,,,X,X,X,X,SI,SI,6,SI,2,,X,X,,X,,X,,,X,X,X,X,X,,,,SI,SI,10,SI,X,X,,X,,,SI,SI,SI,SI,SI,SI,SI,0,,,SI,NO,,//,SI,SI,SI,SI,SI,X,,X,X,X,,,007-2025,,SI,SI,NO,,,,,,,,,,,,NO,,,,,,,NO,,,,,,B0,B4,1,040122,040002
0311126,0,066487,3AP,40227 EDUARDO PORTUGAL,CAMANÁ,CAMANÁ,NO,,,,,,,,SI,NO,4,NO SE CUENTA CON DOCENTES PARA INCREMENTO DE AULA,SI,X,,X,X,,,SI,X,X,,,,,,SI,SI,SI,,,X,,,,,SI,X,X,X,X,,,SI,SI,,6,SI,X,X,X,X,,,SI,SI,5,SI,X,X,X,X,X,SOLICITAR LA INTERVENCIÓN DE LA DEMUNA,,,X,X,X,X,X,X,X,,,SI,SI,SI,SI,SI,3,X,X,,X,X,X,,,X,X,X,X,SI,SI,13,SI,1,X,X,X,X,,X,X,,,X,X,,X,X,,,,SI,SI,2,SI,X,X,,X,,,SI,SI,SI,SI,SI,SI,SI,1,,,SI,SI,1,16/10/2024,NO,SI,SI,SI,SI,,,X,,X,X,DELEGADOS DE AULA,088-2024,122-2024,SI,SI,SI,,,,,,X,,,,,X,NO,,,,,,,NO,,,,,,B0,A1,1,040201,040003
3049376,0,913852,3AP,SAN JOSE SANCHEZ DEL RIO,TIABAYA,SAN JOSÉ,NO,,,,,,,,SI,SI,,,SI,X,,,X,,,SI,X,,,,,,,SI,SI,SI,,,X,,,,,SI,X,X,X,,,,NO,NO,,,SI,X,,X,,,,SI,SI,3,SI,,X,,X,,,SI,3,X,X,X,X,,,X,,,SI,SI,SI,SI,SI,4,X,X,,X,,,,,X,X,X,,SI,SI,1,SI,2,,,X,,X,,,,,X,X,,X,X,,,,SI,SI,2,SI,,X,,X,,,SI,SI,SI,NO,SI,NO,NO,,4,,SI,NO,,//,NO,SI,SI,SI,SI,,,X,X,X,,,06/06/2025,030,SI,SI,SI,,X,X,,,,,,,,X,NO,,,,,,,NO,,,,,,B0,B4,1,040123,040001
1607217,0,820377,3AP,BRYCE PEDREGAL,MAJES,PEDREGAL,NO,,,,,,,,SI,SI,,,SI,,,,,,X,SI,,,,,,X,,NO,,NO,,,,,,,,SI,,X,,,,,SI,NO,,,SI,,,,,X,VACUNACION,SI,NO,7,SI,,X,,,,,NO,,X,X,X,,,,X,,,SI,SI,NO,SI,NO,,X,,,,X,,,,,,X,,SI,NO,,SI,1,,X,,,,,,,,,X,,,,,,,SI,NO,,SI,,,X,,,,SI,SI,SI,SI,SI,SI,SI,0,,,SI,NO,,//,NO,SI,NO,SI,SI,,,,,X,,,,,,,,,,,,,,,,,,,NO,,,,,,,NO,,,,,,B0,B4,1,040520,040010
1271535,0,129395,3AP,40692,MAJES,ASENTAMIENTO E 4,NO,,,,,,,,SI,SI,,,SI,X,,,,,,SI,X,,,,,,,NO,,NO,,,,,,,,NO,,,,,,,,NO,,,NO,,,,,,,SI,NO,9,NO,,,,,,,,,X,X,,,X,X,,,,SI,SI,NO,NO,,,X,,,X,,,,,X,,,,NO,NO,,SI,1,,X,,,,,,,,X,X,,,,,,,NO,NO,,NO,X,,,,,,NO,,,,NO,,SI,0,,,SI,NO,,//,SI,SI,NO,SI,SI,,,,X,,,,,,,,NO,,,,,,,,,,,,NO,,,,,,,NO,,,,,,B0,A1,2,040520,040010
0219154,0,063889,3AP,40108,SANTA ISABEL DE SIGUAS,SONDOR,NO,,,,,,,,NO,,,,SI,,,,,,X,SI,X,,,,,,,NO,,NO,,,,,,,,NO,,,,,,,,NO,,,SI,X,,,,,,NO,NO,8,NO,,,,,,,NO,,X,,,,,,,,,SI,NO,SI,NO,,,,,,,X,,,,,,,X,SI,SI,1,NO,,,X,,,,,,,,X,X,,,,,,,NO,SI,4,SI,,,,X,,,SI,SI,SI,SI,NO,,SI,0,,,SI,NO,,//,NO,SI,NO,NO,NO,X,,,,,,,,,,,NO,,,,,,,,,,,,NO,,,,,,,NO,,,,,,B0,A1,2,040120,040010
0845032,0,066109,3AP,PAMER AREQUIPA,AREQUIPA,AREQUIPA,NO,,,,,,,,NO,,,,SI,,,,,,X,SI,,,,,,X,,NO,,NO,,,,,,,,NO,,,,,,,,NO,,,NO,,,,,,,SI,NO,6,NO,,,,,,,NO,,,,,,,,,,,NO,,,,,,X,,,,,,,,X,,,,NO,NO,,SI,1,,X,,,,,,,,X,,,,,,,,NO,NO,,NO,X,,,,,,NO,,,,SI,SI,SI,0,,,SI,NO,,//,NO,SI,SI,SI,NO,,,X,,,,,,001,NO,,NO,,,,,,,,,,,,NO,,,,,,,NO,,,,,,B0,B4,1,040129,040002
1624709,0,691101,3AP,GIBBOR,AREQUIPA,AREQUIPA,NO,,,,,,,,SI,SI,,,SI,,,,,,X,SI,X,,,,,,,NO,,NO,,,,,,,,SI,,,,,X,ESCUELA DE PADRES,NO,NO,,,SI,,,,,X,PREVENCION DE ENFERMEDADES VACUNACION,SI,NO,8,SI,,,X,,,,NO,,X,X,X,X,X,X,X,,,SI,SI,SI,SI,SI,2,,X,,,,,,,,,X,,SI,SI,6,SI,4,X,X,,,,X,X,,,X,X,,,X,,,,SI,SI,10,SI,X,,,,,,SI,SI,SI,SI,SI,SI,SI,0,,,SI,NO,,//,SI,SI,SI,SI,SI,X,,,,,,,,,,,,,,,,,,,,,,,NO,,,,,,,NO,,,,,,B0,B4,1,040101,040001
0898965,0,625093,3AP,ST MICHAEL'S SCHOOL,CERRO COLORADO,LA LIBERTAD,NO,,,,,,,,NO,,,,SI,,,,,,X,SI,,,,,,X,,NO,,NO,,,,,,,,SI,,,X,,,,NO,NO,,,NO,,,,,,,SI,NO,8,NO,,,,,,,NO,,,,,,,,,,,NO,,,,,,X,,,,,,,,X,,,,NO,SI,2,SI,1,X,X,,,,,,,,X,,,,X,,,,SI,NO,,SI,,X,,,,,NO,,,,NO,,SI,0,,,NO,,,//,NO,SI,NO,SI,SI,X,,,,,,,,,,,,,,,,,,,,,,,SI,,X,X,X,,,NO,,,,,,B0,B4,1,040104,040001
1202365,0,064445,3AP,TERESA GONZALES DE FANNING,SOCABAYA,SOCABAYA,NO,,,,,,,,SI,SI,,,SI,,,,,,X,SI,,,,,,X,,SI,SI,SI,,,X,,,,,SI,,X,,X,,,NO,NO,,,SI,X,,,,,,SI,SI,3,NO,,,,,,,NO,,X,X,X,X,X,X,X,,,SI,SI,SI,SI,NO,,,X,X,,X,X,,,X,X,X,X,NO,SI,4,SI,2,,,,,,,,,,X,X,,X,X,,,,SI,NO,,SI,,X,,,,,SI,SI,SI,SI,SI,SI,SI,0,,,SI,NO,,//,NO,SI,SI,SI,SI,,,,X,,,,,,,,NO,,,,,,,,,,,,NO,,,,,,,NO,,,,,,B0,B4,1,040122,040002
1731132,0,723767,3AP,MARIA GUADALUPE,SOCABAYA,UGEL AREQUIPA SUR,NO,,,,,,,,SI,SI,,,SI,,,,,,X,SI,X,,,,,,,NO,,NO,,,,,,,,NO,,,,,,,,NO,,,NO,,,,,,,SI,SI,8,NO,,,,,,,NO,,X,X,X,X,X,X,,,,SI,SI,SI,SI,SI,3,X,X,,,,,,,X,X,,,SI,SI,4,SI,1,,,,,,X,,,,X,X,,,,,,,SI,SI,10,SI,X,,,,,,SI,SI,SI,SI,SI,SI,SI,0,,,SI,NO,,//,NO,SI,SI,SI,SI,,,,X,,,,,,,,NO,,,,,,,,,,,,SI,,,,,X,PLANIFICACION,NO,,,,,,B0,B4,1,040122,040002
0312645,0,070187,3AP,40383 JUAN PABLO II,HUAMBO,HUAMBO,NO,,,,,,,,SI,SI,,,SI,,,,,,X,SI,,X,,,,,,NO,,SI,,,X,,,,,SI,,,X,,,,NO,NO,,,SI,X,,,,,,SI,SI,8,NO,,,,,,,NO,,X,X,X,X,X,X,,,,SI,SI,SI,SI,SI,4,X,X,X,,,X,,,X,X,X,X,SI,SI,3,SI,2,X,X,,X,,X,,,,X,X,X,X,X,,,,SI,SI,3,SI,X,X,X,X,,,SI,SI,SI,SI,SI,SI,SI,0,,,SI,NO,,//,NO,SI,SI,SI,SI,X,X,X,X,X,,,08,02,SI,SI,NO,,,,,,,,,,,,NO,,,,,,,NO,,,,,,B0,A1,2,040507,040010
1368414,0,530504,3AP,STANFORD MOORE,SOCABAYA,SOCABAYA,NO,,,,,,,,SI,SI,,,SI,,,,,,X,SI,,,,,,X,,SI,SI,SI,,,X,,,,,SI,,X,,X,,,NO,NO,,,SI,X,,,,,,SI,SI,3,NO,,,,,,,NO,,X,X,X,X,X,X,X,,,SI,SI,SI,SI,NO,,,X,X,,X,X,,,X,X,X,X,NO,SI,4,SI,2,,,,,,,,,,X,X,,X,X,,,,SI,NO,,SI,,X,,,,,SI,SI,SI,SI,SI,SI,SI,0,,,SI,NO,,//,NO,SI,SI,SI,SI,,,,X,,,,,,,,NO,,,,,,,,,,,,NO,,,,,,,NO,,,,,,B0,B4,1,040122,040002
1784487,0,852387,3AP,AMADEUS MOZART SCHOOL,MARIANOMELGAR,MARIANO MELGAR,NO,,,,,,,,SI,SI,,,SI,,,,,,X,SI,,,,,,X,,SI,SI,SI,,,X,,,,,SI,,X,,X,,,NO,NO,,,SI,X,,,,,,SI,SI,3,NO,,,,,,,NO,,X,X,X,X,X,X,X,,,SI,SI,SI,SI,NO,,X,X,X,X,X,X,,,X,X,X,X,NO,SI,4,SI,2,,,,,,,,,,X,X,,X,X,,,,SI,NO,,SI,,X,,,,,SI,SI,SI,SI,SI,SI,SI,0,,,SI,NO,,//,NO,SI,SI,SI,SI,,,,X,,,,,,,,NO,,,,,,,,,,,,NO,,,,,,,NO,,,,,,B0,B4,1,040109,040002
0311571,0,067868,3AP,40274 SEÑOR DE LOS MILAGROS,CHÁPARRA,ACHANIZO,NO,,,,,,,,SI,SI,,,SI,,,,,,X,SI,,,,,,X,,NO,,SI,,,X,,,,,SI,X,X,X,,,,NO,NO,,,SI,X,,X,,,,NO,SI,8,NO,,,,,,,,,X,X,X,X,X,X,,,,SI,SI,SI,SI,SI,3,X,,,X,,,,,X,,X,,SI,SI,3,SI,2,,X,X,,,X,,,,X,,X,,,,,,SI,NO,,SI,,X,,,,,SI,SI,SI,SI,SI,SI,SI,0,,,SI,NO,,//,NO,SI,SI,NO,NO,,X,,,,,,50,068,NO,,NO,,,,,,,,,,,,SI,,X,,,,,SI,,,,X,PÁGINAS DEL MINEDU,B0,A1,2,040308,040004
1338185,0,551025,3AP,TERESA DE CALCUTA,PAUCARPATA,CAMPO DE MARTE,NO,,,,,,,,SI,SI,,,SI,X,,,,,,SI,X,,,,,,,NO,,SI,,,X,,,,,SI,X,,X,,,,NO,NO,,,SI,X,,X,,,,SI,NO,3,NO,,,,,,,NO,,X,X,X,,X,X,,,,SI,SI,NO,SI,SI,5,X,,,,,,,,X,,,,SI,SI,6,NO,,,X,,,,,,,,X,,,,,,,,SI,SI,4,SI,X,,,,,,SI,SI,SI,NO,SI,NO,SI,0,,,SI,NO,,//,NO,SI,SI,SI,SI,,,X,X,,,,006,,SI,SI,NO,,,,,,,,,,,,NO,,,,,,,NO,,,,,,B0,B4,1,040112,040002
1339829,0,551959,3AP,EL ESPIRITU SANTO,ALTO SELVA ALEGRE,AREQUIPA,NO,,,,,,,,NO,,,,SI,X,,,,,,SI,X,X,,,,,,NO,,NO,,,,,,,,NO,,,,,,,,NO,,,SI,X,,,,,,SI,SI,8,NO,,,,,,,SI,1,,,,,,,,,,SI,SI,NO,NO,,,X,,,,,X,,,X,,X,,NO,SI,4,NO,,,,,,,,,,,X,X,,,,,,,SI,SI,1,SI,X,,,,,,SI,SI,SI,SI,SI,SI,SI,0,,,SI,NO,,//,NO,SI,SI,SI,SI,,,,X,,,,,,,,NO,,,,,,,,,,,,NO,,,,,,,NO,,,,,,B0,B4,1,040102,040002
1757228,0,830121,3AP,HEIMER SCHOOL,ALTO SELVA ALEGRE,VILLA ECOLOGICA,NO,,,,,,,,SI,SI,,,SI,,,,,X,,SI,X,,,,,,,NO,,NO,,,,,,,,NO,,,,,,,,NO,,,NO,,,,,,,SI,NO,8,NO,,,,,,,SI,1,X,X,X,,,,X,,,SI,SI,NO,SI,NO,,X,X,X,,,X,,,X,X,X,X,SI,SI,6,NO,,,,,,,,,,,X,X,X,X,X,,,,SI,NO,,SI,X,X,X,,,,SI,SI,NO,NO,SI,SI,SI,0,,,SI,NO,,//,NO,SI,SI,SI,SI,,,,,X,,,,,,,,,,,,,,,,,,,NO,,,,,,,NO,,,,,,B0,B4,1,040102,040002
0311183,0,066699,3AP,40233 JOSE MARIA QUIMPER Y CABALLERO,JOSE MARIA QUIMPER,HUACAPUY,NO,,,,,,,,SI,SI,,,SI,,,,,,X,SI,X,,,,,,,SI,SI,SI,X,,X,,,,,SI,,X,X,X,,,SI,SI,,2,SI,X,X,X,,,,SI,SI,8,SI,X,X,X,X,,,,,X,X,X,X,X,X,,,,SI,SI,SI,SI,SI,2,,X,X,,X,,,,X,X,X,X,SI,SI,7,SI,1,,X,,,,X,,,,X,X,X,,X,,,,NO,SI,4,SI,X,,,X,,,SI,SI,SI,SI,SI,SI,SI,0,,,SI,SI,2,14/10/2024,NO,SI,SI,SI,SI,,,X,,X,,,018-2024,089-2024,SI,NO,NO,,,,,,,,,,,,NO,,,,,,,NO,,,,,,B0,A1,1,040202,040003
1346857,0,516796,3AP,JOSE MARIA ARGUEDAS,MARIANO NICOLAS VALCARCEL,POSCO MISKI,NO,,,,,,,,SI,SI,,,SI,,,,,,X,SI,X,X,,,,,,NO,,SI,,,X,,,,,SI,,X,,X,,,SI,NO,,,SI,X,,X,,,,SI,NO,4,NO,,,,,,,,,X,X,X,X,X,X,,,,SI,SI,SI,SI,NO,,X,,X,X,,,,,X,X,X,,SI,SI,4,SI,3,,X,,X,,,X,,,X,X,X,,,,,,SI,SI,3,SI,,,X,,,,SI,SI,SI,SI,SI,SI,SI,0,,,SI,NO,,//,SI,SI,SI,SI,SI,X,,,,,,,,,,,NO,,,,,,,,,,,,NO,,,,,,,NO,,,,,,B0,A1,2,040203,040003
0311175,0,066680,3AP,40232 VIRGEN DEL ROSARIO,JOSE MARIA QUIMPER,EL PUENTE,NO,,,,,,,,SI,SI,,,SI,X,,,,,,SI,X,X,,,,,,NO,,SI,,,X,,,,,SI,X,X,,,,,NO,NO,,,SI,X,,X,,,,SI,SI,6,NO,,,,,,,,,X,,X,,X,,,,,SI,SI,SI,SI,NO,,X,X,X,,,,,,X,X,,,SI,SI,4,SI,2,X,X,X,,,,,,,X,X,,,X,,,,SI,SI,3,SI,X,,,,,,SI,SI,SI,SI,SI,SI,SI,0,,,SI,NO,,//,SI,SI,SI,SI,SI,X,,,,,,,,,,,NO,,,,,,,,,,,,NO,,,,,,,NO,,,,,,B0,A1,1,040202,040003
1335389,0,058883,3AP,MAYTA CAPAC,CAYMA,CAYMA,SI,SI,,,,X,,,SI,NO,1,,SI,X,,,X,,,SI,X,,X,X,,,,NO,,SI,,,X,,,,,SI,,X,X,X,,,NO,SI,0,1,SI,X,X,X,,,,SI,NO,8,SI,X,X,,X,,,,,X,X,X,X,X,X,X,,,SI,SI,SI,SI,SI,3,X,X,,X,X,X,,,X,,X,X,SI,SI,6,SI,6,,X,X,,X,X,X,,,X,X,,,X,,,,SI,NO,,SI,X,,,X,,,SI,SI,SI,SI,SI,SI,SI,0,,,SI,NO,,//,SI,SI,SI,NO,NO,X,X,X,,X,,,018-2025,,SI,NO,NO,,,,,,,,,,,,SI,,,X,,,,NO,,,,,,B0,A1,1,040103,040001
1749902,0,680857,3AP,LOS DINAMICOS,MAJES,PEDREGAL SUR,NO,,,,,,,,SI,SI,,,SI,X,,,,,,SI,X,,,,,,,SI,SI,NS,,,,,,,,SI,,X,X,X,,,SI,NO,,,SI,X,,X,,,,SI,SI,8,SI,X,,,,,,,,X,X,X,X,X,X,,,,SI,SI,SI,SI,SI,2,,X,,X,,,,,X,X,X,X,SI,SI,6,SI,3,,,X,X,X,X,,,,X,X,X,X,,,,,SI,SI,10,SI,X,X,,,,,SI,SI,SI,SI,SI,SI,SI,1,,,SI,NO,,//,SI,SI,SI,SI,SI,,,X,,,,,017-2025,,SI,SI,SI,,X,,,,X,,,,,,SI,,X,,X,,,NO,,,,,,B0,A1,1,040520,040010
1664242,0,638811,3AP,LOS HERALDOS DE JESUS,JOSE LUIS BUSTAMANTE Y RIVERO,URB LOS HERALDOS,NO,,,,,,,,NO,,,,SI,,,,,,X,SI,,,,,,X,,NO,,NO,,,,,,,,SI,,,X,,,,NO,NO,,,NO,,,,,,,SI,NO,8,NO,,,,,,,NO,,X,,X,X,X,X,,,,SI,SI,SI,SI,NO,,,,,X,,,,,X,,,,NO,SI,3,SI,1,,,,,,,X,,,,X,,,X,,,,SI,SI,8,SI,X,,,,,,SI,SI,SI,SI,SI,SI,SI,0,,,SI,NO,,//,SI,SI,NO,SI,SI,,,X,,,,,0018-2024,,SI,SI,NO,,,,,,,,,,,,NO,,,,,,,NO,,,,,,B0,B4,1,040129,040002
0311308,0,067142,3AP,40245 JOSE PASTOR CAMPOS,SAMUEL PASTOR,LA PAMPA,NO,,,,,,,,SI,SI,,,SI,X,,,,,,SI,X,X,,,,,,NO,,NO,,,,,,,,SI,X,X,,,,,NO,NO,,,SI,X,,X,,,,SI,SI,6,SI,X,,X,,,,,,X,X,,,X,,,,,SI,SI,SI,SI,NO,,X,X,,X,,,,,X,X,,,SI,SI,1,SI,2,X,X,,,,,,,,X,X,,,,,,,SI,SI,3,SI,X,,X,,,,SI,SI,SI,SI,SI,SI,SI,0,,,SI,NO,,//,SI,SI,SI,SI,SI,X,,,,,,,,,,,NO,,,,,,,,,,,,NO,,,,,,,NO,,,,,,B0,A1,1,040208,040003
0845586,0,059905,3AP,HIJOS DE MARIA AUXILIADORA,CERRO COLORADO,SEMI RURAL PACHACUTEC,SI,SI,,,,X,,,SI,SI,,,SI,X,,,,X,,SI,X,,,,,,,NO,,SI,,,X,,,,,SI,,X,X,X,,,NO,NO,,,SI,X,,,,X,VACUNACION,SI,NO,8,NO,,,,,,,NO,,X,X,X,,X,,X,,,SI,NO,SI,SI,NO,,X,X,,X,,,,,X,,X,,SI,SI,6,SI,6,,X,X,,X,X,X,,,X,X,,,X,,,,SI,SI,3,SI,,X,,X,,,SI,NO,NO,NO,SI,SI,SI,0,,,SI,NO,,//,SI,SI,SI,SI,SI,,,,X,,,,,,,,SI,,,,,,X,,,,,X,NO,,,,,,,NO,,,,,,B0,B4,1,040104,040001
0895623,0,066072,3AP,PEDRO ALVAREZ CABRAL,JOSE LUIS BUSTAMANTE Y RIVERO,AREQUIPA,NO,,,,,,,,SI,SI,,,SI,X,,,,,,SI,X,,,,,,,NO,,SI,,,X,,,,,SI,,X,X,,,,SI,SI,0,1,SI,X,X,,X,,,SI,SI,3,SI,X,X,,,,,NO,,X,X,X,X,,,X,,,SI,SI,NO,NO,,,X,X,,,,,,,X,X,X,,NO,SI,8,SI,1,,X,,,X,,,,,,,X,,,,,,SI,SI,2,SI,,X,,,,,SI,SI,SI,SI,SI,SI,SI,0,,,SI,NO,,//,SI,SI,SI,SI,SI,X,,,,,,,,,,,,,,,,,,,,,,,NO,,,,,,,SI,X,,,,,B0,B4,1,040129,040002
0895797,0,065992,3AP,MARIAM ROSSE,JOSE LUIS BUSTAMANTE Y RIVERO,UGEL AREQUIPA SUR,NO,,,,,,,,SI,SI,,,SI,,,,,,X,SI,X,,,,,,,NO,,NO,,,,,,,,NO,,,,,,,,NO,,,NO,,,,,,,SI,SI,8,NO,,,,,,,NO,,X,X,X,X,X,X,,,,SI,SI,SI,SI,SI,3,X,X,,,,,,,X,X,,,SI,SI,4,SI,1,,,,,,X,,,,X,X,,,,,,,SI,SI,10,SI,X,,,,,,SI,SI,SI,SI,SI,SI,SI,0,,,SI,NO,,//,NO,SI,SI,SI,SI,,,,X,,,,,,,,NO,,,,,,,,,,,,SI,,,,,X,PLANIFICACION,NO,,,,,,B0,B4,1,040129,040002
1337831,0,550648,3AP,ELOHIM,MARIANO MELGAR,HEROES DEL CENEPA,SI,SI,X,,,,,,SI,SI,,,SI,X,,,,,,SI,X,,,,,,,NO,,NO,,,,,,,,SI,,X,X,,,,NO,NO,,,SI,X,,,,,,SI,NO,8,NO,,,,,,,NO,,X,X,X,X,X,X,,,,SI,SI,SI,SI,SI,1,X,X,,,,,,,X,,,,NO,SI,6,SI,1,,X,,,,,,,,,,X,,X,,,,SI,SI,12,SI,X,,X,,,,SI,SI,SI,NO,SI,NO,SI,0,,,SI,NO,,//,NO,SI,SI,SI,SI,,,X,,,,,58,00,SI,SI,NO,,,,,,,,,,,,NO,,,,,,,NO,,,,,,B0,B4,1,040109,040002
0844506,0,070615,3AP,41502,MAJES,ASENTAMIENTO D5,NO,,,,,,,,SI,SI,,,SI,X,,,,,,SI,X,,X,,,,,SI,SI,SI,,,X,,,,,SI,X,,X,,,,SI,NO,,,SI,X,,X,,,,SI,SI,8,SI,X,,,,,,,,X,,X,X,X,X,X,,,SI,SI,SI,SI,SI,1,X,X,,,,,,,X,,X,,SI,SI,6,SI,2,,X,,X,X,X,,,,X,X,X,,X,,,,SI,SI,2,SI,X,,X,,,,SI,SI,SI,SI,SI,SI,SI,2,,,SI,NO,,//,SI,SI,SI,SI,SI,,,X,,,,,8,58,SI,SI,SI,,,X,,,,,,,,X,SI,X,,,,,,SI,X,,,,,B0,A1,2,040520,040010
0311761,0,067948,3AP,40295,HUANUHUANU,HUANCARIRE,NO,,,,,,,,NO,,,,SI,,,,,,X,SI,,,,X,,,,NO,,SI,,,,X,,,,SI,,X,,,,,NO,NO,,,NO,,,,,,,NO,NO,8,NO,,,,,,,,,X,,,,X,,,,,SI,SI,SI,SI,SI,1,,,,,X,,,,X,,,,NO,SI,1,SI,4,,X,X,,,X,,,,X,,X,,,,,,SI,NO,,SI,,,,X,,,SI,SI,SI,SI,SI,SI,SI,0,,,SI,NO,,//,SI,SI,SI,SI,NO,X,,,,,,,,,,,,,,,,,,,,,,,NO,,,,,,,NO,,,,,,B0,A1,2,040309,040004
1693266,0,776906,3AP,EL MIRADOR AQP,ALTO SELVA ALEGRE,INDEPENDENCIA,NO,,,,,,,,SI,SI,,,SI,,,,X,,,SI,X,,X,,,,,NO,,SI,,,X,,,,,SI,,X,,,,,NO,NO,,,SI,X,,X,,,,SI,SI,8,NO,,,,,,,,,X,,X,X,X,X,,,,SI,SI,SI,SI,SI,5,X,X,,X,,X,,,X,X,X,X,SI,SI,3,SI,3,,,,,,X,X,,,,,X,X,X,,,,SI,SI,8,SI,X,X,,X,,,SI,SI,SI,SI,SI,SI,SI,0,,,SI,NO,,//,NO,SI,SI,SI,SI,,,,X,X,,,,,,,SI,,X,,,,,,,,,X,SI,,X,,,,,SI,,X,,,,B0,A4,1,040102,040002
1349372,0,517908,3AP,VIRGEN DE LA RECONCILIACION,CAMANA,CAMANA,NO,,,,,,,,SI,SI,,,SI,X,,,,,,SI,X,,,,,,,NO,,SI,,,X,,,,,SI,X,X,X,X,,,SI,NO,,,SI,X,,X,,,SERVICIO GRATUTITO DE SALUD DENTAL Y NUTRICIÓN,SI,SI,8,NO,,,,,,,NO,,,,,,,,,,,SI,SI,SI,SI,NO,,X,X,X,,,,,,X,X,,,SI,SI,6,SI,1,,,,,,,X,,,X,X,,,,,,,SI,SI,10,SI,,,X,,,,SI,SI,SI,SI,SI,NO,NO,,4,,NO,,,//,NO,SI,SI,SI,SI,,,,X,,,,,,SI,SI,NO,,,,,,,,,,,,SI,,X,,X,,,NO,,,,,,B0,B4,1,040201,040003
0311712,0,067590,3AP,40289,ATIQUIPA,ATIQUIPA,NO,,,,,,,,SI,SI,,,SI,X,,,X,,,SI,,X,,,,,,SI,SI,SI,,,X,,,,,SI,X,,X,X,,,SI,NO,,,SI,X,,X,,,,SI,SI,2,SI,,,X,,,,,,X,,,,X,X,,,,SI,SI,SI,SI,SI,2,X,,,X,,,,,X,,,X,SI,SI,1,SI,2,X,X,,,X,,,,,X,,,X,,,,,SI,SI,2,SI,,,X,X,,,SI,SI,SI,SI,SI,SI,SI,0,,,SI,SI,1,10/6/2024,SI,SI,SI,SI,SI,,,X,,X,,,05,14,SI,SI,SI,,X,,,,,,,,,X,SI,,X,,,,,SI,,X,,,,B0,A1,2,040304,040004
0845016,0,574164,3AP,ALEXANDER FLEMING,MAJES,EL PEDREGAL,NO,,,,,,,,SI,SI,,,SI,X,,,,,,SI,X,,,,,,,NO,,NO,,,,,,,,SI,,,X,,,,NO,NO,,,NO,,,,,,,SI,SI,9,NO,,,,,,,NO,,X,X,X,,,,X,,,SI,SI,SI,SI,NO,,,,,,,X,,,X,,,,SI,SI,3,SI,1,,,,,,X,,,,,X,X,,,,,,SI,NO,,NO,,,,X,,,SI,SI,SI,SI,SI,SI,SI,0,,,SI,NO,,//,SI,SI,NO,SI,SI,,,X,,,,,050,050,SI,SI,NO,,,,,,,,,,,,NO,,,,,,,NO,,,,,,B0,B4,1,040520,040010
0844381,0,070795,3AP,VIRGEN DE CHAPI,MAJES,CIUDAD MAJES,NO,,,,,,,,SI,SI,,,SI,,,,,,X,SI,,,,,,X,,NO,,NO,,,,,,,,NO,,,,,,,,NO,,,NO,,,,,,,SI,NO,7,NO,,,,,,,NO,,,,,,,,,,,NO,,,,,,X,X,,,,,,,X,X,,,NO,NO,,SI,1,,,X,,,,,,,,X,X,,,,,,NO,NO,,NO,X,,,,,,NO,,,,NO,,SI,0,,,NO,,,//,SI,SI,NO,SI,SI,,,,X,,,,,,,,NO,,,,,,,,,,,,NO,,,,,,,NO,,,,,,B0,B4,1,040520,040010
0219691,0,062494,3AP,40162 TRIBUNO FRANCISCO MOSTAJO,PAUCARPATA,URBANIZACION FRANCISCO MOSTAJO,NO,,,,,,,,SI,SI,,,SI,,,,X,,,SI,X,X,,,,,,SI,SI,SI,,,X,,,,,SI,X,,X,,,,SI,NO,,,SI,X,,X,,,,NO,SI,6,SI,X,X,,X,,,,,X,X,X,X,X,X,,,,SI,SI,SI,SI,SI,3,,X,X,X,,X,,,X,X,X,X,SI,SI,11,SI,1,,X,X,,,,,,,X,X,X,X,X,,,,SI,SI,3,SI,X,,,X,,,SI,SI,SI,SI,SI,SI,SI,1,,,SI,SI,2,12/11/2024,NO,SI,NO,SI,SI,X,,X,,X,,,11,8,SI,SI,SI,,X,,,,,,,,X,X,SI,,X,X,,,,SI,X,,,,,B0,A1,1,040112,040002
0226282,0,058958,3AP,EL AVE MARIA,CAYMA,CERCADO,NO,,,,,,,,SI,SI,,,SI,,,,,,X,SI,X,,X,,,,,NO,,NO,,,,,,,,SI,,X,X,,,,SI,NO,,,SI,X,,,,,,SI,NO,8,SI,X,X,,X,,,NO,,X,X,X,X,X,X,X,,,SI,SI,SI,SI,SI,3,X,X,X,,X,,,,X,,X,X,SI,SI,2,SI,2,X,X,X,,X,X,,,,X,X,,X,X,,,,SI,NO,,SI,,X,,X,,,SI,SI,SI,SI,SI,SI,SI,0,,,SI,NO,,//,NO,SI,SI,SI,SI,,X,X,,X,,,RD. N°005,4,SI,NO,NO,,,,,,,,,,,,NO,,,,,,,NO,,,,,,B0,A4,1,040103,040001
0219303,0,060225,3AP,40123 SAN JUAN BAUTISTA,CHARACATO,CHARACATO,NO,,,,,,,,SI,NO,1,,SI,,,,,,X,SI,X,,X,X,,,,NO,,SI,,,X,,,,,SI,X,X,X,X,X,ELABORACION MATERIAL EDUCATIVO,SI,NO,,,SI,X,,X,X,,,SI,SI,7,SI,X,X,,X,,,NO,,X,X,X,X,X,X,X,,,SI,SI,SI,SI,SI,4,X,X,,X,X,X,,,X,,X,,SI,SI,1,SI,1,,,,,,,,,,X,X,X,X,X,,,,SI,SI,3,SI,X,X,,X,,,SI,SI,SI,SI,SI,SI,SI,0,,,SI,NO,0,//,SI,SI,NO,SI,SI,X,X,,X,,,,026-2024,098-2024,SI,SI,SI,,,X,,,,,,X,,,NO,,,,,,,SI,X,,,,,B0,A1,1,040105,040002
1645530,0,728048,3AP,SANTISIMO NIÑO DE MARIA,MIRAFLORES,22 DE AGOSTO 405,NO,,,,,,,,SI,SI,,,SI,X,,,,,,SI,X,X,,X,,,,NO,,NO,,,,,,,,SI,X,X,X,,,,SI,NO,,,SI,X,,X,X,,,SI,NO,8,SI,X,X,X,X,,,NO,,,,,,,,,,,SI,SI,NO,NO,,,,X,,,,,,,X,X,,,NO,SI,14,SI,2,,X,,X,,X,,,,X,,X,X,X,,,,SI,SI,5,SI,X,X,X,,,,SI,SI,NO,SI,SI,SI,SI,0,,,SI,NO,,//,SI,SI,SI,SI,SI,,,X,,,,,032-25,0012,SI,NO,NO,,,,,,,,,,,,NO,,,,,,,NO,,,,,,B0,B4,1,040110,040002
1118843,0,814055,3AP,JORGE LUIS BORGES,PAUCARPATA,PAUCARPATA,NO,,,,,,,,SI,SI,,,SI,,,,,,X,SI,,,,,,X,,SI,SI,SI,,,X,,,,,SI,,X,,X,,,NO,NO,,,SI,X,,,,,,SI,SI,3,NO,,,,,,,NO,,X,X,X,X,X,X,X,,,SI,SI,SI,SI,NO,,X,X,X,X,X,X,,,X,X,X,X,NO,SI,4,SI,2,,,,,,,,,,X,X,,X,X,,,,SI,NO,,SI,,X,,,,,SI,SI,SI,SI,SI,SI,SI,0,,,SI,NO,,//,NO,SI,SI,SI,SI,,,,X,,,,,,,,NO,,,,,,,,,,,,NO,,,,,,,NO,,,,,,B0,B4,1,040112,040002
0695130,0,070408,3AP,40284 PEDRO PAULET MOSTAJO,MAJES,SAN JUAN EL ALTO,SI,SI,,,,X,,,SI,SI,,,SI,X,,,X,X,,SI,X,,,,X,,,NO,,NO,,,,,,,,SI,X,X,X,,,,SI,NO,,,SI,X,,,,,,SI,NO,9,SI,X,X,X,X,,,,,X,,X,X,,,,,,SI,SI,NO,SI,SI,4,X,X,,X,X,X,,,X,X,X,X,SI,SI,13,SI,2,,,,,X,X,,,,X,X,X,X,,,,,SI,NO,,SI,,,X,X,,,SI,SI,SI,SI,SI,SI,SI,2,,,SI,SI,3,28/11/2024,NO,SI,SI,SI,SI,,,X,,X,,,,167-2025,SI,SI,,,,,,,,,,,,,SI,,X,X,,,,SI,,X,,,,B0,A1,2,040520,040010
0752998,0,066029,3AP,NUESTRA SEÑORA DE LA PAZ,JOSE LUIS BUSTAMANTE Y RIVERO,AREQUIPA,NO,,,,,,,,SI,SI,,,SI,,,,,X,,SI,X,,,,,,,NO,,NO,,,,,,,,SI,X,,X,,,,NO,NO,,,SI,X,,,,,,SI,SI,8,SI,,X,,,,,NO,,X,X,X,,,,,,,SI,SI,SI,SI,SI,2,X,X,,X,X,X,,,X,X,X,X,SI,SI,3,SI,2,,X,,,X,X,X,,,X,X,X,,X,,,,SI,SI,2,SI,X,,,,,,SI,SI,SI,SI,SI,SI,SI,0,,,SI,NO,,//,NO,SI,SI,SI,SI,,,X,,,,,012,020,SI,SI,NO,,,,,,,,,,,,NO,,,,,,,NO,,,,,,B0,B4,1,040129,040002
0897702,0,063667,3AP,FAUSTINO DOMINGO SARMIENTO,SACHACA,AREQUIPA,NO,,,,,,,,NO,,,,NO,X,,,,X,,SI,,,,,,X,,NO,,NO,,,,,,,,SI,,X,X,,,,NO,NO,,,NO,,,,,,,NO,NO,9,NO,,,,,,,NO,,,,,,,,,,,NO,,,,,,X,,,X,,,,,,X,,,NO,NO,,SI,2,,,,,X,,,,,,X,X,,,,,,SI,NO,,SI,X,X,,,,,SI,SI,SI,SI,SI,SI,SI,0,,,NO,,,//,NO,NO,,NO,NO,,,,X,,,,,,,,NO,,,,,,,,,,,,NO,,,,,,,SI,X,,,,,B0,B4,1,040117,040001
0313684,0,067745,3AP,40489,CAHUACHO,PAUCARAY,NO,,,,,,,,NO,,,,SI,X,,,,,,SI,,X,,,,,,SI,NO,SI,,,X,,,,,SI,,,X,,,,NO,NO,,,SI,X,,,,,,SI,NO,8,NO,,,,,,,,,X,,X,,X,X,,,,SI,SI,SI,SI,SI,2,X,,,,,,,,X,X,X,,SI,SI,1,SI,1,,,,,,X,,,,,,X,,,,,,NO,SI,2,SI,,,,X,,,SI,SI,SI,SI,SI,SI,SI,0,,,SI,NO,,//,NO,SI,SI,SI,SI,,X,,,,,,,,,,,,,,,,,,,,,,NO,,,,,,,NO,,,,,,B0,A1,2,040306,040004
3029782,0,908695,3AP,DEEVY COLLEGE'S,MARIANO MELGAR,ALTO SAN MARTIN,NO,,,,,,,,SI,SI,,,SI,,,,,,X,SI,X,,,,,,,NO,,SI,,,X,,,,,NO,,,,,,,,NO,,,NO,,,,,,,SI,NO,8,SI,X,X,,,,,NO,,X,X,X,,X,X,X,,,SI,SI,SI,NO,,,X,,X,X,,,,,X,,X,,NO,SI,6,SI,1,,,,,,X,,,,,X,,X,,,,,SI,SI,1,SI,X,X,,X,,,SI,SI,SI,NO,SI,SI,SI,0,,,SI,NO,,//,NO,SI,SI,SI,SI,X,,,,,,,,,,,,,,,,,,,,,,,NO,,,,,,,NO,,,,,,B0,B4,1,040109,040002
1722149,0,803877,3AP,NEWTON PERUARBO,CAYMA,AREQUIPA,NO,,,,,,,,NO,,,,NO,X,,,,X,,SI,,,,,,X,,NO,,NO,,,,,,,,SI,,X,X,,,,NO,NO,,,NO,,,,,,,NO,NO,9,NO,,,,,,,NO,,,,,,,,,,,NO,,,,,,X,,,X,,,,,,X,,,NO,NO,,SI,2,,,,,X,,,,,,X,X,,,,,,SI,NO,,SI,X,X,,,,,SI,SI,SI,SI,SI,SI,SI,0,,,NO,,,//,NO,NO,,NO,NO,,,,X,,,,,,,,NO,,,,,,,,,,,,NO,,,,,,,SI,X,,,,,B0,B4,1,040104,040001
0220178,0,063361,3AP,40213,POCSI,TUCTUMPAYA,NO,,,,,,,,SI,SI,,,SI,,,,,,X,NO,,,,,,X,,NO,,NO,,,,,,,,NO,,,,,,,,NO,,,SI,X,,,,,,NO,NO,8,NO,,,,,,,,,,,,,,,,,,SI,SI,SI,NO,,,X,,,,,X,,,X,,X,,SI,SI,1,SI,2,,X,,X,,X,,,,X,,,,X,,,,SI,NO,,SI,,,,X,,,SI,SI,SI,SI,SI,SI,SI,0,,,SI,NO,,//,NO,SI,SI,SI,SI,X,,,,,,,,,,,,,,,,,,,,,,,NO,,,,,,,NO,,,,,,B0,A1,2,040113,040002
1335223,0,064676,3AP,DE CIENCIAS DIVINO NIÑO JESUS,TIABAYA,TIABAYA,NO,,,,,,,,SI,NO,1,,SI,X,,,,,,SI,X,,,,,,,NO,,SI,,,X,,,,,SI,,X,X,,,,SI,NO,,,SI,X,,,,,,SI,SI,7,SI,X,X,,,,,NO,,X,X,X,X,X,,X,,,SI,SI,SI,SI,SI,1,X,X,X,,,X,,,X,,X,,SI,SI,9,SI,4,X,X,X,,X,X,,,,X,,X,X,X,,,,SI,SI,2,SI,X,X,,,,,SI,SI,SI,SI,SI,SI,SI,0,,,SI,NO,,//,SI,SI,SI,SI,SI,X,,,,,,,,,,,,,,,,,,,,,,,NO,,,,,,,NO,,,,,,B0,B4,1,040123,040001
1117530,0,859968,3AP,CIENCIAS LEONARD EULER,SOCABAYA,SAN MARTIN DE SOCABAYA,SI,SI,,,,,X,VIRTUAL,SI,SI,,,SI,,,,,X,,SI,X,,,,,,,NO,,NO,,,,,,,,SI,X,,X,,,,SI,NO,,,SI,X,,X,,,,SI,NO,6,SI,,X,,,,,NO,,X,X,X,X,X,X,X,,,SI,SI,SI,SI,SI,2,X,X,,X,,,,,X,X,X,X,SI,SI,6,SI,1,X,,X,,X,X,X,,,X,X,X,X,X,,,,SI,SI,3,SI,X,,,X,,,SI,SI,SI,NO,SI,SI,SI,1,,,SI,SI,1,3/1/2024,SI,SI,SI,SI,SI,X,,X,,X,,,073,,SI,NO,NO,,,,,,,,,,,,SI,X,,,,,,SI,,,X,,,B0,B4,1,040122,040002
1640515,0,722310,3AP,CRISTO REY DE REYES,MARIANO NICOLAS VALCARCEL,SECOCHA,NO,,,,,,,,SI,SI,,,SI,,,,,,X,SI,X,,,,,,,NO,,NO,,,,,,,,SI,X,X,,,,,NO,NO,,,SI,X,,X,,,,SI,SI,1,SI,X,X,,,,,NO,,X,,X,X,,,,,,SI,SI,SI,SI,NO,,X,,X,,,,,,X,X,,,SI,SI,2,SI,1,X,X,X,,,,,,,,X,,X,,,,,SI,SI,2,SI,X,X,,,,,SI,SI,SI,SI,SI,SI,SI,0,,,SI,NO,,//,SI,SI,SI,SI,SI,X,,,,,,,,,,,NO,,,,,,,,,,,,NO,,,,,,,NO,,,,,,B0,B4,1,040203,040003
1371103,0,546784,3AP,CARLOS BACA FLOR,CERRO COLORADO,LA LIBERTAD,SI,SI,X,,,,,,SI,SI,,,SI,X,,,X,X,,SI,X,,,,X,,,SI,SI,SI,X,,X,,,,,SI,X,X,X,X,,,SI,SI,3,,SI,X,,,,,,SI,NO,8,NO,,,,,,,NO,,X,X,X,X,X,X,X,,,SI,SI,SI,SI,SI,5,X,X,X,X,X,X,,,X,X,X,X,SI,SI,8,SI,10,X,X,X,X,X,X,X,X,ESTRATEGIAS PARA TRABAJAR CON NIÑOS TDH,X,X,X,X,X,X,,ESTRATEGIAS EDUCACIÓN EMOCIONAL,SI,SI,4,SI,X,X,X,X,,,SI,SI,SI,SI,SI,SI,SI,0,,,SI,NO,,//,SI,SI,SI,SI,SI,X,X,X,,X,,,RD 50,OF 10/03/2025,SI,SI,SI,,,,,X,,,,,,X,SI,,X,X,X,,,NO,,,,,,B0,B4,1,040104,040001
0899021,0,070559,3AP,40661 ISABEL KRIEGER BEATO,MAJES,,NO,,,,,,,,SI,NO,1,,SI,X,,,,,,SI,X,,,,X,,,NO,,SI,,,X,,,,,SI,X,X,,,,,SI,NO,,,SI,X,,X,,,,SI,SI,5,SI,X,X,X,X,,,,,X,X,X,X,X,X,X,,,SI,SI,SI,SI,SI,3,X,X,X,X,X,X,,,X,X,X,,SI,SI,12,SI,1,,,,,,X,,,,X,X,,,X,,,,SI,SI,4,SI,,X,,X,,,SI,SI,SI,SI,SI,SI,SI,0,,,SI,NO,,//,SI,SI,SI,SI,SI,,,X,,X,,,048-2024,,SI,SI,NO,,,,,,,,,,,,NO,,,,,,,NO,,,,,,B0,A1,2,040520,040010
1422518,0,571245,3AP,BELAUNDE TERRY,PEDREGAL,CIUDAD MAJES,NO,,,,,,,,SI,SI,,,SI,X,,,X,,,SI,X,X,,X,,,,NO,,SI,,,X,,,,,SI,,X,X,,,,NO,NO,,,SI,,,X,X,,,SI,SI,6,NO,,,,,,,,,X,X,,,,X,,,,SI,SI,SI,SI,SI,1,,,X,,,X,,,X,X,,,SI,SI,10,SI,1,,X,,,,,,,,,X,,,,,,,SI,NO,,SI,,,,X,,,SI,SI,SI,SI,SI,SI,SI,1,,,SI,NO,,//,NO,SI,NO,SI,SI,X,,,X,,,,,,,,NO,,,,,,,,,,,,NO,,,,,,,NO,,,,,,B0,A1,1,040520,040010
0311787,0,067967,3AP,40297 JUAN BAUTISTA DE TOCOTA,HUANUHUANU,TOCOTA,NO,,,,,,,,SI,SI,,,SI,X,,,,,,SI,X,,,,,,,SI,SI,SI,,,X,,,,,SI,X,X,X,X,,,NO,NO,,,SI,X,,X,,,,SI,SI,3,NO,,,,,,,NO,,X,X,X,,X,X,,,,SI,SI,SI,SI,NO,,X,X,,X,,,,,X,,,,SI,SI,3,SI,2,,X,,,X,X,X,,,,X,,,X,,,,SI,NO,,SI,,X,,,,,SI,SI,SI,SI,SI,SI,SI,0,,,SI,NO,,//,NO,SI,SI,SI,SI,,,,X,,,,037,,SI,SI,NO,,,,,,,,,,,,NO,,,,,,,NO,,,,,,B0,A1,2,040309,040004
0311860,0,068146,3AP,40305 NIÑO BELEN DE TONCO,QUICACHA,ANEXO DE TONCO,NO,,,,,,,,NO,,,,SI,,,,,X,,SI,,,,,,X,,SI,SI,SI,,,X,,,,,SI,,X,X,,,,NO,NO,,,SI,X,,X,,,,SI,NO,3,NO,,,,,,,,,X,,X,,,,,,,SI,SI,SI,SI,SI,2,,,,X,X,,,,X,,X,,SI,SI,2,SI,2,,X,,,X,,,,,X,,,X,,,,,SI,SI,2,SI,X,,,,,,SI,SI,SI,SI,SI,NO,SI,0,,,SI,NO,,//,NO,SI,NO,SI,NO,X,,,,,,,,,,,NO,,,,,,,,,,,,NO,,,,,,,NO,,,,,,B0,A1,2,040312,040004
0477646,0,066524,3AP,41041 CRISTO REY,CAMANA,CERCADO,NO,,,,,,,,SI,SI,,,SI,X,X,X,X,,,SI,X,X,,X,,,,SI,SI,SI,X,,X,,,,,SI,X,X,X,X,,,SI,SI,,6,SI,X,X,X,,,,SI,SI,5,SI,X,,,,,,,,X,X,X,X,X,X,X,,,SI,SI,SI,SI,SI,10,X,X,,X,,X,,,X,X,X,X,SI,SI,32,SI,2,X,X,X,X,X,X,X,,,X,X,X,X,X,,,,SI,SI,60,SI,X,,,X,,,SI,SI,SI,SI,SI,SI,SI,1,,,SI,NO,,//,SI,SI,SI,SI,SI,X,X,X,,X,,,06,016,SI,SI,SI,,,,,,,X,,X,,,SI,,X,,,,,SI,,,,X,COMUNICADO DE PROFESIONAL SOPORTE PSICOLOGICO,B0,A1,1,040201,040003
0219998,0,066741,3AP,40194,MARIANO NICOLAS VARCALCEL,066741,SI,SI,,,,,X,VIRTUALIDAD,SI,NO,1,,SI,X,,,X,,,SI,X,,,,,,,NO,,SI,,,X,,,,,SI,,X,,,,,SI,SI,,1,SI,X,,X,,,,SI,NO,5,SI,X,,,,,,,,X,X,X,X,X,X,X,,,SI,SI,SI,SI,SI,8,,X,,X,,,,,X,X,X,,SI,SI,22,SI,2,,X,,,,X,,,,X,X,,,,,,,NO,NO,,SI,,X,,,,,SI,SI,SI,NO,SI,SI,SI,1,,,SI,NO,,//,NO,NO,,SI,NO,,,X,,X,,,070-2025,,SI,SI,NO,,,,,,,,,,,,NO,,,,,,,NO,,,,,,B0,A1,1,040203,040003
1117977,0,064105,3AP,40676  LA MANSIÓN DE SOCABAYA,SOCABAYA,AAHH MANSION 1 M1,NO,,,,,,,,SI,SI,,,SI,X,,,X,,,SI,X,X,X,,,,,SI,SI,SI,,,X,X,,,,SI,X,X,X,X,,,SI,SI,2,,SI,X,X,X,X,,,SI,SI,9,SI,,,,X,,,,,X,X,X,X,X,X,,,,SI,SI,SI,SI,SI,4,,X,X,X,X,,,,X,X,X,X,SI,SI,6,SI,1,,,,,,X,,,,X,X,X,X,X,,,,SI,SI,10,SI,,,,X,,,SI,SI,SI,SI,SI,SI,SI,0,,,SI,NO,,//,SI,SI,NO,SI,SI,,X,X,X,X,,,06-2025,010-2025,SI,SI,SI,,,,,,X,,,X,X,X,SI,,X,X,,,,SI,X,,,,,B0,A1,1,040122,040002
0312306,0,068599,3AP,40349 GRAN NOBEL MARIO VARGAS LLOSA,CHACHAS,CENTRO POBLADO DE TOLCONI,NO,,,,,,,,SI,SI,,,SI,X,,,,,,SI,X,X,,,,,,NO,,SI,,,X,,,,,SI,,X,X,,,,SI,NO,,,SI,X,,X,,,,SI,SI,8,NO,,,,,,,NO,,X,X,X,X,X,X,X,,,SI,SI,SI,SI,SI,3,,,X,X,X,X,,,X,X,X,X,SI,SI,6,SI,4,,X,X,,,X,X,,,X,X,,X,,,,,SI,NO,,SI,,,,X,,,SI,SI,SI,SI,SI,SI,SI,0,,,NO,,,//,NO,SI,SI,SI,NO,,,X,X,X,,,RD.022-2024,,SI,SI,NO,,,,,,,,,,,,NO,,,,,,,NO,,,,,,B0,A1,2,040404,040006
1749456,0,823804,3AP,SANTA MARIA GORETTI I,YURA,URBANIZADORA CIUDAD DE DIOS,NO,,,,,,,,NO,,,,SI,,,,,,X,SI,X,,,,,,,NO,,NO,,,,,,,,NO,,,,,,,,NO,,,SI,X,,,,,,SI,SI,3,NO,,,,,,,NO,,X,X,,,,,,,,SI,SI,SI,NO,,,X,,,,,,,,X,,,,NO,NO,,SI,2,,X,,,,,,,,X,X,X,,,,,,NO,NO,,SI,X,,,,,,SI,SI,SI,NO,SI,SI,SI,0,,,SI,NO,,//,NO,NO,,NO,NO,X,,,,,,,,,,,,,,,,,,,,,,,NO,,,,,,,NO,,,,,,B0,B4,1,040128,040001
0899054,0,070540,3AP,40656 SAN FRANCISCO DE ASIS,MAJES,CENTRO POBLADO E2,NO,,,,,,,,SI,NO,1,,SI,,,,,,X,SI,X,X,X,,,,,SI,NO,SI,,,X,,,,,SI,X,,X,,,,SI,NO,,,SI,X,,X,,,,SI,NO,9,SI,X,X,X,X,,,,,X,X,X,,,,X,,,SI,SI,SI,SI,SI,3,X,X,,X,,X,,,X,X,X,X,SI,SI,8,NO,,,,,,,,,,,X,X,X,X,,,,,SI,SI,16,SI,X,X,,X,,,SI,SI,SI,SI,SI,SI,SI,0,,,SI,NO,,//,NO,SI,SI,SI,SI,,,X,,,,,26-2025,,SI,NO,NO,,,,,,,,,,,,NO,,,,,,,SI,X,X,,,,B0,A1,2,040520,040010
0656124,0,067161,3AP,40281,SAMUEL PASTOR,ALTO HUARANGAL,NO,,,,,,,,SI,SI,,,SI,,,,X,X,,SI,X,,X,,,,,SI,SI,SI,,,X,,,,,SI,,X,,,,,SI,SI,,10,SI,X,,X,X,,,SI,SI,8,SI,X,X,X,X,,,,,X,X,X,X,X,X,,,,SI,SI,SI,SI,SI,2,,X,X,X,,X,,,X,X,X,X,SI,SI,3,SI,2,,,X,,,X,,,,X,X,X,X,X,,,,SI,SI,5,SI,X,,,X,,,SI,SI,SI,SI,SI,SI,SI,0,,,SI,NO,,//,SI,SI,SI,SI,SI,X,X,X,X,X,,,35-2025,,SI,SI,NO,,,,,,,,,,,,SI,,,X,,,,SI,X,,,,,B0,A1,1,040208,040003
1631126,0,840667,3AP,FERNANDO VARGAS RUIZ DE SOMOCURCIO,JACOBO HUNTER,,NO,,,,,,,,SI,SI,,,NO,,,,,,X,SI,X,,,,,,,NO,,NO,,,,,,,,SI,X,,X,X,,,NO,NO,,,NO,,,,,,,SI,NO,3,NO,,,,,,,NO,,,,,,,,,,,SI,SI,SI,SI,SI,2,X,,,,,,,,X,,,,NO,SI,15,SI,2,X,X,X,,,,,,,,X,,,,,,,SI,SI,10,SI,,X,,,,,SI,SI,SI,NO,NO,,NO,,4,,SI,SI,1,14/10/2024,NO,NO,,SI,SI,,,,X,,,,,,,,NO,,,,,,,,,,,,NO,,,,,,,NO,,,,,,B0,B4,1,040107,040002
0311456,0,067397,3AP,40262 JOSE SEBASTIAN BARRANCA Y LOVERA,ACARI,ACARI,NO,,,,,,,,NO,,,,SI,,,,,,X,SI,X,,X,,,,,NO,,SI,,,X,,,,,SI,X,X,X,,,,NO,NO,,,SI,X,,X,,,,SI,SI,5,NO,,,,,,,,,X,X,X,X,X,X,,,,SI,SI,SI,SI,NO,,X,X,,X,,X,,,X,X,X,,SI,SI,15,SI,3,X,X,X,X,X,X,X,,,X,X,,X,X,,,,SI,SI,3,SI,,X,X,,,,SI,SI,SI,SI,SI,SI,SI,0,,,SI,SI,3,6/11/2024,SI,SI,SI,SI,SI,X,,,,X,,,,,,,NO,,,,,,,,,,,,SI,,X,,X,,,SI,X,,,,,B0,A1,1,040302,040004
0844530,0,070804,3AP,JUSTO JUEZ,MAJES,PEDREGAL,NO,,,,,,,,SI,SI,,,SI,X,,,,,,SI,,,,,,X,,NO,,NO,,,,,,,,SI,,,X,,,,NO,NO,,,NO,,,,,,,SI,SI,2,NO,,,,,,,NO,,X,,,,,,X,,,SI,SI,SI,SI,NO,,X,X,,,,,,,,X,,,NO,SI,5,SI,2,,X,,,X,,,,,X,,X,,,,,,SI,SI,9,SI,X,X,,,,,SI,SI,SI,SI,SI,SI,SI,0,,,SI,NO,,//,SI,SI,SI,SI,SI,,,,X,,,,,,,NO,NO,,,,,,,,,,,,SI,,X,,,,,NO,,,,,,B0,B4,1,040520,040010
1270883,0,522151,3AP,JESUS MAESTRO,CERRO COLORADO,BENIGNO BALLON FARFAN,NO,,,,,,,,NO,,,,SI,,,,,,X,SI,X,,,,,,,NO,,NO,,,,,,,,SI,,X,,,,,NO,NO,,,NO,,,,,,,SI,NO,8,SI,,X,X,,,,NO,,X,X,X,X,X,,X,,,SI,SI,SI,NO,NO,,X,,,X,,X,,,X,,X,,SI,SI,6,SI,1,X,,,,,,,,,X,X,,,X,,,,SI,SI,6,SI,,X,,,,,NO,,,,SI,NO,SI,0,,,SI,NO,,//,NO,SI,NO,SI,NO,,,X,,,,,08,004,SI,NO,NO,,,,,,,,,,,,NO,,,,,,,NO,,,,,,B0,B4,1,040104,040001
1790997,0,780828,3AP,COLOREANDO,CHARACATO,CHARACATO,NO,,,,,,,,SI,SI,,,SI,,,,,,X,SI,,,,,,X,,SI,SI,SI,,,X,,,,,SI,,X,,X,,,NO,NO,,,SI,X,,,,,,SI,SI,3,NO,,,,,,,NO,,X,X,X,X,X,X,X,,,SI,SI,SI,SI,NO,,X,X,X,X,X,X,,,X,X,X,X,NO,SI,4,SI,2,,,,,,,,,,X,X,,X,X,,,,SI,NO,,SI,,X,,,,,SI,SI,SI,SI,SI,SI,SI,0,,,SI,NO,,//,NO,SI,SI,SI,SI,,,,X,,,,,,,,NO,,,,,,,,,,,,NO,,,,,,,NO,,,,,,B0,B4,1,040105,040002
0311837,0,068113,3AP,40302,QUICACHA,TAMBO,NO,,,,,,,,NO,,,,SI,X,,,,,,SI,,X,X,X,,,,NO,,SI,,,X,X,,,,SI,,X,,X,,,NO,NO,,,SI,X,,,,,,NO,NO,3,NO,,,,,,,,,X,X,X,X,X,X,,,,SI,SI,SI,SI,SI,2,X,X,,,,,,,X,,,X,SI,SI,2,SI,3,X,X,X,,,X,X,,,,X,,X,,,,,SI,SI,3,SI,,X,,,,,SI,SI,SI,SI,SI,SI,SI,0,,,SI,NO,,//,NO,SI,SI,SI,SI,,,X,,,,,21,,SI,NO,NO,,,,,,,,,,,,NO,,,,,,,SI,X,,,,,B0,A1,2,040312,040004
1607480,0,865894,3AP,SANTA MARIA DEL ROSARIO,MAJES,PEDREGAL,SI,SI,,,,X,,,SI,SI,,,SI,X,X,,,,,SI,X,,,,,,,SI,SI,SI,,,X,,,,,SI,,X,,,,,NO,NO,,,SI,X,,X,,,,SI,SI,8,SI,,X,,,,,NO,,X,X,,,,,,,,NO,,,,,,X,,,X,,,,,,,,X,NO,SI,2,SI,3,,X,,,,X,X,,,X,,,,,,,,NO,SI,5,NO,,X,,,,,SI,SI,SI,NO,SI,NO,SI,0,,,SI,NO,,//,NO,SI,SI,SI,SI,,,,,X,,,,,,,,,,,,,,,,,,,NO,,,,,,,SI,X,,,,,B0,B4,1,040520,040010
1457878,0,532414,3AP,CRISTIANO JESUS EL MAESTRO,NICOLAS DE PIEROLA,SAN JACINTO,NO,,,,,,,,SI,SI,,,SI,,,,,,X,SI,X,,,,,,,SI,SI,SI,X,,,,,,,SI,X,,X,,,,SI,NO,,,SI,X,X,,,,,SI,SI,8,SI,X,,,,,,NO,,X,X,X,X,,X,X,,,SI,NO,NO,SI,SI,2,,,X,,,X,,,X,,,,SI,SI,1,SI,1,,,,,,,X,,,X,X,,,,,,,SI,SI,2,SI,X,,,,,,SI,SI,SI,SI,SI,SI,SI,0,,,SI,NO,,//,SI,SI,SI,SI,SI,,,X,X,,,,,0012,SI,SI,NO,,,,,,,,,,,,NO,,,,,,,NO,,,,,,B0,B4,1,040205,040003
0636977,0,071771,3AP,40577 CHOCÑIHUAQUI,CAYARANI,COMUNIDAD DE CHOCÑIHUAQUI,NO,,,,,,,,SI,SI,,,SI,X,,,X,X,,SI,X,X,,,,,,SI,NO,SI,,,X,,,,,SI,X,X,X,,,,SI,NO,,,SI,X,X,,,,,SI,SI,8,SI,X,X,,X,,,,,X,X,,,,X,,,,SI,SI,SI,SI,SI,2,X,X,,,X,X,,,X,,X,,SI,SI,2,SI,1,,,X,X,X,,,,,X,X,,X,,,,,SI,SI,2,SI,X,X,X,,,,SI,SI,SI,SI,SI,SI,SI,0,,,SI,NO,,//,SI,SI,SI,SI,NO,,,X,,,,,23,2,NO,,NO,,,,,,,,,,,,SI,X,,X,,,,SI,,X,,,,B0,A1,2,040603,040006
0311290,0,067104,3AP,40244 VIRGEN DE LA CANDELARIA DE QUILCA,QUILCA,QUILCA,NO,,,,,,,,SI,SI,,,SI,X,X,,X,,,SI,X,,,,,,,NO,,SI,,,X,,,,,SI,,X,,,,,SI,NO,,,SI,X,X,X,,,,SI,SI,9,SI,,,,X,,,,,X,X,X,X,X,X,,,,SI,SI,SI,SI,SI,1,,X,,,,,,,X,,X,,SI,SI,6,SI,12,X,X,X,X,X,X,,,,X,X,,,,,,,SI,SI,1,SI,X,,,,,,SI,SI,SI,SI,SI,SI,SI,1,,,SI,SI,3,26/6/2024,SI,SI,SI,SI,SI,X,X,X,,X,,,15,034,SI,NO,NO,,,,,,,,,,,,NO,,,,,,,NO,,,,,,B0,A1,2,040207,040003
0894279,0,066246,3AP,WOLFGANG GOETHE,JOSE LUIS BUSTAMANTE Y RIVERO,URBANIZACION VILLA ELECTRICA,NO,,,,,,,,SI,SI,,,SI,X,,,X,X,,SI,X,X,,,,,,SI,SI,SI,X,,X,,,,,SI,X,,X,,,,NO,NO,,,SI,X,X,,,,,SI,NO,1,SI,,,X,,,,NO,,,,,,,,,,,SI,SI,SI,SI,SI,4,X,X,,X,,,,,X,X,,,SI,SI,6,SI,2,,,,,,X,X,,,X,X,X,X,X,,,,SI,SI,3,SI,X,X,,X,,,SI,SI,SI,SI,SI,SI,SI,1,,,SI,SI,1,24/10/2024,SI,SI,SI,SI,SI,,,X,,X,,,038,,SI,SI,NO,,,,,,,,,,,,NO,,,,,,,NO,,,,,,B0,B4,1,040129,040002
1782853,0,767718,3AP,VENADO,MARIANO NICOLAS VALCARCEL,VENADO,NO,,,,,,,,SI,SI,,,SI,,,,,,X,SI,,,,,,X,,SI,SI,SI,,,X,,,,,SI,,,X,,,,SI,NO,,,SI,X,,X,,,,SI,SI,2,SI,X,X,X,X,,,,,X,X,X,X,X,X,,,,SI,SI,SI,SI,SI,3,X,X,,,,X,,,X,X,X,X,SI,SI,3,SI,2,X,X,X,X,,X,X,,,X,X,X,X,,,,,SI,SI,3,SI,X,X,X,X,,,SI,SI,SI,SI,SI,SI,SI,0,,,SI,NO,,//,SI,SI,SI,SI,SI,,,X,X,,,,06,06,NO,,NO,,,,,,,,,,,,SI,,X,X,X,,,SI,,X,,,,B0,A1,2,040203,040003
0894311,0,860783,3AP,JOSE ANTONIO ENCINAS,SOCABAYA,SAN MARTIN,NO,,,,,,,,SI,SI,,,SI,,,,,,X,SI,X,X,,,,,,NO,,SI,,,X,,,,,SI,,X,X,X,,,SI,NO,,,SI,X,X,X,,,,SI,SI,8,NO,,,,,,,NO,,X,X,X,X,X,X,X,,,SI,SI,SI,SI,SI,1,X,X,,X,,X,,,X,X,X,X,SI,SI,6,SI,2,,X,,,,X,X,,,X,X,,X,X,,,,SI,SI,60,SI,X,X,,X,,,SI,SI,SI,SI,SI,SI,SI,0,,,SI,NO,,//,SI,SI,SI,NO,SI,,,X,X,X,,,31,4,SI,NO,NO,,,,,,,,,,,,NO,,,,,,,NO,,,,,,B0,B4,1,040122,040002
1777077,0,846179,3AP,PEDRO PAULET MOSTAJO,ALTO SELVA ALEGRE,ASOCIACION DE VIVIENDA SAN LUIS GONZAGA,NO,,,,,,,,SI,SI,,,SI,X,,,,,,SI,X,,,,,,,NO,,NO,,,,,,,,NO,,,,,,,,NO,,,NO,,,,,,,NO,NO,8,SI,,X,,,,,,,X,X,X,,X,X,,,,SI,SI,SI,SI,SI,1,X,,,,,,,,X,X,X,X,SI,SI,4,SI,2,X,X,X,,,,,,,,X,X,,,,,,SI,NO,,SI,,X,,,,,SI,SI,SI,SI,SI,SI,SI,1,,,SI,SI,1,2/12/2024,NO,SI,SI,SI,SI,X,,X,,X,,,,04,SI,SI,NO,,,,,,,,,,,,NO,,,,,,,NO,,,,,,B0,A1,1,040102,040002
3043858,0,911141,3AP,TRASCENDER SCHOOLS,CERRO COLORADO,PERUARBO,NO,,,,,,,,SI,SI,,,SI,,,,,,X,SI,,,,,,X,,NO,,NO,,,,,,,,SI,X,,X,,,,NO,NO,,,NO,,,,,,,SI,SI,8,NO,,,,,,,NO,,X,,X,,,,,,,SI,SI,SI,SI,SI,1,X,,,,,,,,X,,,,SI,SI,1,NO,,,,,,,,,,,X,,,,,,,,SI,SI,1,SI,X,,,,,,SI,SI,SI,SI,SI,NO,NO,,5,NUEVA IE,SI,NO,,//,NO,SI,NO,SI,NO,,X,,,,,,,,,,,,,,,,,,,,,,NO,,,,,,,NO,,,,,,B0,B4,1,040104,040001
1769215,0,866332,3AP,DE CIENCIAS Y HUMANIDADES LOR KELVIN BUSTAMANTE,PAUCARPATA,JORGE CHAVEZ,NO,,,,,,,,SI,SI,,,SI,,,,X,,,SI,,,,,,X,,NO,,NO,,,,,,,,NO,,,,,,,,NO,,,NO,,,,,,,SI,NO,8,NO,,,,,,,NO,,X,,,,,,,,,SI,SI,SI,SI,SI,2,X,X,,,,,,,X,X,X,,NO,NO,,SI,1,,X,,,,,,,,,X,,,,,,,NO,NO,,SI,X,X,,,,,SI,SI,SI,NO,SI,SI,SI,0,,,SI,NO,,//,SI,SI,SI,SI,SI,,,X,,,,,026,008,SI,NO,NO,,,,,,,,,,,,NO,,,,,,,NO,,,,,,B0,B4,1,040112,040002
1645001,0,635817,3AP,ASOCIACION DE VIVIENDA LOS ROSALES,LA JOYA,LOS ROSALES,NO,,,,,,,,SI,SI,,,SI,,,,X,X,,SI,X,X,,,,,,NO,,SI,,,X,,,,,SI,,X,X,,,,SI,NO,,,SI,X,,,,,,SI,SI,8,SI,,X,,,,,,,X,X,X,X,X,X,,,,SI,SI,SI,SI,SI,1,,X,,,,,,,X,,,,NO,SI,6,SI,1,,,,,,X,,,,,X,,,,,,,SI,SI,2,SI,X,,,,,,SI,SI,SI,SI,SI,SI,SI,0,,,SI,NO,,//,NO,SI,SI,SI,SI,,X,X,,X,,,023,,SI,SI,NO,,,,,,,,,,,,NO,,,,,,,NO,,,,,,B0,A1,1,040108,040010
1769181,0,839956,3AP,JOSE LUIS BUSTAMANTE SCHOOL,PAUCARPATA,CAMPO MARTE,NO,,,,,,,,NO,,,,SI,X,,,,,,SI,X,X,,,,,,NO,,NO,,,,,,,,NO,,,,,,,,NO,,,SI,X,,X,,,,SI,SI,3,SI,,X,X,,,,SI,1,X,X,X,X,X,X,X,,,SI,SI,SI,SI,SI,5,X,X,,,,X,,,X,X,X,X,SI,SI,6,SI,1,,X,X,,X,X,,,,X,X,,,,,,,SI,NO,,SI,X,X,,X,,,SI,SI,SI,SI,SI,SI,SI,0,,,SI,SI,1,7/10/2024,SI,SI,SI,SI,SI,,,,X,,,,,,,,NO,,,,,,,,,,,,SI,,X,,,,,NO,,,,,,B0,B4,1,040112,040002
1337021,0,062328,3AP,ABBA PADRE,MIRAFLORES,AREQUIPA,NO,,,,,,,,SI,SI,,,SI,X,X,,,,,SI,X,,,,,,,SI,NO,NO,,,,,,,,SI,,,X,,,,SI,NO,,,NO,,,,,,,SI,NO,3,NO,,,,,,,NO,,X,X,X,X,X,X,X,,,SI,SI,SI,SI,NO,,X,,,,,,,,X,,,,SI,SI,6,SI,4,X,X,X,X,,,X,,,X,X,X,X,X,,,,NO,SI,3,SI,,X,,X,,,SI,SI,SI,SI,SI,SI,SI,0,,,SI,NO,,//,SI,SI,SI,SI,SI,,,X,,,,,013,,SI,SI,,,,,,,,,,,,,SI,X,X,X,X,,,SI,,,X,,,B0,B4,1,040110,040002
0656140,0,071785,3AP,40592,CAYARANI,SULPUMAYO,NO,,,,,,,,NO,,,,SI,X,,,,,,SI,X,,,,,,,NO,,SI,,,,X,,,,SI,,,X,,,,NO,NO,,,SI,X,,,,,,SI,SI,9,SI,,X,,,,,NO,,X,,,,,,,,,SI,SI,SI,SI,NO,,X,,,X,,,,,X,X,X,X,NO,SI,1,SI,1,,X,,X,X,X,X,,,X,,X,X,,,,,SI,SI,6,SI,X,,,,,,SI,SI,SI,SI,SI,SI,NO,,1,,SI,NO,,//,NO,SI,SI,SI,SI,X,X,,,,,,,,,,NO,,,,,,,,,,,,NO,,,,,,,SI,,,X,,,B0,A1,2,040603,040006
0311225,0,066840,3AP,40237,NICOLAS DE PIEROLA,SAN JACINTO,NO,,,,,,,,SI,SI,,,SI,,,,X,,,SI,,X,,,,,,SI,SI,SI,,,X,,,,,SI,,,X,,,,SI,SI,,8,SI,X,,X,X,,,SI,SI,8,SI,,,X,X,,,,,X,X,X,X,,,,,,SI,SI,SI,SI,SI,3,X,X,,,,X,,,X,X,X,X,SI,SI,6,SI,1,X,,,,,,,,,X,X,,X,,,,,SI,SI,4,SI,,,,X,,,SI,SI,SI,SI,SI,SI,SI,0,,,SI,SI,2,16/4/2024,SI,SI,NO,SI,SI,,,X,X,X,,,022,053,SI,SI,NO,,,,,,,,,,,,NO,,,,,,,SI,X,,,,,B0,A1,1,040205,040003
0219238,0,064898,3AP,40116,VÍTOR,LA CALETA,NO,,,,,,,,SI,SI,,,SI,X,,,X,,,SI,,X,,,,,,NO,,NO,,,,,,,,NO,,,,,,,,NO,,,SI,X,,X,,,,NO,NO,8,NO,,,,,,,,,X,,X,,X,X,,,,SI,SI,SI,SI,NO,,X,,X,X,,,,,X,,X,,SI,SI,1,SI,1,,X,,,,X,,,,X,X,,X,,,,,SI,SI,1,SI,,,X,,,,SI,SI,SI,SI,SI,SI,SI,0,,,SI,NO,,//,NO,SI,SI,SI,SI,,,X,,,,,021-2024,,SI,SI,NO,,,,,,,,,,,,NO,,,,,,,NO,,,,,,B0,A1,2,040125,040010
1694603,0,778222,3AP,ADVENTISTA DE MAJES,MAJES,EL PEDREGAL,SI,SI,X,,,,,,SI,SI,,,SI,,,X,,X,,SI,,,,,,X,,NO,,SI,X,,,,,X,SEHS,SI,X,,X,,,,SI,NO,,,NO,,,,,,,SI,NO,8,SI,X,X,X,,,,NO,,X,,X,,,,X,,,SI,SI,SI,SI,SI,2,,X,X,X,,,,,X,,X,X,SI,SI,6,SI,1,,X,,,,,,,,,X,X,,,,,,SI,SI,4,SI,X,X,,,,,SI,SI,SI,NO,SI,NO,SI,0,,,SI,NO,,//,SI,SI,NO,SI,SI,X,X,,,,,,,,,,NO,,,,,,,,,,,,SI,,X,X,X,,,NO,,,,,,B0,B4,1,040520,040010
0844589,0,059062,3AP,CATHERINE SCHOOL,CAYMA,RAFAEL BELAUNDE,NO,,,,,,,,NO,,,,SI,,,,,,X,SI,,,,,,X,,NO,,NO,,,,,,,,NO,,,,,,,,NO,,,SI,,,,,X,CAMPAÑA DE VACUNAS,SI,NO,8,NO,,,,,,,NO,,X,X,X,,,,,,,NO,,,,,,,X,X,,,,,,X,,,,NO,SI,2,SI,1,,X,,,,,,,,,X,X,,,,,,NO,NO,,SI,X,,,,,,SI,SI,SI,NO,SI,SI,SI,0,,,SI,NO,,//,NO,SI,NO,SI,SI,,,,X,,,,,,,,NO,,,,,,,,,,,,NO,,,,,,,NO,,,,,,B0,B4,1,040103,040001
0311134,0,066492,3AP,40228,CAMANA,LA DEHEZA,NO,,,,,,,,NO,,,,NO,X,,,,,,SI,X,,,,,,,NO,,SI,,,X,,,,,NO,,,,,,,,NO,,,SI,X,,,,,,NO,NO,8,NO,,,,,,,,,X,,,,,,,,,SI,SI,SI,NO,,,X,,,,,,,,X,,,,NO,NO,,NO,,,X,,,,,,,,,X,,,,,,,SI,NO,,NO,X,,,,,,SI,SI,SI,SI,SI,NO,SI,0,,,NO,,,//,NO,SI,SI,SI,NO,X,,,,,,,,,,,NO,,,,,,,,,,,,NO,,,,,,,NO,,,,,,B0,A1,2,040201,040003
1697333,0,780418,3AP,JESUS MAESTRO I,CERRO COLORADO,VILLA SANTA MARIA,NO,,,,,,,,NO,,,,SI,,,,,,X,SI,X,,,,,,,NO,,NO,,,,,,,,SI,,X,,X,,,NO,NO,,,NO,,,,,,,SI,NO,8,SI,,,X,X,,,NO,,X,X,X,X,X,,X,,,SI,SI,SI,SI,NO,,X,,X,,,X,,,X,X,X,,SI,SI,6,NO,,,,,,X,,,,,X,X,,,X,,,,SI,SI,6,SI,,,,X,,,NO,,,,SI,NO,NO,,5,NO SE HAN PRESENTADO CASOS,SI,NO,,//,NO,SI,NO,SI,NO,,,X,,,,,09-2025,006-2025,SI,NO,NO,,,,,,,,,,,,NO,,,,,,,NO,,,,,,B0,B4,1,040104,040001
1422492,0,571231,3AP,ASENTAMIENTO E - 7,MAJES,PEDREGAL ASENTAMIENTO E7,NO,,,,,,,,SI,SI,,,SI,X,,,,,,SI,,X,,,,,,SI,SI,SI,,,X,,,,,SI,X,X,X,,,,SI,NO,,,SI,X,,,,,,SI,SI,8,SI,,X,,,,,,,X,X,X,,,X,,,,SI,SI,SI,SI,SI,2,X,X,,X,,,,,X,,,X,SI,SI,4,SI,2,,X,,,,,,,,,X,,,X,,,,NO,NO,,SI,X,,X,X,,,SI,SI,SI,SI,SI,NO,NO,,1,,NO,,,//,SI,SI,SI,SI,SI,X,X,,,,,,,,,,,,,,,,,,,,,,NO,,,,,,,SI,X,,,,,B0,A1,2,040520,040010
1796275,0,853527,3AP,MANSION DEL GRAN SABER,SOCABAYA,LA MANSION II,NO,,,,,,,,SI,SI,,,SI,,,,,,X,NO,,,,,,X,,NO,,NO,,,,,,,,SI,,,X,,,,NO,NO,,,NO,,,,,,,SI,SI,8,NO,,,,,,,NO,,X,,X,,,,,,,SI,SI,SI,SI,NO,,,X,,,,X,,,,X,,,SI,SI,2,SI,2,,X,,,X,X,,,,X,X,,,,,,,SI,SI,1,SI,X,,,X,,,SI,SI,SI,SI,SI,SI,SI,0,,,SI,NO,,//,SI,SI,SI,SI,SI,,X,,X,,,,,,,,NO,,,,,,,,,,,,NO,,,,,,,NO,,,,,,B0,B4,1,040122,040002
0895771,0,063163,3AP,SAN SEBASTIAN,PAUCARPATA,VILLA PORONGOCHE,NO,,,,,,,,SI,SI,,,SI,,,,,,X,SI,X,,,,,,,SI,SI,SI,,,X,,,,,SI,,,X,,,,SI,NO,,,SI,X,,X,,,,SI,SI,3,SI,,X,,,,,NO,,X,X,X,X,X,X,X,,,SI,SI,SI,SI,SI,3,X,,,,,X,,,X,,X,,SI,SI,12,SI,2,X,,,,,X,,,,X,X,X,X,X,,,,SI,SI,12,SI,X,,,X,,,SI,SI,SI,SI,SI,SI,SI,0,,,SI,NO,,//,SI,SI,SI,SI,SI,,,X,,,,,00-2025,,SI,SI,SI,,,,,,X,,,,,X,NO,,,,,,,SI,X,,,,,B0,B4,1,040112,040002
1337062,0,550417,3AP,DIVINA PROVIDENCIA,SOCABAYA,HORACIO ZEBALLOS GAMEZ,SI,SI,,,,X,,,SI,SI,,,SI,X,X,,X,X,,SI,X,X,,,,,,NO,,SI,,,X,,,,,SI,,X,,,,,NO,NO,,,SI,X,X,X,X,,,SI,NO,9,SI,X,X,,X,,,,,X,X,X,X,X,X,,,,SI,SI,SI,SI,SI,3,,X,,X,X,X,,,X,X,X,X,SI,SI,25,SI,10,X,X,X,X,X,X,X,,,X,X,X,X,X,,,,SI,SI,1,SI,X,,,X,,,SI,SI,SI,SI,SI,SI,SI,0,,,SI,NO,,//,NO,SI,SI,SI,NO,X,X,X,,,,,RD N° 09-2025,,SI,SI,NO,,,,,,,,,,,,NO,,,,,,,NO,,,,,,B0,A4,1,040122,040002
1030550,0,060640,3AP,JACOBO DICKSON HUNTER,JACOBO HUNTER,AREQUIPA,NO,,,,,,,,SI,SI,,,SI,,,,,X,,SI,,,,,,X,,NO,,NO,,,,,,,,SI,X,,X,,,,SI,SI,2,,NO,,,,,,,SI,NO,8,SI,,X,,,,,NO,,X,X,X,X,X,X,,,,SI,SI,SI,SI,SI,3,X,X,,,,X,,,X,X,X,X,NO,NO,,SI,3,,X,X,,X,X,X,,,X,X,,,,,,,SI,SI,15,SI,X,,,,,,SI,SI,SI,NO,SI,SI,SI,0,,,SI,NO,,//,NO,SI,SI,SI,SI,X,,,,,,,,,,,,,,,,,,,,,,,NO,,,,,,,NO,,,,,,B0,B4,1,040107,040002
0219642,0,061885,3AP,40157 JORGE LUIS BORGES,MIRAFLORES,ALTO MISTI,NO,,,,,,,,SI,SI,,,SI,,,,,,X,SI,X,,X,,,,,NO,,NO,,,,,,,,SI,,X,X,,,,NO,SI,,1,SI,X,,,,,,NO,SI,6,SI,X,,X,X,,,,,X,X,X,X,X,X,,,,SI,SI,SI,SI,SI,3,X,X,,X,X,,,,X,X,X,X,SI,SI,12,SI,1,X,,,,,,,,,X,X,X,X,X,,,,SI,SI,10,SI,X,X,,,,,SI,SI,SI,SI,SI,SI,SI,0,,,SI,NO,,//,NO,NO,,NO,NO,,,,X,,,,,,,,NO,,,,,,,,,,,,NO,,,,,,,NO,,,,,,B0,A1,1,040110,040002
1564145,0,638854,3AP,SAN PEDRO DE ALCANTARA,JACOBO HUNTER,SAN JUAN DE DIOS,SI,SI,X,,,,,,SI,SI,,,SI,,,,,,X,SI,X,X,,,,,,NO,,NO,,,,,,,,SI,,X,X,,,,NO,NO,,,SI,X,X,X,X,,,SI,SI,7,SI,X,X,,,,,NO,,X,X,X,X,X,X,X,,,SI,SI,SI,SI,SI,2,X,X,,X,,,,,X,X,X,,SI,SI,6,SI,1,,X,,,,,,,,X,,X,X,,,,,NO,NO,,NO,,X,,X,,,SI,SI,SI,SI,SI,SI,SI,0,,,SI,NO,,//,NO,SI,SI,SI,SI,,,X,,X,,,036,011,SI,SI,NO,,,,,,,,,,,,NO,,,,,,,NO,,,,,,B0,B4,1,040107,040002
0219295,0,065591,3AP,40122 MANUEL SCORZA TORRES,JOSE LUIS BUSTAMANTE Y RIVERO,CERRO JULI,NO,,,,,,,,SI,SI,,,SI,,,,,X,,SI,X,X,,,,,,NO,,SI,,,X,,,,,SI,,X,X,,,,NO,NO,,,SI,X,X,X,X,,,NO,SI,6,NO,,,,,,,,,X,X,X,X,X,X,X,,,SI,SI,SI,SI,SI,3,X,X,X,,X,,,,X,X,X,X,SI,SI,12,SI,2,X,X,X,,X,X,X,,,X,X,X,X,X,,,,SI,SI,120,SI,X,X,X,X,,,SI,SI,SI,SI,SI,SI,SI,2,,,SI,SI,2,9/10/2024,SI,SI,SI,SI,SI,X,X,X,,X,,,,173-2024,SI,SI,NO,,,,,,,,,,,,SI,X,,,,,,SI,,X,,,,B0,A1,1,040129,040002
0226506,0,062465,3AP,40010 JULIO C TELLO,PAUCARPATA,CIUDAD BLANCA,NO,,,,,,,,SI,SI,,,SI,X,,,,,,SI,X,,X,,,,,SI,SI,SI,,,X,,,,,SI,X,X,X,,,,SI,NO,,,SI,X,,,,,,SI,SI,6,SI,,X,,,,,,,X,X,X,X,X,,,,,SI,SI,SI,SI,SI,2,,X,,,,,,,X,,,,SI,SI,8,SI,1,,X,,,,,,,,,X,,,,,,,SI,SI,3,SI,,,,X,,,SI,SI,SI,SI,SI,SI,SI,5,,,SI,NO,,//,SI,SI,SI,SI,SI,,,X,X,,,,94,191,SI,SI,SI,X,,,,,,,,,,X,SI,X,,,,,,SI,X,,,,,B0,A1,1,040112,040002
0219071,0,065497,3AP,40100,YURA,,NO,,,,,,,,SI,SI,,,SI,X,,,,,,SI,X,X,,,,,,NO,,SI,,,X,,,,,SI,,,X,,,,NO,NO,,,SI,X,,X,X,,,NO,SI,8,NO,,,,,,,,,,,,,,,,,,SI,SI,SI,SI,SI,2,X,X,X,,,,,,X,,X,,SI,SI,1,SI,2,X,X,,,X,X,X,,,,X,,,,,,,SI,SI,5,SI,,,,,X,ES UNIDOCENTE,SI,SI,SI,SI,SI,NO,NO,,1,,NO,,,//,NO,SI,SI,SI,SI,,,X,,,,,4,0,SI,SI,NO,,,,,,,,,,,,NO,,,,,,,NO,,,,,,B0,A1,2,040128,040001
0612655,0,071766,3AP,40568,CAYARANI,ARCATA,NO,,,,,,,,SI,NO,3,,SI,X,,,,,,SI,X,,X,X,,,,SI,SI,SI,,,X,X,,,,SI,X,X,,X,,,NO,NO,,,NO,,,,,,,NO,SI,8,SI,X,,X,X,,,,,X,X,X,X,X,X,,,,SI,SI,SI,NO,,,,,,X,,,,,,X,,,SI,NO,,SI,1,,X,,,,,,,,X,,,,,,,,SI,SI,25,SI,X,,,X,,,SI,SI,SI,SI,NO,,NO,,4,,SI,NO,,//,NO,SI,SI,SI,SI,X,,X,,X,,,7,12,SI,NO,SI,,X,,,,X,,,,X,,SI,X,X,X,X,,,SI,X,X,,,,B0,A1,2,040603,040006
1277623,0,551167,3AP,SAN ANDRES,JACOBO  HUNTER,JACOBO HUNTER,NO,,,,,,,,SI,SI,,,SI,,,,,,X,SI,,,,,,X,,SI,SI,SI,,,X,,,,,SI,,X,,X,,,NO,NO,,,SI,X,,,,,,SI,SI,3,NO,,,,,,,NO,,X,X,X,X,X,X,X,,,SI,SI,SI,SI,NO,,X,X,X,X,X,X,,,X,X,X,X,NO,SI,4,SI,2,,,,,,,,,,X,X,,X,X,,,,SI,NO,,SI,,X,,,,,SI,SI,SI,SI,SI,SI,SI,0,,,SI,NO,,//,NO,SI,SI,SI,SI,,,,X,,,,,,,,NO,,,,,,,,,,,,NO,,,,,,,NO,,,,,,B0,B4,1,040107,040002
0311241,0,066859,3AP,40239 NICOLAS DE PIEROLA,NICOLAS DE PIEROLA,SAN GREGORIO,NO,,,,,,,,SI,SI,,,SI,X,,X,X,,,SI,X,,,,,,,NO,,SI,,,X,,,,,SI,,X,,,,,NO,SI,,6,SI,X,,X,,,,SI,SI,5,SI,,X,,X,,,,,X,X,X,X,X,X,,,,SI,SI,SI,SI,SI,2,X,,,X,,,,,X,,,X,SI,SI,12,SI,2,,X,,,,X,X,,,,X,X,,X,,,,SI,SI,3,SI,,X,,X,,,SI,SI,SI,SI,SI,SI,SI,0,,,SI,SI,1,15/11/2024,SI,SI,SI,SI,SI,,,X,,X,,,142,,SI,SI,NO,,,,,,,,,,,,NO,,,,,,,NO,,,,,,B0,A1,1,040205,040003
0845040,0,063974,3AP,VIRGEN DEL PILAR,SANTA RITA DE SIGUAS,SANTA RITA,SI,SI,X,,,,,,SI,SI,,,SI,,,,,,X,SI,X,,,,,,,NO,,SI,,,X,,,,,SI,,X,X,,,,NO,NO,,,NO,,,,,,,SI,SI,8,NO,,,,,,,NO,,X,,X,,,,,,,SI,SI,SI,SI,SI,1,X,,,,,,,,,,X,,SI,SI,4,NO,,,,,,,,X,,,,X,,,,,,,SI,NO,,SI,,X,,,,,SI,SI,SI,NO,SI,SI,SI,0,,,SI,NO,,//,SI,SI,NO,SI,SI,,,X,,X,,,017,,SI,SI,NO,,,,,,,,,,,,NO,,,,,,,NO,,,,,,B0,B4,1,040121,040010
1790104,0,836712,3AP,INTERNATIONAL SCHOOL SAN DIEGO,PAUCARPATA,PAUCARPATA,NO,,,,,,,,NO,,,,NO,,,,,,X,SI,,,,,,X,,NO,,NO,,,,,,,,SI,X,X,X,,,,NO,NO,,,NO,,,,,,,SI,SI,8,NO,,,,,,,NO,,X,X,,,X,,X,,,SI,SI,NO,SI,SI,1,X,,,,,,,,X,,,,NO,SI,2,NO,,,,X,,,,,,,,,,,,,X,,SI,NO,,SI,X,,,,,,SI,SI,SI,SI,SI,SI,SI,0,,,SI,NO,,//,NO,NO,,SI,SI,,,,X,,,,,,,,NO,,,,,,,,,,,,NO,,,,,,,NO,,,,,,B0,B4,1,040112,040002
0636464,0,067552,3AP,IE 40273 CORONEL ALFONSO UGARTE,ATICO,CHORRILLOS,NO,,,,,,,,NO,,,,SI,X,,,,,,SI,X,X,,,,,,SI,SI,SI,,,X,,,,,SI,X,,,,,,NO,NO,,,SI,,X,X,,,,SI,SI,6,SI,X,,,,,,,,X,,X,,,,,,,SI,SI,NO,NO,,,X,,,,,X,,,X,,,,SI,SI,2,SI,1,,,,,X,X,,,,X,X,,,,,,,SI,SI,2,SI,,X,,,,,SI,SI,SI,SI,SI,SI,SI,0,,,SI,NO,,//,SI,SI,SI,SI,SI,X,,,,,,,,,,,NO,,,,,,,,,,,,NO,,,,,,,SI,,X,,,,B0,A1,2,040303,040004
0894485,0,060683,3AP,PERUANO FRANCES JEAN HARZIC,JACOBO HUNTER,HUNTER,NO,,,,,,,,SI,SI,,,SI,,,,,,X,SI,X,,,,,,,NO,,NO,,,,,,,,SI,,,X,,,,NO,NO,,,NO,,,,,,,SI,NO,8,NO,,,,,,,NO,,,,,,,,,,,SI,SI,NO,SI,NO,,,X,,,,,,,X,,,,SI,SI,6,SI,1,,,,,,X,,,,,,,,,,X,,SI,SI,30,NO,,X,,,,,SI,SI,NO,NO,SI,NO,SI,0,,,SI,NO,,//,NO,SI,NO,SI,SI,,,,,X,,,,,,,,,,,,,,,,,,,NO,,,,,,,NO,,,,,,B0,B4,1,040107,040002
1337211,0,550403,3AP,40701,SOCABAYA,,NO,,,,,,,,SI,SI,,,SI,X,,,,,,SI,X,,X,,,,,SI,NO,SI,,,X,,,,,SI,X,,X,,,,NO,NO,,,SI,X,,,,,,SI,SI,8,SI,X,,,,,,,,X,X,X,X,X,X,,,,SI,SI,SI,SI,SI,3,X,X,X,X,,,,,X,X,X,,SI,SI,6,SI,3,,,,,X,X,,,,X,X,X,,,,,,SI,SI,2,SI,,X,,,,,SI,SI,SI,SI,SI,SI,SI,0,,,SI,NO,,//,NO,SI,SI,SI,SI,,,X,,X,,,30,22,SI,SI,NO,,,,,,,,,,,,SI,X,,,,,,SI,X,,X,,,B0,A1,1,040122,040002
1337898,0,547825,3AP,LA VALLEJO,AREQUIPA,AREQUIPA,NO,,,,,,,,NO,,,,SI,X,,,,,,SI,X,,,,,,,NO,,NO,,,,,,,,SI,,X,X,,,,SI,SI,4,0,NO,,,,,,,SI,NO,8,NO,,,,,,,NO,,,,,,,,,,,SI,SI,SI,SI,SI,4,X,X,X,X,,,,,X,X,,,NO,SI,4,SI,10,X,X,X,X,X,X,X,,,X,X,,,X,,,,SI,SI,8,SI,X,X,,X,,,SI,SI,SI,SI,SI,SI,SI,0,,,SI,NO,,//,SI,SI,SI,SI,SI,,X,,,,,,,,,,,,,,,,,,,,,,NO,,,,,,,NO,,,,,,B0,B4,1,040101,040001
1031285,0,548170,3AP,LOS RANGERS,AREQUIPA,AREQUIPA,NO,,,,,,,,NO,,,,SI,X,,,,,,SI,X,,,,,,,NO,,NO,,,,,,,,SI,,X,X,,,,SI,SI,4,0,NO,,,,,,,SI,NO,8,NO,,,,,,,NO,,,,,,,,,,,SI,SI,SI,SI,SI,4,X,X,X,X,,,,,X,X,,,NO,SI,1,SI,10,X,X,X,X,X,X,X,,,X,X,,,X,,,,SI,SI,8,SI,X,X,,X,,,SI,SI,SI,SI,SI,SI,SI,0,,,SI,NO,,//,SI,SI,SI,SI,SI,,X,,,,,,,,,,,,,,,,,,,,,,NO,,,,,,,NO,,,,,,B0,B4,1,040101,040001
0219899,0,062601,3AP,40184,PAUCARPATA,15 DE AGOSTO,NO,,,,,,,,SI,SI,,,SI,,,,,,X,SI,X,,,,,,,NO,,NO,,,,,,,,SI,,,X,,,,NO,NO,,,SI,X,,X,,,,SI,SI,8,SI,,,X,X,,,,,X,X,X,,X,X,,,,SI,SI,SI,SI,SI,3,X,X,X,,,,,,X,X,X,,SI,SI,4,SI,2,,X,,,X,,,,,X,X,X,X,,,,,SI,SI,10,SI,,X,X,X,,,SI,SI,SI,SI,SI,SI,SI,0,,,SI,SI,2,4/10/2024,NO,SI,SI,SI,SI,,,X,,X,,,028,067,SI,SI,NO,,,,,,,,,,,,NO,,,,,,,NO,,,,,,B0,A1,1,040112,040002
1544337,0,546883,3AP,PUERI DEI SCHOOL,PAUCARPATA,GUARDIA CIVIL,SI,SI,,,X,,,,SI,SI,,,SI,,,,,,X,SI,X,,,,,,,NO,,SI,,,X,,,,,SI,,,X,X,,,NO,NO,,,SI,X,,,,,,SI,NO,8,NO,,,,,,,NO,,X,,,X,,,X,,,SI,SI,NO,NO,,,X,,,X,,,,,X,,X,X,SI,SI,2,NO,,,,,,,,,,,X,X,,,X,,,,SI,SI,3,SI,X,,,X,,,SI,SI,NO,SI,NO,,NO,,3,,SI,NO,,//,NO,SI,NO,SI,SI,X,,,X,,,,,,,,NO,,,,,,,,,,,,NO,,,,,,,NO,,,,,,B0,B4,1,040104,040001
0891572,0,067180,3AP,41044,SAMUEL PASTOR,LA PUNTA,NO,,,,,,,,NO,,,,SI,,,,,,X,SI,X,X,X,,,,,NO,,SI,,,X,,,,,SI,,X,X,,,,NO,NO,,,SI,X,,X,,,,NO,SI,8,SI,X,,,,,,,,,,,,,,,,,SI,SI,SI,SI,SI,2,X,,,X,,,,,X,,X,,SI,SI,1,SI,1,X,,,,,,,,,X,X,,X,,,,,SI,SI,4,SI,,,,X,,,SI,SI,SI,SI,SI,SI,NO,,3,,SI,NO,,//,NO,SI,NO,SI,SI,X,,,,X,,,,,,,,,,,,,,,,,,,SI,,X,X,X,,,NO,,,,,,B0,A1,2,040208,040003
0845362,0,061442,3AP,SAN IGNACIO,MARIANO MELGAR,PUEBLO JOVEN ATALAYA,SI,SI,,,,,X,SE RECUPERO UN DIA DE CLASES DE FORMA VITUAL,SI,SI,,,SI,X,,,X,,,SI,,X,X,X,X,,,SI,SI,SI,X,,X,,,,,SI,X,X,X,X,X,ESCUELA DE PADRES,SI,NO,,,SI,X,X,X,X,,,SI,SI,8,SI,X,X,X,X,X,ORIENTACIONES SOBRE INASISTENCIAS CONTINUAS,,,X,X,X,X,X,X,,X,UN REPRESENTANTE DEL CONEI,SI,SI,SI,SI,SI,6,X,X,,X,X,X,,,X,X,X,X,SI,SI,7,SI,18,X,X,X,X,X,X,X,X,MEDIDAS CORRECTIVAS,X,X,X,X,X,X,,SEGUIMIENTO DE CASOS,SI,SI,10,SI,X,,,X,,,SI,SI,SI,SI,SI,SI,SI,1,,,SI,SI,1,22/10/2024,SI,SI,SI,SI,SI,,X,X,X,X,,,058,,SI,SI,NO,,,,,,,,,,,,SI,,X,X,X,,,SI,,,,X,GRUPO DE WHASSAP DE UGEL,B0,A4,1,040109,040002
0311738,0,067731,3AP,40292 MARIA AUXILIADORA,CAHUACHO,SONDOR,NO,,,,,,,,SI,SI,,,SI,,,,,,X,SI,X,X,X,,,,,NO,,SI,X,,,,,,,SI,,,X,X,X,ORGANIZACIÓN Y LIMPIEZA DE LOCALES DE LA INSTUITUCION EDUCATIVA,SI,NO,,,SI,X,X,X,X,,,SI,SI,3,NO,,,,,,,,,,,,,,,,,,SI,SI,SI,SI,SI,3,X,,,X,X,X,,,X,X,X,X,NO,SI,1,SI,1,,,,,X,,,,,X,X,X,,X,,,,NO,SI,2,SI,,,X,X,,,SI,SI,SI,SI,SI,NO,NO,,3,,SI,NO,,//,NO,NO,,NO,NO,,X,,,,,,,,,,,,,,,,,,,,,,NO,,,,,,,NO,,,,,,B0,A1,2,040306,040004
1270693,0,550380,3AP,ANGLO FRANCES KINDERLAND,PAUCARPATA,GUARDIA CIVIL,NO,,,,,,,,NO,,,,SI,,,,,,X,SI,X,X,,,,,,NO,,NO,,,,,,,,SI,X,,X,X,,,SI,NO,,,SI,X,,,,,,SI,SI,4,SI,,X,,X,,,NO,,X,X,,X,,X,,,,SI,SI,SI,SI,SI,4,X,,,X,X,X,,,X,,X,X,SI,SI,6,SI,1,,,,,,,X,,,X,X,,X,X,,,,SI,SI,3,SI,X,X,,X,,,SI,SI,SI,SI,SI,SI,SI,0,,,SI,NO,,//,SI,SI,NO,SI,SI,,,X,,,,,0098,67,SI,SI,NO,,,,,,,,,,,,NO,,,,,,,NO,,,,,,B0,B4,1,040112,040002
1764315,0,798588,3AP,APIPA SECTOR III,CERRO COLORADO,ASOCIACIÓN PARQUE INDUSTRIAL PORVENIR AREQUIPA,NO,,,,,,,,SI,NO,1,,SI,X,,,X,,,SI,,,,,,X,,SI,SI,SI,X,,,,,,,NO,,,,,,,,NO,,,SI,X,,X,,,,SI,NO,3,SI,X,,,,,,,,X,X,X,X,,,,,,SI,SI,SI,SI,SI,2,,,,X,,,,,,,X,,SI,SI,6,SI,2,,X,X,,X,,,,,X,X,,,,,,,SI,SI,2,SI,,X,,,,,SI,SI,SI,NO,SI,SI,SI,0,,,SI,NO,,//,SI,SI,SI,SI,SI,,,X,,,,,021,,SI,SI,NO,,,,,,,,,,,,NO,,,,,,,SI,X,,,,,B0,A1,1,040104,040001
0845339,0,061668,3AP,NIÑA MARIA - SAINT JHON'S,MARIANO MELGAR,AREQUIPA,NO,,,,,,,,SI,SI,,,SI,,,,X,X,,SI,X,,,,,,,NO,,SI,,,X,,,,,SI,X,,X,,,,SI,NO,,,SI,X,X,,,,,SI,SI,9,SI,,X,X,X,,,NO,,X,,X,,X,X,X,,,NO,,,,,,X,X,X,X,,,,,X,X,X,,NO,SI,9,NO,,,,,,,,,,,X,X,,X,,,,,SI,SI,4,SI,X,X,,,,,SI,SI,SI,SI,SI,SI,SI,0,,,NO,,,//,SI,SI,NO,SI,SI,,X,X,,X,,,026,,SI,NO,NO,,,,,,,,,,,,SI,,X,,,,,NO,,,,,,B0,B4,1,040109,040002
1546415,0,701652,3AP,INTERNACIONAL SAN JUAN BAUTISTA,MAJES,EL PEDREGAL,NO,,,,,,,,SI,SI,,,SI,X,,,,,,SI,X,,,,,,,NO,,SI,,,X,,,,,SI,,,X,,,,NO,NO,,,SI,X,,,,,,SI,SI,9,NO,,,,,,,NO,,X,,X,X,,,X,,,SI,SI,SI,SI,NO,,,X,,,,,,,,,,X,NO,SI,4,SI,1,,,,,,X,,,,,X,,,,,,,SI,NO,,NO,,,,X,,,SI,SI,SI,SI,SI,SI,SI,0,,,SI,NO,,//,SI,SI,NO,SI,SI,,,X,X,,,,036,036,SI,SI,NO,,,,,,,,,,,,NO,,,,,,,NO,,,,,,B0,B4,1,040108,040010
1120443,0,058449,3AP,SAGRADOS CORAZONES DE JESUS Y MARIA,ALTOS SELVA ALEGRE,APURIMAC,NO,,,,,,,,SI,SI,,,SI,X,,,,,,SI,X,,,,,,,NO,,SI,,,X,,,,,SI,,X,,,,,SI,NO,,,SI,,,X,,,,SI,SI,8,NO,,,,,,,NO,,X,X,X,X,X,X,,,,SI,SI,SI,SI,SI,1,X,,X,,,,,,X,,,,SI,SI,6,SI,2,,X,,,,X,X,,,X,X,X,X,X,,,,SI,SI,2,SI,,X,X,X,,,SI,SI,SI,SI,SI,SI,SI,0,,,SI,NO,,//,SI,SI,SI,SI,SI,,,X,,,,,031,009,SI,NO,NO,,,,,,,,,,,,NO,,,,,,,NO,,,,,,B0,B4,1,040102,040002
1651470,0,863932,3AP,CONO NORTE LINUS PAULING,CERRO COLORADO,JOSE LUIS BUSTAMANTE Y RIVERO,NO,,,,,,,,NO,,,,SI,,,,,,X,SI,,,,,,X,,SI,SI,NO,,,,,,,,SI,,X,X,,,,SI,NO,,,NO,,,,,,,SI,NO,3,SI,,,,X,,,NO,,X,X,X,X,X,X,X,,,SI,SI,SI,SI,SI,2,,X,,X,,X,,,X,X,X,X,SI,SI,6,SI,1,,X,X,,X,X,X,,,,X,X,,,,,,SI,SI,2,SI,X,X,,,,,SI,SI,SI,SI,SI,SI,SI,0,,,SI,NO,,//,SI,SI,SI,SI,SI,X,X,X,X,X,,,11,,SI,SI,NO,,,,,,,,,,,,NO,,,,,,,NO,,,,,,B0,B4,1,040104,040001
1274273,0,550808,3AP,SHAMMAH,MARIANO MELGAR,MARIANO MELGAR,NO,,,,,,,,SI,SI,,,SI,,,,,,X,SI,X,,,,,,,NO,,NO,,,,,,,,NO,,,,,,,,NO,,,NO,,,,,,,SI,NO,8,SI,,,X,,,,NO,,,,,,,,,,,SI,SI,SI,NO,,,X,,,,,X,,,X,,,X,NO,SI,6,SI,1,,X,,,,,,,,X,X,,,,,,,NO,NO,,NO,X,X,,,,,SI,SI,SI,NO,NO,,SI,0,,,NO,,,//,NO,SI,NO,SI,SI,X,,,,,,,,,,,,,,,,,,,,,,,NO,,,,,,,NO,,,,,,B0,B4,1,040109,040002
1279058,0,546963,3AP,CONSUELITO,AREQUIPA,AREQUIPA,NO,,,,,,,,NO,,,,SI,,,,,,X,SI,,,,,,X,,SI,SI,NO,,,,,,,,SI,,X,X,,,,SI,NO,,,NO,,,,,,,SI,NO,3,SI,,,,X,,,NO,,X,X,X,X,X,X,X,,,SI,SI,SI,SI,SI,2,,X,,X,,X,,,X,X,X,X,SI,SI,6,SI,1,,X,X,,X,X,X,,,,X,X,,,,,,SI,SI,2,SI,X,X,,,,,SI,SI,SI,SI,SI,SI,SI,0,,,SI,NO,,//,SI,SI,SI,SI,SI,X,X,X,X,X,,,11,,SI,SI,NO,,,,,,,,,,,,NO,,,,,,,NO,,,,,,B0,B4,1,040101,040001
1755172,0,801492,3AP,REAL SCHOOL C.A.M,YURA,CIUDAD DE DIOS,NO,,,,,,,,NO,,,,SI,,,,,,X,SI,,,,,,X,,SI,SI,NO,,,,,,,,SI,,X,X,,,,SI,NO,,,NO,,,,,,,SI,NO,3,SI,,,,X,,,NO,,X,X,X,X,X,X,X,,,SI,SI,SI,SI,SI,2,,X,,X,,X,,,X,X,X,X,SI,SI,6,SI,1,,X,X,,X,X,X,,,,X,X,,,,,,SI,SI,2,SI,X,X,,,,,SI,SI,SI,SI,SI,SI,SI,0,,,SI,NO,,//,SI,SI,SI,SI,SI,X,X,X,X,X,,,11,,SI,SI,NO,,,,,,,,,,,,NO,,,,,,,NO,,,,,,B0,B4,1,040128,040001
1622828,0,825959,3AP,JOULE CAYMA,CAYMA,PUEBLO TRADICIONAL,NO,,,,,,,,NO,,,,SI,,,,,,X,SI,,,,,,X,,SI,SI,NO,,,,,,,,SI,,X,X,,,,SI,NO,,,NO,,,,,,,SI,NO,3,SI,,,,X,,,NO,,X,X,X,X,X,X,X,,,SI,SI,SI,SI,SI,2,,X,,X,,X,,,X,X,X,X,SI,SI,6,SI,1,,X,X,,X,X,X,,,,X,X,,,,,,SI,SI,2,SI,X,X,,,,,SI,SI,SI,SI,SI,SI,SI,0,,,SI,NO,,//,SI,SI,SI,SI,SI,X,X,X,X,X,,,09,,SI,SI,NO,,,,,,,,,,,,NO,,,,,,,NO,,,,,,B0,B4,1,040103,040001
1338003,0,550766,3AP,40704 VILLA SANTA ROSA DE CHIGUATA,PAUCARPATA,VILLA SANTA ROSA,NO,,,,,,,,SI,SI,,,SI,,,,X,,,SI,X,,,,,,,NO,,SI,,,X,,,,,SI,,,X,,,,NO,SI,,1,SI,X,,,,,,SI,SI,8,SI,,X,,,,,,,X,X,X,X,X,X,,,,SI,SI,SI,SI,SI,3,,,X,X,,,,,X,,,,SI,SI,3,SI,1,,X,,,,,,,,,X,,,,,,,SI,SI,2,SI,X,,,X,,,SI,SI,SI,SI,SI,SI,SI,0,,,SI,NO,,//,SI,SI,SI,SI,SI,,,X,,,,,33,,SI,SI,NO,,,,,,,,,,,,SI,X,,,,,,SI,X,,,,,B0,A1,1,040112,040002
1262161,0,060107,3AP,NANTERRE,CERRO COLORADO,CERRO COLORADO,NO,,,,,,,,SI,SI,,,SI,,,,,,X,SI,X,,,,,,,NO,,NO,,,,,,,,SI,,X,X,X,,,SI,NO,,,SI,X,,,,,,SI,NO,8,SI,,,X,X,,,NO,,X,X,,,,,X,,,SI,SI,SI,SI,SI,1,X,X,,X,,X,,,X,X,,X,SI,SI,11,SI,2,,,,,,X,X,,,,X,X,,X,,,,SI,SI,2,SI,X,X,,X,,,SI,SI,SI,SI,SI,SI,SI,0,,,SI,NO,,//,NO,SI,NO,SI,NO,X,,,,,,,,,,,NO,,,,,,,,,,,,NO,,,,,,,SI,,,X,,,B0,B4,1,040104,040001
0797191,0,067854,3AP,40250 ENRIQUE ZAPATA MARTINEAU,CHAPARRA,ARASQUI,NO,,,,,,,,SI,SI,,,SI,X,,,,,,SI,,X,,,,,,NO,,NO,,,,,,,,SI,,,X,,,,NO,NO,,,NO,,,,,,,SI,NO,1,NO,,,,,,,,,X,,,,,,,,,SI,SI,SI,NO,,,,,,X,,,,,X,,,,SI,SI,2,SI,4,X,X,X,X,,,,,,,X,,,,,,,SI,NO,,SI,,X,,,,,SI,SI,NO,NO,SI,NO,NO,,4,,SI,NO,,//,NO,NO,,SI,NO,,,,,X,,,,,,,NO,,,,,,,,,,,,SI,,,,,X,REPLICA SOBRE LA PLATAFORMA,SI,,X,,,,B0,A1,2,040308,040004
1576438,0,649211,3AP,CULTURA ORIENTAL,AREQUIPA,AREQUIPA,NO,,,,,,,,SI,SI,,,NO,X,X,,,,,SI,,,,,,X,,SI,SI,NO,,,,,,,,SI,X,X,X,,,,NO,NO,,,SI,X,X,,,,,SI,SI,3,NO,,,,,,,NO,,X,X,X,X,,,,,,SI,SI,NO,NO,,,X,X,X,X,X,X,,,X,X,X,X,NO,SI,1,SI,1,X,,,,,,,,,X,X,,X,X,,,,SI,SI,3,SI,X,X,X,X,,,SI,SI,SI,NO,SI,NO,SI,0,,,SI,NO,,//,NO,SI,NO,SI,SI,X,,,,,,,,,,,NO,,,,,,,,,,,,NO,,,,,,,NO,,,,,,B0,B4,1,040101,040001
0678839,0,067175,3AP,40516 JUAN PABLO VIZCARDO Y GUZMAN,SAMUEL PASTOR,JUAN PABLO VIZCARDO Y GUZMÁN,NO,,,,,,,,NO,,,,SI,,,,,,X,SI,X,X,,,,,,SI,SI,SI,,,X,,,,,SI,,X,X,,,,SI,NO,,,SI,X,X,X,X,,,SI,SI,9,SI,X,X,,X,,,,,X,X,X,X,X,X,,,,SI,SI,SI,SI,SI,4,X,X,,X,X,X,,,X,X,X,X,SI,SI,2,SI,1,,,,,,,1,,,X,X,X,X,X,,,,SI,SI,20,SI,X,X,,X,,,SI,SI,SI,SI,SI,SI,SI,0,,,SI,SI,1,12/12/2024,NO,NO,,NO,SI,X,X,X,X,,,,,93,SI,SI,NO,,,,,,,,,,,,NO,,,,,,,NO,,,,,,B0,A1,1,040208,040003
0311332,0,066963,3AP,40248,OCOÑA,SANTA RITA CENICEROS,NO,,,,,,,,SI,SI,,,SI,X,,,,,,SI,,,,,,X,,NO,,NO,,,,,,,,SI,,X,X,,,,NO,NO,,,SI,X,,,,,,NO,NO,8,NO,,,,,,,,,X,,,,X,,,X,DOCENTE,SI,SI,SI,SI,SI,3,X,,,X,,,,,X,X,,,SI,SI,2,SI,1,X,X,,X,,,,,,X,X,,X,,,,,SI,SI,3,SI,,,X,,,,SI,SI,SI,SI,SI,SI,SI,0,,,SI,NO,,//,NO,SI,SI,SI,NO,,,X,,X,,,024,050,SI,SI,NO,,,,,,,,,,,,NO,,,,,,,SI,X,,,,,B0,A1,2,040206,040003
1255025,0,057831,3AP,METROPOLITANO,AREQUIPA,SANTA ISABEL,NO,,,,,,,,NO,,,,SI,,,,,,X,SI,,,,,,X,,NO,,NO,,,,,,,,NO,,,,,,,,NO,,,NO,,,,,,,SI,NO,3,NO,,,,,,,NO,,X,,X,,,,,,,SI,SI,SI,SI,NO,,X,,,,,,,,X,,,,NO,SI,1,SI,1,X,,,,,,,,,,,,,X,,,,NO,NO,,NO,,,,X,,,SI,SI,SI,NO,SI,NO,SI,0,,,SI,NO,,//,NO,SI,NO,SI,NO,,,,X,,,,,,,,NO,,,,,,,,,,,,NO,,,,,,,SI,X,,,,,B0,B4,1,040101,040001
0518076,0,067651,3AP,40269 ISMAEL CONTRERAS YAÑEZ,BELLA UNIÓN,BELLA UNIÓN,NO,,,,,,,,SI,SI,,,SI,X,X,,X,,,SI,,,,,,X,,NO,,NO,,,,,,,,NO,,,,,,,,NO,,,NO,,,,,,,SI,NO,8,NO,,,,,,,,,X,,X,X,X,,,,,SI,SI,SI,SI,NO,,,X,,,,,,,X,,,,SI,SI,6,SI,1,,X,,,,,,,,X,,X,,,,,,SI,NO,,SI,X,,,,,,SI,SI,SI,SI,SI,SI,SI,0,,,SI,NO,,//,NO,SI,SI,SI,SI,,,X,X,,,,19-2025,,SI,SI,NO,,,,,,,,,,,,NO,,,,,,,NO,,,,,,B0,A1,1,040305,040004
1337781,0,550257,3AP,GRAN MAESTRO JUAN ENRIQUE PESTALOZZI,JACOBO HUNTER,UGEL AREQUIPA SUR,NO,,,,,,,,SI,SI,,,SI,,,,,,X,SI,X,,,,,,,NO,,NO,,,,,,,,NO,,,,,,,,NO,,,NO,,,,,,,SI,SI,8,NO,,,,,,,NO,,X,X,X,X,X,X,,,,SI,SI,SI,SI,SI,3,X,X,,,,,,,X,X,,,SI,SI,4,SI,1,,,,,,X,,,,X,X,,,,,,,SI,SI,10,SI,X,,,,,,SI,SI,SI,SI,SI,SI,SI,0,,,SI,NO,,//,NO,SI,SI,SI,SI,,,,X,,,,,,,,NO,,,,,,,,,,,,SI,,,,,X,PLANIFICACION,NO,,,,,,B0,B4,1,040107,040002
1763382,0,665753,3AP,HAPPY CHILDREN,ATICO,LA FLORIDA,NO,,,,,,,,SI,SI,,,SI,X,,,,X,,SI,X,,,,,,,NO,,SI,,,X,,,,,SI,X,,X,,,,NO,NO,,,SI,,,,,X,CHARLASS DEPENDIENDO CAMPAÑAS NACIONALES,SI,SI,5,SI,,X,X,,,,SI,4,X,,X,,,,,,,SI,SI,SI,SI,SI,3,,X,,,,X,,,,X,,X,SI,SI,7,SI,3,,X,,,X,,,,,,,X,,X,,,,SI,SI,3,SI,X,X,,,,,SI,SI,SI,SI,SI,SI,SI,1,,,SI,SI,1,16/7/2024,SI,SI,SI,SI,SI,,,,X,X,,,,,,,SI,,,X,,,,,,,X,,SI,X,X,X,,,,SI,X,X,,,,B0,B4,1,040303,040004
1669936,0,716012,3AP,YAHVEH NISSI,MIRAFLORES,MIRAFLORES,NO,,,,,,,,SI,SI,,,SI,,,,,,X,SI,X,,,,,,,NO,,NO,,,,,,,,SI,,X,,,,,NO,NO,,,NO,,,,,,,SI,NO,9,NO,,,,,,,NO,,X,,X,,,,,,,SI,SI,SI,SI,SI,3,X,X,,,,,,,X,X,X,X,NO,SI,1,SI,1,,X,X,,X,X,X,,,X,X,,X,X,,,,NO,SI,5,SI,X,,,X,,,SI,SI,SI,NO,SI,SI,SI,0,,,SI,NO,,//,NO,NO,,SI,SI,X,,,,,,,,,SI,NO,NO,,,,,,,,,,,,NO,,,,,,,NO,,,,,,B0,B4,1,040110,040002
0891754,0,067095,3AP,BELEN,OCOÑA,OCOÑA,NO,,,,,,,,SI,SI,,,SI,,,,,,X,SI,X,,,,,,,NO,,NO,,,,,,,,SI,X,,X,,,,NO,NO,,,SI,X,,X,,,,SI,NO,8,SI,,X,,X,,,NO,,X,X,,,,,X,,,SI,NO,SI,SI,NO,,X,X,,,,,,,X,,,,SI,SI,4,NO,,,,,,,,,,,X,X,,,,,,,SI,SI,2,SI,X,,,,,,SI,SI,SI,NO,SI,SI,SI,0,,,SI,NO,,//,NO,SI,NO,SI,SI,X,,,,,,,,,,,,,,,,,,,,,,,NO,,,,,,,NO,,,,,,B0,B4,2,040206,040003
1338797,0,064271,3AP,GALO PERUANA,SOCABAYA,LARA,NO,,,,,,,,SI,SI,,,SI,,,,,,X,SI,,X,X,,,,,NO,,NO,,,,,,,,SI,,X,X,,,,NO,NO,,,SI,X,X,,,,,SI,SI,8,SI,X,,,,,,,,X,,X,X,X,,X,X,ASISTENTA SOCIAL,SI,SI,SI,SI,SI,3,,,,,,X,,,X,,,,SI,SI,6,SI,1,,,,,,X,,,,,,,X,,,,,SI,SI,6,SI,,,,X,,,SI,SI,SI,SI,SI,SI,SI,0,,,SI,SI,1,14/7/2024,NO,SI,SI,SI,SI,,,,,X,,,,,,,,,,,,,,,,,,,NO,,,,,,,NO,,,,,,B0,A4,1,040122,040002
0678813,0,066996,3AP,I.E. 40259,OCOÑA,OCOÑA,NO,,,,,,,,NO,,,,SI,X,,,,,,SI,X,,X,,,,,NO,,NS,,,,,,,,NO,,,,,,,,NO,,,SI,X,,X,,,,NO,NO,8,NO,,,,,,,,,X,X,X,X,X,X,,X,UN ADMINISTRATIVO,SI,SI,SI,SI,SI,2,X,,X,X,,X,,,X,X,X,X,SI,SI,3,SI,10,X,X,X,X,X,X,,,,X,X,,,,,,,SI,NO,,SI,X,,,,,,SI,SI,SI,SI,SI,SI,SI,0,,,SI,SI,1,15/10/2024,NO,SI,NO,SI,NO,,X,X,,,,,15/11/2024,034,SI,SI,NO,,,,,,,,,,,,NO,,,,,,,SI,,X,,,,B0,A1,2,040206,040003
1333483,0,546449,3AP,NUESTRO SEÑOR DE LOS MILAGROS,LA JOYA,SAN CAMILO,NO,,,,,,,,NO,,,,SI,,,,,,X,SI,X,X,,,,,,NO,,SI,,,X,,,,,NO,,,,,,,,NO,,,SI,X,X,,,,,SI,NO,8,SI,X,,,,,,NO,,X,X,X,X,X,X,X,,,SI,SI,SI,NO,,,X,,,,,,,,X,,,,SI,SI,7,NO,,X,,,,,,,,,X,X,,,,,,,SI,NO,,SI,X,,,,,,SI,SI,SI,SI,SI,SI,NO,,1,,NO,,,//,SI,SI,SI,NO,NO,X,,,X,,,,,,,,NO,,,,,,,,,,,,NO,,,,,,,NO,,,,,,B0,B4,2,040108,040010
0313908,0,073195,3AP,40514 SAN PEDRO,ALCA,HUILLAC,NO,,,,,,,,NO,,,,SI,X,,,,,,SI,,X,,X,,,,SI,SI,SI,,,X,,,,,SI,,X,X,,,,SI,NO,,,SI,X,X,X,,,,SI,SI,3,SI,X,,,X,,,,,X,X,X,X,X,X,,,,SI,SI,SI,SI,NO,,X,X,X,X,,,,,X,X,X,X,SI,SI,2,SI,2,X,X,,,X,X,X,,,,X,,,,,,,SI,NO,,NO,,X,,,,,SI,SI,SI,SI,SI,SI,SI,0,,,SI,NO,,//,NO,SI,SI,SI,SI,X,,,,,,,,,,,NO,,,,,,,,,,,,SI,,X,,,,,NO,,,,,,B0,A1,2,040802,040009
1777051,0,733648,3AP,RONALD FISHER,CERRO COLORADO,PERUARBO,NO,,,,,,,,SI,SI,,,SI,,,,,,X,SI,X,X,,,,,,SI,SI,SI,,,X,,,,,SI,,X,,,,,SI,SI,3,,SI,X,X,X,X,,,SI,SI,1,NO,,,,,,,NO,,X,X,X,X,X,X,X,,,SI,SI,SI,SI,SI,2,X,X,X,,,,,,X,X,X,X,NO,SI,6,NO,,,,,,,,,,,X,X,X,,X,,,,SI,SI,10,SI,X,X,X,,,,SI,SI,SI,SI,SI,SI,SI,0,,,SI,NO,,//,SI,SI,NO,SI,SI,X,X,X,X,X,,,0016-25,,SI,SI,NO,,,,,,,,,,,,SI,,X,X,X,,,SI,,X,,,,B0,B4,1,040104,040001
1316587,0,578713,3AP,LUIS FELIPE DE ORLEANS,AREQUIPA,IV CENTENARIO,SI,SI,,,,X,X,CLASES VIRTUALES,SI,SI,,,SI,,,,,,X,SI,X,,,,,,,SI,SI,SI,,X,X,,,,,SI,,X,X,,,,SI,NO,,,SI,X,,,,,,SI,SI,8,SI,,X,X,X,,,SI,2,X,X,X,X,X,X,X,,,SI,SI,SI,SI,SI,2,X,X,X,X,,,,,X,X,X,X,SI,SI,4,SI,4,,X,,,X,X,X,,,,X,X,X,,,,,SI,SI,40,SI,X,,X,X,,,SI,SI,SI,SI,SI,SI,SI,0,,,SI,NO,,//,SI,SI,SI,SI,SI,X,,X,X,X,,,090-2024,054-2024,SI,SI,SI,,X,,,,,,,,X,X,SI,,X,X,,,,SI,,,X,,,B0,B4,1,040101,040001
1698570,0,717865,3AP,SINAI,YURA,CIUDAD DE DIOS,NO,,,,,,,,SI,SI,,,NO,,,,,,X,SI,X,,,,,,,NO,,NO,,,,,,,,NO,,,,,,,,NO,,,NO,,,,,,,SI,NO,6,NO,,,,,,,NO,,,,,,,,,,,NO,,,,,,,,,,,X,,,X,,,,NO,NO,,SI,1,X,X,,,X,,,,,,X,,,,,,,SI,NO,,SI,,X,,,,,SI,SI,NO,NO,NO,,NO,,4,,SI,NO,,//,NO,SI,NO,SI,NO,,,,,X,,,,,,,,,,,,,,,,,,,NO,,,,,,,NO,,,,,,B0,B4,1,040128,040001
0844373,0,058294,3AP,WILLIAM MORRIS,ALTO SELVA ALEGRE,AREQUIPA,NO,,,,,,,,SI,SI,,,SI,X,,,,,,SI,X,,,,,,,NO,,SI,,,X,,,,,SI,,X,X,,,,NO,NO,,,SI,X,,,,,,SI,SI,3,SI,,,X,,,,NO,,X,,X,X,X,X,X,,,NO,,,,,,,X,X,,,X,,,,X,,,SI,SI,3,SI,1,,,,,,,,X,NO ME PERMITE PONER NO,X,X,,,,,,,SI,SI,20,SI,X,X,,,,,SI,SI,SI,NO,SI,SI,SI,0,,,SI,NO,,//,SI,SI,NO,SI,SI,X,,,,,,,,,,,,,,,,,,,,,,,NO,,,,,,,NO,,,,,,B0,B4,1,040102,040002
0314286,0,073586,3AP,40552 TUPAC AMARU,PUYCA,PETTCCE,NO,,,,,,,,NO,,,,SI,,,,,,X,SI,X,,,,,,,NO,,NO,,,,,,,,NO,,,,,,,,NO,,,NO,,,,,,,SI,NO,8,NO,,,,,,,,,,,,,,,,,,NO,,,,,,,,,X,,,,,,,X,,NO,SI,3,SI,1,,,,,X,,,,,,,,,,,X,,SI,SI,4,NO,,,X,,,,SI,SI,SI,SI,SI,NO,NO,,3,,NO,,,//,SI,NO,,SI,SI,X,,,,,,,,,,,,,,,,,,,,,,,NO,,,,,,,NO,,,,,,B0,A1,2,040806,040009
0311878,0,067665,3AP,40306,BELLA UNIÓN,CHAVIÑA,NO,,,,,,,,NO,,,,SI,X,,,,,,SI,X,,,X,,,,NO,,SI,,,X,,,,,SI,X,X,X,,,,NO,NO,,,NO,,,,,,,SI,NO,3,SI,,X,X,,,,,,X,X,,,X,,,,,SI,SI,SI,SI,SI,3,X,,X,X,,,,,X,,,X,SI,SI,2,SI,3,X,,,,,X,X,,,X,X,,,X,,,,SI,NO,,SI,,,,X,,,SI,SI,SI,SI,SI,NO,SI,0,,,SI,NO,,//,NO,SI,SI,SI,NO,,,X,,X,,,RD 04,,SI,NO,NO,,,,,,,,,,,,NO,,,,,,,SI,X,,,,,B0,A1,2,040305,040004
1658525,0,737632,3AP,SAN FRANCISCO DE SALES,CERRO COLORADO,ASOCIACION PRIMAVERA,NO,,,,,,,,SI,SI,,,SI,,,,,X,,SI,X,,,,,,,SI,SI,SI,,,X,,,,,SI,,X,,,,,SI,NO,,,SI,X,,X,,,,SI,SI,6,SI,,X,,X,,,NO,,X,,X,X,,,,,,SI,SI,SI,SI,SI,4,X,X,,,,,,,X,,,,SI,SI,11,SI,1,,X,,,,,,,,,X,,,,,,,SI,SI,10,SI,X,,,,,,SI,SI,SI,SI,SI,SI,SI,0,,,SI,NO,,//,SI,SI,NO,SI,SI,X,,,,,,,,,,,,,,,,,,,,,,,SI,,X,,,,,NO,,,,,,B0,B4,2,040104,040001
1639178,0,717224,3AP,HOWARD GARDNER SCHOOL,YURA,CIUDAD DE DIOS,NO,,,,,,,,NO,,,,SI,X,,,,,,SI,X,,,,,,,NO,,NO,,,,,,,,NO,,,,,,,,NO,,,SI,X,,,,,,SI,NO,8,SI,X,,,,,,NO,,,,,,,,,,,SI,SI,SI,SI,SI,2,X,,,,,,,,X,X,,,SI,SI,3,SI,3,,,,,,,,,,,X,,,,,,,SI,NO,,SI,X,,,,,,SI,SI,SI,SI,SI,SI,SI,0,,,SI,NO,,//,SI,SI,SI,SI,SI,X,,,,,,,,,,,,,,,,,,,,,,,SI,,X,,,,,SI,X,,,,,B0,B4,1,040128,040001
0311555,0,067793,3AP,40272 JOSE OLAYA BALANDRA,CHALA,CHALA,NO,,,,,,,,SI,SI,,,SI,X,,,,,,SI,X,X,,,,,,NO,,SI,,,X,,,,,SI,X,X,,,,,SI,NO,,,SI,X,,,,,,SI,SI,5,SI,X,X,,X,,,NO,,X,X,X,X,,,,,,SI,SI,NO,SI,SI,2,X,X,,X,,X,,,X,X,X,X,SI,SI,2,SI,2,X,X,,X,X,X,X,,,X,,,,X,,,,SI,SI,25,SI,X,X,X,,,,SI,SI,NO,SI,SI,SI,SI,1,,,SI,NO,,//,SI,SI,SI,SI,SI,X,X,X,X,X,,,,098,SI,SI,NO,,,,,,,,,,,,NO,,,,,,,SI,X,,,,,B0,A1,1,040307,040004
1333848,0,546680,3AP,THOMAS M.C.,YURA,CIUDAD DE DIOS,NO,,,,,,,,SI,SI,,,SI,X,X,,,,,SI,X,,,,,,,SI,SI,SI,,,X,,,,,SI,,,X,,,,NO,NO,,,SI,X,X,,,,,SI,SI,2,SI,X,,,,,,SI,2,X,,,X,,X,X,,,SI,SI,SI,SI,NO,,X,,,,,,,,X,,X,,NO,SI,10,SI,4,X,,,,,X,X,,,,X,,,,,,,SI,NO,,SI,X,,,,,,SI,SI,SI,SI,SI,SI,SI,0,,,SI,NO,,//,SI,SI,SI,SI,SI,,,,X,,,,,,,,NO,,,,,,,,,,,,NO,,,,,,,NO,,,,,,B0,B4,1,040128,040001
0311506,0,067547,3AP,40267 SAGRADO CORAZON DE JESUS,ATICO,LA FLORIDA,NO,,,,,,,,SI,SI,,,SI,X,,,,,,SI,X,,,,,,,NO,,SI,,,X,,,,,SI,X,X,X,,,,SI,NO,,,SI,X,,X,,,,SI,SI,9,SI,,,,X,,,,,X,X,X,X,,,,X,TRES DOCENTES MAS,SI,SI,NO,SI,SI,3,X,,,,,,,,X,X,,X,SI,SI,18,SI,4,X,X,,,X,X,X,,,X,X,X,X,,,,,SI,SI,54,SI,X,X,,,,,SI,SI,SI,SI,SI,SI,SI,2,,,SI,SI,4,19/11/2024,NO,SI,SI,SI,SI,,,X,,X,,,020,,SI,SI,SI,,X,,,,,,,,,X,SI,,X,X,X,,,SI,X,,,,,B0,A1,1,040303,040004
1031475,0,066784,3AP,40667 CRISTO MORADO,MARIANO NICOLAS VALCARCEL,LA EUGENIA,SI,SI,,,,X,,,SI,SI,,,SI,X,,,,,,SI,X,X,,,,,,SI,SI,SI,,,X,,,,,SI,X,X,X,,,,SI,NO,,,SI,X,,X,X,,,NO,SI,2,SI,X,X,,,,,,,X,X,X,X,X,X,,,,SI,SI,SI,SI,SI,2,X,X,,,,X,,,X,X,X,X,SI,SI,6,SI,2,,X,X,,,X,,,,X,X,X,,,,,,SI,SI,20,SI,X,X,,,,,SI,SI,SI,SI,SI,SI,SI,0,,,SI,NO,,//,SI,SI,SI,SI,SI,X,X,X,X,,,,,024-2024,SI,SI,SI,X,,,,,,,,,X,,SI,,X,,,,,SI,,X,,,,B0,A1,2,040203,040004
0220004,0,063484,3AP,40195,SABANDÍA,YUMINA,NO,,,,,,,,SI,SI,,,SI,X,,,,,,SI,,,,,,X,,NO,,NO,,,,,,,,SI,,X,X,,,,SI,NO,,,NO,,,,,,,SI,SI,8,NO,,,,,,,,,X,X,,,,,,,,SI,SI,SI,SI,SI,6,X,X,,,,,,,X,X,X,,SI,SI,3,SI,3,X,X,,,,,,,,X,,,,X,,,,SI,SI,4,SI,,X,,X,,,SI,SI,SI,SI,SI,SI,SI,0,,,SI,NO,,//,NO,SI,NO,SI,SI,,,X,X,X,,,006-2024,033,SI,SI,NO,,,,,,,,,,,,NO,,,,,,,NO,,,,,,B0,A1,2,040116,040002
1692052,0,775983,3AP,PIEDADES DE CIUDAD DE DIOS,YURA,CIUDAD DE DIOS,NO,,,,,,,,SI,SI,,,SI,X,X,X,X,X,,SI,X,X,,,,,,SI,SI,SI,,,X,,,,,SI,X,X,X,X,,,SI,NO,,,SI,X,X,X,X,,,SI,SI,6,SI,X,X,X,X,,,NO,,X,X,X,,,X,,,,SI,SI,SI,SI,SI,2,X,X,X,X,X,X,,,X,X,X,X,SI,SI,6,SI,2,X,X,X,X,X,X,X,,,X,X,X,X,X,,,,SI,SI,3,SI,X,X,X,,,,SI,SI,SI,SI,SI,SI,SI,1,,,SI,SI,1,15/10/2024,SI,SI,SI,SI,SI,,,X,X,X,,,013,018,SI,SI,NO,,,,,,,,,,,,SI,X,X,X,X,,,SI,X,,,,,B0,B4,1,040128,040001
0311852,0,068132,3AP,40304 ESTAUROFILA NEGRETE,QUICACHA,EL MOLINO,NO,,,,,,,,SI,SI,,,SI,X,,X,,,,SI,X,,,,,,,NO,,SI,,,X,,,,,SI,,X,X,,,,NO,NO,,,SI,X,,X,,,,SI,NO,3,NO,,,,,,,,,X,X,X,X,X,X,,,,SI,SI,SI,SI,SI,4,X,X,X,,,,,,X,X,X,X,SI,SI,1,SI,5,X,X,X,X,X,X,X,,,X,X,X,X,X,,,,NO,SI,7,SI,,X,,,,,SI,SI,SI,SI,SI,SI,SI,0,,,SI,SI,2,12/11/2024,SI,SI,SI,SI,SI,,X,X,,X,,,RD 012-2025,007,SI,SI,SI,,,,,,X,,,,,X,SI,X,,X,,,,SI,X,,,,,B0,A1,2,040312,040004
1281211,0,998672,3AP,ANDRES DE SANTA CRUZ,CERRO COLORADO,ZAMACOLA,NO,,,,,,,,SI,SI,,,SI,X,,,,X,,SI,,,,,,X,,NO,,NO,,,,,,,,SI,X,X,X,X,,,SI,NO,,,SI,X,,X,,,,SI,NO,8,SI,,X,X,X,,,NO,,X,X,X,X,,,,,,SI,SI,SI,SI,SI,5,X,,,X,X,X,,,X,X,X,X,SI,SI,9,SI,9,X,X,X,X,X,X,X,,,X,X,X,X,X,,,,SI,SI,20,SI,X,X,,X,,,SI,SI,SI,SI,SI,SI,SI,0,,,SI,NO,,//,SI,SI,SI,SI,SI,,,X,,X,,,018,014,SI,NO,,,,,,,,,,,,,NO,,,,,,,NO,,,,,,B0,B4,1,040104,040001
0542019,0,060447,3AP,40089,HUNTER,BELLAVISTA,NO,,,,,,,,SI,SI,,,SI,X,,,X,X,,SI,X,X,X,X,,,,SI,SI,NO,,,,,,,,SI,,,,X,,,SI,NO,,,SI,,,X,,,,SI,SI,8,NO,,,,,,,,,X,X,X,,X,,,,,SI,SI,SI,SI,SI,2,X,,X,,,X,,,,,X,,SI,SI,1,NO,,,,,,,X,,,,,,X,,,,,,SI,SI,1,SI,X,,,,,,SI,SI,SI,SI,SI,SI,SI,0,,,SI,NO,,//,NO,SI,SI,SI,SI,,,X,,,,,003,8,SI,SI,NO,,,,,,,,,,,,SI,,X,,,,,SI,,,X,,,B0,A1,1,040107,040002
1337401,0,514556,3AP,ALEXANDER GRAHAM BELL,MARIANO MELGAR,MARIANO MELGAR,NO,,,,,,,,SI,SI,,,SI,,,,,,X,SI,,,,,,X,,SI,SI,SI,,,X,,,,,SI,,X,,X,,,NO,NO,,,SI,X,,,,,,SI,SI,3,NO,,,,,,,NO,,X,X,X,X,X,X,X,,,SI,SI,SI,SI,NO,,X,X,X,X,X,X,,,X,X,X,X,NO,SI,4,SI,2,,,,,,,,,,X,X,,X,X,,,,SI,NO,,SI,,X,,,,,SI,SI,SI,SI,SI,SI,SI,0,,,SI,NO,,//,NO,SI,SI,SI,SI,,,,X,,,,,,,,NO,,,,,,,,,,,,NO,,,,,,,NO,,,,,,B0,B4,1,040109,040002
1631670,0,700964,3AP,INTERNACIONAL SCHOOL,LA JOYA,SAN LUIS LA CANO,NO,,,,,,,,NO,,,,SI,,,,,,X,SI,,,,,,X,,SI,SI,SI,,,,X,,,,SI,,X,X,,,,SI,NO,,,SI,,,X,X,,,SI,SI,1,NO,,,,,,,NO,,X,X,X,X,X,X,X,,,SI,SI,SI,SI,SI,2,X,,,X,,X,,,X,,,X,SI,SI,3,SI,1,,X,,,X,,,,,,X,,,X,,,,SI,SI,3,SI,X,,,,,,SI,SI,SI,SI,SI,SI,SI,0,,,SI,NO,,//,NO,SI,SI,SI,SI,X,X,,X,,,,,,,,NO,,,,,,,,,,,,NO,,,,,,,NO,,,,,,B0,B4,1,040108,040010
1466218,0,562788,3AP,ALMA MATER,CAYMA,,NO,,,,,,,,SI,SI,,,SI,X,,,,X,,SI,X,,,,,,,NO,,NS,,,,,,,,SI,,X,,,,,NO,NO,,,SI,X,,,,,,SI,SI,5,SI,,X,,,,,NO,,,,,,,,,,,SI,SI,NO,NO,,,,X,,X,,,,,X,,,,NO,SI,4,SI,2,,,,,X,,,,,,,X,,,,,,SI,SI,10,SI,,,X,,,,SI,SI,SI,SI,SI,SI,SI,0,,,SI,NO,,//,SI,SI,SI,SI,SI,,,,X,,,,,,,,SI,,X,,,,,,,,X,,SI,,X,,,,,SI,X,,,,,B0,B4,1,040103,040001
1344381,0,068453,3AP,JOHN ANDREWS,CERRO COLORADO,,NO,,,,,,,,NO,,,,SI,,,,,,X,SI,X,,,,,,,NO,,NO,,,,,,,,SI,,,X,,,,NO,NO,,,SI,X,,,,,,SI,SI,8,SI,,,,X,,,SI,1,X,X,X,,,,,,,SI,SI,SI,SI,SI,2,,,,,,X,,,,,,X,SI,SI,4,SI,1,X,,,X,,,,,,,,,,X,,,,SI,SI,2,SI,X,,X,,,,SI,SI,SI,SI,SI,NO,NO,,3,,SI,NO,,//,NO,SI,SI,SI,SI,,,,X,,,,,,,,SI,X,,,,,,,,,X,,SI,,X,,,,,SI,X,,,,,B0,B4,1,040104,040001
0314294,0,073591,3AP,40553 SAN ANTONIO DE PADUA,PUYCA,SUNI,NO,,,,,,,,NO,,,,NO,X,,,,,,SI,X,,,,,,,NO,,NO,,,,,,,,NO,,,,,,,,NO,,,SI,X,,,,,,SI,SI,9,NO,,,,,,,,,X,X,X,,X,X,,,,SI,SI,SI,SI,SI,2,X,,,X,,,,,X,X,X,X,NO,SI,2,SI,3,X,,X,,X,X,X,,,X,,,,X,,,,SI,SI,2,SI,X,,,,,,SI,SI,SI,SI,SI,SI,SI,0,,,SI,NO,,//,NO,SI,SI,SI,NO,,X,,,,,,,,,,,,,,,,,,,,,,NO,,,,,,,SI,X,,,,,B0,A1,2,040806,040009
1334804,0,512604,3AP,NUESTRA SEÑORA DEL DIVINO AMOR,CERRO COLORADO,AREQUIPA,NO,,,,,,,,NO,,,,SI,,,,,,X,SI,X,,,,,,,SI,SI,SI,,,X,,,,,SI,X,,X,,,,SI,NO,,,SI,X,,,,,,SI,SI,3,NO,,,,,,,,,X,X,X,X,X,,X,,,SI,SI,SI,SI,SI,3,X,X,,X,,X,,,X,X,X,,SI,SI,12,SI,6,,,X,X,X,X,X,,,X,X,,X,X,,,,SI,SI,60,SI,X,,X,X,,,SI,SI,SI,SI,SI,SI,SI,1,,,SI,NO,,//,SI,SI,SI,SI,SI,,,X,,X,,,135-2025,089-2025,SI,SI,NO,,,,,,,,,,,,SI,X,,,,,,SI,X,,,,,B0,A4,1,040104,040001
1639749,0,717709,3AP,VIRGEN DE COPACABANA,MARIANO NICOLAS VALCARCEL,SECOCHA,NO,,,,,,,,NO,,,,SI,,,,,,X,SI,X,X,,,,,,NO,,NO,,,,,,,,SI,X,X,,,,,NO,NO,,,NO,,,,,,,SI,NO,6,SI,X,,,,,,NO,,,,,,,,,,,SI,SI,SI,NO,,,X,X,,,,,,,,X,,,SI,SI,4,SI,1,X,,,,,,,,,X,X,,,,,,,NO,SI,1,SI,X,,,,,,SI,SI,SI,NO,SI,SI,SI,0,,,SI,NO,,//,NO,SI,SI,SI,SI,,,,X,,,,,,,,NO,,,,,,,,,,,,NO,,,,,,,SI,X,,,,,B0,B4,1,040203,040003
3042678,0,910702,3AP,VIRGEN DE LAS MARAVILLAS,CERRO COLORADO,AS0C VIRGEN DE COPACABANA,NO,,,,,,,,NO,,,,SI,,,,,,X,SI,X,,,,,,,NO,,NO,,,,,,,,SI,,,X,,,,NO,NO,,,NO,,,,,,,SI,NO,9,NO,,,,,,,,,X,,X,,,,,,,SI,SI,SI,SI,NO,,X,,,X,,,,,X,,X,X,NO,SI,1,SI,1,,X,,,,,,,,X,X,,,,,,,NO,SI,3,SI,X,X,,,,,SI,SI,NO,SI,SI,SI,SI,0,,,NO,,,//,SI,SI,NO,SI,SI,X,,,,,,,,,,,NO,,,,,,,,,,,,NO,,,,,,,NO,,,,,,B0,A4,1,040104,040001
0695015,0,062427,3AP,40263,MOLLEBAYA,MACHAHUAY,NO,,,,,,,,SI,SI,,,NO,X,,,,,,SI,X,X,,X,,,,SI,SI,SI,,,X,,,,,SI,X,X,X,X,,,SI,NO,,,SI,X,,X,,,,SI,SI,8,SI,X,,,,,,NO,,X,X,X,X,X,X,,,,SI,SI,SI,SI,SI,3,X,,,,X,,,,X,X,X,X,NO,SI,2,SI,1,,,,,X,,,,,,X,X,X,X,,,,SI,SI,2,SI,,X,,,,,SI,SI,SI,SI,SI,NO,SI,1,,,SI,NO,,//,NO,SI,SI,SI,SI,,,X,,,,,10,,SI,SI,NO,,,,,,,,,,,,SI,,,X,,,,NO,,,,,,B0,A1,1,040111,040002
1419456,0,514617,3AP,SANTO CATOLICO DON BOSCO,HUNTER,AREQUIPA,NO,,,,,,,,SI,SI,,,SI,,,,,,X,SI,X,,,,,,,NO,,SI,,,X,,,,,SI,,X,X,X,,,NO,NO,,,NO,,,,,,,SI,NO,8,SI,X,X,,,,,NO,,X,X,X,,X,X,X,,,SI,SI,SI,SI,SI,2,X,X,X,X,,X,,,X,X,X,X,SI,SI,6,SI,1,,X,,,X,X,,,,,X,X,,X,,,,SI,SI,6,SI,X,X,,X,,,SI,SI,SI,SI,SI,SI,SI,0,,,SI,NO,,//,SI,SI,SI,SI,SI,,,X,,,,,016,16,SI,SI,NO,,,,,,,,,,,,SI,,,X,,,,SI,,,X,,,B0,B4,1,040107,040002
0891697,0,066595,3AP,GRUPO MEGA,CAMANA,CAMANA,NO,,,,,,,,SI,SI,,,SI,,,,,,X,SI,,,,,,X,,SI,SI,NS,,,,,,,,SI,X,X,X,,,,SI,SI,1,0,NO,,,,,,,SI,NO,2,NO,,,,,,,NO,,X,X,X,,X,X,X,,,SI,SI,SI,SI,NO,,X,X,X,,,X,,,X,,X,,NO,SI,8,SI,4,,,X,X,,X,X,,,X,,,,X,,,,SI,SI,16,SI,X,X,,X,,,SI,SI,SI,SI,SI,SI,SI,1,,,SI,NO,,//,SI,SI,SI,SI,SI,X,,X,,,,,015,,SI,NO,NO,,,,,,,,,,,,NO,,,,,,,NO,,,,,,B0,B4,1,040201,040003
1802016,0,864106,3AP,PALMER DE MARIANO MELGAR,MARIANO MELGAR,MARIANO MELGAR,NO,,,,,,,,SI,SI,,,SI,,,,X,,,SI,,,,,,X,,NO,,NO,,,,,,,,NO,,,,,,,,NO,,,NO,,,,,,,SI,NO,8,NO,,,,,,,NO,,X,,,,,,,,,SI,SI,SI,SI,SI,2,X,X,,,,,,,X,X,X,,NO,NO,,SI,1,,X,,,,,,,,,X,,,,,,,NO,NO,,SI,X,X,,,,,SI,SI,SI,NO,SI,SI,SI,0,,,SI,NO,,//,SI,SI,SI,SI,SI,,,X,,,,,020,003,SI,NO,NO,,,,,,,,,,,,NO,,,,,,,NO,,,,,,B0,B4,1,040109,040002
0844654,0,561675,3AP,40201 TECNICO AGROPECUARIO LA COLINA,MAJES,SANTA MARIA DE LA COLINA,NO,,,,,,,,SI,NO,1,,SI,X,,,X,,,SI,X,,,,,,,SI,SI,SI,,,X,,,,,SI,,X,X,,,,SI,NO,,,SI,X,,X,X,,,SI,SI,9,SI,X,X,X,,,,,,X,X,X,X,X,X,X,,,SI,SI,SI,SI,SI,3,X,,X,X,X,X,,,X,,X,,SI,SI,13,SI,2,X,,,,X,X,,,,X,X,X,,,,,,SI,SI,6,SI,X,X,,,,,SI,SI,SI,SI,SI,SI,SI,0,,,SI,SI,3,12/10/2024,NO,SI,SI,SI,SI,X,,X,X,X,,,022,,SI,NO,NO,,,,,,,,,,,,SI,,X,,,,,NO,,,,,,B0,A1,1,040520,040010
0219220,0,064884,3AP,40115 AURORA CASAS CASTRO,VITOR,PIE DE LA CUESTA,NO,,,X,,,,,SI,SI,,,SI,,,,,,X,SI,,,,,,X,,NO,,SI,,X,,,,,,SI,X,,X,,,,SI,NO,,,SI,X,,X,,,,SI,SI,8,SI,,X,X,X,X,VISITAS A SUS HOGARES,,,X,,X,X,X,X,,,,SI,SI,NO,NO,SI,2,X,,,X,,,,,X,X,X,X,SI,SI,1,SI,2,,X,,,X,,X,,,X,X,,,,,,,NO,SI,5,SI,,,X,,,,SI,SI,SI,SI,SI,SI,SI,0,,,SI,NO,,//,NO,SI,SI,SI,NO,,,,X,,,,,,,,NO,,,,,,,,,,,,NO,,,,,,,NO,,,,,,B0,A1,2,040125,040010
1335124,0,849880,3AP,FARADAY,AREQUIPA,AREQUIPA,NO,,,,,,,,SI,NO,3,,SI,,,,,,X,SI,X,,,,,,,NO,,NO,,,,,,,,NO,,,,,,,,NO,,,SI,,,X,,,,SI,SI,2,SI,X,,,X,,,SI,10,X,X,X,,X,X,X,,,SI,SI,SI,SI,SI,4,X,X,,X,,,,,X,X,X,X,SI,SI,6,SI,1,,,,,,,X,,,X,X,X,X,X,,,,SI,SI,35,SI,X,X,X,X,,,SI,SI,SI,SI,SI,SI,SI,2,,,SI,SI,1,1/4/2024,NO,SI,NO,NO,SI,X,,X,,X,,,,02-2025,SI,NO,NO,,,,,,,,,,,,NO,,,,,,,NO,,,,,,B0,B4,1,040101,040001
0678789,0,059887,3AP,BRUNING HANS HEIMBRICH,CERRO COLORADO,,NO,,,,,,,,NO,,,,SI,,,,,,X,SI,X,,,,,,,NO,,NO,,,,,,,,NO,,,,,,,,NO,,,SI,X,,X,,,,SI,NO,8,NO,,,,,,,NO,,X,X,X,,,,X,,,SI,SI,SI,SI,SI,2,X,X,,X,,,,,X,X,,,SI,SI,6,SI,1,,,,,X,X,,,,X,,X,,X,,,,SI,SI,2,SI,,X,,X,,,SI,SI,SI,NO,SI,SI,SI,0,,,SI,NO,,//,SI,SI,NO,SI,SI,,,X,X,X,,,,045,SI,SI,NO,,,,,,,,,,,,SI,,X,X,X,,,SI,X,,,,,B0,B4,1,040104,040001
0287490,0,055436,3AP,41005 HEROES DE ANGAMOS,AREQUIPA,URBANIZACION OBANDO,NO,,,,,,,,SI,SI,,,SI,X,,,X,X,,SI,X,,X,,,,,NO,,NS,,,,,,,,SI,,X,,,,,NO,NO,,,SI,X,,,,,,SI,SI,6,SI,,,,X,,,,,X,X,X,X,X,,,,,SI,SI,SI,SI,SI,2,,X,,X,,,,,X,,,,SI,SI,6,SI,7,X,X,X,,X,X,,,,,X,,X,,,,,SI,SI,2,SI,,,,X,,,SI,SI,SI,SI,SI,SI,SI,0,,,SI,NO,,//,SI,SI,SI,SI,SI,,,X,,X,,,016-DIE-HDA,,SI,NO,NO,,,,,,,,,,,,NO,,,,,,,NO,,,,,,B0,A1,1,040101,040001
1371111,0,060169,3AP,DIVINA MISERICORDIA,CERRO COLORADO,ALTO LIBERTAD,NO,,,,,,,,NO,,,,SI,,,,,,X,SI,X,,,,,,,SI,NO,NO,,,,,,,,SI,,X,,,,,SI,NO,,,NO,,,,,,,SI,SI,8,SI,,X,X,,,,NO,,X,,X,,,,,,,SI,SI,SI,SI,SI,1,,X,,,,X,,,X,,,,SI,SI,6,SI,1,,X,,,,,,,,,X,X,,,,,,SI,NO,,SI,X,X,X,,,,SI,SI,SI,SI,SI,NO,SI,0,,,SI,NO,,//,NO,SI,NO,NO,SI,X,,,,,,,,,,,,,,,,,,,,,,,SI,,X,,,,,SI,X,,,,,B0,B4,1,040104,040001
1608413,0,671985,3AP,PACIFICO SCHOOL,CAYMA,ACEQUIA ALTA,NO,,,,,,,,SI,SI,,,SI,X,,,,,,SI,X,,,,,,,SI,SI,SI,,,X,,,,,SI,,,,X,,,NO,NO,,,SI,X,,X,,,,SI,NO,8,SI,,,X,,,,SI,10,X,,X,X,X,X,,,,SI,SI,SI,SI,SI,4,X,X,,X,,,,,X,X,X,,SI,SI,10,SI,4,X,X,X,,,,,,,X,X,,X,,,,,SI,SI,6,SI,X,X,,,,,SI,SI,SI,SI,SI,SI,SI,2,,,SI,NO,,//,SI,SI,SI,SI,SI,,X,,,,,,,,,,,,,,,,,,,,,,SI,,X,,,,,SI,X,,,,,B0,B4,1,040103,040001
0219857,0,062564,3AP,40180,PAUCARPATA,JESUS MARIA,NO,,,,,,,,SI,SI,,,SI,,,,X,,,SI,X,,X,,,,,NO,,NS,,,,,,,,SI,X,X,X,,,,NO,NO,,,SI,X,,X,X,,,SI,SI,6,SI,X,,,,,,,,X,X,X,X,,,,,,SI,SI,NO,SI,SI,5,X,X,,X,X,,,,X,X,X,X,SI,SI,13,SI,2,,,,,,X,,,,,X,,X,X,,,,NO,NO,,SI,,X,,X,,,SI,SI,SI,NO,SI,NO,SI,0,,,SI,NO,,//,NO,SI,SI,SI,NO,,,X,,X,,,041,,SI,NO,NO,,,,,,,,,,,,NO,,,,,,,NO,,,,,,B0,A1,1,040112,040002
0796862,0,070371,3AP,40097 REPUBLICA DE CANADA,MAJES,BELLO HORIZONTE,NO,,,,,,,,SI,SI,,,SI,X,,,X,,,SI,X,,X,,,,,NO,,SI,,,X,,,,,SI,,X,X,,,,SI,NO,,,SI,X,,,,X,VACUNACIONES,NO,NO,8,SI,,X,X,X,,,NO,,X,X,X,X,X,X,,,,SI,SI,SI,SI,SI,3,,X,,X,,X,,,X,X,X,X,NO,SI,5,SI,2,,X,,,,X,X,,,X,X,X,,X,,,,SI,SI,4,SI,,X,,,,,SI,SI,SI,SI,SI,NO,SI,0,,,SI,SI,2,10/10/2024,NO,SI,SI,SI,NO,,,X,,X,,,010,,SI,NO,NO,,,,,,,,,,,,NO,,,,,,,NO,,,,,,B0,A1,2,040520,040010
0313916,0,073237,3AP,40515 SAN SEBASTIAN,CHARCANA,CHARCANA,NO,,,,,,,,NO,,,,SI,,,,,,X,SI,,,,,,X,,NO,,NS,,,,,,,,NO,,,,,,,,NO,,,NO,,,,,,,SI,NO,8,NO,,,,,,,,,,,,,,,,,,NO,,,,,,X,,,,,,,,,,X,,NO,SI,6,SI,2,,,X,,,,,,,X,,,,,,,,NO,SI,5,NO,,,X,,,,SI,SI,SI,SI,SI,NO,NO,,3,,NO,,,//,SI,SI,NO,SI,SI,X,,,,,,,,,,,,,,,,,,,,,,,NO,,,,,,,NO,,,,,,B0,A1,2,040803,040009
0312561,0,069631,3AP,40375 MARIA AUXILIADORA,CHIVAY,CHIVAY,NO,,,,,,,,SI,SI,,,SI,X,,,X,,,SI,X,,X,,X,,,NO,,SI,,,X,,,,,SI,,X,X,,X,OLIMPIADAS DEPORTIVAS CON PADRES DE FAMILIA,SI,NO,,,SI,X,X,,,,,SI,SI,5,SI,,X,X,X,,,,,X,X,X,X,,X,,,,SI,SI,SI,SI,SI,3,X,X,X,,,X,,,,X,X,,SI,SI,16,SI,1,,X,,,,X,X,,,X,X,,X,X,,,,NO,SI,3,SI,,,X,,,,SI,SI,SI,SI,SI,SI,SI,0,,,SI,NO,,//,NO,SI,SI,SI,SI,,,X,,X,X,POLICIA ESCOLAR,,181-2024,SI,NO,NO,,,,,,,,,,,,NO,,,,,,,NO,,,,,,B0,A1,1,040501,040006
0219402,0,061814,3AP,40133 CIRIACO VERA PEREA,MIRAFLORES,EDIFICADORES MISTI,NO,,,,,,,,SI,SI,,,SI,,,,,,X,SI,,X,X,,,,,NO,,NO,,,,,,,,SI,,X,X,,,,NO,NO,,,SI,X,X,,X,,,SI,SI,8,NO,,,,,,,,,X,X,X,X,X,X,,,,SI,SI,SI,SI,SI,2,X,X,,X,,X,,,X,X,X,,SI,SI,7,SI,1,,,,,,X,,,,X,X,,X,,,,,SI,SI,3,SI,X,,X,X,,,SI,SI,SI,SI,SI,SI,SI,0,,,SI,NO,,//,NO,SI,SI,SI,SI,,,X,,X,,,010/25,013,SI,SI,NO,,,,,,,,,,,,SI,,,X,,,,SI,X,,,,,B0,A1,1,040110,040002
1119874,0,059255,3AP,CRISTIAN BARNARD,CAYMA,FRANCISCO BOLOGNESI,NO,,,,,,,,SI,SI,,,SI,,,,X,,,SI,X,X,,,,,,NO,,NO,,,,,,,,SI,,,X,,,,SI,NO,,,NO,,,,,,,SI,SI,8,SI,X,X,,,,,NO,,X,,X,,,,,,,SI,SI,NO,SI,SI,2,X,X,X,,,,,,X,X,,,SI,SI,8,SI,2,X,,X,,,,,,,,X,X,,,,,,SI,SI,6,SI,X,,X,,,,SI,SI,SI,SI,NO,,NO,,4,,NO,SI,8,4/6/2024,NO,SI,NO,SI,SI,,,,X,,,,,,,,NO,,,,,,,,,,,,NO,,,,,,,NO,,,,,,B0,B4,1,040103,040001
1338110,0,550993,3AP,THOMAS A. EDISON SCHOOL,PAUCARPATA,PAUCARPATA,NO,,,,,,,,SI,SI,,,SI,,,,,,X,SI,,,,,,X,,SI,SI,SI,,,X,,,,,SI,,X,,X,,,NO,NO,,,SI,X,,,,,,SI,SI,3,NO,,,,,,,NO,,X,X,X,X,X,X,X,,,SI,SI,SI,SI,NO,,X,X,X,X,X,X,,,X,X,X,X,NO,SI,4,SI,2,,,,,,,,,,X,X,,X,X,,,,SI,NO,,SI,,X,,,,,SI,SI,SI,SI,SI,SI,SI,0,,,SI,NO,,//,NO,SI,SI,SI,SI,,,,X,,,,,,,,NO,,,,,,,,,,,,NO,,,,,,,NO,,,,,,B0,B4,1,040112,040002
1339381,0,812278,3AP,EDWARD NORTON,SOCABAYA,AREQUIPA,NO,,,,,,,,SI,SI,,,SI,X,,,X,X,,SI,X,,,X,,,,NO,,NO,,,,,,,,SI,,X,X,X,,,SI,NO,,,SI,X,,,,,,SI,NO,8,NO,,,,,,,NO,,,,,,,,,,,SI,SI,NO,NO,,,X,X,,X,,,,,X,X,X,,SI,SI,6,NO,,,,,,,,,,,X,X,,,,,,,SI,SI,3,SI,,X,,,,,SI,SI,SI,SI,SI,SI,SI,0,,,SI,NO,,//,SI,SI,SI,SI,SI,X,,X,,X,,,3,3,SI,SI,NO,,,,,,,,,,,,NO,,,,,,,NO,,,,,,B0,B4,1,040122,040002
0898528,0,060089,3AP,VIRGEN DEL ROSARIO,CERRO COLORADO,AREQUIPA,NO,,,,,,,,SI,SI,,,SI,X,,,,,,SI,X,,,,,,,SI,SI,SI,,,X,,,,,SI,,X,X,X,,,SI,NO,,,SI,,,,,X,CAMPAÑA DE VACUNACION,SI,SI,8,SI,X,X,X,X,,,NO,,X,X,X,X,X,X,X,,,SI,SI,SI,SI,SI,4,X,X,X,X,X,X,,,X,X,X,X,SI,SI,6,SI,10,X,X,X,X,X,X,X,,,,X,X,X,X,,,,SI,SI,1,SI,X,X,X,X,,,SI,SI,SI,SI,SI,SI,SI,0,,,SI,NO,,//,SI,SI,SI,SI,SI,,,X,,X,,,0113-2024-IEPVR,0114-2024-IEPVR,SI,SI,NO,,,,,,,,,,,,NO,,,,,,,NO,,,,,,B0,B4,1,040104,040001
0307629,0,065812,3AP,COLEGIO PARTICULAR MIXTO SANTA CLARA,JOSE LUIS BUSTAMANTE Y RIVERO,AREQUIPA,NO,,,,,,,,SI,NO,3,,SI,X,,,X,,,SI,X,,,X,,,,SI,SI,SI,,,X,,,,,SI,X,X,X,,,,SI,NO,,,SI,,,,,X,CAMPAÑA DE VACUNACION,SI,SI,5,SI,X,X,X,X,,,SI,13,X,X,X,X,X,X,X,,,SI,SI,SI,SI,SI,2,,X,X,X,,X,,,X,X,X,,SI,SI,18,NO,,,,,,,,,,,X,X,,,,,,,SI,SI,40,SI,X,X,,X,,,SI,SI,SI,SI,SI,SI,SI,1,,,SI,SI,1,24/9/2024,SI,SI,SI,SI,SI,X,X,X,,X,,,,064,SI,SI,NO,,,,,,,,,,,,SI,X,,,,,,SI,X,X,,,,B0,B4,1,040129,040002
0311191,0,066755,3AP,40234 JUAN PABLO II,MARIANO NICOLÁS VALCÁRCEL,URASQUI,NO,,,,,,,,SI,NO,1,,SI,X,,,X,,,SI,X,X,,,,,,NO,,SI,,,X,,,,,SI,,,X,,,,SI,NO,,,SI,X,,,,,,SI,NO,9,NO,,,,,,,,,X,X,X,X,X,X,,,,SI,SI,NO,SI,SI,2,X,X,,X,X,,,,X,X,X,X,SI,SI,10,SI,5,X,X,X,,X,X,,,,X,X,,X,,,,,SI,SI,8,SI,X,X,,X,,,SI,SI,SI,SI,SI,SI,SI,0,,,SI,SI,1,17/12/2024,NO,SI,SI,SI,SI,X,,X,,,,,084-2024,,SI,SI,NO,,,,,,,,,,,,NO,,,,,,,SI,X,,,,,B0,A1,2,040203,040003
0472191,0,061197,3AP,40076,MARIANO MELGAR,MARIANO BUSTAMANTE,NO,,,,,,,,SI,SI,,,SI,,,,,,X,SI,,,X,,,,,NO,,NO,,,,,,,,SI,,X,X,X,,,SI,SI,2,,NO,,,,,,,SI,SI,8,SI,,,,X,,,,,X,,X,X,X,X,,,,SI,SI,SI,SI,NO,,X,X,,X,X,X,,,X,X,X,,SI,SI,6,NO,,,,,,,,,,,,X,X,X,X,,,,SI,SI,5,SI,X,X,,,,,SI,SI,SI,SI,SI,NO,NO,,1,,SI,NO,,//,NO,SI,NO,SI,SI,,,X,,,,,RD 32-2025,,NO,,NO,,,,,,,,,,,,NO,,,,,,,NO,,,,,,B0,A1,1,040109,040002
0472282,0,064087,3AP,40256 CARLOS MANCHEGO RENDON,SOCABAYA,4 DE OCTUBRE,NO,,,,,,,,SI,SI,,,SI,,,,,,X,SI,X,,,,,,,NO,,NO,,,,,,,,NO,,,,,,,,NO,,,SI,X,X,X,,,,SI,NO,8,NO,,,,,,,,,X,X,X,,X,X,,,,SI,SI,SI,SI,NO,,X,X,X,,,,,,X,X,X,,SI,NO,,SI,2,X,X,,,,,,,,X,X,,,,,,,NO,NO,,NO,,,X,X,,,SI,SI,SI,SI,SI,SI,SI,2,,,SI,SI,2,5/5/2024,SI,SI,SI,SI,SI,,,,X,,,,,,,,NO,,,,,,,,,,,,NO,,,,,,,SI,X,,,,,B0,A1,1,040122,040002
1654581,0,735954,3AP,MONTE CARMELO,SAMUEL PASTOR,SAMUEL PASTOR,NO,,,,,,,,SI,SI,,,SI,,,,,,X,SI,X,,X,,,,,NO,,NO,,,,,,,,SI,X,X,,,,,NO,NO,,,SI,X,,,,,,SI,SI,4,SI,X,,X,,,,NO,,X,X,,,X,,,,,SI,SI,SI,SI,NO,,X,,X,X,,,,,X,,X,,SI,SI,2,SI,1,X,,,X,,,,,,X,,X,,,,,,SI,SI,1,SI,X,,,,,,SI,SI,SI,SI,SI,SI,SI,0,,,SI,NO,,//,SI,SI,SI,SI,SI,X,,,X,,,,,,,,NO,,,,,,,,,,,,NO,,,,,,,NO,,,,,,B0,B4,1,040208,040003
1032333,0,526045,3AP,STANFORD,AREQUIPA,AREQUIPA,NO,,,,,,,,SI,SI,,,SI,,,,,,X,SI,,,,,,X,,SI,SI,NO,,,,,,,,SI,X,X,,,,,NO,NO,,,SI,X,X,,,,,SI,SI,2,SI,,X,X,,,,NO,,X,X,,,,,,,,SI,SI,SI,SI,SI,2,X,X,,,,,,,X,X,,,SI,SI,6,SI,1,,X,X,,,,,,,X,X,,,,,,,SI,SI,3,SI,X,,,X,,,SI,SI,SI,SI,SI,SI,SI,1,,,SI,SI,2,12/11/2024,NO,SI,SI,SI,SI,X,,,,,,,,,,,,,,,,,,,,,,,NO,,,,,,,NO,,,,,,B0,B4,1,040101,040001
0286674,0,073874,3AP,40563,TORO,CHAUCALLA,NO,,,,,,,,NO,,,,SI,,,,,,X,SI,,,,,,X,,NO,,NO,,,,,,,,NO,,,,,,,,NO,,,NO,,,,,,,SI,NO,8,NO,,,,,,,,,,,,,,,,,,NO,,,,,,X,,,,,,,,,,X,,NO,SI,1,SI,2,,X,,,,,,,,X,,,,,,,,SI,SI,4,NO,,,X,,,,SI,SI,NO,SI,SI,NO,NO,,3,,NO,,,//,SI,SI,NO,SI,SI,X,,,,,,,,,,,,,,,,,,,,,,,NO,,,,,,,NO,,,,,,B0,A1,2,040811,040009
0307124,0,062842,3AP,JESUS NAZARENO,PAUCARPATA,PUEBLO TRADICIONAL,SI,SI,,,,X,,,SI,SI,,,SI,,,,,,X,SI,X,X,X,,X,,,NO,,SI,,,X,,,,,SI,,,X,,,,NO,NO,,,SI,X,X,X,X,,,SI,SI,8,NO,,,,,,,,,X,X,X,X,X,X,,,,SI,SI,SI,SI,SI,3,X,X,X,X,X,X,,,X,X,X,X,SI,SI,6,SI,3,,X,,,X,X,,,,X,X,,X,X,,,,SI,SI,24,SI,X,X,,X,,,SI,SI,SI,SI,SI,SI,SI,0,,,SI,NO,,//,NO,SI,SI,SI,SI,X,X,X,X,X,,,118-2025,,SI,SI,NO,,,,,,,,,,,,SI,,,X,,,,NO,,,,,,B0,A4,1,040112,040002
0589085,0,059514,3AP,40106 JUAN SANTOS ATAHUALPA,CERRO COLORADO,JOSE SANTOS ATAHUALPA,NO,,,,,,,,SI,NO,1,,SI,,,,,,X,SI,X,X,,,,,,NO,,SI,,,X,,,,,SI,,,X,,,,NO,NO,,,SI,X,,X,,,,SI,SI,6,SI,,,,X,,,,,X,X,X,X,X,X,,,,SI,SI,SI,SI,SI,9,X,X,,X,X,X,,,X,X,X,X,SI,SI,7,SI,1,X,X,,,X,X,,,,X,X,,,X,,,,SI,SI,7,SI,X,X,,X,,,SI,SI,SI,SI,SI,SI,SI,0,,,SI,SI,4,26/6/2024,NO,SI,SI,SI,NO,,,X,,X,,,108,098,SI,SI,NO,,,,,,,,,,,,SI,,X,,,,,SI,X,,,,,B0,A1,1,040104,040001
1703693,0,786383,3AP,JOULE CIUDAD MUNICIPAL,CERRO COLORADO,AREQUIPA,NO,,,,,,,,NO,,,,SI,,,,,,X,SI,,,,,,X,,SI,SI,NO,,,,,,,,SI,,X,X,,,,SI,NO,,,NO,,,,,,,SI,NO,3,SI,,,,X,,,NO,,X,X,X,X,X,X,X,,,SI,SI,SI,SI,SI,2,,X,,X,,X,,,X,X,X,X,SI,SI,6,SI,1,,X,X,,X,X,X,,,,X,X,,,,,,SI,SI,2,SI,X,X,,,,,SI,SI,SI,SI,SI,SI,SI,0,,,SI,NO,,//,SI,SI,SI,SI,SI,X,X,X,X,X,,,11,,SI,SI,NO,,,,,,,,,,,,NO,,,,,,,NO,,,,,,B0,B4,1,040104,040001
0314179,0,073256,3AP,40541 SANTA ROSA DE LIMA,CHARCANA,ANDAMARCA,NO,,,,,,,,NO,,,,SI,,,,,,X,SI,,,,,,X,,NO,,NO,,,,,,,,NO,,,,,,,,NO,,,NO,,,,,,,SI,NO,8,NO,,,,,,,,,,,,,,,,,,NO,,,,,,,,,X,,,,,,,X,,NO,SI,1,SI,1,,X,,,,,,,,X,,,,,,,,NO,NO,,NO,,,X,,,,SI,SI,NO,SI,SI,NO,NO,,3,,NO,,,//,SI,SI,NO,NO,NO,X,,,,,,,,,,,,,,,,,,,,,,,NO,,,,,,,NO,,,,,,B0,A1,2,040803,040009
0313999,0,073402,3AP,40523 JUAN LUIS SOTO MOTTA,PAMPAMARCA,MUNGUI,SI,SI,,,X,,,,NO,,,,SI,,,,,,X,SI,,,,X,,,,NO,,NO,,,,,,,,SI,,,X,,,,SI,NO,,,SI,,,X,,,,NO,SI,8,SI,,,X,,,,NO,,X,,,,,,,,,NO,,,NO,NO,,,,,X,,,,,X,,,,NO,SI,1,NO,,,X,,,,,,,,X,X,X,X,X,,,,SI,NO,,SI,,,X,,,,SI,SI,SI,SI,SI,SI,SI,0,,,SI,NO,,//,NO,NO,,SI,SI,X,,,,,,,,,,,NO,,,,,,,,,,,,NO,,,,,,,NO,,,,,,B0,A1,2,040805,040009
1202795,0,060145,3AP,VINCENT VAN GOGH,CERRO COLORADO,LA LIBERTAD,NO,,,,,,,,SI,SI,,,SI,,,,,,X,SI,,,,,,X,,NO,,NO,,,,,,,,NO,,,,,,,,NO,,,NO,,,,,,,SI,NO,8,NO,,,,,,,SI,1,,,,,,,,,,NO,,,,,,,,X,,,,,,X,X,,,NO,SI,3,SI,1,,,X,,,,,,,X,,,,,,,,NO,NO,,NO,X,,,,,,SI,SI,NO,NO,NO,,SI,0,,,SI,NO,,//,NO,NO,,NO,NO,X,,,,,,,,,,,,,,,,,,,,,,,NO,,,,,,,NO,,,,,,B0,B4,1,040104,040001
1781244,0,849540,3AP,SAN PABLO GM,MARIANO MELGAR,GENERALISIMO SAN MARTIN,NO,,,,,,,,NO,,,,SI,,,,,,X,SI,,,,,,X,,SI,SI,NO,,,,,,,,SI,,X,X,,,,SI,NO,,,NO,,,,,,,SI,NO,3,SI,,,,X,,,NO,,X,X,X,X,X,X,X,,,SI,SI,SI,SI,SI,2,,X,,X,,X,,,X,X,X,X,SI,SI,6,SI,1,,X,X,,X,X,X,,,,X,X,,,,,,SI,SI,2,SI,X,X,,,,,SI,SI,SI,SI,SI,SI,SI,0,,,SI,NO,,//,SI,SI,SI,SI,SI,X,X,X,X,X,,,11,,SI,SI,NO,,,,,,,,,,,,NO,,,,,,,NO,,,,,,B0,B4,1,040109,040002
0897744,0,057440,3AP,SAMUEL ORTON,AREQUIPA,GENERALISIMO SAN MARTIN,NO,,,,,,,,NO,,,,SI,,,,,,X,SI,,,,,,X,,SI,SI,NO,,,,,,,,SI,,X,X,,,,SI,NO,,,NO,,,,,,,SI,NO,3,SI,,,,X,,,NO,,X,X,X,X,X,X,X,,,SI,SI,SI,SI,SI,2,,X,,X,,X,,,X,X,X,X,SI,SI,6,SI,1,,X,X,,X,X,X,,,,X,X,,,,,,SI,SI,2,SI,X,X,,,,,SI,SI,SI,SI,SI,SI,SI,0,,,SI,NO,,//,SI,SI,SI,SI,SI,X,X,X,X,X,,,11,,SI,SI,NO,,,,,,,,,,,,NO,,,,,,,NO,,,,,,B0,B4,1,040101,040001
1761170,0,833898,3AP,SAN MATEO ANGLICAN SCHOOL SEDE ALTO LIBERTAD,CERRO COLORADO,,NO,,,,,,,,SI,SI,,,SI,,,,,,X,SI,X,,,,,,,NO,,NO,,,,,,,,SI,,X,,,,,NO,NO,,,SI,X,,X,,,,SI,SI,8,NO,,,,,,,NO,,,X,X,,,,,,,SI,SI,SI,SI,SI,2,X,,,,,X,,,X,,,X,NO,SI,2,NO,,,X,,,,,,,,,,,X,,,,,SI,SI,1,SI,,,X,,,,SI,SI,SI,SI,SI,SI,SI,0,,,SI,NO,,//,NO,SI,SI,SI,SI,,,,X,,,,,,,,NO,,,,,,,,,,,,NO,,,,,,,NO,,,,,,B0,B4,1,040104,040001
1548981,0,630396,3AP,JOHN FORBES,CERRO COLORADO,,NO,,,,,,,,NO,,,,SI,,,,,,X,SI,X,,,,,,,NO,,NO,,,,,,,,NO,,,,,,,,NO,,,NO,,,,,,,SI,SI,6,SI,,X,,,,,NO,,,,,,,,,,,SI,SI,NO,NO,NO,,,,,,,X,,,X,,,,NO,NO,,NO,,,,,,,,,,,,X,,,,,,,NO,SI,7,SI,,,X,,,,SI,SI,NO,SI,SI,NO,SI,1,,,SI,NO,,//,SI,SI,NO,SI,NO,,,X,,,,,,025,SI,NO,,,,,,,,,,,,,SI,X,,,,,,NO,,,,,,B0,B4,1,040104,040001
0619387,0,061140,3AP,JESUS,LA JOYA,LA JOYA,NO,,,,,,,,SI,SI,,,SI,X,,,X,,,SI,X,X,,,,,,NO,,SI,,,X,,X,,,SI,X,X,X,X,X,RETIROS ESPIRITUALES,SI,NO,,,SI,X,,X,,,,SI,SI,5,NO,,,,,,,SI,6,X,X,X,X,X,X,X,,,SI,SI,SI,SI,SI,3,X,X,X,X,X,,,,X,X,X,X,SI,SI,8,SI,4,,X,X,X,X,X,X,,,X,X,X,X,X,,,,SI,SI,20,SI,X,X,,X,,,SI,SI,SI,SI,SI,SI,SI,0,,,SI,NO,,//,SI,SI,SI,SI,SI,X,,X,X,X,,,53,110,SI,SI,SI,,,X,,X,X,,,,,X,SI,,X,X,X,,,SI,X,,X,,,B0,B2,1,040108,040010
1767755,0,838301,3AP,SAGRADA FAMILIA DE APIPA,CERRO COLORADO,,NO,,,,,,,,SI,SI,,,SI,,,,,,X,SI,X,,,,,,,NO,,NO,,,,,,,,SI,,X,,,,,NO,NO,,,SI,X,,X,,,,SI,SI,8,NO,,,,,,,NO,,,X,X,,,,,,,SI,SI,SI,SI,SI,2,X,,,,,X,,,X,,,X,NO,SI,2,NO,,,X,,,,,,,,,,,X,,,,,SI,SI,1,SI,,,X,,,,SI,SI,SI,SI,SI,SI,SI,0,,,SI,NO,,//,NO,SI,SI,SI,SI,,,,X,,,,,,,,NO,,,,,,,,,,,,NO,,,,,,,NO,,,,,,B0,B4,1,040104,040001
1354851,0,522684,3AP,AMERICAN SCHOOL,PAUCARPATA,PAUCARPATA,NO,,,,,,,,SI,SI,,,SI,,,,,,X,SI,,,,,,X,,SI,SI,SI,,,X,,,,,SI,,X,,X,,,NO,NO,,,SI,X,,,,,,SI,SI,3,NO,,,,,,,NO,,X,X,X,X,X,X,X,,,SI,SI,SI,SI,NO,,X,X,X,X,X,X,,,X,X,X,X,NO,SI,4,SI,2,,,,,,,,,,X,X,,X,X,,,,SI,NO,,SI,,X,,,,,SI,SI,SI,SI,SI,SI,SI,0,,,SI,NO,,//,NO,SI,SI,SI,SI,,,,X,,,,,,,,NO,,,,,,,,,,,,NO,,,,,,,NO,,,,,,B0,B4,1,040112,040002
0220251,0,064073,3AP,I.E.40221 CORAZON DE JESUS,SOCABAYA,PUEBLO VIEJO,NO,,,,,,,,SI,NO,1,,SI,X,X,,,,,SI,X,X,X,,,,,NO,,SI,,X,,,,,,SI,,X,X,,,,SI,SI,,1,SI,X,X,X,X,,,SI,SI,3,SI,X,X,,X,,,,,X,X,X,X,X,X,,,,SI,SI,SI,SI,SI,4,X,X,X,X,X,X,,,X,X,X,X,SI,NO,,NO,,,,,,,,,,,,,,,,,X,,SI,NO,,SI,X,X,X,X,,,SI,SI,SI,SI,SI,SI,SI,4,,,SI,SI,4,1/7/2024,SI,SI,SI,SI,SI,,,X,X,,,,6,100,SI,SI,NO,,,,,,,,,,,,NO,,,,,,,SI,X,,,,,B0,A1,1,040122,040002
0219782,0,065628,3AP,40171 SANTISIMA VIRGEN DE FATIMA,JOSE LUIS BUSTAMANTE Y RIVERO,COOPERATIVA 58,NO,,,,,,,,SI,SI,,,SI,,,,,,X,SI,X,,,,,,,NO,,SI,,,X,,,,,SI,,,X,,,,NO,SI,1,0,SI,X,,,,,,SI,SI,8,SI,,,X,,,,,,X,X,X,X,,,,,,SI,SI,SI,SI,SI,3,,X,,X,,,,,X,,X,,SI,SI,6,SI,1,,,,,,X,,,,X,X,,X,,,,,SI,SI,30,SI,,,,X,,,SI,SI,SI,SI,SI,SI,SI,0,,,SI,NO,,//,NO,SI,SI,SI,SI,X,,,,X,,,,,,,SI,,,,,,X,,,,,X,NO,,,,,,,SI,X,,,,,B0,A1,1,040129,040002
1311661,0,581225,3AP,CORONEL LEONCIO PRADO,MAJES,EL PEDREGAL,NO,,,,,,,,SI,SI,,,NO,,,,,,X,NO,,,,,,X,,NO,,NO,,,,,,,,SI,,,X,,,,NO,SI,1,,NO,,,,,,,SI,NO,9,SI,,,X,X,,,NO,,,,,,,,,,,NO,,,,,,,,X,,,,,,X,,,,NO,SI,2,NO,,,,,,,,,,,,,,,,,X,,NO,NO,,NO,,,X,,,,SI,SI,NO,NO,NO,,NO,,3,,NO,,,//,NO,NO,,NO,NO,,,,X,,,,,,,,NO,,,,,,,,,,,,NO,,,,,,,NO,,,,,,B0,B4,1,040520,040010
1721547,0,803306,3AP,INTEGRAL SAN MIGUEL ARCANGEL,CERRO COLORADO,SANTA ROSA,NO,,,,,,,,NO,,,,SI,,,,,,X,SI,,,,,,X,,SI,SI,NO,,,,,,,,SI,,X,X,,,,SI,NO,,,NO,,,,,,,SI,NO,3,SI,,,,X,,,NO,,X,X,X,X,X,X,X,,,SI,SI,SI,SI,SI,2,,X,,X,,X,,,X,X,X,X,SI,SI,6,SI,1,,X,X,,X,X,X,,,,X,X,,,,,,SI,SI,2,SI,X,X,,,,,SI,SI,SI,SI,SI,SI,SI,0,,,SI,NO,,//,SI,SI,SI,SI,SI,X,X,X,X,X,,,11,,SI,SI,NO,,,,,,,,,,,,NO,,,,,,,NO,,,,,,B0,B4,1,040104,040001
0844761,0,064092,3AP,40639,SOCABAYA,LA CAMPIÑA,NO,,,,,,,,SI,SI,,,SI,X,,,,,,SI,X,X,X,X,,,,SI,SI,SI,,,X,,,,,SI,,X,X,,,,NO,SI,0,2,SI,X,,X,X,,,SI,SI,8,SI,X,X,,,,,,,X,X,X,X,X,X,,,,SI,SI,SI,SI,SI,3,,X,,X,X,,,,X,,X,X,SI,SI,6,SI,1,X,X,X,,X,X,,,,X,X,,X,X,,,,SI,SI,1,SI,,X,,X,,,SI,SI,SI,SI,SI,SI,SI,0,,,SI,SI,1,3/11/2024,SI,SI,SI,SI,SI,,X,X,,X,,,25,,SI,SI,SI,,,,,,X,,,,,X,NO,,,,,,,SI,,,,X,UGEL,B0,A1,1,040122,040002
0678805,0,067123,3AP,40203 TUPAC AMARU,SAMUEL PASTOR LA PAMPA,AA HH TUPAC AMARU,NO,,,,,,,,SI,SI,,,SI,X,,,,,,SI,X,,,,,,,NO,,SI,,,X,,,,,SI,,,X,,,,SI,SI,0,5,NO,,,,,,,SI,NO,8,SI,X,,,,,,NO,,X,X,X,,X,X,,,,SI,SI,SI,SI,SI,3,X,,,X,,,,,X,,,,NO,SI,5,SI,1,,,,,,,X,,,,X,,,,,,,SI,NO,,SI,,,,X,,,SI,SI,SI,NO,SI,SI,SI,0,,,SI,NO,,//,NO,NO,,SI,SI,X,,,,,,,,,,,NO,,,,,,,,,,,,NO,,,,,,,SI,,X,,,,B0,A1,1,040208,040003
1642115,0,856861,3AP,DEL SOLAR,PAUCARPATA,PAUCARPATA,NO,,,,,,,,SI,SI,,,SI,,,,,,X,SI,,,,,,X,,SI,SI,SI,,,X,,,,,SI,,X,,X,,,NO,NO,,,SI,X,,,,,,SI,SI,3,NO,,,,,,,NO,,X,X,X,X,X,X,X,,,SI,SI,SI,SI,NO,,,X,X,,X,X,,,X,X,X,X,NO,SI,4,SI,2,,,,,,,,,,X,X,,X,X,,,,SI,NO,,SI,,X,,,,,SI,SI,SI,SI,SI,SI,SI,0,,,SI,NO,,//,NO,SI,SI,SI,SI,,,,X,,,,,,,,NO,,,,,,,,,,,,NO,,,,,,,NO,,,,,,B0,B4,1,040112,040002
0307215,0,058171,3AP,SAN JOSE OBRERO,ALTO SELVA ALEGRE,URB VILLA HERMOSA,NO,,,,,,,,SI,SI,,,SI,X,,,X,,,SI,X,,X,,,,,NO,,NO,,,,,,,,SI,,X,X,,,,NO,NO,,,SI,,,,,X,REVISIÓN GENERAL PARA PARTICIPACION EN JUEGOS FLORALES,SI,NO,8,NO,,,,,,,,,X,X,X,X,X,X,X,,,SI,SI,SI,SI,SI,3,,X,X,X,,,,,X,,X,X,SI,SI,6,SI,2,,X,,,X,X,,,,X,X,X,X,,,,,SI,SI,6,SI,X,X,,,,,SI,SI,SI,NO,SI,SI,SI,0,,,SI,SI,2,22/9/2024,SI,SI,SI,SI,SI,,X,X,,X,,,0108,0197-2024,SI,SI,SI,,,,,X,X,,,,,,SI,,,,,X,DIALOGO GRUPALES,SI,X,,X,,,B0,A4,1,040102,040002
1770858,0,841860,3AP,POMU,CERRO COLORADO,JOSE LUIS BUSTAMANTE Y RIVERO,NO,,,,,,,,SI,SI,,,SI,,,,,,X,SI,,,,,,X,,NO,,NO,,,,,,,,SI,,X,X,,,,NO,NO,,,SI,X,,,,,,SI,SI,8,SI,X,,,,,,NO,,X,,X,,X,X,,,,SI,SI,SI,SI,SI,3,,,,X,,X,,,X,,,,SI,SI,1,SI,1,,X,,,,,,,,,X,,,,,,,SI,NO,,NO,X,,,,,,SI,SI,SI,NO,SI,SI,SI,0,,,SI,NO,,//,NO,SI,SI,SI,SI,,,,,X,,,,,,,NO,,,,,,,,,,,,NO,,,,,,,NO,,,,,,B0,B4,1,040104,040001
1569482,0,643855,3AP,DIVINO JESUS DE SOCABAYA,SOCABAYA,AREQUIPA,NO,,,,,,,,SI,SI,,,SI,,,,,,X,SI,,,,,,X,,NO,,NO,,,,,,,,NO,,,,,,,,NO,,,NO,,,,,,,SI,NO,3,NO,,,,,,,NO,,X,X,X,X,X,X,X,,,SI,SI,SI,NO,,,,X,X,,,,,,,,,X,SI,NO,,NO,,,,,,,,,,,,,X,,,,,,NO,NO,,NO,,,,X,,,SI,SI,SI,SI,SI,SI,SI,0,,,SI,NO,,//,NO,NO,,NO,NO,X,,,,,,,,,,,NO,,,,,,,,,,,,NO,,,,,,,NO,,,,,,B0,B4,1,040122,040002
1654565,0,735949,3AP,GRAN SABIO ALBERT EINSTEIN,MARIANO NICOLAS VALCARCEL,SECOCHA,NO,,,,,,,,SI,SI,,,SI,,,,,,X,SI,X,,,,,,,SI,SI,NO,,,,,,,,SI,X,X,,,,,NO,NO,,,SI,X,,X,,,,SI,SI,1,SI,X,,X,,,,NO,,X,,X,,X,,,,,SI,SI,SI,SI,NO,,X,,,X,,,,,X,,X,,SI,SI,1,SI,1,X,,,X,,,,,,X,,X,,,,,,SI,SI,1,SI,X,,X,,,,SI,SI,SI,SI,SI,SI,SI,0,,,SI,NO,,//,SI,SI,SI,SI,SI,X,,,X,,,,,,,,NO,,,,,,,,,,,,NO,,,,,,,NO,,,,,,B0,B4,1,040203,040003
1786052,0,789800,3AP,LARA - PAZ PERU,SOCABAYA,AREQUIPA,NO,,,,,,,,SI,SI,,,SI,X,X,X,X,X,,SI,X,X,X,X,X,,,SI,SI,SI,,,,,X,,,SI,X,X,X,X,,,SI,SI,6,6,SI,X,X,X,X,X,ONG,SI,SI,6,SI,X,X,X,X,,,,,X,X,X,X,X,X,X,,,SI,SI,SI,SI,SI,3,X,X,X,X,X,X,X,ONG,X,X,X,X,SI,SI,1,SI,4,X,X,X,X,X,X,X,X,ONG,X,X,X,X,X,X,,GESTION DE EMOCIONES,SI,SI,38,SI,X,X,X,X,,,SI,SI,SI,SI,SI,SI,SI,0,,,SI,SI,1,6/8/2024,SI,SI,SI,SI,SI,X,X,X,X,X,,,0011,0012,SI,SI,SI,,,X,X,,,,,,X,,SI,,X,X,,,,SI,,X,,,,B0,A4,1,040122,040002
0314146,0,073082,3AP,40538,COTAHUASI,REYPARTE,NO,,,,,,,,SI,SI,,,SI,,,,,,X,SI,,,,,,X,,NO,,SI,,,X,,,,,SI,,X,X,X,,,NO,NO,,,SI,X,,X,,,,NO,SI,2,SI,X,,X,,,,,,X,,,,X,X,,,,SI,SI,NO,NO,,,X,,,,,,,,X,,,,SI,SI,1,SI,1,,X,,,,,,,,,X,,X,X,,,,SI,SI,2,SI,,,,X,,,SI,SI,SI,SI,SI,SI,SI,5,,,SI,NO,,//,NO,SI,NO,SI,NO,X,,,,X,,,,,,,NO,,,,,,,,,,,,NO,,,,,,,NO,,,,,,B0,A1,2,040801,040009
1371376,0,833978,3AP,TALENTUS SCHOOL,JOSE LUIS BUSTAMANTE Y RIVERO,AREQUIPA,NO,,,,,,,,SI,SI,,,SI,,,,,,X,SI,,,,,,X,,NO,,NO,,,,,,,,NO,,,,,,,,NO,,,NO,,,,,,,SI,NO,3,NO,,,,,,,NO,,X,X,X,X,X,X,X,,,SI,SI,SI,NO,,,,X,X,,,,,,,,,X,SI,NO,,NO,,,,,,,,,,,,,X,,,,,,NO,NO,,NO,,,,X,,,SI,SI,SI,SI,SI,SI,SI,0,,,SI,NO,,//,NO,NO,,NO,NO,X,,,,,,,,,,,NO,,,,,,,,,,,,NO,,,,,,,NO,,,,,,B0,B4,1,040129,040002
1346659,0,998827,3AP,SAN FERNANDO,CAYMA,LA TOMILLA,NO,,,,,,,,SI,SI,,,SI,X,,,,,,SI,X,,,,,,,SI,SI,SI,,,X,,,,,SI,,,X,,,,NO,NO,,,SI,X,,,,,,SI,NO,8,NO,,,,,,,NO,,X,,X,,,,,,,SI,SI,SI,SI,NO,,X,X,,,,,X,CHARLAS PSICOLOGICAS,,X,X,,SI,SI,4,SI,1,,X,,,,,,,,,X,,,X,,,,SI,NO,,SI,X,,,,,,SI,SI,SI,NO,SI,NO,SI,0,,,SI,NO,,//,SI,NO,,SI,SI,,,X,,,,,RD 025,,SI,SI,NO,,,,,,,,,,,,NO,,,,,,,NO,,,,,,B0,B4,1,040103,040001
1766765,0,837542,3AP,JESUS DE NAZARETH,ALTO SELVA ALEGRE,LEONES DEL MISTI,NO,,,,,,,,NO,,,,SI,X,,,,X,,SI,,X,,,,,,SI,NO,NO,,,,,,,,SI,,X,X,X,,,NO,NO,,,NO,,,,,,,SI,SI,8,NO,,,,,,,NO,,,,,,,,,,,SI,SI,NO,SI,NO,,X,,,X,,X,,,X,X,X,X,NO,SI,2,SI,1,,,,,,,X,,,X,,X,X,X,,,,SI,NO,,NO,,,X,,,,SI,SI,SI,NO,SI,SI,SI,0,,,SI,NO,,//,SI,SI,NO,SI,SI,,,,X,,,,,,,,NO,,,,,,,,,,,,NO,,,,,,,NO,,,,,,B0,B4,1,040102,040002
1119080,0,064501,3AP,SANTA MARIA DE FATIMA,SOCABAYA,SOCABAYA,NO,,,,,,,,SI,SI,,,SI,,,,,,X,SI,,,,,,X,,SI,SI,SI,,,X,,,,,SI,,X,,X,,,NO,NO,,,SI,X,,,,,,SI,SI,3,NO,,,,,,,NO,,X,X,X,X,X,X,X,,,SI,SI,SI,SI,NO,,X,X,X,X,X,X,,,X,X,X,X,NO,SI,4,SI,2,,,,,,,,,,X,X,,X,X,,,,SI,NO,,SI,,X,,,,,SI,SI,SI,SI,SI,SI,SI,0,,,SI,NO,,//,NO,SI,SI,SI,SI,,,,X,,,,,,,,NO,,,,,,,,,,,,NO,,,,,,,NO,,,,,,B0,B4,1,040122,040002
1336833,0,550460,3AP,SAN IGNACIO DE LOYOLA AREQUIPA,PAUCARPATA,UGEL AREQUIPA SUR,NO,,,,,,,,SI,SI,,,SI,,,,,,X,SI,X,,,,,,,NO,,NO,,,,,,,,NO,,,,,,,,NO,,,NO,,,,,,,SI,SI,8,NO,,,,,,,NO,,X,X,X,X,X,X,,,,SI,SI,SI,SI,SI,3,X,X,,,,,,,X,X,,,SI,SI,4,SI,1,,,,,,X,,,,X,X,,,,,,,SI,SI,10,SI,X,,,,,,SI,SI,SI,SI,SI,SI,SI,0,,,SI,NO,,//,NO,SI,SI,SI,SI,,,,X,,,,,,,,NO,,,,,,,,,,,,SI,,,,,X,PLANIFICACION,NO,,,,,,B0,B4,1,040112,040002
0656090,0,843784,3AP,DOMINGO SAVIO,MARIANO NICOLAS VALCARCEL,SECOCHA,NO,,,,,,,,NO,,,,SI,,,,,,X,SI,,X,,,,,,NO,,NO,,,,,,,,SI,,X,,,,,NO,NO,,,NO,,,,,,,SI,NO,6,SI,X,,,,,,NO,,,,,,,,,,,SI,SI,SI,NO,,,X,X,,,,,,,,X,,,SI,SI,6,SI,1,,,,,,,,X,NINGUNA,X,X,,,,,,,NO,SI,1,NO,X,,,,,,SI,SI,SI,NO,SI,SI,SI,0,,,SI,NO,,//,NO,SI,SI,SI,SI,,,,X,,,,,,,,NO,,,,,,,,,,,,NO,,,,,,,SI,X,,,,,B0,B4,1,040203,040003
1262807,0,060150,3AP,SANTA IMELDA,CERRO COLORADO,LA BUGANVILLAS,NO,,,,,,,,SI,SI,,,SI,,,,,,X,SI,,,,,,X,,NO,,NO,,,,,,,,SI,X,X,,,,,NO,NO,,,NO,,,,,,,SI,NO,8,SI,,X,X,,,,NO,,,X,X,X,,,,,,SI,SI,SI,SI,NO,,,,X,X,,,,,X,,X,,SI,SI,6,SI,2,,,,,X,X,,,,,X,,,,,,,SI,SI,2,SI,X,,,,,,SI,SI,SI,SI,SI,SI,SI,0,,,SI,NO,,//,SI,SI,SI,SI,SI,X,,,,,,,,,,,,,,,,,,,,,,,NO,,,,,,,NO,,,,,,B0,B4,1,040104,040001
1281534,0,998771,3AP,LEONCIO PRADO,YURA,CIUDAD DE DIOS,NO,,,,,,,,NO,,,,SI,,,,,,X,SI,,,,,,X,,SI,SI,NO,,,,,,,,SI,,X,X,,,,SI,NO,,,NO,,,,,,,SI,NO,3,SI,,,,X,,,NO,,X,X,X,X,X,X,X,,,SI,SI,SI,SI,SI,2,,X,,X,,X,,,X,X,X,X,SI,SI,6,SI,1,,X,X,,X,X,X,,,,X,X,,,,,,SI,SI,2,SI,X,X,,,,,SI,SI,SI,SI,SI,SI,SI,0,,,SI,NO,,//,SI,SI,SI,SI,SI,X,X,X,X,X,,,11,,SI,SI,NO,,,,,,,,,,,,NO,,,,,,,NO,,,,,,B0,B4,1,040128,040001
1338425,0,913220,3AP,GRAN PADRE AMADO,PAUCARPATA,PPJJ NICARAGUA,NO,,,,,,,,SI,SI,,,SI,X,,,,,,SI,X,,,,,,,NO,,NO,,,,,,,,SI,,,X,,,,SI,NO,,,NO,,,,,,,SI,NO,9,NO,,,,,,,NO,,X,X,X,X,,,X,,,SI,NO,SI,SI,SI,3,X,X,X,X,X,X,,,X,,,X,NO,NO,,SI,2,,,,,,X,X,,,X,,X,X,,,,,SI,SI,30,SI,X,X,X,X,,,SI,SI,SI,NO,SI,SI,SI,0,,,SI,NO,,//,SI,SI,SI,SI,SI,X,,,,,,,,,,,,,,,,,,,,,,,NO,,,,,,,NO,,,,,,B0,B4,1,040112,040002
1770692,0,638806,3AP,MAGIS SCHOOL,PAUCARPATA,UGEL AREQUIPA SUR,NO,,,,,,,,SI,SI,,,SI,,,,,,X,SI,X,,,,,,,NO,,NO,,,,,,,,NO,,,,,,,,NO,,,NO,,,,,,,SI,SI,8,NO,,,,,,,NO,,X,X,X,X,X,X,,,,SI,SI,SI,SI,SI,3,X,X,,,,,,,X,X,,,SI,SI,4,SI,1,,,,,,X,,,,X,X,,,,,,,SI,SI,10,SI,X,,,,,,SI,SI,SI,SI,SI,SI,SI,0,,,SI,NO,,//,NO,SI,SI,SI,SI,,,,X,,,,,,,,NO,,,,,,,,,,,,SI,,,,,X,PLANIFICACION,NO,,,,,,B0,B4,1,040112,040002
1237304,0,625578,3AP,ANDENES DE CHILINA,ALTO SELVA ALEGRE,INDEPENDENCIA,SI,SI,,,,X,,,SI,SI,,,SI,,,,,,X,SI,,,,,,X,,NO,,NO,,,,,,,,SI,,,X,,,,NO,NO,,,NO,,,,,,,SI,SI,9,NO,,,,,,,NO,,X,X,X,,X,X,X,,,SI,NO,NO,SI,SI,2,,X,,,,,,,,,X,,NO,SI,28,NO,,,,,,,,,,,,X,,,,,,,NO,NO,,SI,,,,X,,,SI,SI,SI,SI,SI,SI,SI,4,,,SI,NO,,//,SI,SI,NO,SI,SI,,,,X,,,,,,,,NO,,,,,,,,,,,,NO,,,,,,,NO,,,,,,B0,B4,1,040102,040002
1337187,0,708045,3AP,SAN MIGUEL ARCANGEL,YURA,CONO NORTE,NO,,,,,,,,NO,,,,SI,,,,,,X,SI,,,,,,X,,NO,,NO,,,,,,,,SI,,,X,,,,NO,NO,,,NO,,,,,,,SI,NO,3,NO,,,,,,,NO,,,,,,,,,,,NO,,,,,,,,X,X,,,,,X,,,,NO,NO,,SI,1,X,,,,,,,,,,,,,,,X,,SI,SI,2,SI,X,,,,,,SI,SI,SI,NO,SI,SI,SI,0,,,SI,NO,,//,NO,NO,,SI,SI,,,X,,,,,0013,0020,NO,,NO,,,,,,,,,,,,NO,,,,,,,NO,,,,,,B0,B4,1,040128,040001
0220194,0,063417,3AP,40215,POLOBAYA,POLOBAYA,NO,,,,,,,,SI,SI,,,SI,X,,,,,,SI,,,,,X,,,NO,,SI,,,X,,,,,SI,,,X,,,,NO,NO,,,NO,,,,,,,NO,NO,8,SI,,,X,,,,,,X,,,,X,,,,,SI,SI,SI,SI,NO,,,,,,,X,,,,,X,,SI,SI,1,SI,1,,X,X,,X,,,,,,X,,,,,,,SI,SI,3,SI,,,,,X,UNIDOCENTE,SI,SI,SI,SI,SI,SI,SI,0,,,SI,NO,,//,NO,SI,SI,SI,SI,,,X,,,,,017,,SI,SI,NO,,,,,,,,,,,,NO,,,,,,,NO,,,,,,B0,A1,2,040114,040002
1364991,0,811976,3AP,BRITANICO EUROPEO DUNALASTAIR,SACHACA,YANAHUARA,NO,,,,,,,,SI,NO,3,,SI,X,,,X,,,SI,X,,,,,,,NO,,NO,,,,,,,,SI,,,X,,,,NO,NO,,,SI,,,,,X,VACUNACION,SI,NO,4,NO,,,,,,,NO,,X,X,X,X,X,X,X,,,SI,SI,SI,SI,SI,3,X,,,X,X,,,,X,,,,SI,SI,11,SI,1,,,,,,,,X,NINGUNA,X,X,,,X,,,,NO,SI,26,SI,,X,,X,,,SI,SI,SI,SI,SI,SI,SI,0,,,SI,NO,,//,NO,SI,SI,SI,SI,,X,,,,,,,,,,,,,,,,,,,,,,NO,,,,,,,NO,,,,,,B0,B4,1,040117,040001
1694108,0,777604,3AP,J.N. ANDREWS - VILLA ESPERANZA,LA JOYA,SAN JOSE,NO,,,,,,,,SI,SI,,,SI,X,,,X,,,SI,X,X,,,,,,SI,NO,SI,,,X,,,,,SI,,,,,X,ESCUELA PARA PADRES,NO,NO,,,SI,X,,,,X,REVISION DENTAL,SI,SI,8,NO,,,,,,,SI,5,,,,,,,,,,NO,,,,,,X,X,X,X,,X,X,SEMANA DE REFLEXION,X,,,X,SI,SI,14,SI,1,,,X,,,,,,,X,X,,X,X,,,,SI,SI,20,SI,X,X,X,,,,SI,SI,SI,SI,SI,SI,SI,0,,,SI,NO,,//,SI,SI,SI,SI,SI,,,,,X,,,,,,,SI,,,,,X,X,,,,X,,NO,,,,,,,NO,,,,,,B0,B4,1,040108,040010
0635920,0,063375,3AP,40186,POLOBAYA,TOTORANI,NO,,,,,,,,NO,,,,SI,,,,,X,,SI,,,,,,X,,NO,,NO,,,,,,,,SI,,,X,,,,NO,NO,,,SI,X,,,,,,NO,SI,8,NO,,,,,,,,,X,,,,,X,,,,SI,SI,SI,SI,SI,1,X,,,,,,,,X,,X,,NO,SI,1,SI,1,,,,X,,,,,,X,,,,,,,,SI,SI,2,SI,,,X,,,,SI,SI,NO,SI,SI,NO,SI,0,,,SI,NO,,//,SI,SI,NO,SI,NO,,,,,X,,,,,,,NO,,,,,,,,,,,,NO,,,,,,,NO,,,,,,B0,A1,2,040114,040002
1697796,0,780809,3AP,MARICHRIS,MIRAFLORES,AREQUIPA,NO,,,,,,,,NO,,,,NO,,,,,,X,SI,X,X,,,,,,NO,,NO,,,,,,,,SI,X,X,X,,,,NO,SI,1,2,SI,X,,,,,,SI,NO,7,NO,,,,,,,NO,,,,,,,,,,,NO,,,,,,X,,,X,,,,,X,,X,,NO,NO,,SI,2,,X,X,,X,,,,,X,,X,X,,,,,SI,NO,,SI,,X,,X,,,SI,SI,SI,SI,NO,,NO,,1,,NO,,,//,NO,NO,,SI,SI,,,,X,,,,,,,,NO,,,,,,,,,,,,NO,,,,,,,NO,,,,,,B0,B4,1,040110,040002
1572338,0,645326,3AP,MILAGROSA VIRGEN DEL CARMEN,CERRO COLORADO,VILLA PARAISO,NO,,,,,,,,SI,SI,,,SI,,,,,,X,SI,X,,,,,,,NO,,NO,,,,,,,,SI,,X,,,,,SI,NO,,,NO,,,,,,,SI,NO,3,SI,X,,,X,,,NO,,X,X,X,X,X,X,,,,SI,SI,SI,SI,NO,,X,,,X,,,,,X,,,,SI,SI,5,SI,2,,,,,X,,,,,X,,,,,,,,SI,SI,1,SI,X,,,,,,SI,SI,SI,SI,SI,NO,SI,0,,,SI,NO,,//,SI,SI,NO,SI,SI,,,,X,,,,,,,,NO,,,,,,,,,,,,NO,,,,,,,NO,,,,,,B0,B4,1,040104,040001
0307603,0,826402,3AP,SAGRADO CORAZON,CERRO COLORADO,AREQUIPA,NO,,,,,,,,SI,SI,,,SI,X,,,,,,SI,X,,,,,,,NO,,NO,,,,,,,,SI,X,X,X,,,,SI,NO,,,SI,X,,,,,,SI,SI,6,SI,,X,,,,,NO,,X,X,X,X,X,X,X,,,SI,SI,SI,SI,SI,2,X,X,X,X,,,,,X,X,X,,SI,SI,12,SI,4,X,X,X,X,X,X,X,,,X,X,X,X,X,,,,SI,SI,4,SI,,X,,X,,,SI,SI,SI,SI,SI,SI,SI,2,,,SI,NO,,//,SI,SI,SI,SI,SI,,,X,,,,,0036/2024,0174-2024,SI,SI,NO,,,,,,,,,,,,SI,,X,X,X,,,SI,X,,,,,B0,B4,1,040104,040001
1339001,0,622141,3AP,ABRAHAM LINCOLN,CERRO COLORADO,CERRO COLORADO,NO,,,,,,,,SI,SI,,,SI,X,X,,,,,SI,X,,,,,,,SI,SI,SI,,,X,,,,,SI,,X,X,,,,SI,NO,,,SI,X,X,,,,,SI,SI,8,SI,,X,,,,,NO,,X,X,X,,,,,,,SI,SI,SI,SI,SI,3,,X,,X,,,,,,,X,,SI,SI,5,SI,4,X,X,X,,X,,,,,X,X,,,,,,,SI,SI,5,SI,X,,,,,,SI,SI,SI,SI,SI,SI,SI,0,,,SI,NO,,//,SI,SI,SI,SI,SI,,,X,,,,,15,8,SI,NO,SI,,,,,X,,,,,X,,SI,,,,X,,,SI,X,,,,,B0,B4,1,040104,040001
1693886,0,777430,3AP,SAN FRANCISCO DE SALES - AREQUIPA NORTE,CERRO COLORADO,CERRO COLORADO,NO,,,,,,,,SI,SI,,,SI,,,,X,,,SI,X,,,,,,,SI,SI,SI,,,X,,,,,SI,,X,,,,,SI,NO,,,SI,X,,,,,,SI,SI,8,SI,X,,,,,,NO,,X,,,,,,,,,SI,SI,SI,SI,SI,3,,X,,,,,,,X,,,,SI,SI,6,SI,2,,X,,,,X,,,,,,,,X,,,,SI,SI,5,SI,,,,X,,,SI,SI,SI,SI,SI,SI,SI,0,,,SI,NO,,//,SI,SI,SI,SI,SI,X,,,,,,,,,,,,,,,,,,,,,,,NO,,,,,,,NO,,,,,,B0,B4,1,040104,040001
1562867,0,638444,3AP,GRECOS,CERRO COLORADO,GUILLERMO MERCADO,NO,,,,,,,,SI,SI,,,SI,,,,,X,,SI,X,,,,,,,NO,,NO,,,,,,,,SI,,,X,,,,NO,NO,,,NO,,,,,,,SI,NO,8,SI,,,,X,,,NO,,X,X,X,,,,,,,SI,SI,NO,SI,NO,,X,X,X,X,,,,,X,X,,,NO,SI,6,SI,1,X,,,,,,,,,,X,,X,,,,,SI,SI,10,SI,X,,,,,,SI,SI,SI,SI,SI,SI,SI,1,,,SI,SI,1,3/6/2024,SI,SI,SI,SI,SI,,,X,X,,,,,15-2025,SI,SI,NO,,,,,,,,,,,,NO,,,,,,,NO,,,,,,B0,B4,1,040104,040001
1337344,0,706598,3AP,MARIA DEL REDENTOR,PAUCARPATA,MANCO CAPAC,NO,,,,,,,,SI,SI,,,SI,,,,,,X,SI,,X,,,,,,NO,,NO,,,,,,,,NO,,,,,,,,NO,,,NO,,,,,,,SI,SI,8,NO,,,,,,,,,X,X,,,,,,,,NO,,,,,,X,,,,,,,,X,,,,SI,NO,,SI,2,,X,,,,,,,,X,X,,,,,,,NO,NO,,NO,,,,X,,,NO,,,,SI,SI,SI,0,,,SI,NO,,//,SI,SI,SI,SI,SI,,,,X,,,,,,,,NO,,,,,,,,,,,,NO,,,,,,,NO,,,,,,B0,A4,1,040112,040002
0219428,0,061258,3AP,40135 TENIENTE FERRE,MARIANO MELGAR,URBANIZACION SANTA ROSA,NO,,,,,,,,SI,SI,,,SI,,,,,,X,SI,X,,,,X,,,NO,,NO,,,,,,,,SI,X,X,X,X,,,NO,NO,,,SI,X,,,,,,SI,SI,8,SI,,,,X,,,,,X,X,X,X,X,,,,,SI,SI,SI,SI,NO,,,X,,X,,,,,X,,X,X,SI,SI,6,SI,2,,X,,,X,X,X,,,,X,,X,,,,,SI,NO,,SI,,X,X,,,,SI,SI,SI,NO,SI,SI,SI,0,,,SI,NO,,//,SI,SI,SI,SI,SI,,,X,,X,,,003-2025,004-2025,SI,NO,NO,,,,,,,,,,,,NO,,,,,,,NO,,,,,,B0,A1,1,040109,040002
3041225,0,852797,3AP,SEMBRANDO TALENTOS,YURA,AREQUIPA,NO,,,,,,,,SI,SI,,,SI,,,,,,X,SI,X,,,,,,,SI,SI,SI,,,X,,,,,SI,X,,,,,,SI,NO,,,SI,X,,,,,,SI,SI,3,SI,X,,,,,,NO,,X,X,X,X,X,X,X,,,SI,SI,SI,SI,SI,2,X,,,,,,,,X,,,,SI,SI,2,SI,1,X,,,,,,,,,,X,,,,,,,SI,SI,2,SI,X,,,,,,SI,SI,SI,SI,SI,SI,SI,0,,,SI,NO,,//,SI,SI,SI,SI,SI,,,X,X,,,,028,,SI,SI,NO,,,,,,,,,,,,NO,,,,,,,SI,X,,,,,B0,B4,1,040128,040001
0845123,0,064681,3AP,SAN IGNACIO DE LOYOLA,CERRO COLORADO,AREQUIPA,NO,,,,,,,,SI,SI,,,SI,,,,,,X,SI,X,,,,,,,SI,SI,SI,,,X,,,,,SI,X,,,,,,SI,NO,,,SI,X,,,,,,SI,SI,3,SI,X,,,,,,NO,,X,X,X,X,X,X,X,,,SI,SI,SI,SI,SI,2,X,,,,,,,,X,,,,SI,SI,2,SI,1,X,,,,,,,,,,X,,,,,,,SI,SI,2,SI,X,,,,,,SI,SI,SI,SI,SI,SI,SI,0,,,SI,NO,,//,SI,SI,SI,SI,SI,,,X,X,,,,028,,SI,SI,NO,,,,,,,,,,,,NO,,,,,,,SI,X,,,,,B0,B4,1,040123,040001
1791110,0,857257,3AP,BABY HOUSE,CAYMA,CAYMA,NO,,,,,,,,NO,,,,NO,,,,,,X,SI,,,,,,X,,NO,,NO,,,,,,,,NO,,,,,,,,NO,,,NO,,,,,,,SI,SI,3,NO,,,,,,,NO,,,,,,,,,,,NO,,,,,,X,X,,,,,,,X,X,,,NO,NO,,NO,,,X,,,,,,,,X,,,,,,,,NO,NO,,NO,X,X,,,,,NO,,,,SI,SI,NO,,3,,NO,,,//,NO,NO,,NO,NO,,,,X,,,,,,,,NO,,,,,,,,,,,,NO,,,,,,,NO,,,,,,B0,B4,1,040126,040001
1798362,0,852113,3AP,SAN IGNACIO DE LOYOLA,CERRO COLORADO,AREQUIPA,NO,,,,,,,,SI,SI,,,SI,,,,,,X,SI,X,,,,,,,SI,SI,SI,,,X,,,,,SI,X,,,,,,SI,NO,,,SI,X,,,,,,SI,SI,3,SI,X,,,,,,NO,,X,X,X,X,X,X,X,,,SI,SI,SI,SI,SI,2,X,,,,,,,,X,,,,SI,SI,2,SI,1,X,,,,,,,,,,X,,,,,,,SI,SI,2,SI,X,,,,,,SI,SI,SI,SI,SI,SI,SI,0,,,SI,NO,,//,SI,SI,SI,SI,SI,,,X,X,,,,028,,SI,SI,NO,,,,,,,,,,,,NO,,,,,,,SI,X,,,,,B0,B4,1,040104,040001
1631092,0,638825,3AP,MAGISTERIAL,SELVA ALEGRE,AREQUIPA,NO,,,,,,,,SI,SI,,,SI,,,,,,X,SI,X,,,,,,,SI,SI,SI,,,X,,,,,SI,X,,,,,,SI,NO,,,SI,X,,,,,,SI,SI,3,SI,X,,,,,,NO,,X,X,X,X,X,X,X,,,SI,SI,SI,SI,SI,2,X,,,,,,,,X,,,,SI,SI,2,SI,1,X,,,,,,,,,,X,,,,,,,SI,SI,2,SI,X,,,,,,SI,SI,SI,SI,SI,SI,SI,0,,,SI,NO,,//,SI,SI,SI,SI,SI,,,X,X,,,,028,,SI,SI,NO,,,,,,,,,,,,NO,,,,,,,SI,X,,,,,B0,B4,1,040102,040002
1340272,0,472655,3AP,PROMEDIO 21,PAUCARPATA,MIGUEL GRAU,SI,SI,X,,,,,,SI,SI,,,SI,,,,,,X,SI,,,,,,X,,NO,,NO,,,,,,,,SI,,,X,,,,SI,NO,,,NO,,,,,,,SI,SI,6,SI,X,,,,,,NO,,X,X,X,,,,,,,SI,SI,SI,SI,SI,1,X,,,,,,,,X,,,,SI,SI,6,SI,1,,X,,,,,,,,X,X,,,,,,,SI,SI,4,SI,,X,,,,,SI,SI,SI,NO,SI,SI,SI,0,,,SI,NO,,//,SI,SI,SI,SI,SI,X,,X,,,,,028,,SI,SI,SI,,X,,,,,,,,X,,SI,,X,,,,,SI,,X,,,,B0,B4,1,040112,040002
1331693,0,506429,3AP,SAN MARCOS - AREQUIPA,CERRO COLORADO,PERUARBO,NO,,,,,,,,NO,,,,SI,X,,,,,,SI,X,,,,,,,NO,,NO,,,,,,,,NO,,,,,,,,NO,,,SI,X,,,,,,SI,SI,1,NO,,,,,,,NO,,X,X,X,,,,,,,SI,SI,SI,NO,,,X,X,,,,,,,X,X,,,NO,SI,2,SI,6,X,X,X,,,,,,,X,,X,,,,,,SI,SI,5,SI,X,X,,,,,SI,SI,SI,SI,SI,SI,SI,0,,,SI,SI,1,12/12/2024,SI,SI,SI,SI,SI,X,,,,,,,,,,,,,,,,,,,,,,,SI,X,,,,,,SI,,X,,,,B0,B4,1,040104,040001
1367176,0,529732,3AP,HEFZIBA,YANAHUARA,AREQUIPA,NO,,,,,,,,SI,SI,,,SI,,,,,,X,SI,X,,,,,,,SI,SI,SI,,,X,,,,,SI,X,,,,,,SI,NO,,,SI,X,,,,,,SI,SI,3,SI,X,,,,,,NO,,X,X,X,X,X,X,X,,,SI,SI,SI,SI,SI,2,X,,,,,,,,X,,,,SI,SI,2,SI,1,X,,,,,,,,,,X,,,,,,,SI,SI,2,SI,X,,,,,,SI,SI,SI,SI,SI,SI,SI,0,,,SI,NO,,//,SI,SI,SI,SI,SI,,,X,X,,,,028,,SI,SI,NO,,,,,,,,,,,,NO,,,,,,,SI,X,,,,,B0,B4,1,040126,040001
1239482,0,066449,3AP,INTERAMERICANO,JOSE LUIS BUSTAMANTE Y RIVERO,JOSE LUIS BUSTAMANTE Y RIVERO,NO,,,,,,,,SI,SI,,,SI,,,,,,X,SI,,,,,,X,,SI,SI,SI,,,X,,,,,SI,,X,,X,,,NO,NO,,,SI,X,,,,,,SI,SI,3,NO,,,,,,,NO,,X,X,X,X,X,X,X,,,SI,SI,SI,SI,NO,,X,X,X,X,X,X,,,X,X,X,X,NO,SI,4,SI,2,,,,,,,,,,X,X,,X,X,,,,SI,NO,,SI,,X,,,,,SI,SI,SI,SI,SI,SI,SI,0,,,SI,NO,,//,NO,SI,SI,SI,SI,,,,X,,,,,,,,NO,,,,,,,,,,,,NO,,,,,,,NO,,,,,,B0,B4,1,040129,040002
0569806,0,064025,3AP,40172,SOCABAYA,VILLA EL GOLF,NO,,,,,,,,SI,SI,,,SI,,,,,,X,SI,,,X,,,,,NO,,NO,,,,,,,,SI,,X,X,,,,SI,NO,,,SI,X,,X,,,,SI,SI,9,NO,,,,,,,,,X,X,X,,X,,,,,SI,SI,SI,SI,NO,,X,X,,,,,,,X,,X,,NO,SI,5,SI,2,,X,,,,X,,,,,X,,,X,,,,SI,NO,,SI,X,,,X,,,SI,SI,SI,SI,SI,SI,SI,1,,,SI,NO,,//,NO,SI,NO,SI,SI,,,X,,,,,0025,0054,SI,SI,NO,,,,,,,,,,,,NO,,,,,,,SI,,X,X,,,B0,A1,1,040122,040002
1392950,0,549363,3AP,SAN MAXIMILIANO,CERRO COLORADO,MONSERRAT,NO,,,,,,,,SI,SI,,,SI,,,,X,,,SI,X,,,,,,,NO,,NS,,,,,,,,SI,,X,,,,,SI,NO,,,NO,,,,,,,SI,SI,3,NO,,,,,,,SI,1,X,X,X,,,X,,,,SI,SI,SI,NO,,,,,,X,,X,,,X,,,X,SI,SI,1,NO,,,X,,,,,,,,,X,,,,,,,SI,SI,2,SI,X,,,,,,SI,SI,SI,SI,SI,NO,NO,,2,,SI,NO,,//,NO,SI,SI,SI,NO,,,X,,,,,45,37,SI,SI,NO,,,,,,,,,,,,NO,,,,,,,NO,,,,,,B0,B4,1,040104,040001
1369719,0,057732,3AP,CEDEU LEONCIO PRADO,AREQUIPA,AREQUIPA,NO,,,,,,,,NO,,,,SI,X,,,,,,SI,X,,,,,,,SI,NO,SI,,,X,,,,,SI,X,,X,,,,SI,NO,,,SI,X,,X,,,,SI,SI,6,SI,X,,,X,,,NO,,X,,X,,,,,,,NO,,,,,,X,X,,X,,,,,X,,X,,SI,SI,1,NO,,X,,,,,,,,,X,,X,,X,,,,NO,NO,,NO,X,,X,,,,SI,SI,SI,NO,SI,NO,SI,0,,,SI,NO,,//,SI,SI,SI,SI,SI,X,,,,,,,,,,,,,,,,,,,,,,,NO,,,,,,,SI,X,,,,,B0,B4,1,040101,040001
0891721,0,066642,3AP,SANTA MARIA NEW SCHOOL,CAMANA,CAMANA,NO,,,,,,,,NO,,,,SI,,,,,,X,SI,,X,,,,,,NO,,NO,,,,,,,,SI,,X,,,,,NO,NO,,,NO,,,,,,,SI,NO,6,SI,X,,,,,,NO,,,,,,,,,,,SI,SI,SI,NO,,,X,X,,,,,,,,X,,,SI,SI,6,SI,1,,,,,,,,X,NINGUNA,X,X,,,,,,,NO,SI,1,NO,X,,,,,,SI,SI,SI,NO,SI,SI,SI,0,,,SI,NO,,//,NO,SI,SI,SI,SI,,,,X,,,,,,,,NO,,,,,,,,,,,,NO,,,,,,,SI,X,,,,,B0,B4,1,040201,040003
0310268,0,067340,3AP,41042  PEDRO  JOSE TORDOYA  MONTOYA,CARAVELI,CARAVELI,NO,,,,,,,,SI,SI,,,SI,X,,,X,X,,SI,X,,,X,,,,SI,SI,SI,,,X,,,,,SI,,X,X,,,,SI,NO,,,SI,,,X,X,,,SI,SI,5,SI,,X,,X,,,,,X,X,X,X,X,X,,,,SI,SI,SI,SI,SI,3,X,X,,X,,,,,X,X,X,X,SI,SI,2,SI,2,,X,,,X,X,X,,,,X,,X,,,,,SI,SI,4,SI,X,X,,X,,,SI,SI,SI,SI,SI,SI,SI,2,,,SI,NO,,//,SI,SI,SI,SI,SI,,,X,,X,,,017-2025,032-2025,SI,SI,NO,,,,,,,,,,,,SI,,X,,,,,SI,X,,,,,B0,A1,1,040301,040004
1666650,0,750058,3AP,SAN FRANCISCO JAVIER - CIRCA,MARIANO MELGAR,BERLIN,NO,,,,,,,,SI,SI,,,SI,X,,,,,,SI,X,,,,,,,SI,SI,SI,,,X,,,,,SI,,X,X,,,,SI,NO,,,SI,X,X,X,X,,,NO,SI,8,SI,,X,,,,,,,X,X,X,X,X,X,X,,,SI,SI,SI,SI,SI,1,X,X,X,X,X,X,,,X,X,X,X,SI,SI,10,SI,2,,X,,,X,,X,,,X,X,,X,,,,,SI,SI,10,SI,X,X,,X,,,SI,SI,SI,SI,SI,SI,SI,0,,,SI,NO,,//,SI,SI,SI,SI,SI,X,X,X,X,,,,62,148,SI,SI,NO,,,,,,,,,,,,SI,,X,X,,,,SI,X,,,,,B0,A4,1,040109,040002
1720028,0,802137,3AP,HOLY SCHOOLS,CERRO COLORADO,AREQUIPA,NO,,,,,,,,SI,SI,,,SI,,,,X,X,,SI,X,,,,,,,SI,SI,SI,X,,X,,,,,SI,X,,X,,,,SI,NO,,,SI,X,X,X,,,,SI,SI,6,SI,X,X,X,X,,,NO,,X,X,X,,X,,X,,,SI,SI,SI,SI,SI,4,X,X,X,X,,X,,,X,,X,X,SI,SI,15,SI,2,,X,,,,,,,,X,X,X,X,X,,,,SI,SI,8,SI,X,X,,X,,,SI,SI,SI,SI,SI,NO,SI,0,,,SI,NO,,//,SI,SI,SI,SI,SI,,,X,,,,,016,,SI,SI,SI,,,,,X,X,,,,,X,SI,X,X,,,,,SI,X,,X,,,B0,B4,1,040104,040001
0219345,0,060310,3AP,40127 SEÑOR DEL ESPIRITU SANTO,CHIGUATA,CHIGUATA,NO,,,,,,,,SI,SI,,,SI,X,,,,,,SI,X,,X,,,,,SI,SI,SI,,,X,,,,,SI,X,X,,,,,NO,NO,,,SI,X,,,,,,NO,SI,8,NO,,,,,,,,,X,X,X,X,X,X,,,,SI,SI,SI,SI,SI,4,X,X,X,,,X,,,X,X,X,X,SI,SI,6,SI,1,X,X,X,X,X,X,X,,,X,X,X,X,X,,,,SI,SI,2,SI,,X,,X,,,SI,SI,SI,SI,SI,SI,SI,0,,,SI,SI,10,10/11/2024,SI,SI,SI,SI,SI,X,X,X,X,X,,,024-2025,,SI,SI,SI,,X,X,,,,,,X,X,,SI,X,X,X,X,,,SI,,X,,,,B0,A1,2,040106,040002
1751049,0,824889,3AP,BALMER CAYMA,CAYMA,AREQUIPA,NO,,,,,,,,SI,SI,,,SI,X,,,,,,SI,X,,,,,,,NO,,NO,,,,,,,,SI,,,X,,,,NO,NO,,,NO,,,,,,,SI,NO,8,NO,,,,,,,NO,,X,X,X,,X,,X,,,SI,NO,NO,NO,,,X,,,X,X,,,,X,X,,,NO,SI,1,SI,4,,X,,,X,X,X,,,,X,X,,,,,,SI,NO,,SI,,X,,,,,SI,SI,SI,NO,SI,SI,SI,0,,,SI,NO,,//,NO,SI,SI,SI,SI,,,,X,,,,,,,,NO,,,,,,,,,,,,NO,,,,,,,NO,,,,,,B0,B4,1,040103,040001
1569524,0,643884,3AP,MACITEC,JACOBO HUNTER,JACOBO HUNTER,NO,,,,,,,,SI,SI,,,SI,,,,,X,,SI,X,,,,,,,NO,,NO,,,,,,,,SI,,,X,,,,SI,NO,,,NO,,,,,,,SI,NO,3,SI,,X,,,,,NO,,X,X,X,X,X,X,X,,,SI,SI,SI,SI,SI,1,,X,,,,,,,X,,,,NO,SI,6,SI,1,,,,,,X,,,,X,,,,,,,,SI,NO,,SI,,,,X,,,SI,SI,SI,SI,SI,SI,SI,0,,,SI,NO,,//,SI,SI,NO,SI,SI,,,,X,,,,,,,,NO,,,,,,,,,,,,NO,,,,,,,NO,,,,,,B0,B4,1,040107,040002
1784461,0,068434,3AP,SUDAMERICANO,CERRO COLORADO,URB TUPAC AMARU,NO,,,,,,,,NO,,,,SI,X,X,,X,,,SI,X,,,,,,,NO,,SI,,,X,,,,,SI,,X,,,,,NO,NO,,,SI,X,,,,,,SI,SI,6,SI,,,,X,,,NO,,X,,X,,,,,,,SI,NO,NO,SI,SI,1,X,,,,,,,,X,,,,NO,SI,5,SI,1,,X,X,X,,X,X,,,X,,,,,,,,SI,SI,1,SI,X,,,,,,NO,,,,SI,SI,SI,0,,,SI,NO,,//,SI,SI,SI,NO,SI,X,,,,,,,,,NO,NO,SI,,,,,,X,,,,X,,SI,,,,X,,,SI,X,,,,,B0,B4,1,040104,040001
3051091,0,914347,3AP,EL PACIFICADOR LINUS PAULING,CERRO COLORADO,ALDO MORO,NO,,,,,,,,SI,SI,,,SI,X,,,,,,SI,X,,,,,,,NO,,NO,,,,,,,,SI,,,X,,,,NO,NO,,,NO,,,,,,,SI,NO,7,NO,,,,,,,NO,,X,,X,,,,X,,,SI,SI,NO,SI,NO,,X,X,,X,,,,,X,,,,SI,SI,1,SI,1,,X,,,,,,,,,X,,,,,,,SI,NO,,SI,X,,,,,,SI,SI,SI,SI,SI,SI,SI,0,,,SI,NO,,//,SI,SI,SI,SI,SI,,,,,X,,,,,,,,,,,,,,,,,,,NO,,,,,,,NO,,,,,,B0,B4,1,040104,040001
1770569,0,863319,3AP,EL CIMARRONCITO DE CHAPI,PAUCARPATA,URB JOSE CARLOS MARIATEGUI,NO,,,,,,,,NO,,,,SI,,,,,,X,SI,X,,,,,,,NO,,NO,,,,,,,,SI,,X,,,,,NO,NO,,,NO,,,,,,,SI,SI,6,NO,,,,,,,NO,,,,,,,,,,,SI,SI,SI,NO,,,,X,,,,,,,,X,,,NO,SI,1,NO,,,X,,,,,,,,,,,X,,,,,SI,NO,,SI,X,,,,,,SI,SI,SI,SI,SI,SI,SI,0,,,SI,NO,,//,NO,SI,NO,SI,SI,X,,,,,,,,,,,,,,,,,,,,,,,NO,,,,,,,NO,,,,,,B0,B4,1,040112,040002
0517573,0,064902,3AP,40117,VITOR,SOTILLO,NO,,,,,,,,SI,NO,1,,SI,X,,,,,,SI,X,X,,X,,,,SI,SI,SI,,,X,,,,,SI,X,X,X,X,,,SI,NO,,,SI,X,,X,,,,SI,SI,8,NO,,,,,,,,,X,,,X,X,X,,,,SI,SI,SI,SI,SI,5,,X,,X,X,,X,SESIONES DE APRENDIZAJE CON ESTUDIANTES,X,,X,,SI,SI,1,SI,1,X,X,X,,X,X,X,,,X,X,X,X,X,,,,SI,SI,15,SI,,,,X,,,SI,SI,SI,SI,SI,SI,SI,0,,,SI,NO,,//,NO,SI,SI,SI,SI,,X,X,,X,X,CCONNA,49-2024,,SI,NO,SI,,,,,,X,,,,,,SI,,X,X,X,,,SI,X,,,,,B0,A1,2,040125,040010
1642305,0,853315,3AP,LEON NEIL COOPER,CERRO COLORADO,SOR ANA DE LOS ANGELES,NO,,,,,,,,NO,,,,SI,,,,,,X,SI,,,,,,X,,NO,,NO,,,,,,,,NO,,,,,,,,NO,,,NO,,,,,,,SI,SI,1,NO,,,,,,,SI,4,X,X,,,,,,,,NO,,,,,,X,,,,,,,,X,X,,,NO,SI,2,NO,,,,,,,,,,,,X,,,,,,,SI,SI,5,SI,X,,,,,,NO,,,,SI,NO,NO,,1,,NO,,,//,SI,SI,SI,NO,NO,,,,X,,,,,,,,NO,,,,,,,,,,,,NO,,,,,,,SI,X,,,,,B0,B4,1,040104,040001
1335413,0,547260,3AP,SAGRADA FAMILIA SKARHOLMEN,CERRO COLORADO,CERRO COLORADO,NO,,,,,,,,NO,,,,SI,X,,,,X,,SI,X,,,,,,,NO,,NO,,,,,,,,SI,,X,X,,,,SI,NO,,,SI,X,,,,,,SI,SI,8,NO,,,,,,,NO,,X,X,X,X,,X,X,,,SI,SI,SI,SI,SI,2,X,X,,,,,,,X,X,,,SI,SI,7,SI,5,X,X,X,X,X,X,X,,,,X,,,X,,,,SI,SI,1,SI,X,,,,,,SI,SI,SI,SI,SI,SI,SI,1,,,SI,NO,,//,NO,SI,SI,SI,SI,,,,X,,,,,,,,NO,,,,,,,,,,,,SI,X,,,,,,NO,,,,,,B0,B4,1,040104,040001
1363456,0,527709,3AP,SAN ESTEBAN,CERRO COLORADO,AREQUIPA,NO,,,,,,,,SI,SI,,,SI,,,,,,X,SI,X,,,,,,,SI,SI,NO,,,,,,,,SI,,X,X,,,,NO,NO,,,SI,X,X,,,,,SI,NO,2,NO,,,,,,,NO,,X,,X,,,,X,,,SI,SI,NO,SI,NO,,X,X,X,X,,,,,X,X,X,,SI,SI,2,SI,1,,,,,,,,X,NINGUNO,X,X,X,X,X,,,,SI,SI,19,SI,X,X,,,,,SI,SI,SI,NO,SI,SI,SI,0,,,SI,NO,,//,SI,SI,SI,SI,SI,,,,X,,,,,,,,NO,,,,,,,,,,,,NO,,,,,,,NO,,,,,,B0,B4,1,040104,040001
0313668,0,068028,3AP,40486,JAQUI,MOCHICA,NO,,,,,,,,SI,SI,,,SI,X,,,,,X,SI,,,,,,X,,SI,SI,SI,,,X,,,,,SI,,X,X,X,,,SI,NO,,,SI,,,X,,,,SI,SI,3,NO,,,,,,,NO,,X,X,X,X,X,X,X,,,SI,SI,SI,SI,SI,3,X,,X,X,X,X,,NINGUNO,X,X,X,X,SI,SI,1,SI,1,X,X,X,X,X,X,,,NINGUNO,X,X,X,X,X,X,X,SIN NOVEDAD,SI,SI,10,,X,,X,,,SIN MOVEDSD,SI,SI,SI,SI,SI,SI,SI,0,,,SI,NO,0,//,SI,SI,SI,SI,SI,X,X,X,X,X,,,O12,17,SI,SI,NO,,,,,,,,,,,,NO,,,,,,,NO,,,,,SIN NVEDAD,B0,A1,2,040310,040004
0312850,0,069928,3AP,40405,CALLALLI,PAMPA BLANCA,NO,,,,,,,,NO,,,,SI,X,X,,X,,,SI,X,,X,,,,,SI,SI,NO,,,,,,,,SI,,X,,X,,,NO,NO,,,NO,,,,,,,SI,NO,8,NO,,,,,,,,,X,,,,X,X,,,,SI,SI,SI,SI,SI,1,X,,X,,,,,,X,X,X,X,NO,SI,1,SI,1,,X,,,,,,,,X,X,X,,,,,,SI,SI,3,SI,,,X,,,,SI,SI,NO,SI,NO,,NO,,1,,NO,,,//,NO,SI,NO,SI,SI,,,,X,,,,,,,,SI,,,,,,X,,,,X,X,NO,,,,,,,NO,,,,,,B0,A1,2,040504,040006
1558840,0,635898,3AP,DIVINO MAESTRO,CHAPARRA,CHAPARRA,NO,,,,,,,,SI,SI,,,SI,X,,,X,,,SI,X,X,,,,,,SI,NO,SI,,,X,,,,,SI,,,,,X,ESCUELA PARA PADRES,NO,NO,,,SI,X,,,,,,SI,SI,8,NO,,,,,,,SI,4,,,,,,,,,,NO,,,,,,X,X,X,X,,X,X,SEMANA DE REFLEXION,X,,,X,SI,SI,5,SI,1,,,X,,,,,,,X,X,,X,X,,,,SI,SI,6,SI,X,X,X,,,,SI,SI,SI,SI,SI,SI,SI,0,,,SI,NO,,//,SI,SI,SI,SI,SI,,,,X,,,,,,,,SI,,,,,X,X,,,,X,,NO,,,,,,,NO,,,,,,B0,B4,2,040308,040004
0845354,0,864998,3AP,LA CANTUTA DE AREQUIPA,MIRAFLORES,AREQUIPA,NO,,,,,,,,SI,SI,,,NO,,,,,,X,SI,X,,,,,,,NO,,NO,,,,,,,,SI,,X,,,,,NO,NO,,,NO,,,,,,,SI,NO,5,SI,X,,,,,,NO,,X,,X,,X,,X,,,SI,SI,SI,SI,NO,,,,,,,X,,,X,,,,SI,SI,12,NO,,,X,,,,,,,,,X,,,,,,,SI,SI,6,SI,X,,,,,,SI,SI,SI,NO,SI,SI,SI,1,,,SI,SI,1,5/5/2024,SI,SI,NO,SI,SI,,,,,,X,POR MEJORAR,,,,,NO,,,,,,,,,,,,NO,,,,,,,NO,,,,,,B0,B4,1,040110,040002
0286658,0,073850,3AP,40561,TORO,ANCARO,NO,,,,,,,,NO,,,,SI,,,,,,X,SI,,,,,,X,,NO,,NO,,,,,,,,NO,,,,,,,,NO,,,NO,,,,,,,SI,NO,8,NO,,,,,,,,,,,,,,,,,,NO,,,,,,X,,,,,,,,,,X,,NO,SI,1,SI,1,,X,,,,,,,,X,,,,,,,,NO,SI,4,NO,,,X,,,,SI,SI,NO,SI,SI,NO,NO,,3,,NO,,,//,SI,NO,,SI,SI,X,,,,,,,,,,,,,,,,,,,,,,,NO,,,,,,,NO,,,,,,B0,A1,2,040811,040009
0895805,0,066133,3AP,SAN VICENTE DE PAUL,JOSE LUIS BUSTAMANTE Y RIVERO,DOLORES,SI,SI,,X,,,,,SI,SI,,,SI,X,,,,,,SI,,,,,,X,,NO,,NO,,,,,,,,SI,,X,X,,,,NO,NO,,,NO,,,,,,,SI,SI,8,NO,,,,,,,NO,,X,X,X,,X,X,X,,,SI,SI,SI,NO,,,X,X,,X,,X,,,X,X,X,X,SI,SI,6,SI,1,,,,,,,,X,NINGUNA,X,X,X,,X,,,,SI,NO,,SI,X,X,,,,,SI,SI,SI,SI,SI,SI,SI,0,,,SI,NO,,//,SI,SI,NO,SI,SI,,,X,,,,,012,020,SI,SI,NO,,,,,,,,,,,,SI,,X,,,,,NO,,,,,,B0,B4,1,040129,040002
0770065,0,073355,3AP,41057,HUAYNACOTAS,AGUAS CALIENTES,NO,,,,,,,,NO,,,,SI,,,,,,X,SI,,,,,,X,,NO,,NO,,,,,,,,NO,,,,,,,,NO,,,NO,,,,,,,NO,NO,8,NO,,,,,,,,,,,,,,,,,,NO,,,,,,,,,X,,,,,,,X,,NO,SI,1,SI,1,,X,,,,,,,,X,,,,,,,,NO,SI,4,NO,,,X,,,,NO,,,,SI,NO,NO,,3,,NO,,,//,SI,NO,,NO,NO,X,,,,,,,,,,,,,,,,,,,,,,,NO,,,,,,,NO,,,,,,B0,A1,2,040804,040009
1774009,0,844161,3AP,SANTISIMA VIRGEN DE CHAPI,SOCABAYA,SOCABAYA,NO,,,,,,,,SI,SI,,,SI,,,,,,X,SI,,,,,,X,,SI,SI,SI,,,X,,,,,SI,,X,,X,,,NO,NO,,,SI,X,,,,,,SI,SI,3,NO,,,,,,,NO,,X,X,X,X,X,X,X,,,SI,SI,SI,SI,NO,,X,X,X,X,X,X,,,X,X,X,X,NO,SI,4,SI,2,,,,,,,,,,X,X,,X,X,,,,SI,NO,,SI,,X,,,,,SI,SI,SI,SI,SI,SI,SI,0,,,SI,NO,,//,NO,SI,SI,SI,SI,,,,X,,,,,,,,NO,,,,,,,,,,,,NO,,,,,,,NO,,,,,,B0,B4,1,040122,040002
0219873,0,062583,3AP,40182,PAUCARPATA,PROGRESISTA,NO,,,,,,,,SI,SI,,,SI,,,,X,,,SI,,,,X,,,,SI,SI,SI,,,X,,,,,SI,,X,,,,,SI,NO,,,SI,,,X,X,,,SI,SI,9,SI,,,,X,,,,,X,X,X,X,X,X,X,,,SI,SI,SI,SI,SI,2,,X,,X,X,,,,X,X,X,X,SI,SI,13,SI,2,,X,X,X,X,X,X,,,X,X,X,X,X,,,,SI,SI,2,SI,X,X,X,X,,,SI,SI,SI,SI,SI,SI,SI,0,,,SI,NO,,//,SI,SI,SI,SI,SI,,,X,,X,,,074-2024,104-2024,SI,SI,SI,,,,,,X,,,X,,,SI,X,,,,,,SI,X,,,,,B0,A1,1,040112,040002
1238328,0,066637,3AP,MENDEL CAMANA,CAMANA,CAMANA,NO,,,,,,,,NO,,,,SI,X,,,,,,SI,X,,,,X,,,NO,,NO,,,,,,,,NO,,,,,,,,NO,,,SI,X,,,X,,,SI,NO,3,NO,,,,,,,SI,2,,,X,,,,,,,SI,SI,SI,SI,SI,3,X,X,,X,,X,,,X,X,X,X,SI,SI,6,SI,1,,X,,,X,,,,,,X,X,X,,,,,SI,SI,45,SI,X,,X,X,,,SI,SI,SI,SI,SI,SI,SI,1,,,SI,NO,,//,SI,SI,SI,SI,SI,,X,X,,,,,RD38,,SI,SI,NO,,,,,,,,,,,,NO,,,,,,,NO,,,,,,B0,B4,1,040201,040003
3018751,0,905140,3AP,SANTISIMA INFANTA MARIA,OCOÑA,OCOÑA,NO,,,,,,,,SI,SI,,,SI,X,X,,,,,SI,X,,,,,,,SI,NO,SI,X,,X,X,,,,SI,X,,X,,,,SI,NO,,,SI,X,X,X,,,,SI,SI,8,NO,,,,,,,NO,,,,,,,,,,,SI,SI,NO,SI,NO,,X,X,X,,,X,,,X,X,X,,SI,SI,5,SI,4,X,X,,X,X,,,,,X,,X,,,,,,SI,SI,4,SI,,X,,X,,,SI,SI,SI,SI,SI,SI,SI,0,,,SI,NO,,//,SI,SI,SI,SI,SI,X,X,,,,,,,,,,,,,,,,,,,,,,SI,,X,,,,,SI,X,,X,,,B0,B4,2,040206,040003
0897983,0,065143,3AP,BALMER JESUCRISTO REY,YANAHUARA,AREQUIPA,NO,,,,,,,,SI,SI,,,SI,,,,,,X,SI,,,,,,X,,NO,,NO,,,,,,,,SI,,,X,,,,NO,NO,,,NO,,,,,,,SI,NO,8,NO,,,,,,,NO,,X,X,X,X,X,X,X,,,SI,NO,NO,SI,NO,,,X,,,,X,,,X,,,,NO,SI,3,NO,,,,,,,,,X,CORREO,,X,,,,,,,SI,NO,,SI,,,,X,,,SI,SI,SI,NO,NO,,SI,1,,,NO,NO,,//,NO,SI,NO,SI,SI,X,,X,,,,,000052025,,SI,SI,SI,,,,,,X,,,,,X,SI,,X,,,,,SI,X,,,,,B0,B4,1,040126,040001
1031673,0,581386,3AP,GABRIELA MISTRAL,AREQUIPA,AREQUIPA,NO,,,,,,,,SI,SI,,,SI,X,,,,,,SI,X,,,,,,,NO,,NO,,,,,,,,SI,X,,X,,,,NO,NO,,,NO,,,,,,,SI,NO,4,NO,,,,,,,NO,,X,X,X,,X,X,X,,,SI,SI,SI,SI,NO,,,X,X,,,,,,X,,X,,NO,SI,6,SI,1,,X,,,,,,,,,X,,X,,,,,SI,SI,2,SI,X,,,X,,,SI,SI,SI,SI,SI,NO,SI,0,,,SI,NO,,//,SI,SI,SI,SI,SI,,,X,,,,,018-2025,012-2025,SI,NO,NO,,,,,,,,,,,,NO,,,,,,,NO,,,,,,B0,B4,1,040101,040001
0218990,0,060876,3AP,40093,LA JOYA,LA CANO,NO,,,,,,,,NO,,,,SI,X,,,X,,,SI,X,X,,,,,,SI,SI,SI,,,X,,,,,NO,,,,,,,,NO,,,SI,X,X,X,X,,,SI,SI,9,SI,X,X,,,,,,,X,X,X,X,X,X,X,,,SI,SI,NO,SI,SI,3,,X,,X,,X,,,X,,X,X,SI,SI,10,SI,2,X,X,X,X,,X,X,,,X,X,,,,,,,SI,SI,4,SI,X,,,X,,,SI,SI,SI,SI,SI,SI,SI,1,,,SI,SI,11,9/9/2024,SI,SI,SI,SI,SI,,,,X,,,,,,,,NO,,,,,,,,,,,,SI,X,X,,,,,NO,,,,,,B0,A1,2,040108,040010
1344472,0,514561,3AP,ITALO PERUANO ALESSANDRO VOLTA,CHARACATO,ASOVICH,NO,,,,,,,,SI,SI,,,SI,X,,,,,,SI,X,X,,,,,,NO,,SI,,,X,,,,,SI,X,,,,,,SI,NO,,,SI,X,,X,,,,SI,SI,8,NO,,,,,,,NO,,X,,X,,X,,,,,NO,,,,,,X,X,,,,X,,,X,X,,,SI,SI,20,SI,2,X,,X,X,,,,,,X,X,X,,X,,,,SI,NO,,SI,X,X,X,,,,SI,SI,SI,SI,SI,SI,SI,0,,,SI,SI,2,25/9/2024,NO,SI,SI,SI,SI,X,,X,X,X,,,N033,,SI,SI,NO,,,,,,,,,,,,NO,,,,,,,NO,,,,,,B0,B4,1,040105,040002
1436427,0,575173,3AP,SEÑOR DE LA CAÑA,CERRO COLORADO,AREQUIPA,NO,,,,,,,,NO,,,,SI,,,,,,X,SI,X,,,,,,,NO,,NO,,,,,,,,SI,,X,,,,,NO,NO,,,SI,X,,,,,,SI,SI,3,NO,,,,,,,NO,,,,,,,,,,,SI,SI,SI,SI,NO,,X,,,,,,,,X,,,,SI,SI,14,SI,4,,X,,,,,,,,,X,,,,,,,SI,SI,20,SI,,X,,,,,SI,SI,SI,SI,SI,SI,SI,0,,,SI,NO,,//,NO,SI,NO,NO,SI,X,,,,,,,,,,,,,,,,,,,,,,,NO,,,,,,,NO,,,,,,B0,B4,1,040104,040001
0287599,0,061913,3AP,I.E. REPUBLICA ARGENTINA,MIRAFLORES,MIRAFLORES,SI,SI,,,,X,,,SI,SI,,,SI,,,,,,X,SI,X,,X,,,,,NO,,NO,,,,,,,,SI,X,X,X,X,X,ACTIVIDAD FISICA,SI,SI,0,8,SI,X,X,,,,,SI,SI,6,SI,X,X,,X,,,,,X,X,X,X,,,X,,,SI,SI,SI,SI,SI,3,X,X,,X,,,,,X,,X,X,SI,SI,9,SI,1,,,,,X,X,X,,,X,X,,X,,,,,SI,SI,5,SI,,,,X,X,MONITOREOS PROGRAMADOS,SI,SI,SI,SI,SI,SI,SI,0,,,SI,SI,4,13/11/2024,NO,SI,SI,SI,SI,,,X,,X,X,OTRAS BRIGADAS,057-2024,,SI,NO,NO,,,,,,,,,,,,NO,,,,,,,NO,,,,,,B0,A1,1,040110,040002
1790732,0,843816,3AP,WAYNE DYER,MAJES,PEDREGAL SUR,NO,,,,,,,,NO,,,,SI,X,,,,,,NO,,,,,,X,,SI,NO,NO,,,,,,,,NO,,,,,,,,NO,,,NO,,,,,,,SI,NO,5,NO,,,,,,,NO,,,,,,,,,,,NO,,,,,,,,,,,X,,,X,X,,,SI,NO,,SI,1,,X,,,,,,,,,,,,X,,,,SI,NO,,NO,X,,,,,,NO,,,,NO,,SI,0,,,SI,NO,,//,SI,SI,SI,SI,SI,,,,X,,,,,,,,NO,,,,,,,,,,,,NO,,,,,,,NO,,,,,,B0,B4,1,040520,040010
0226498,0,062451,3AP,40009 SAN MARTIN DE PORRES,PAUCARPATA,PAUCARPATA,NO,,,,,,,,SI,NO,1,,SI,,,,,,X,SI,X,,X,X,,,,NO,,SI,,,X,,,,,SI,,,,,X,ESCUELAS DE FAMILIAS,SI,NO,,,SI,X,,X,,,,SI,SI,7,SI,X,X,,X,,,,,X,X,X,X,X,X,X,,,SI,SI,SI,SI,SI,3,,X,,,X,X,,,X,X,X,X,SI,SI,6,SI,2,X,X,X,X,X,X,,,,X,X,,,,,,,SI,SI,2,SI,,X,,X,,,SI,SI,SI,SI,SI,SI,SI,2,,,SI,SI,2,5/6/2024,NO,SI,NO,SI,SI,X,,X,,X,,,031-2024,011,SI,SI,NO,,,,,,,,,,,,NO,,,,,,,NO,,,,,,B0,A4,1,040112,040002
1333541,0,787288,3AP,EUROAMERICANO DIVINO NIÑO JESUS,CERRO COLORADO,MARISCAL CASTILLA,NO,,,,,,,,SI,SI,,,SI,,,,,,X,SI,X,,,,,,,SI,SI,NO,,,,,,,,SI,,,X,,,,SI,NO,,,NO,,,,,,,SI,NO,8,SI,,,,X,,,NO,,X,X,,X,X,X,X,,,SI,SI,SI,SI,SI,2,X,X,,,X,,,,X,,X,X,SI,SI,10,NO,,,,,,,,,,,X,X,X,,X,,,,SI,SI,11,SI,X,,,X,,,SI,SI,SI,SI,SI,SI,SI,1,,,SI,NO,,//,NO,SI,NO,SI,SI,,,X,,X,,,09/2025,18/2025,SI,SI,NO,,,,,,,,,,,,NO,,,,,,,NO,,,,,,B0,B4,1,040104,040001
1262609,0,547590,3AP,SEÑOR DE LUREN,CAYMA,AREQUIPA,NO,,,,,,,,SI,SI,,,SI,,,,,,X,SI,X,X,,,,,,NO,,SI,,,,,,X,CENTRO DE SALUD DE BUENOS AIRES,SI,,,X,,,,SI,NO,,,SI,X,,,,,,SI,NO,8,NO,,,,,,,NO,,,,,,,,,,,SI,NO,NO,NO,,,,X,,,,,,,X,X,,,NO,NO,,SI,1,,,,,,,,X,NUNCA NOS VISITÓ,X,,,,,,,,NO,SI,10,SI,X,,X,,,,SI,SI,SI,SI,SI,SI,SI,0,,,SI,NO,,//,NO,NO,,SI,NO,,,X,,,,,,008-2025,NO,,NO,,,,,,,,,,,,NO,,,,,,,NO,,,,,,B0,B4,1,040103,040001
0287730,0,058034,3AP,41035 NICANOR RIVERA CACERES,ALTO SELVA ALEGRE,URBANIZACIÓN GRÁFICOS,SI,SI,,X,,,,,SI,SI,,,SI,X,,X,X,,,SI,X,X,,,X,,,SI,SI,SI,,,X,,,,,SI,X,X,,,,,SI,SI,0,4,SI,,,X,X,,,SI,SI,8,SI,,X,X,,,,,,X,X,X,X,X,,X,,,SI,SI,SI,SI,NO,,X,X,,,,,,,X,X,,,SI,SI,10,SI,2,X,,,,X,X,,,,X,X,X,X,X,,,,SI,SI,10,SI,,X,,X,,,SI,SI,SI,SI,SI,SI,SI,1,,,SI,NO,,//,SI,SI,SI,SI,SI,,,X,,X,,,071,006,SI,SI,SI,,,,,,X,,,,,X,SI,X,,,,,,SI,X,,,,,B0,A1,1,040102,040002
1719749,0,801661,3AP,SAN ANTONIO DE PADUA SCHOOL,CERRO COLORADO,AREQUIPA,NO,,,,,,,,NO,,,,SI,X,,,,,,SI,X,,,,,,,NO,,NO,,,,,,,,SI,,X,X,,,,SI,NO,,,NO,,,,,,,SI,NO,8,NO,,,,,,,NO,,,,,,,,,,,NO,,,,,,X,X,X,X,,,,,X,X,,,NO,SI,4,SI,10,X,X,X,X,X,X,X,,,X,X,,,X,,,,SI,SI,8,SI,X,X,,X,,,SI,SI,SI,SI,SI,SI,SI,0,,,SI,NO,,//,SI,SI,SI,SI,SI,,X,,,,,,,,,,,,,,,,,,,,,,NO,,,,,,,NO,,,,,,B0,B4,1,040104,040001
1372366,0,862150,3AP,BENJAMIN FRANKLIN,SACHACA,PAMPAS DE CAMARONES,NO,,,,,,,,SI,SI,,,SI,X,,,,,,SI,X,,,,,,,SI,NO,NO,,,,,,,,SI,,X,,,,,NO,NO,,,NO,,,,,,,SI,NO,8,SI,X,,,,,,NO,,X,X,X,,,,,,,SI,SI,SI,SI,NO,,,,X,X,,,,,X,,,,SI,SI,6,SI,1,,,X,,,,,,,,,,,X,,,,SI,NO,,SI,,X,,,,,SI,SI,SI,NO,SI,SI,SI,0,,,SI,NO,,//,NO,SI,NO,SI,SI,,,X,,,,,,0125,SI,NO,NO,,,,,,,,,,,,NO,,,,,,,SI,,,X,,,B0,B4,1,040117,040001
0220129,0,064266,3AP,40208 PADRE FRANCOIS DELATTE,SOCABAYA,BELLAPAMPA,NO,,,,,,,,SI,NO,1,,SI,X,X,,X,,,SI,X,,,X,,,,SI,SI,SI,,,X,,,,,SI,X,X,X,X,,,SI,NO,,,SI,X,,X,,,,SI,SI,5,NO,,,,,,,,,X,X,X,X,X,X,X,,,SI,SI,SI,SI,SI,3,X,X,X,X,,X,,,X,X,X,X,SI,SI,12,SI,1,,,,,,,X,,,X,X,X,X,X,,,,SI,SI,4,SI,X,X,,X,,,SI,SI,SI,SI,SI,SI,SI,1,,,SI,NO,,//,SI,SI,NO,SI,SI,X,X,X,,X,,,664,272,SI,SI,NO,,,,,,,,,,,,NO,,,,,,,SI,,X,,,,B0,A4,1,040122,040002
0845065,0,062922,3AP,PADRE PEREZ DE GUEREÑU,PAUCARPATA,CIUDAD BLANCA,NO,,,,,,,,SI,SI,,,SI,X,,,,,,SI,,,X,,,,,NO,,NS,,,,,,,,SI,,,X,,,,NO,SI,3,,SI,X,X,X,X,,,SI,NO,5,SI,,X,,X,,,,,X,X,X,X,X,X,X,,,SI,SI,SI,SI,NO,,X,X,X,X,,X,,,X,X,X,X,SI,SI,18,SI,2,X,X,X,,X,X,,,,X,X,,X,,,,,SI,SI,3,SI,X,X,,X,,,SI,SI,SI,SI,SI,SI,SI,0,,,SI,NO,,//,NO,SI,SI,SI,SI,,,X,,X,,,0057,132,SI,SI,NO,,,,,,,,,,,,NO,,,,,,,NO,,,,,,B0,A1,1,040112,040002
0311597,0,067887,3AP,40276  MARIANO MELGAR VALDIVIESO,CHAPARRA,CHAPARRA,NO,,,,,,,,SI,SI,,,SI,X,,,,X,,SI,,,X,X,,,,NO,,NO,,,,,,,,SI,,,,X,,,SI,NO,,,SI,X,,,,,,SI,NO,2,NO,,,,,,,,,X,X,X,X,,,,,,SI,SI,SI,SI,SI,6,,X,,X,X,X,,,X,X,X,X,SI,SI,10,SI,1,,X,,,X,X,X,,,X,X,X,X,X,,,,SI,SI,10,NO,,,,X,,,SI,SI,SI,SI,SI,SI,SI,1,,,SI,SI,10,22/12/2024,NO,SI,SI,SI,NO,X,,,,,,,,,,,NO,,,,,,,,,,,,SI,,X,,,,,SI,X,,,,,B0,A1,2,040308,040004
1764364,0,831130,3AP,SANTA PAULA SCHOOL,HUNTER,CCACALLINCA,NO,,,,,,,,NO,,,,SI,,,,,,X,SI,X,,,,,,,SI,SI,NO,,,,,,,,SI,,X,,,,,SI,NO,,,NO,,,,,,,SI,NO,5,NO,,,,,,,NO,,X,X,X,X,X,X,X,,,SI,SI,SI,SI,SI,1,X,,X,,,X,,,X,,,,SI,SI,11,SI,1,,,,,,,,X,,X,X,X,X,X,,,,SI,SI,3,SI,X,X,,,,,SI,SI,SI,SI,SI,SI,SI,0,,,SI,NO,,//,NO,SI,SI,SI,SI,,,X,,X,,,34,41,SI,SI,NO,,,,,,,,,,,,NO,,,,,,,NO,,,,,,B0,B4,1,040107,040002
1339985,0,551271,3AP,SEÑOR JUSTO JUEZ,ALTO SELVA ALEGRE,URB APURIMAC,NO,,,,,,,,SI,SI,,,SI,X,,,,,,SI,X,,,,,,,SI,NO,NO,,,,,,,,SI,,X,,,,,NO,NO,,,NO,,,,,,,SI,NO,8,SI,X,,,,,,NO,,X,X,X,,,,,,,SI,SI,SI,SI,NO,,,,X,X,,,,,X,,,,SI,SI,6,SI,1,,,X,,,,,,,,,,,X,,,,SI,NO,,SI,,X,,,,,SI,SI,SI,NO,SI,SI,SI,0,,,SI,NO,,//,NO,SI,NO,SI,SI,,,X,,,,,,0125,SI,NO,NO,,,,,,,,,,,,NO,,,,,,,SI,,,X,,,B0,B4,1,040102,040002
1723196,0,805107,3AP,PROCERES DE MIRAFLORES,MIRAFLORES,LA GALAXIA,NO,,,,,,,,NO,,,,SI,X,,,,,,NO,X,,,,,,,NO,,NO,,,,,,,,NO,,,,,,,,NO,,,NO,,,,,,,SI,NO,1,NO,,,,,,,,,,,,,,,,,,NO,,,,,,X,,,,,,,,X,,,,NO,NO,,SI,1,X,,,,,,,,,X,,,,,,,,NO,NO,,NO,X,,,,,,NO,,,,NO,,NO,,1,,NO,,,//,NO,NO,,NO,NO,,,,X,,,,,,,,NO,,,,,,,,,,,,NO,,,,,,,NO,,,,,,B0,A1,1,040110,040002
0895342,0,058029,3AP,40657,ALTO SELVA ALEGRE,VILLA INDEPENDIENTE,NO,,,,,,,,SI,SI,,,SI,X,X,X,X,X,,SI,X,,X,,,,,NO,,SI,,,X,,,,,SI,,X,X,,,,NO,NO,,,SI,X,,X,,,,SI,SI,8,NO,,,,,,,,,X,,X,,,,,,,SI,SI,SI,SI,SI,1,,X,,,,,,,X,,X,,SI,SI,4,SI,1,,X,,,,X,,,,X,X,,X,,,,,SI,SI,4,SI,,X,,,,,SI,SI,SI,SI,SI,SI,SI,0,,,SI,NO,,//,NO,SI,SI,SI,SI,,,X,,X,,,,0044-24,SI,SI,NO,,,,,,,,,,,,SI,X,,X,,,,NO,,,,,,B0,A1,1,040102,040002
1118017,0,060386,3AP,40675 GRAL. VELAZCO ALVARADO,CHIGUATA,LOS PORTALES,NO,,,,,,,,SI,SI,,,SI,,,,,,X,SI,X,X,,,,,,SI,SI,SI,,,X,,,,,SI,X,X,X,,,,SI,NO,,,SI,X,X,X,X,,,SI,NO,3,SI,X,X,X,X,,,,,X,,X,X,X,X,,,,SI,SI,SI,SI,SI,4,,X,,,,,,,X,X,,,SI,SI,5,SI,6,,X,X,X,X,X,,,,X,X,X,X,X,,,,SI,SI,10,SI,,X,,X,,,SI,SI,SI,SI,SI,SI,SI,0,,,SI,NO,,//,SI,SI,NO,SI,SI,X,,,,X,,,,,,,NO,,,,,,,,,,,,NO,,,,,,,SI,,X,,,,B0,A1,1,040106,040002
1697853,0,840318,3AP,MINNE MARTE,SOCABAYA,HORACIO ZEBALLOS GAMEZ,NO,,,,,,,,SI,SI,,,SI,X,,,,,,SI,X,,,,,,,NO,,NO,,,,,,,,SI,X,,,,,,NO,NO,,,SI,X,,,,,,SI,SI,3,NO,,,,,,,SI,22,,X,X,,,,,,,SI,SI,NO,NO,,,X,X,,,,,,,X,,X,,SI,SI,2,NO,,,,,,,,,,,X,X,,,,,,,NO,SI,4,SI,X,,,,,,SI,SI,NO,SI,SI,SI,SI,0,,,SI,NO,,//,NO,SI,SI,SI,SI,,,,X,,,,,,,,NO,,,,,,,,,,,,NO,,,,,,,NO,,,,,,B0,B4,1,040122,040002
1338235,0,550889,3AP,PADRE MARTIN,JACOBO HUNTER,JACOBO HUNTER,NO,,,,,,,,NO,,,,SI,,,,,,X,SI,X,X,,X,,,,NO,,NO,,,,,,,,SI,,X,X,,,,SI,NO,,,SI,,,X,,,,SI,SI,6,SI,,X,,X,,,SI,1,X,X,X,X,,,X,,,SI,SI,SI,SI,SI,3,X,X,,X,,,,,X,X,X,X,SI,SI,10,SI,1,,X,X,,X,X,X,,,X,,X,,X,,,,SI,NO,,SI,,X,,X,,,SI,SI,SI,SI,SI,SI,SI,0,,,SI,NO,,//,SI,SI,SI,SI,SI,X,,X,,X,,,12,,SI,NO,NO,,,,,,,,,,,,NO,,,,,,,NO,,,,,,B0,B4,1,040107,040002
0619056,0,866657,3AP,PABLO FREIRE,CHARACATO,CHARACATO,NO,,,,,,,,SI,SI,,,SI,,,,,,X,SI,X,,,,,,,NO,,NO,,,,,,,,SI,X,,X,,,,NO,NO,,,NO,,,,,,,SI,NO,3,SI,X,,,,,,SI,1,,,,,,,,,,NO,,,,,,X,X,,,,,,,X,,,,SI,SI,4,SI,1,,X,,,,,,,,X,,X,,,,,,SI,SI,4,SI,X,,X,,,,NO,,,,SI,NO,SI,0,,,NO,,,//,NO,SI,NO,SI,SI,,,,,X,,,,,,,NO,,,,,,,,,,,,NO,,,,,,,NO,,,,,,B0,B4,1,040105,040002
1339803,0,809469,3AP,VILLARREAL,SOCABAYA,SOCABAYA,NO,,,,,,,,SI,SI,,,SI,X,,,,,,SI,X,,,,,,,SI,NO,NO,,,,,,,,SI,,X,,,,,NO,NO,,,NO,,,,,,,SI,NO,8,SI,X,,,,,,NO,,X,X,X,,,,,,,SI,SI,SI,SI,NO,,,,X,X,,,,,X,,,,SI,SI,6,SI,1,,,X,,,,,,,,,,,X,,,,SI,NO,,SI,,X,,,,,SI,SI,SI,NO,SI,SI,SI,0,,,SI,NO,,//,NO,SI,NO,SI,SI,,,X,,,,,,0125,SI,NO,NO,,,,,,,,,,,,NO,,,,,,,SI,,,X,,,B0,B4,1,040122,040002
1443787,0,547566,3AP,CEDEU ALFRED BINET,AREQUIPA,AREQUIPA,NO,,,,,,,,SI,SI,,,SI,,,,,,X,SI,,,,,,X,,SI,SI,NO,,,,,,,,SI,X,,X,,,,NO,NO,,,SI,X,X,,,,,SI,NO,6,NO,,,,,,,NO,,X,X,,,,,,,,SI,SI,SI,SI,NO,,,X,,,,X,,,X,,X,,SI,SI,1,NO,,,,,,,X,,,,,X,,,X,,,,SI,NO,,SI,X,,X,,,,SI,SI,SI,NO,SI,NO,SI,0,,,SI,NO,,//,SI,SI,NO,SI,SI,,,,X,,,,,,,,NO,,,,,,,,,,,,NO,,,,,,,SI,X,,,,,B0,B4,1,040101,040001
1254663,0,058595,3AP,CESAR VALLEJO,ALTO SELVA ALEGRE,AUGUSTO SALAZAR BONDY,NO,,,,,,,,SI,SI,,,SI,X,,,,,,SI,X,,,,,,,SI,NO,NO,,,,,,,,SI,,X,,,,,NO,NO,,,NO,,,,,,,SI,NO,8,SI,X,,,,,,NO,,X,X,X,,,,,,,SI,SI,SI,SI,NO,,,,X,X,,,,,X,,,,SI,SI,6,SI,1,,,X,,,,,,,,,,,X,,,,SI,NO,,SI,,X,,,,,SI,SI,SI,NO,SI,SI,SI,0,,,SI,NO,,//,NO,SI,NO,SI,SI,,,X,,,,,,0125,SI,NO,NO,,,,,,,,,,,,NO,,,,,,,SI,,,X,,,B0,B4,1,040102,040002
1636083,0,589740,3AP,MARIA DE JESUS,PAUCARPATA,AREQUIPA,NO,,,,,,,,SI,SI,,,SI,,,,,,X,SI,,,,,,X,,NO,,NO,,,,,,,,NO,,,,,,,,NO,,,NO,,,,,,,SI,NO,3,NO,,,,,,,NO,,X,X,X,X,X,X,X,,,SI,SI,SI,NO,,,,X,X,,,,,,,,,X,SI,NO,,NO,,,,,,,,,,,,,X,,,,,,NO,NO,,NO,,,,X,,,SI,SI,SI,SI,SI,SI,SI,0,,,SI,NO,,//,NO,NO,,NO,NO,X,,,,,,,,,,,NO,,,,,,,,,,,,NO,,,,,,,NO,,,,,,B0,B4,1,040112,040002
0845404,0,061475,3AP,BELEN DEL NIÑO JESUS,MARIANO MELGAR,MARIANO MELGAR,NO,,,,,,,,SI,SI,,,SI,,,,,,X,SI,,,,,,X,,NO,,SI,,,X,,,,,SI,,,X,,,,SI,NO,,,SI,X,X,X,,,,SI,NO,6,SI,,X,,,,,NO,,,,,,,,,,,SI,NO,NO,NO,,,,X,,,,,,,X,X,X,,SI,SI,6,SI,2,,,,,,,X,,,,,,,X,,,,NO,NO,,SI,,X,,,,,SI,SI,SI,NO,SI,SI,SI,0,,,SI,NO,,//,NO,NO,,SI,SI,,,,X,,,,,,,,NO,,,,,,,,,,,,NO,,,,,,,NO,,,,,,B0,B4,1,040109,040002
1119916,0,278818,3AP,BALMER,CERRO COLORADO,AREQUIPA,NO,,,,,,,,NO,,,,SI,X,,,,,,SI,,,,,,X,,NO,,NS,,,,,,,,SI,,,X,,,,SI,SI,1,0,NO,,,,,,,SI,NO,6,SI,,X,,,,,NO,,,,,,,,,,,NO,,,,,,X,,,,,,,,X,X,,,SI,NO,,SI,3,,,,,,,X,,,X,,,,,,,,SI,SI,3,NO,,X,,,,,SI,SI,SI,SI,SI,SI,SI,4,,,SI,SI,4,5/9/2024,NO,SI,SI,SI,SI,,,,X,,,,,,,,NO,,,,,,,,,,,,NO,,,,,,,NO,,,,,,B0,B4,1,040104,040001
0314005,0,073416,3AP,40524,PAMPAMARCA,HUARHUA,NO,,,,,,,,NO,,,,SI,,,,,,X,SI,,,,,,X,,NO,,NO,,,,,,,,NO,,,,,,,,NO,,,NO,,,,,,,NO,NO,8,NO,,,,,,,,,,,,,,,,,,NO,,,,,,,,,X,,,,,,,X,,NO,SI,1,SI,1,,,,,,X,,,,,,,,,,X,,NO,SI,2,NO,,,X,,,,SI,NO,NO,SI,SI,NO,NO,,3,,NO,,,//,SI,SI,NO,SI,SI,X,,,,,,,,,,,,,,,,,,,,,,,NO,,,,,,,NO,,,,,,B0,A1,2,040805,040009
1260546,0,060211,3AP,SAN MATEO ANGLICAN SCHOOL SEDE ZAMACOLA,CERRO COLORADO,,NO,,,,,,,,SI,SI,,,SI,,,,,,X,SI,X,,,,,,,NO,,NO,,,,,,,,SI,,X,,,,,NO,NO,,,SI,X,,X,,,,SI,SI,8,NO,,,,,,,NO,,,X,X,,,,,,,SI,SI,SI,SI,SI,2,X,,,,,X,,,X,,,X,NO,SI,2,NO,,,X,,,,,,,,,,,X,,,,,SI,SI,1,SI,,,X,,,,SI,SI,SI,SI,SI,SI,SI,0,,,SI,NO,,//,NO,SI,SI,SI,SI,,,,X,,,,,,,,NO,,,,,,,,,,,,NO,,,,,,,NO,,,,,,B0,B4,1,040104,040001
1435510,0,638793,3AP,GRUPO AMERICAN SCHOOLS,CERRO COLORADO,AREQUIPA,NO,,,,,,,,SI,SI,,,SI,X,X,,,,,SI,X,,,,,,,NO,,NO,,,,,,,,SI,X,,X,,,,NO,SI,2,,SI,X,X,,,,,SI,NO,3,NO,,,,,,,NO,,,,,,,,,,,NO,,,,,,X,X,,,,,,,X,X,,,SI,SI,6,SI,4,,X,,,,,,,,,X,,X,,,,,SI,SI,10,SI,X,,,,,,SI,SI,SI,SI,NO,,NO,,4,,SI,NO,,//,NO,SI,NO,SI,SI,,,X,,,,,0026,0024,SI,NO,NO,,,,,,,,,,,,NO,,,,,,,NO,,,,,,B0,B4,1,040101,040001
1414234,0,814060,3AP,JUAN DE LA TORRE CÁRCAMO,CHAPARRA,ANEXO PAMPAHUARA,NO,,,,,,,,SI,SI,,,SI,X,,,X,,,SI,,,,,,X,,NO,,NO,,,,,,,,SI,,X,X,X,,,SI,NO,,,SI,X,,,,,,SI,SI,3,SI,X,,X,,,,,,X,,X,,,,,,,SI,SI,SI,SI,SI,2,,X,,,,,,,X,,,,SI,NO,,SI,2,,,,,X,X,,,,X,,,,,,,,SI,SI,5,NO,,,X,X,,,SI,SI,NO,NO,SI,SI,SI,1,,,NO,,,//,SI,SI,SI,SI,SI,,,X,,,,,009-2025,,SI,SI,NO,,,,,,,,,,,,NO,,,,,,,NO,,,,,,B0,A1,2,040308,040004
1120476,0,802991,3AP,SAN CARLOS,JOSE LUIS BUSTAMANTE Y RIVERO,,NO,,,,,,,,SI,SI,,,SI,,,,,,X,SI,,,,,,X,,NO,,NO,,,,,,,,SI,,,X,,,,NO,NO,,,NO,,,,,,,SI,NO,8,NO,,,,,,,SI,2,X,X,X,X,X,X,X,,,SI,SI,SI,SI,SI,4,X,X,,,,,,,X,X,X,,SI,SI,6,SI,1,,,,,,X,X,,,,X,,,,,,,NO,SI,20,SI,,X,,X,,,SI,SI,SI,NO,SI,SI,SI,0,,,SI,NO,,//,SI,SI,SI,SI,SI,,,X,,X,,,218,,SI,SI,NO,,,,,,,,,,,,NO,,,,,,,NO,,,,,,B0,B4,1,040129,040002
1702661,0,785388,3AP,JESUS MI SALVADOR,CERRO COLORADO,ASOC JORGE CHAVEZ,NO,,,,,,,,SI,SI,,,SI,,,,,,X,SI,X,,,,,,,NO,,NO,,,,,,,,SI,,X,X,,,,NO,NO,,,SI,X,,,,,,SI,SI,8,NO,,,,,,,NO,,,,,,,,,,,NO,,,,,,X,,,X,,,,,X,,,,NO,SI,1,SI,1,,,,,,,,X,SIMON,X,X,,,,,,,SI,SI,2,SI,,X,,,,,SI,SI,SI,NO,SI,NO,SI,0,,,SI,NO,,//,NO,SI,NO,SI,SI,,,X,,,,,25,22,NO,,NO,,,,,,,,,,,,NO,,,,,,,NO,,,,,,B0,B4,1,040104,040001
0220228,0,063790,3AP,40218,SAN JUAN DE TARUCANI,CONDORÍ,NO,,,,,,,,SI,SI,,,SI,X,,,,,,NO,X,,,,,,,SI,SI,SI,,,X,,,,,SI,X,X,,,,,NO,NO,,,SI,X,,,,,,SI,NO,8,NO,,,,,,,,,X,,,,,,,,,SI,SI,SI,SI,SI,2,,X,,,,,,,X,X,X,,SI,SI,1,SI,1,,X,X,,,,,,,,X,,X,X,,,,NO,NO,,SI,X,X,X,,,,SI,NO,NO,SI,SI,SI,NO,,3,,NO,,,//,NO,SI,SI,SI,SI,X,X,,,,,,,,,,SI,,,X,,,,,,,X,,SI,,X,,,,,SI,,X,,,,B0,A1,2,040119,040002
1637107,0,713674,3AP,I.E.P SAN FRANCISCO DE CIUDAD DE DIOS,YURA,AREQUIPA,NO,,,,,,,,SI,SI,,,SI,X,,,,,,SI,X,,,X,,,,SI,SI,SI,,,X,,,,,SI,X,X,,,,,SI,SI,2,,SI,X,,X,,,,SI,SI,8,SI,X,,,X,,,SI,2,X,X,X,,,,,,,SI,SI,SI,SI,SI,4,X,X,X,X,X,X,,,X,X,X,X,SI,SI,2,NO,,,,,,,,,,,X,,X,,X,,,,SI,SI,2,SI,X,X,,,,,SI,SI,SI,SI,SI,SI,SI,0,,,SI,NO,,//,SI,SI,SI,SI,SI,,,,X,X,,,,,,,NO,,,,,,,,,,,,SI,,X,,,,,SI,X,,,,,B0,B4,1,040128,040001
3050150,0,914069,3AP,MATER DEI SCHOOL,PAUCARPATA,AREQUIPA,NO,,,,,,,,SI,SI,,,SI,,,,,,X,SI,X,,,,,,,NO,,NO,,,,,,,,NO,,,,,,,,NO,,,SI,X,,,,,,SI,SI,1,SI,X,,,,,,NO,,X,X,X,X,X,X,X,,,SI,SI,SI,SI,SI,1,X,,,,,,,,X,,,,SI,SI,1,NO,,,,,,,,,,,X,X,,,,,,,SI,SI,1,SI,X,,,,,,SI,SI,SI,SI,SI,SI,SI,0,,,SI,NO,,//,SI,SI,SI,SI,SI,,,,X,,,,,,,,NO,,,,,,,,,,,,SI,X,,,,,,SI,X,,,,,B0,B4,1,040105,040002
0844852,0,065652,3AP,40631 JUAN PABLO II,JOSE LUIS BUSTAMANTE Y RIVERO,LAS ESMERALDAS,SI,SI,,X,,,,,SI,SI,,,SI,X,,,X,,,SI,X,X,X,,,,,NO,,SI,,,X,,,,,SI,,X,X,,,,SI,SI,,3,SI,X,,X,,X,ATENCION INTEGRAL A ESTUDIANTES,SI,SI,9,SI,,X,,X,,,NO,,X,X,X,X,X,X,,,,SI,SI,SI,SI,NO,,X,X,,X,,X,,,X,X,X,,SI,SI,2,SI,1,X,X,X,,,,,,,X,X,X,X,,,,,SI,SI,3,SI,X,,,X,,,SI,SI,SI,NO,SI,SI,SI,0,,,SI,SI,1,12/6/2024,SI,SI,NO,SI,SI,X,,X,,X,,,62-2024,,NO,,NO,,,,,,,,,,,,NO,,,,,,,SI,,,X,,,B0,A1,1,040129,040002
3020609,0,905531,3AP,SAN PABLO DE AREQUIPA,AREQUIPA,CERCADO,NO,,,,,,,,SI,SI,,,SI,,,,,,X,SI,,,,,,X,,SI,SI,SI,,,X,,,,,SI,,X,,X,,,NO,NO,,,SI,X,,,,,,SI,SI,3,NO,,,,,,,NO,,X,X,X,X,X,X,X,,,SI,SI,SI,SI,NO,,X,X,X,X,X,X,,,X,X,X,X,NO,SI,4,SI,2,,,,,,,,,,X,X,,X,X,,,,SI,NO,,SI,,X,,,,,SI,SI,SI,SI,SI,SI,SI,0,,,SI,NO,,//,NO,SI,SI,SI,SI,,,,X,,,,,,,,NO,,,,,,,,,,,,NO,,,,,,,NO,,,,,,B0,B4,1,040101,040001
1315571,0,550846,3AP,JUAN NAPOLEON,ALTO SELVA ALEGRE,ALTO SELVA ALEGRE,NO,,,,,,,,SI,SI,,,SI,,,,,,X,SI,,,,,,X,,SI,SI,SI,,,X,,,,,SI,,X,,X,,,NO,NO,,,SI,X,,,,,,SI,SI,3,NO,,,,,,,NO,,X,X,X,X,X,X,X,,,SI,SI,SI,SI,NO,,X,X,X,X,X,X,,,X,X,X,X,NO,SI,4,SI,2,,,,,,,,,,X,X,,X,X,,,,SI,NO,,SI,,X,,,,,SI,SI,SI,SI,SI,SI,SI,0,,,SI,NO,,//,NO,SI,SI,SI,SI,,,,X,,,,,,,,NO,,,,,,,,,,,,NO,,,,,,,NO,,,,,,B0,B4,1,040102,040002
1624162,0,690663,3AP,JENS KNUDSEN,AREQUIPA,CERCADO,NO,,,,,,,,NO,,,,SI,,,,,,X,SI,X,,,,,,,SI,SI,NO,,,,,,,,NO,,,,,,,,NO,,,NO,,,,,,,SI,NO,8,NO,,,,,,,SI,2,X,,X,,X,X,X,,,SI,SI,SI,NO,,,X,X,,X,,X,,,X,X,X,X,SI,SI,1,SI,1,,X,,,,,,,,,X,X,X,X,,,,NO,SI,3,NO,X,,,,,,SI,SI,SI,SI,SI,SI,SI,0,,,SI,NO,,//,NO,SI,NO,SI,SI,X,,,,,,,,,,,,,,,,,,,,,,,NO,,,,,,,NO,,,,,,B0,B4,1,040101,040001
1336767,0,550375,3AP,DOMINUS IESUS,PAUCARPATA,15 DE AGOSTO,NO,,,,,,,,SI,SI,,,SI,,,,,,X,SI,X,,,,,,,SI,SI,SI,X,,X,,,,,NO,,,,,,,,NO,,,NO,,,,,,,SI,SI,5,SI,X,,X,,,,NO,,X,X,,,,,,,,SI,SI,SI,NO,,,X,X,X,,,,,,,X,X,,SI,NO,,SI,1,X,,,,,,,,,X,X,,,,,,,SI,NO,,NO,X,,,X,,,SI,SI,SI,SI,SI,SI,SI,0,,,SI,NO,,//,SI,SI,SI,SI,SI,,,,X,,,,,,,,NO,,,,,,,,,,,,NO,,,,,,,NO,,,,,,B0,B4,1,040112,040002
1117779,0,864597,3AP,LEONCIO PRADO,ALTO SELVA ALEGRE,AREQUIPA,NO,,,,,,,,SI,SI,,,SI,,,,,,X,SI,,,,,,X,,NO,,NO,,,,,,,,NO,,,,,,,,NO,,,NO,,,,,,,SI,NO,3,NO,,,,,,,NO,,X,X,X,X,X,X,X,,,SI,SI,SI,NO,,,,X,X,,,,,,,,,X,SI,NO,,NO,,,,,,,,,,,,,X,,,,,,NO,NO,,NO,,,,X,,,SI,SI,SI,SI,SI,SI,SI,0,,,SI,NO,,//,NO,NO,,NO,NO,X,,,,,,,,,,,NO,,,,,,,,,,,,NO,,,,,,,NO,,,,,,B0,B4,1,040102,040002
0895490,0,058326,3AP,KING'S WORLD,ALTO SELVA ALEGRE,ALTO SELVA ALEGRE,NO,,,,,,,,SI,SI,,,SI,,,,,,X,SI,,,,,,X,,SI,SI,SI,,,X,,,,,SI,,X,,X,,,NO,NO,,,SI,X,,,,,,SI,SI,3,NO,,,,,,,NO,,X,X,X,X,X,X,X,,,SI,SI,SI,SI,NO,,,X,X,,X,X,,,X,X,X,X,NO,SI,4,SI,2,,,,,,,,,,X,X,,X,X,,,,SI,NO,,SI,,X,,,,,SI,SI,SI,SI,SI,SI,SI,0,,,SI,NO,,//,NO,SI,SI,SI,SI,,,,X,,,,,,,,NO,,,,,,,,,,,,NO,,,,,,,NO,,,,,,B0,B4,1,040102,040002
1404375,0,556626,3AP,DIVINO MAESTRO DEL SABER,JOSE LUIS BUSTAMANTE Y RIVERO,SIMON BOLIVAR,NO,,,,,,,,SI,SI,,,SI,X,,,,,,SI,X,,,,,,,SI,NO,NO,,,,,,,,SI,,X,,,,,NO,NO,,,NO,,,,,,,SI,NO,8,SI,X,,,,,,NO,,X,X,X,,,,,,,SI,SI,SI,SI,NO,,,,X,X,,,,,X,,,,SI,SI,6,SI,1,,,X,,,,,,,,,,,X,,,,SI,NO,,SI,,X,,,,,SI,SI,SI,NO,SI,SI,SI,0,,,SI,NO,,//,NO,SI,NO,SI,SI,,,X,,,,,,0125,SI,NO,NO,,,,,,,,,,,,NO,,,,,,,SI,,,X,,,B0,B4,1,040129,040002
1117654,0,064450,3AP,THALES DE MILETO,SOCABAYA,AREQUIPA,NO,,,,,,,,SI,SI,,,SI,X,,,,,,SI,X,,,,,,,NO,,NO,,,,,,,,SI,X,X,X,,,,SI,NO,,,NO,,,,,,,SI,NO,1,NO,,,,,,,NO,,X,X,X,X,X,X,X,,,SI,SI,SI,SI,SI,2,,X,,X,,X,,,X,,X,,SI,NO,,SI,2,,X,,,X,X,X,,,X,X,,,X,,,,SI,NO,,SI,X,X,,X,,,SI,SI,SI,SI,SI,SI,SI,0,,,SI,SI,2,14/11/2024,SI,SI,SI,SI,SI,,X,X,,,,,,0029-2024,SI,NO,,,,,,,,,,,,,NO,,,,,,,SI,X,,,,,B0,B4,1,040122,040002
1202399,0,064233,3AP,ROSARIO GONZALES ALVAREZ,SOCABAYA,LA CAMPIÑA,NO,,,,,,,,SI,NO,1,,SI,X,,,,,,SI,X,X,,,,,,SI,SI,SI,,,X,,,,,SI,,X,X,,,,SI,SI,1,,SI,X,X,X,X,,,SI,SI,8,SI,,X,X,X,,,,,X,X,X,X,X,,,,,SI,SI,SI,SI,SI,1,X,X,X,X,,X,,,X,X,X,X,SI,SI,6,SI,2,X,X,X,,X,X,X,,,X,X,,X,X,,,,SI,SI,10,SI,X,X,X,X,,,SI,SI,SI,SI,SI,SI,SI,0,,,SI,NO,,//,SI,SI,SI,SI,SI,X,X,X,,,X,POLICIA ESCOLAR,0036,0017,SI,SI,NO,,,,,,,,,,,,NO,,,,,,,NO,,,,,,B0,A1,1,040122,040002
1338169,0,550634,3AP,INTERNACIONAL INCA GARCILAZO DE LA VEGA S.A.,SOCABAYA,LA PAMPA,NO,,,,,,,,SI,SI,,,SI,X,,,,,,SI,X,,,,,,,SI,SI,SI,,X,,,,,,SI,,,X,,,,SI,SI,1,,SI,X,,,,,,SI,SI,8,SI,,X,,,,,NO,,X,X,X,X,X,X,X,,,SI,SI,SI,SI,SI,3,X,X,,,,,,,X,X,X,X,SI,SI,3,SI,2,X,X,X,,,,,,,X,X,,,,,,,SI,SI,5,SI,X,X,X,X,,,SI,SI,SI,SI,SI,SI,SI,0,,,SI,NO,,//,SI,SI,SI,SI,SI,,,X,,,,,RD-053,,SI,SI,NO,,,,,,,,,,,,NO,,,,,,,NO,,,,,,B0,B4,1,040122,040002
1344506,0,852194,3AP,SANTILLANA,SOCABAYA,LARA TRADICIONAL,NO,,,,,,,,SI,SI,,,SI,X,X,X,X,X,,SI,X,,,,,,,NO,,NO,,,,,,,,SI,X,X,X,,,,NO,NO,,,NO,,,,,,,SI,SI,8,SI,,X,X,X,,,SI,2,,,,,,,,,,SI,SI,SI,SI,SI,3,X,X,,,,X,,,X,X,X,X,SI,SI,14,SI,2,,X,X,,,X,X,,,X,X,X,X,X,,,,SI,SI,4,SI,X,X,,X,,,SI,SI,SI,NO,SI,SI,SI,0,,,SI,NO,,//,NO,SI,SI,SI,SI,X,,X,,X,,,007,,SI,SI,NO,,,,,,,,,,,,NO,,,,,,,NO,,,,,,B0,B4,1,040122,040002
1458918,0,589721,3AP,ALEJANDRO BULLON PAUCAR,SOCABAYA,AREQUIPA,NO,,,,,,,,NO,,,,SI,,,,,,X,SI,,,,,,X,,NO,,NO,,,,,,,,SI,,X,,,,,NO,NO,,,NO,,,,,,,SI,NO,3,SI,,,X,,,,SI,1,X,X,,,,,X,,,NO,,,,,,X,,,X,,,,,X,,,,NO,SI,5,NO,,,,,,,,,,,,X,,,,,,,NO,SI,2,NO,,X,,,,,NO,,,,NO,,NO,,4,,NO,,,//,NO,SI,NO,NO,SI,,,,X,,,,,,,,NO,,,,,,,,,,,,NO,,,,,,,SI,,,X,,,B0,B4,1,040122,040002
1118959,0,062210,3AP,MAERE DU CHRIST,MIRAFLORES,AREQUIPA,NO,,,,,,,,SI,NO,3,,SI,,,,,,X,SI,X,,,,,,,NO,,NO,,,,,,,,SI,X,,X,,,,SI,NO,,,SI,X,,,,,,SI,NO,6,NO,,,,,,,SI,2,X,X,X,,,,X,,,SI,SI,SI,SI,NO,,X,X,X,,,,,,X,X,X,X,SI,SI,6,NO,,,,,,,,,,,,X,X,,X,,,,SI,NO,,SI,X,X,X,X,,,SI,SI,SI,SI,SI,SI,SI,0,,,SI,SI,8,12/10/2024,NO,SI,SI,SI,SI,,,X,,X,,,008,,SI,SI,,,,,,,,,,,,,NO,,,,,,,NO,,,,,,B0,B4,1,040110,040002
1371467,0,862937,3AP,JULIETTE HARMAN,ALTO SELVA ALEGRE,ALTO SELVA ALEGRE,NO,,,,,,,,SI,SI,,,SI,,,,,,X,SI,,,,,,X,,SI,SI,SI,,,X,,,,,SI,,X,,X,,,NO,NO,,,SI,X,,,,,,SI,SI,3,NO,,,,,,,NO,,X,X,X,X,X,X,X,,,SI,SI,SI,SI,NO,,X,X,X,X,X,X,,,X,X,X,X,NO,SI,4,SI,2,,,,,,,,,,X,X,,X,X,,,,SI,NO,,SI,,X,,,,,SI,SI,SI,SI,SI,SI,SI,0,,,SI,NO,,//,NO,SI,SI,SI,SI,,,,X,,,,,,,,NO,,,,,,,,,,,,NO,,,,,,,NO,,,,,,B0,B4,1,040102,040002
1338979,0,551600,3AP,WOLFANG AMADEUS MOZART,JOSE LUIS BUSTAMANTE Y RIVERO,URBANA,NO,,,,,,,,NO,,,,SI,,,,,,X,SI,,,,,,X,,NO,,NO,,,,,,,,NO,,,,,,,,NO,,,NO,,,,,,,SI,SI,6,NO,,,,,,,NO,,,,,,,,,,,NO,,,,,,X,,,X,,X,,,X,,X,,SI,SI,2,NO,,,,,,X,,,,,,X,,,X,,,,SI,SI,2,SI,X,,X,,,,SI,SI,SI,NO,SI,SI,SI,0,,,SI,NO,,//,SI,SI,SI,SI,SI,,,,X,,,,,,,,NO,,,,,,,,,,,,NO,,,,,,,NO,,,,,,B0,B4,1,040129,040002
0712711,0,073459,3AP,40615,PAMPAMARCA,LANCAROYA,NO,,,,,,,,SI,SI,,,SI,,,,,,X,SI,,,,,,X,,NO,,NO,,,,,,,,NO,,,,,,,,NO,,,SI,,X,,,,,NO,NO,8,NO,,,,,,,,,,,,,,,,,,SI,SI,SI,NO,,,,,,X,,,,,,X,,,NO,SI,2,SI,1,X,,,,,,,,,X,,,,,,,,SI,SI,2,NO,,X,,,,,SI,SI,SI,SI,SI,SI,SI,0,,,SI,NO,,//,SI,SI,SI,SI,SI,,,,X,,,,,,,,NO,,,,,,,,,,,,SI,,X,,,,,SI,X,,,,,B0,A1,2,040805,040009
1763507,0,835675,3AP,MILLENIUM SCHOOL LOS PORTALES,CHIGUATA,LOS PORTALES,NO,,,,,,,,SI,SI,,,SI,,,,X,,,SI,X,,,,,,,NO,,SI,,,X,,,,,SI,X,X,X,,,,SI,NO,,,SI,X,,,,,,SI,SI,8,SI,,,X,,,,NO,,,,,,,,,,,SI,SI,NO,SI,SI,3,X,X,,X,,,,,X,X,X,X,SI,SI,1,SI,2,,X,,,X,,,,,X,,,X,,,,,SI,SI,15,SI,X,,,,,,SI,SI,SI,SI,SI,SI,SI,0,,,SI,NO,,//,SI,SI,SI,SI,SI,,X,,,,,,,,,,,,,,,,,,,,,,SI,,,,X,,,NO,,,,,,B0,B4,1,040106,040002
1700574,0,782832,3AP,SCHOOL DAVID KOLB,YURA,CIUDAD DE DIOS,NO,,,,,,,,SI,SI,,,SI,,,,,,X,SI,X,,,,,,,NO,,NO,,,,,,,,SI,X,X,X,,,,SI,NO,,,NO,,,,,,,SI,SI,8,SI,,X,X,,,,NO,,,X,,,X,X,X,,,NO,,,,,,X,X,X,X,,,,,X,X,X,X,NO,SI,2,NO,,,,,,,,,,,,X,,,,,,,NO,NO,,SI,X,X,,,,,SI,SI,SI,SI,SI,SI,SI,0,,,NO,,,//,NO,SI,NO,SI,SI,X,,X,,X,,,RD.010-2025,005,SI,NO,,,,,,,,,,,,,NO,,,,,,,NO,,,,,,B0,B4,1,040128,040001
1751312,0,825030,3AP,ILUMINADORA VIRGEN DEL CARMEN,CERRO COLORADO,AREQUIPA,SI,SI,,X,,X,,,SI,SI,,,SI,X,,,X,,,SI,X,,,,,,,NO,,NO,,,,,,,,SI,,X,,,,,SI,NO,,,NO,,,,,,,SI,SI,8,SI,,X,,,,,NO,,X,X,X,X,X,X,,,,SI,SI,SI,SI,NO,,,X,,,,X,,,,X,X,X,NO,SI,3,SI,4,X,X,X,,,,X,,,X,X,X,X,,,,,SI,SI,10,SI,X,X,,,,,SI,SI,SI,SI,SI,NO,NO,,4,,SI,NO,,//,NO,SI,SI,SI,SI,,,,,X,,,,,,,NO,,,,,,,,,,,,NO,,,,,,,NO,,,,,,B0,B4,1,040104,040001
1567759,0,913239,3AP,SEÑOR DEL GRAN PODER,SOCABAYA,AREQUIPA,SI,SI,,,,X,,,NO,,,,SI,X,X,,,,,SI,,,,,,X,,SI,NO,NO,,,,,,,,SI,,,X,X,,,SI,NO,,,SI,X,,,,,,SI,NO,8,SI,,,,X,,,NO,,X,X,X,X,X,X,X,,,SI,SI,SI,SI,SI,3,X,X,,X,X,,,,X,X,X,X,SI,SI,6,SI,2,X,X,X,X,,,X,,,X,X,X,X,X,,,,SI,SI,5,SI,,X,,X,,,SI,SI,SI,SI,SI,SI,SI,0,,,SI,NO,,//,SI,SI,SI,SI,SI,,,X,,X,,,028,,SI,SI,,,,,,,,,,,,,SI,X,X,X,X,,,SI,,,X,,,B0,B4,1,040122,040002
1748516,0,812056,3AP,NIÑO JESUS EL CIMARRONCITO,CAYMA,FRANCISCO BOLOGNESI,NO,,,,,,,,NO,,,,SI,X,,,,,,SI,,,,,,X,,NO,,NO,,,,,,,,SI,X,X,X,,,,NO,NO,,,NO,,,,,,,SI,NO,8,NO,,,,,,,NO,,X,X,X,,X,,,,,SI,SI,SI,SI,NO,,,,,,,X,,,X,,,,NO,SI,1,SI,3,X,X,,,,X,X,,,X,X,X,,X,,,,NO,SI,6,SI,X,X,,,,,SI,SI,SI,SI,SI,NO,SI,0,,,SI,NO,,//,SI,SI,SI,SI,SI,,,X,,,,,,022-2025,NO,,NO,,,,,,,,,,,,NO,,,,,,,NO,,,,,,B0,B4,1,040103,040001
1789387,0,856248,3AP,JUANITO BOSCO,MARIANO MELGAR,MARIANO MELGAR,NO,,,,,,,,SI,SI,,,SI,,,,,,X,SI,,,,,,X,,NO,,NO,,,,,,,,SI,,,X,,,,NO,NO,,,NO,,,,,,,SI,NO,8,NO,,,,,,,NO,,X,X,X,X,,,,,,SI,SI,SI,NO,,,,X,,,,,,,,X,,,NO,SI,2,NO,,,,,,,,X,,,,X,X,,,,,,NO,NO,,SI,X,,,,,,SI,SI,SI,NO,SI,SI,SI,0,,,SI,NO,,//,SI,SI,SI,SI,SI,,,X,X,,,,,0012,NO,,NO,,,,,,,,,,,,NO,,,,,,,NO,,,,,,B0,B4,1,040109,040002
0844670,0,064426,3AP,SAN BENITO DE PALERMO,SOCABAYA,SAN MARTIN DE SOCABAYA,NO,,,,,,,,SI,SI,,,SI,,,,,,X,SI,X,X,,,,,,SI,SI,SI,,,X,,,,,NO,,,,,,,,NO,,,SI,X,,X,,,,SI,SI,8,NO,,,,,,,SI,6,X,X,X,X,X,X,X,,,SI,SI,SI,SI,SI,2,X,X,X,X,,X,,,X,X,X,X,SI,SI,6,NO,,,,,,,,,,,X,X,X,X,X,,,,NO,SI,27,SI,X,X,X,X,,,SI,SI,SI,SI,SI,SI,SI,0,,,SI,NO,,//,SI,SI,SI,SI,SI,X,,X,,,,,006,0027,SI,NO,,,,,,,,,,,,,SI,,X,X,X,,,SI,,,X,,,B0,B4,1,040122,040002
0517367,0,059496,3AP,ESTADO DE SUECIA,CERRO COLORADO,12 DE OCTUBRE,NO,,,,,,,,SI,SI,,,SI,X,,,X,,,SI,X,,X,,,,,NO,,SI,,,X,,,,,SI,,,X,,,,SI,NO,,,SI,X,,,,,,SI,SI,8,NO,,,,,,,NO,,X,X,X,X,,X,,,,SI,SI,SI,SI,SI,2,,X,,,,,,,X,X,X,X,SI,SI,8,SI,2,,,,X,,X,,,,X,X,,,,,,,NO,SI,12,SI,X,,,X,,,SI,SI,SI,SI,SI,SI,SI,0,,,SI,SI,1,17/5/2024,NO,SI,SI,SI,SI,,,X,,,,,23/04/2025,030,SI,SI,NO,,,,,,,,,,,,NO,,,,,,,SI,X,,,,,B0,A1,1,040104,040001
1754498,0,827661,3AP,THOMAS M.C. III,CERRO COLORADO,HÉROES DE LA BREÑA,NO,,,,,,,,SI,SI,,,SI,X,X,,,,,SI,X,,,,,,,SI,SI,SI,,,X,,,,,SI,,,X,,,,NO,NO,,,SI,X,X,,,,,SI,SI,2,SI,X,,,,,,SI,2,X,,,X,,X,X,,,SI,SI,SI,SI,NO,,X,,,,,,,,X,,X,,NO,SI,10,SI,4,X,,,,,X,X,,,,X,,,,,,,SI,NO,,SI,X,,,,,,SI,SI,SI,SI,SI,SI,SI,0,,,SI,NO,,//,SI,SI,SI,SI,SI,,,,X,,,,,,,,NO,,,,,,,,,,,,NO,,,,,,,NO,,,,,,B0,B4,1,040104,040001
1254226,0,621660,3AP,SAN PEDRO CHANEL,CERRO COLORADO,MERCADO MAYORISTA,NO,,,,,,,,SI,SI,,,SI,,,,X,,,SI,X,,,X,,,,SI,SI,SI,,,,,,X,ESTABLECIMIENTO DE SALUD PRIVADO,SI,,X,X,,,,SI,NO,,,SI,X,X,,,,,SI,SI,3,SI,X,,,X,,,SI,6,X,X,X,X,X,X,,,,SI,SI,SI,SI,SI,3,X,,,X,,X,,,X,,,X,SI,SI,7,SI,10,X,X,X,X,X,X,X,,,X,X,X,X,X,,,,SI,SI,10,SI,X,X,X,X,,,SI,SI,SI,SI,SI,SI,SI,0,,,SI,NO,,//,SI,SI,SI,SI,SI,,X,X,,,,,025,,SI,SI,SI,,,,,,X,,,,,X,SI,X,X,X,,,,SI,X,,,,,B0,B4,1,040104,040001
0219584,0,061866,3AP,40151 CAP FAP JOSE ABELARDO QUIÑONES,MIRAFLORES,CHAPI CHICO,SI,SI,,,,X,,,SI,SI,,,SI,,,,,,X,SI,X,X,X,,,,,NO,,SI,,,X,,,,,SI,X,X,X,X,,,SI,SI,2,,SI,X,X,X,X,,,SI,SI,9,SI,X,,,,,,,,X,X,X,X,X,X,,,,SI,SI,SI,NO,,,X,X,,,,,,,X,X,X,X,SI,SI,7,NO,,,,,,,,,,,X,X,,,X,,,,SI,SI,5,SI,,X,,,,,SI,SI,SI,SI,SI,SI,SI,4,,,SI,NO,,//,NO,SI,SI,SI,SI,X,,,,,,,,,,,,,,,,,,,,,,,NO,,,,,,,NO,,,,,,B0,A1,1,040110,040002
1624691,0,864314,3AP,MIGUEL ANGEL ASTURIAS SCHOOL,CERRO COLORADO,APIPA,NO,,,,,,,,SI,SI,,,SI,,,,X,,,SI,X,,,X,,,,SI,SI,SI,,,,,,X,ESTABLECIMIENTO DE SALUD PRIVADO,SI,,X,X,,,,SI,NO,,,SI,X,,,,,,SI,SI,3,SI,X,,,X,,,SI,6,X,X,X,X,X,X,,,,SI,SI,SI,SI,SI,3,X,,,X,,X,,,X,,,X,SI,SI,7,SI,10,X,X,X,X,X,X,X,,,X,X,X,X,X,,,,SI,SI,10,SI,X,X,X,X,,,SI,SI,SI,SI,SI,SI,SI,0,,,SI,NO,,//,SI,SI,SI,SI,SI,,X,X,,,,,025,,SI,SI,SI,,,,,,X,,,,,X,SI,X,X,X,,,,SI,X,,,,,B0,B4,1,040104,040001
1305762,0,785048,3AP,THOMAS M.C. II,CAYMA,LAS MALVINAS,NO,,,,,,,,NO,,,,SI,,,,,,X,SI,X,,,,,,,NO,,NO,,,,,,,,NO,,,,,,,,NO,,,NO,,,,,,,NO,NO,3,NO,,,,,,,NO,,X,,,,,,,,,NO,,,,,,X,,,,,,,,X,,,,NO,NO,,SI,1,,X,,,,,,,,X,X,,,,,,,SI,SI,6,NO,,X,X,,,,NO,,,,NO,,SI,0,,,NO,,,//,NO,SI,SI,SI,SI,,,X,,,,,O20,023,NO,,NO,,,,,,,,,,,,NO,,,,,,,NO,,,,,,B0,B4,1,040103,040001
1273770,0,554811,3AP,HENRY FORD,CHALA,CHALA,NO,,,,,,,,SI,SI,,,SI,,,X,,,,SI,X,,,,,,,SI,SI,SI,,,X,,,,,SI,,,X,,,,SI,NO,,,SI,,,,,X,VACUNAS,SI,SI,6,NO,,,,,,,NO,,X,X,X,,X,,X,,,SI,SI,SI,SI,NO,,,,X,,,X,,,X,,X,,NO,SI,11,NO,,,,,,,,,,,,X,X,X,,,,,SI,SI,2,SI,,X,,,,,SI,SI,SI,SI,SI,SI,SI,0,,,SI,SI,4,16/10/2024,NO,NO,,NO,SI,X,X,X,,X,,,044,,SI,SI,NO,,,,,,,,,,,,SI,,X,,,,,SI,X,,,,,B0,B4,1,040307,040004
1699313,0,586746,3AP,JUAN KEPLER,PAUCARPATA,PAUCARPATA,NO,,,,,,,,SI,SI,,,SI,,,,,,X,SI,,,,,,X,,SI,SI,SI,,,X,,,,,SI,,X,,X,,,NO,NO,,,SI,X,,,,,,SI,SI,3,NO,,,,,,,NO,,X,X,X,X,X,X,X,,,SI,SI,SI,SI,NO,,X,X,X,X,X,X,,,X,X,X,X,NO,SI,4,SI,2,,,,,,,,,,X,X,,X,X,,,,SI,NO,,SI,,X,,,,,SI,SI,SI,SI,SI,SI,SI,0,,,SI,NO,,//,NO,SI,SI,SI,SI,,,,X,,,,,,,,NO,,,,,,,,,,,,NO,,,,,,,NO,,,,,,B0,B4,1,040112,040002
3042520,0,757743,3AP,DIVINO NIÑO MAESTRO JESUS,CERRO COLORADO,SOR ANA DE LOS ANGELES,NO,,,,,,,,SI,SI,,,SI,,,,,X,,SI,X,X,X,X,,,,SI,SI,NO,,,,,,,,SI,X,X,X,X,,,SI,NO,,,SI,X,X,,,,,SI,SI,9,NO,,,,,,,NO,,X,X,,,X,,,,,SI,SI,SI,SI,SI,3,X,X,X,X,X,X,,,X,X,X,X,SI,SI,1,NO,,,,,,,,X,,,X,,X,X,X,,,,SI,SI,5,SI,X,X,X,X,,,SI,SI,SI,SI,SI,NO,SI,0,,,SI,NO,,//,SI,SI,NO,SI,SI,X,,,,,,,,,,,,,,,,,,,,,,,NO,,,,,,,NO,,,,,,B0,B4,1,040104,040001
1120518,0,776143,3AP,GALILEANO PERUANO ITALIANO,AREQUIPA,AREQUIPA,NO,,,,,,,,NO,,,,SI,,,,,,X,SI,X,,,,,,,NO,,NO,,,,,,,,NO,,,,,,,,NO,,,NO,,,,,,,NO,NO,3,NO,,,,,,,NO,,X,,,,,,,,,NO,,,,,,X,,,,,,,,X,,,,NO,NO,,SI,1,,X,,,,,,,,X,X,,,,,,,SI,SI,6,NO,,X,X,,,,NO,,,,NO,,SI,0,,,NO,,,//,NO,SI,SI,SI,SI,,,X,,,,,O20,023,NO,,NO,,,,,,,,,,,,NO,,,,,,,NO,,,,,,B0,B4,1,040101,040001
1699636,0,778694,3AP,GOTITAS DEL CIELO,MARIANO MELGAR,AREQUIPA,NO,,,,,,,,SI,SI,,,SI,,,,,,X,SI,,,,,,X,,NO,,NO,,,,,,,,NO,,,,,,,,NO,,,NO,,,,,,,SI,NO,3,NO,,,,,,,NO,,X,X,X,X,X,X,X,,,SI,SI,SI,NO,,,,X,X,,,,,,,,,X,SI,NO,,NO,,,,,,,,,,,,,X,,,,,,NO,NO,,NO,,,,X,,,SI,SI,SI,SI,SI,SI,SI,0,,,SI,NO,,//,NO,NO,,NO,NO,X,,,,,,,,,,,NO,,,,,,,,,,,,NO,,,,,,,NO,,,,,,B0,B4,1,040109,040002
1622794,0,574135,3AP,NIÑO JESUS EL MESIAS,CERRO COLORADO,CERRO COLORADO,NO,,,,,,,,NO,,,,SI,,,,,,X,SI,X,,,,,,,NO,,NO,,,,,,,,NO,,,,,,,,NO,,,NO,,,,,,,SI,NO,8,NO,,,,,,,NO,,,,,,,,,,,SI,SI,SI,NO,,,,,X,,,,,,X,,,,NO,SI,6,NO,,,,,,,,,,,,X,,,,,,,SI,SI,2,SI,X,,,,,,SI,SI,SI,SI,SI,NO,NO,,5,DESCONOCIMIENTO,NO,,,//,SI,SI,NO,SI,SI,,,,X,,,,,,,,NO,,,,,,,,,,,,NO,,,,,,,NO,,,,,,B0,B4,1,040104,040001
1402445,0,061357,3AP,G.U.E. MARIANO MELGAR VALDIVIESO,MARIANO MELGAR,SANTA ROSA,SI,SI,,,,X,,,SI,NO,1,,SI,X,,,,,,SI,X,,,,,,,NO,,NO,,,,,,,,SI,X,,X,,,,SI,SI,6,6,SI,X,,,,,,SI,SI,5,SI,,X,,X,,,,,X,X,X,X,X,X,X,,,SI,SI,SI,SI,SI,2,,X,X,X,,,,,,,X,X,SI,SI,12,SI,1,,,,,,X,,,,X,X,,,,,,,SI,SI,12,SI,X,X,,,,,SI,SI,SI,SI,SI,SI,SI,1,,,SI,SI,7,12/10/2024,NO,SI,SI,SI,SI,,,X,,X,,,,024-25,SI,SI,NO,,,,,,,,,,,,NO,,,,,,,NO,,,,,,B0,A1,1,040109,040002
0894451,0,060584,3AP,MARIA DE LA MERCED,HUNTER,HUNTER,NO,,,,,,,,SI,SI,,,SI,X,,,,,,SI,X,,,,,,,NO,,NO,,,,,,,,SI,X,X,X,,X,JORNADAS ESPIRITUALES,NO,SI,1,,SI,X,,X,,,,NO,NO,8,NO,,,,,,,,,X,X,X,X,X,X,X,,,SI,SI,SI,SI,SI,1,X,,X,X,,,,,X,,,,SI,SI,6,SI,1,,X,,,,,,,,,,,X,,,,,SI,NO,,SI,,,,X,,,SI,SI,SI,NO,SI,SI,SI,0,,,NO,,,//,NO,SI,NO,SI,SI,,,,X,,,,,,,,NO,,,,,,,,,,,,NO,,,,,,,NO,,,,,,B0,A4,1,040107,040002
1339647,0,744492,3AP,IEP DAVID AUSUBEL,JOSE LUIS BUSTAMANTE Y RIVERO,AREQUIPA,NO,,,,,,,,SI,SI,,,SI,,,,,,X,SI,,,,,,X,,NO,,NO,,,,,,,,NO,,,,,,,,NO,,,NO,,,,,,,SI,NO,8,NO,,,,,,,NO,,,,,,,,,,,NO,,,,,,X,X,X,X,X,X,,,X,X,X,X,NO,NO,,NO,,,,,,,,,,,,X,,X,X,,,,SI,NO,,SI,X,,,,,,SI,SI,SI,SI,SI,SI,SI,0,,,SI,NO,,//,NO,SI,NO,SI,SI,,X,,,,,,,,,,,,,,,,,,,,,,NO,,,,,,,NO,,,,,,B0,B4,1,040129,040002
1608439,0,671990,3AP,SAINT JOSE MARIA SCHOOL,CERRO COLORADO,AREQUIPA,NO,,,,,,,,SI,SI,,,SI,,,,,X,,SI,X,X,,,,,,SI,SI,SI,,,X,,,,,SI,X,X,,,,,NO,NO,,,SI,X,,,,,,SI,SI,6,NO,,,,,,,SI,1,,,X,,,,,,,SI,SI,SI,SI,SI,1,X,,,,,,,,X,,,,SI,SI,2,SI,1,,X,,,,,,,,X,,X,,,,,,SI,NO,,SI,X,X,,,,,SI,SI,SI,SI,SI,SI,SI,1,,,SI,NO,,//,SI,SI,NO,SI,SI,,,,X,,,,,,,,NO,,,,,,,,,,,,SI,X,,,,,,NO,,,,,,B0,B4,1,040104,040001
1031012,0,549674,3AP,PEQUEÑO ARQUITECTO,PAUCARPATA,AREQUIPA,NO,,,,,,,,SI,SI,,,SI,,,,,,X,SI,,,,,,X,,NO,,NO,,,,,,,,NO,,,,,,,,NO,,,NO,,,,,,,SI,NO,3,NO,,,,,,,NO,,X,X,X,X,X,X,X,,,SI,SI,SI,NO,,,,X,X,,,,,,,,,X,SI,NO,,NO,,,,,,,,,,,,,X,,,,,,NO,NO,,NO,,,,X,,,SI,SI,SI,SI,SI,SI,SI,0,,,SI,NO,,//,NO,NO,,NO,NO,X,,,,,,,,,,,NO,,,,,,,,,,,,NO,,,,,,,NO,,,,,,B0,B4,1,040112,040002
1339852,0,551978,3AP,MAXWELL,JACOBO HUNTER,COOPERATIVA ANDRES AVELINO CACERES,NO,,,,,,,,NO,,,,SI,,,,,,X,SI,,,,,,X,,NO,,NO,,,,,,,,NO,,,,,,,,NO,,,NO,,,,,,,SI,NO,8,SI,,,,X,,,NO,,,,,,,,,,,SI,SI,SI,SI,NO,,X,,,,,,,,,,,X,NO,SI,4,SI,1,,,X,,,,,,,X,,,,X,,,,NO,NO,,SI,X,,,,,,SI,SI,SI,SI,SI,SI,SI,0,,,SI,NO,,//,NO,SI,NO,SI,SI,,,X,,X,,,0048,0032,SI,NO,NO,,,,,,,,,,,,NO,,,,,,,NO,,,,,,B0,B4,1,040107,040002
0526319,0,540819,3AP,MY ANGEL SCHOOL,AREQUIPA,AREQUIPA,SI,SI,,X,,,,,SI,SI,,,SI,,,,,X,,SI,X,,,,,,,NO,,SI,,,X,,,,,SI,,,,X,X,CHARLAS,NO,NO,,,SI,,,X,,X,CAMPAÑA DE VACUNACION,SI,NO,8,NO,,,,,,,NO,,X,X,X,,X,X,,,,SI,SI,SI,SI,NO,,X,,,,,X,,,X,,X,,SI,NO,,SI,2,,X,,X,,,,,,X,,,,,,,,SI,NO,,SI,X,,,X,,,SI,SI,SI,SI,SI,SI,SI,0,,,SI,NO,,//,SI,SI,NO,SI,SI,,,X,,X,,,009,008,SI,NO,NO,,,,,,,,,,,,NO,,,,,,,NO,,,,,,B0,B4,1,040101,040001
0311514,0,067646,3AP,40268 PEDRO ALFERRANO HERNANDEZ,BELLA UNION,BELLA UNION,NO,,,,,,,,SI,NO,1,,SI,X,,,X,X,,SI,X,,,X,,,,NO,,NO,,,,,,,,SI,X,X,X,,,,SI,NO,,,NO,,,,,,,NO,NO,8,SI,X,X,X,X,,,,,X,X,X,X,X,X,,,,SI,SI,SI,SI,SI,3,,X,X,,X,,,,X,X,X,X,SI,SI,7,SI,3,,X,X,X,X,X,X,,,X,X,,X,X,,,,SI,SI,8,SI,,X,X,X,,,SI,SI,SI,SI,SI,SI,SI,0,,,SI,NO,,//,NO,SI,SI,SI,SI,X,,X,,X,,,025-2024,,NO,,SI,,,,,,X,,,,,X,SI,,,X,,,,NO,,,,,,B0,A1,1,040305,040004
1755883,0,851646,3AP,COLEGIO SUPERIOR DE CIENCIAS NEWTON KLEIN,CERRO COLORADO,CERRO COLORADO,NO,,,,,,,,NO,,,,SI,X,X,,,,,SI,X,,,,,,,NO,,SI,,,X,,,,,SI,,,X,,,,NO,NO,,,SI,,,X,,,,SI,NO,8,NO,,,,,,,NO,,,,,,,,,,,SI,SI,NO,NO,,,X,X,,X,,X,,,X,X,,,SI,SI,6,SI,1,X,,,,,,,,,,,,,X,,,,SI,SI,5,SI,,X,X,,,,SI,SI,SI,SI,NO,,SI,0,,,NO,,,//,SI,SI,NO,SI,SI,X,,,,,,,,,,,,,,,,,,,,,,,NO,,,,,,,NO,,,,,,B0,B4,1,040104,040001
0845297,0,056737,3AP,MARIA REYNA,AREUIPA,,SI,SI,,,,X,,,SI,SI,,,SI,,,,,,X,SI,X,X,,X,,,,NO,,NO,,,,,,,,SI,,X,X,,,,SI,NO,,,NO,,,,,,,SI,SI,6,NO,,,,,,,NO,,,,,,,,,,,SI,SI,SI,SI,NO,,X,X,,X,,X,,,,,X,X,SI,SI,6,SI,6,X,X,X,X,X,X,X,,,X,X,,,X,,,,NO,SI,10,SI,X,X,,X,,,SI,SI,SI,SI,SI,SI,SI,0,,,SI,NO,,//,NO,SI,SI,SI,SI,X,,,,,,,,,,,NO,,,,,,,,,,,,SI,,X,X,,,,SI,,,X,,,B0,B4,1,040101,040001
1577626,0,750831,3AP,EINSTEIN SCHOOL,ALTO SELVA ALEGRE,VILLA ASUNCION,NO,,,,,,,,NO,,,,SI,,,,,,X,SI,X,X,,,,,,NO,,NO,,,,,,,,NO,,,,,,,,NO,,,SI,X,X,,,,,SI,NO,8,NO,,,,,,,SI,1,,,,,,,,,,NO,,,,,,X,X,,X,,,,,X,X,X,X,NO,SI,6,SI,1,,X,,,,,,,,X,X,X,X,X,,,,SI,SI,5,SI,,X,X,,,,SI,SI,SI,SI,NO,,SI,0,,,NO,,,//,NO,SI,SI,SI,SI,,,,,,X,CONVERSACION CON LOS ESTUDIANTES,,,,,,,,,,,,,,,,,NO,,,,,,,NO,,,,,,B0,B4,1,040102,040002
1279298,0,292584,3AP,INSTITUCION EDUCATIVA PARTICULAR ANGELITOS DE JESUS,SACHACA,AREQUIPA,NO,,,,,,,,NO,,,,SI,,,,,,X,SI,,,,,,X,,NO,,NO,,,,,,,,NO,,,,,,,,NO,,,NO,,,,,,,SI,NO,8,NO,,,,,,,NO,,,,,,,,,,,SI,SI,NO,NO,,,,,,,,X,,,X,,,,NO,SI,2,NO,,,,,,,,,,,,,,,X,,,,SI,NO,,NO,X,,,,,,SI,SI,NO,SI,SI,SI,SI,1,,,SI,NO,,//,NO,NO,,SI,SI,,,,X,,,,,,,,NO,,,,,,,,,,,,NO,,,,,,,NO,,,,,,B0,B4,1,040117,040001
1337864,0,913201,3AP,SAN IGNACIO EDUCADOR,PAUCARPATA,AREQUIPA,NO,,,,,,,,SI,SI,,,SI,X,,,,X,,SI,X,,,,,,,NO,,NO,,,,,,,,SI,,,X,,,,NO,NO,,,SI,X,X,,X,,,SI,SI,8,NO,,,,,,,NO,,X,X,X,X,,X,,,,SI,SI,SI,SI,SI,3,X,X,,X,X,,,,X,X,,X,SI,SI,6,NO,,,,,,,,,,,X,X,,,X,,,,SI,SI,2,SI,X,X,X,X,,,SI,SI,NO,SI,SI,SI,SI,0,,,SI,NO,,//,SI,SI,SI,SI,SI,X,,X,X,X,,,26SIE2025,,SI,NO,NO,,,,,,,,,,,,NO,,,,,,,NO,,,,,,B0,B4,1,040112,040002
1338136,0,863531,3AP,DE FOMENTO ANDERS CELSIUS,MIRAFLORES,UNION EDIFICADORES MISTI,NO,,,,,,,,SI,SI,,,SI,X,,,,,,SI,X,X,,,X,,,SI,SI,SI,,,X,,,,,SI,,X,X,,,,SI,NO,,,SI,X,,X,,,,SI,SI,9,SI,X,,,,,,SI,2,X,X,X,X,X,X,X,,,SI,SI,SI,SI,SI,2,X,X,,X,,,,,X,X,X,,SI,SI,8,SI,3,,,,,X,X,X,,,X,X,,,X,,,,SI,NO,,SI,X,,X,,,,SI,SI,SI,SI,SI,SI,SI,0,,,SI,NO,,//,SI,SI,SI,SI,SI,,,X,,X,,,,010,SI,SI,NO,,,,,,,,,,,,NO,,,,,,,NO,,,,,,B0,B4,1,040110,040002
0541615,0,065732,3AP,INMACULADA CONCEPCION,JOSE LUIS BUSTAMANTE Y RIVERO,URB PEDRO DIEZ CANSECO,NO,,,,,,,,SI,SI,,,SI,,,,X,,,SI,,,X,,,,,NO,,NO,,,,,,,,SI,,,X,X,,,SI,SI,10,6,SI,X,,X,,,,SI,SI,9,SI,X,X,,,,,,,X,X,X,X,X,X,X,,,SI,SI,NO,SI,SI,3,X,,,,X,X,,,X,,X,X,SI,SI,14,SI,2,,,,,,X,,X,PREVENCIÓN DEL SUICIDIO,X,X,X,,,,,,SI,SI,2,SI,,X,,,,,SI,SI,SI,SI,SI,SI,SI,1,,,SI,SI,5,18/3/2024,SI,SI,SI,SI,SI,X,X,X,,X,,,101,,SI,SI,NO,,,,,,,,,,,,NO,,,,,,,NO,,,,,,B0,A1,1,040129,040002
1705409,0,645798,3AP,HOWARD MY TALENTS,CAYMA,CAYMA,NO,,,,,,,,SI,SI,,,SI,,,,,,X,SI,,,,,X,,,SI,SI,NO,,,,,,,,NO,,,,,,,,NO,,,SI,X,,,,,,SI,SI,7,SI,X,,,X,,,NO,,,,,,,,,,,NO,,,,,,,X,,,,X,,,X,,X,,SI,SI,2,SI,1,X,,,,,,,,,,X,X,,X,,,,SI,SI,7,SI,,X,X,,,,SI,SI,NO,SI,SI,NO,NO,,1,,NO,,,//,NO,SI,NO,NO,SI,X,,,,,,,,,,,,,,,,,,,,,,,NO,,,,,,,SI,X,,,,,B0,B4,1,040103,040001
1328608,0,550182,3AP,MISERICORDIA DIVINA,ALTO SELVA ALEGRE,SELVA ALEGRE,NO,,,,,,,,SI,SI,,,SI,X,,,X,,,SI,,,,,,X,,NO,,NO,,,,,,,,SI,,X,X,,,,NO,NO,,,NO,,,,,,,SI,NO,8,NO,,,,,,,NO,,X,X,X,X,X,X,X,,,SI,SI,SI,SI,NO,,X,,,X,,X,,,X,,X,,NO,SI,1,NO,,,,,,,,,,,,X,,X,,,,,SI,SI,3,SI,X,,,,,,SI,SI,SI,NO,SI,NO,SI,0,,,SI,NO,,//,SI,SI,SI,SI,SI,,X,,,,,,,,,,,,,,,,,,,,,,NO,,,,,,,NO,,,,,,B0,B4,1,040102,040002
0894782,0,061499,3AP,NIÑO DE JESUS DE NAZARET,MARIANO MELGAR,GENERALISIMO SAN MARTIN,SI,SI,X,,,,,,NO,,,,SI,,,,,,X,SI,X,X,,,,,,SI,SI,NO,,,,,,,,SI,,,X,,,,SI,NO,,,SI,X,,,,,,SI,SI,5,NO,,,,,,,NO,,X,X,X,,,,,,,NO,,,,,,X,,,,,X,,,X,X,X,X,SI,SI,2,SI,2,X,,,,,X,X,,,,X,,,,,,,SI,SI,1,SI,X,,,X,,,SI,SI,SI,SI,SI,SI,SI,0,,,SI,NO,,//,SI,SI,NO,SI,SI,,,X,,,,,24,4,SI,SI,NO,,,,,,,,,,,,NO,,,,,,,NO,,,,,,B0,B4,1,040109,040002
1790500,0,850680,3AP,LITTLE ANGELS,CERRO COLORADO,AREQUIPA,NO,,,,,,,,NO,,,,SI,,,,,,X,SI,X,,,,,,,NO,,SI,,,X,,,,,SI,,,X,,,,NO,NO,,,SI,X,,,,,,SI,SI,8,SI,,,X,,,,NO,,,,,,,,,,,NO,,,,,,X,X,,X,,,,,X,X,X,X,NO,NO,,SI,1,,,,,,,,X,DISCRIMINACION ENTRE PADRES DE FAMILIA,,X,,X,,,,,SI,NO,,SI,,X,,,,,SI,SI,NO,NO,NO,,NO,,3,,SI,NO,,//,NO,NO,,SI,SI,,,,,,X,REUNIONES CON ESTUDIANTES,,,,,,,,,,,,,,,,,NO,,,,,,,NO,,,,,,B0,B4,1,040104,040001
1701648,0,784015,3AP,DALE CARNEGIE,CAYMA,ACEQUIA ALTA,NO,,,,,,,,SI,SI,,,SI,X,,,,,,SI,X,X,,,,,,SI,SI,SI,,,X,,,,,SI,X,X,,,,,SI,NO,,,SI,X,,X,X,,,SI,SI,9,NO,,,,,,,NO,,X,,X,X,X,,,,,SI,SI,SI,SI,SI,2,X,,,,X,,,,,,X,,SI,SI,5,SI,2,,X,,,X,,,,,,X,,,X,,,,SI,SI,4,SI,X,,,,,,SI,SI,SI,SI,SI,SI,SI,0,,,SI,NO,,//,SI,SI,SI,SI,SI,,,X,X,,,,RD N° 0023,,SI,SI,SI,,X,,,,,,,,X,,SI,,X,,,,,SI,,X,,,,B0,B4,1,040103,040001
1699248,0,834440,3AP,SANTA BARBARA,TIABAYA,SAN JOSE,NO,,,,,,,,NO,,,,SI,X,,,,,,SI,X,,,,,,,NO,,NO,,,,,,,,SI,,,X,X,,,SI,NO,,,SI,X,,X,,,,SI,NO,8,SI,,X,,X,,,NO,,,,,,,,,,,NO,,,,,,,X,,,,X,,,X,,X,X,SI,NO,,SI,7,,X,X,,,X,X,,,X,,,,X,,,,SI,SI,12,SI,X,,,,,,NO,,,,SI,NO,SI,0,,,NO,,,//,SI,SI,SI,SI,SI,X,,X,,,,,,020,SI,NO,,,,,,,,,,,,,NO,,,,,,,NO,,,,,,B0,B4,1,040123,040001
1239284,0,058133,3AP,40686 MI DIVINO NIÑO JESUS,ALTO SELVA ALEGRE,JUAN VELAZCO ALVARADO,NO,,,,,,,,SI,SI,,,SI,X,,,X,,,SI,X,X,,,,,,SI,SI,SI,,,,,,X,POSTA,SI,X,X,,,,,NO,NO,,,SI,X,X,X,X,,,SI,SI,8,SI,,,X,X,,,,,X,X,X,X,X,X,,,,SI,SI,SI,SI,SI,4,X,X,X,X,X,X,,,X,X,X,X,SI,SI,1,SI,2,X,,,,,,,,,X,X,X,X,X,,,,SI,SI,20,SI,,X,,,,,SI,SI,SI,SI,SI,SI,SI,1,,,SI,NO,,//,NO,SI,NO,SI,SI,X,,X,X,X,,,RD 40,059,SI,SI,NO,,,,,,,,,,,,SI,X,,,,,,NO,,,,,,B0,A1,1,040102,040002
1642255,0,723507,3AP,FUTURA SCHOOLS - SEDE JOSE LUIS BUSTAMANTE Y RIVERO,JOSE LUIS BUSTAMANTE Y RIVERP,AREQUIPA,SI,NO,,,,,,,NO,,,,SI,,,,X,X,,SI,X,,,,,,,NO,,NO,,,,,,,,SI,X,X,,,,,SI,NO,,,SI,X,,X,,,,SI,SI,6,NO,,,,,,,NO,,X,X,X,,,,X,,,SI,SI,SI,NO,,,X,,,X,,,,,,X,,,SI,SI,13,NO,,,,,,,,,,,X,X,,,,,,,SI,SI,1,SI,X,,,,,,SI,SI,SI,SI,SI,SI,SI,1,,,SI,SI,2,5/6/2024,NO,SI,NO,SI,SI,,,,,,X,LIDERES DE AULA,,,,,NO,,,,,,,,,,,,NO,,,,,,,NO,,,,,,B0,B4,1,040129,040002
1338532,0,551389,3AP,CEDEU JULIO RODRIGUEZ ENRIQUEZ,ALTO SELVA ALEGRE,GRAFICOS,NO,,,,,,,,NO,,,,SI,,,,,,X,SI,X,,,,,,,NO,,NO,,,,,,,,SI,X,,X,,,,NO,NO,,,SI,X,,,,,,SI,NO,6,SI,X,,,X,,,NO,,X,X,,,,,,,,SI,SI,SI,SI,SI,1,,X,,,,X,,,X,,X,,SI,SI,1,SI,1,X,,,,,,,,,,X,,,,,,,SI,NO,,SI,X,,,X,,,SI,SI,SI,NO,SI,SI,SI,0,,,SI,NO,,//,SI,SI,NO,SI,SI,X,,,,,,,,,,,,,,,,,,,,,,,NO,,,,,,,SI,X,,,,,B0,B4,1,040102,040002
1415991,0,565452,3AP,NECCETA,PAMPAMARCA,NECCETA,NO,,,,,,,,NO,,,,SI,,,,,,X,SI,,,,,,X,,NO,,NO,,,,,,,,SI,,,X,,,,NO,NO,,,NO,,,,,,,NO,NO,1,SI,,,X,,,,,,X,,,,,,,,,NO,,,,,,X,,,,,,,,X,X,,,NO,SI,1,NO,,,,,,,,,,,,X,,,,,,,NO,SI,1,SI,,,,X,,,SI,SI,NO,SI,SI,SI,SI,0,,,SI,NO,,//,NO,SI,NO,SI,NO,,,,X,,,,,,,,NO,,,,,,,,,,,,NO,,,,,,,NO,,,,,,B0,A1,2,040805,040009
0286690,0,073911,3AP,40565,TORO,SIRINGAY,NO,,,,,,,,SI,SI,,,SI,,,,,,X,SI,,,X,X,,,,NO,,SI,,,X,,,,,NO,,,,,,,,NO,,,SI,,,X,,,,NO,SI,3,SI,,X,,,,,,,,,,,,,,,,SI,NO,NO,SI,NO,,,,,,,X,,,X,,X,,SI,NO,,SI,1,,X,,,X,,,,,X,,,X,,,,,SI,SI,1,SI,,,,X,,,SI,SI,SI,SI,SI,SI,SI,0,,,SI,NO,,//,NO,SI,SI,SI,SI,X,,,,,,,,,,,SI,,X,,,,,,,,,X,SI,,X,,,,,SI,X,,X,,,B0,A1,2,040811,040009
1696996,0,527691,3AP,CIRCULO JOULE,AREQUIPA,AREQUIPA,NO,,,,,,,,NO,,,,SI,,,,,,X,SI,X,,,,,,,NO,,NO,,,,,,,,NO,,,,,,,,NO,,,NO,,,,,,,NO,NO,3,NO,,,,,,,NO,,X,,,,,,,,,NO,,,,,,X,,,,,,,,X,,,,NO,NO,,SI,1,,X,,,,,,,,X,X,,,,,,,SI,SI,6,NO,,X,X,,,,NO,,,,NO,,SI,0,,,NO,,,//,NO,SI,SI,SI,SI,,,X,,,,,O20,023,NO,,NO,,,,,,,,,,,,NO,,,,,,,NO,,,,,,B0,B4,1,040101,040001
0216689,0,073869,3AP,40562,TORO,CUPE,NO,,,,,,,,NO,,,,NO,,,,,,X,SI,,,,,,X,,NO,,NO,,,,,,,,NO,,,,,,,,NO,,,NO,,,,,,,NO,NO,8,NO,,,,,,,,,,,,,,,,,,NO,,,,,,,,,X,,,,,,,X,,NO,SI,1,SI,1,,,,,X,,,,,X,,,,,,,,NO,SI,2,NO,,,X,,,,SI,NO,NO,SI,NO,,NO,,3,,NO,,,//,SI,SI,NO,SI,SI,X,,,,,,,,,,,,,,,,,,,,,,,NO,,,,,,,NO,,,,,,B0,A1,2,040811,040009
0314138,0,073143,3AP,40537,COTAHUASI,PIRO,NO,,,,,,,,NO,,,,NO,,,,,,X,SI,,,,,,X,,NO,,NO,,,,,,,,NO,,,,,,,,NO,,,NO,,,,,,,NO,NO,8,NO,,,,,,,,,,,,,,,,,,NO,,,,,,,,,X,,,,,,,X,,NO,SI,1,SI,2,,,X,,,,,,,X,,,,,,,,NO,SI,2,NO,,,X,,,,NO,,,,SI,NO,NO,,3,,NO,,,//,SI,SI,NO,SI,SI,X,,,,,,,,,,,NO,,,,,,,,,,,,NO,,,,,,,NO,,,,,,B0,A1,2,040801,040009
1424522,0,554849,3AP,DIVINO NIÑO JESUS,CHALA,CHALA,NO,,,,,,,,SI,SI,,,SI,X,,,,X,,SI,X,,,,,,,NO,,NO,,,,,,,,SI,,X,X,,,,NO,NO,,,NO,,,,,,,SI,NO,3,NO,,,,,,,NO,,X,,X,,,,,,,SI,SI,SI,SI,NO,,,X,,X,,X,,,X,,,X,NO,SI,6,SI,1,,X,,,,,X,,,X,X,,,,,,,SI,SI,6,SI,,X,,X,,,SI,SI,SI,NO,SI,SI,SI,0,,,SI,NO,,//,SI,SI,SI,SI,SI,,,,,X,,,,,,,,,,,,,,,,,,,NO,,,,,,,NO,,,,,,B0,B4,1,040307,040004
0314161,0,073204,3AP,40540,ALCA,YUMASCA,NO,,,,,,,,NO,,,,SI,,,,,,X,SI,X,,,,,,,SI,NO,NO,,,,,,,,NO,,,,,,,,NO,,,NO,,,,,,,SI,NO,1,SI,,X,,,,,,,,,,,,,,,,SI,SI,SI,NO,,,X,,,,,,,,X,,,,NO,NO,,SI,1,X,,,,,,,,,,,X,,,,,,SI,NO,,NO,X,,,,,,SI,SI,SI,SI,SI,SI,NO,,1,,NO,,,//,NO,SI,SI,SI,SI,X,,,X,,,,,,,,NO,,,,,,,,,,,,NO,,,,,,,NO,,,,,,B0,A1,2,040802,040009
3025855,0,906781,3AP,GRUPO JOULE,CHARACATO,LA HUAYLLA,NO,,,,,,,,SI,SI,,,SI,,,,X,,,SI,,,,,,X,,NO,,NO,,,,,,,,NO,,,,,,,,NO,,,NO,,,,,,,SI,NO,8,NO,,,,,,,NO,,X,,,,,,,,,SI,SI,SI,SI,SI,2,X,X,,,,,,,X,X,X,,NO,NO,,SI,1,,X,,,,,,,,,X,,,,,,,NO,NO,,SI,X,X,,,,,SI,SI,SI,NO,SI,SI,SI,0,,,SI,NO,,//,SI,SI,SI,SI,SI,,,X,,,,,028,005,SI,NO,NO,,,,,,,,,,,,NO,,,,,,,NO,,,,,,B0,B4,2,040105,040002
1728146,0,806668,3AP,DIVINA PROVIDENCIA DE JESUS,PAUCARPATA,VILLA JESÚS,NO,,,,,,,,NO,,,,SI,,,,,,X,SI,X,,,,,,,NO,,NO,,,,,,,,SI,,X,X,,,,NO,NO,,,SI,X,,X,,,,SI,SI,8,NO,,,,,,,SI,5,X,,X,X,,X,,,,SI,SI,SI,SI,NO,,X,X,,X,,,,,X,X,X,,SI,SI,6,SI,1,X,X,,,X,,,,,X,X,,,X,,,,SI,SI,5,SI,X,X,,,,,SI,SI,SI,SI,SI,SI,SI,0,,,SI,SI,3,14/9/2024,SI,SI,SI,SI,SI,,,,X,,,,037,017,SI,NO,SI,,X,,,,,,,X,,X,NO,,,,,,,SI,X,,,,,B0,B4,1,040112,040002
1338755,0,550686,3AP,JOULMER,MIRAFLORES,MIRAFLORES,NO,,,,,,,,SI,SI,,,SI,,,,,,X,SI,,,,,,X,,SI,SI,SI,,,X,,,,,SI,,X,,X,,,NO,NO,,,SI,X,,,,,,SI,SI,3,NO,,,,,,,NO,,X,X,X,X,X,X,X,,,SI,SI,SI,SI,NO,,X,X,X,X,X,X,,,X,X,X,X,NO,SI,4,SI,2,,,,,,,,,,X,X,,X,X,,,,SI,NO,,SI,,X,,,,,SI,SI,SI,SI,SI,SI,SI,0,,,SI,NO,,//,NO,SI,SI,SI,SI,,,,X,,,,,,,,NO,,,,,,,,,,,,NO,,,,,,,NO,,,,,,B0,B4,1,040110,040002
1704667,0,726351,3AP,BELLO HORIZONTE,PAUCARPATA,PAUCARPATA,NO,,,,,,,,SI,SI,,,SI,,,,,,X,SI,,,,,,X,,SI,SI,SI,,,X,,,,,SI,,X,,X,,,NO,NO,,,SI,X,,,,,,SI,SI,3,NO,,,,,,,NO,,X,X,X,X,X,X,X,,,SI,SI,SI,SI,NO,,,X,X,,X,X,,,X,X,X,X,NO,SI,4,SI,2,,,,,,,,,,X,X,,X,X,,,,SI,NO,,SI,,X,,,,,SI,SI,SI,SI,SI,SI,SI,0,,,SI,NO,,//,NO,SI,SI,SI,SI,,,,X,,,,,,,,NO,,,,,,,,,,,,NO,,,,,,,NO,,,,,,B0,B4,1,040112,040002
0895409,0,058270,3AP,D'ANGELOUS CRISTI,ALTO SELVA ALEGRE,INDEPENDENCIA,SI,SI,X,,,,,,SI,SI,,,SI,,,,,,X,SI,X,,,,,,,NO,,NO,,,,,,,,SI,,,X,,,,NO,NO,,,NO,,,,,,,SI,NO,8,SI,,X,,,,,SI,3,X,,,,X,,,,,SI,SI,SI,NO,,,X,,,,,X,,,X,,,,SI,SI,3,NO,,,,,,,,X,,,,,,X,,,,,SI,SI,4,SI,X,,,X,,,SI,SI,SI,SI,SI,SI,SI,0,,,SI,NO,,//,SI,SI,SI,SI,SI,X,,,,,,,,,,,NO,,,,,,,,,,,,NO,,,,,,,SI,,X,,,,B0,B4,1,040102,040002
