Código Modular,Latitud,Longitud
3994635,-16.440842,-71.577918
1752989,-16.42022,-71.54042
1237908,-16.4116,-71.5248
1030410,-16.4116,-71.5248
1030402,-16.4116,-71.5248
1721521,-16.4102,-71.52335
226423,-16.39186,-71.53059
226431,-16.40718,-71.53606
1397454,-16.40718,-71.53606
1399286,-16.40876,-71.52288
226480,-16.40876,-71.52288
226555,-16.40282,-71.5406
226605,-16.39087,-71.53401
1253145,-16.39087,-71.53401
226829,-16.3983,-71.5441
1636570,-16.3983,-71.5441
219501,-16.41849,-71.53863
287490,-16.41189,-71.54024
287524,-16.39941,-71.52401
570044,-16.39941,-71.52401
287573,-16.40433,-71.5397
1574615,-16.40433,-71.5397
287623,-16.39655111,-71.53295493
1334424,-16.38956371,-71.52984741
1328251,-16.38956371,-71.52984741
1624170,-16.38956371,-71.52984741
892257,-16.39934051,-71.53898334
1672088,-16.40002,-71.52599
1117332,-16.4114,-71.52775
1119791,-16.4114,-71.52775
898551,-16.4114,-71.52775
1261262,-16.40437,-71.54236
1261304,-16.40437,-71.54236
1260306,-16.39734,-71.53893
1030907,-16.39372,-71.53243
1031053,-16.40311,-71.53904
1202597,-16.40311,-71.53904
309641,-16.39225,-71.5295
1119718,-16.39225,-71.5295
1337153,-16.39543,-71.53235
899229,-16.40086282,-71.52746282
1345065,-16.41958,-71.51128
1526862,-16.4073,-71.5485
1118801,-16.4037,-71.5393
1272251,-16.4037,-71.5393
1443837,-16.4038,-71.5393
1749886,-16.40025,-71.54458
1420413,-16.40197,-71.51931
1279496,-16.39964,-71.52567
898619,-16.39964,-71.52567
3039872,-16.401599,-71.526021
3039872,-16.41211733,-71.52878523
3060977,-16.41211733,-71.52878523
1240043,-16.40054,-71.52722
1333673,-16.39673,-71.52612
1333681,-16.39673,-71.52612
1335330,-16.39673,-71.52612
1279371,-16.40236,-71.551
1330323,-16.40235,-71.55104
893248,-16.4126,-71.5298
619106,-16.42753,-71.56638
617076,-16.42753,-71.56638
1639079,-16.404725,-71.541853
310896,-16.3963,-71.5265
1433291,-16.39872,-71.54654
896035,-16.419,-71.5491
1640077,-16.39823,-71.54487
695445,-16.40865,-71.52933
1240118,-16.40092,-71.52714
1240126,-16.40092,-71.52714
3050069,-16.395545,-71.52733
1634435,-16.41009,-71.53484
1030915,-16.405257,-71.528782
1443779,-16.4074,-71.5395
1443787,-16.4074,-71.5395
1443795,-16.4074,-71.5395
1369701,-16.40097,-71.52736
1369719,-16.40097,-71.52736
1372382,-16.40097,-71.52736
1391218,-16.4002,-71.52638
1238872,-16.3958,-71.5329
1334796,-16.39494,-71.53298
896514,-16.40639,-71.53977
1799832,-16.39881421,-71.53701965
1123405,-16.39881421,-71.53701965
695486,-16.39493159,-71.53258513
1334564,-16.39953,-71.53892
1536945,-16.39723,-71.52982
1536952,-16.39723,-71.52982
1536960,-16.39723,-71.52982
226167,-16.39809167,-71.52585
1337286,-16.39809167,-71.52585
1720333,-16.39734,-71.53893
1337492,-16.41215,-71.54005
1333988,-16.39587,-71.5342
1337914,-16.40054,-71.52722
1030741,-16.39918,-71.5256
695460,-16.39464045,-71.53366907
898452,-16.40124,-71.5238
1696988,-16.39951,-71.53903
1696996,-16.39951,-71.53903
1697002,-16.39951,-71.53903
1723188,-16.40545,-71.52894
287565,-16.40216,-71.54154
309211,-16.40216,-71.54154
1118181,-16.40722,-71.54099
307710,-16.4288,-71.56073333
226274,-16.4288,-71.56073333
310201,-16.4288,-71.56073333
1434810,-16.40481,-71.54097
1760305,-16.3925,-71.5329
1639087,-16.3925,-71.5329
1279058,-16.39294,-71.53404
1334242,-16.39294,-71.53404
1567635,-16.400025,-71.527225
1567643,-16.400025,-71.527225
896183,-16.40294,-71.53046
1436419,-16.43287157,-71.50428239
1702927,-16.39881421,-71.53701965
3003746,-16.40849,-71.518357
1699230,-16.40493,-71.54197
1576438,-16.40493,-71.54197
1276500,-16.39769,-71.54507
891069,-16.39136,-71.53163
309955,-16.4004,-71.52506
627125,-16.4004,-71.52506
307447,-16.4004,-71.52506
307462,-16.4278,-71.55936667
1030261,-16.4278,-71.55936667
310060,-16.4278,-71.55936667
1337500,-16.417735,-71.540431
1334440,-16.4072,-71.52516667
1334432,-16.4072,-71.52516667
1354422,-16.4072,-71.52516667
745646,-16.39794,-71.5274
894030,-16.39428,-71.52816
1723436,-16.39476,-71.54716
1342567,-16.39828889,-71.52882222
1337351,-16.39828889,-71.52882222
1337369,-16.39828889,-71.52882222
1239037,-16.39881421,-71.53701965
891531,-16.39979,-71.53231
893040,-16.398462,-71.53866
1351634,-16.398462,-71.53866
1351642,-16.398462,-71.53866
1333996,-16.39994,-71.53445
893487,-16.4126,-71.53905
1335074,-16.39460482,-71.53376662
1720317,-16.39460482,-71.53376662
1780220,-16.39460482,-71.53376662
891440,-16.39603106,-71.53327621
542886,-16.39979,-71.53231
1720994,-16.4098,-71.5218
1764323,-16.40918,-71.54932
310979,-16.39443,-71.53413
1728534,-16.405014,-71.528103
1728534,-16.40504,-71.52804
1303767,-16.40217246,-71.52491867
1667112,-16.40141,-71.53766
1435502,-16.40141,-71.53766
1783521,-16.39434,-71.53437
1635077,-16.41347,-71.53005
1271295,-16.40552,-71.52871
695528,-16.3980325,-71.53860696
1634575,-16.39909,-71.53999
1345099,-16.39541434,-71.53366662
3000619,-16.3970751,-71.5290944
897538,-16.39617,-71.52904
1117548,-16.40074,-71.52703
1334853,-16.40093,-71.52723
1308196,-16.41009,-71.53545
1369693,-16.41133,-71.5356
1335124,-16.39768,-71.53162
1335132,-16.39674,-71.53745
1118066,-16.40613,-71.53632
1335132,-16.39768,-71.53162
1338193,-16.41119,-71.53141
892315,-16.40116782,-71.5232536
1338987,-16.40134,-71.52406
898981,-16.40294,-71.53023
898858,-16.40801,-71.52882
845172,-16.40801,-71.52882
1262245,-16.40801,-71.52882
1273747,-16.39767,-71.52973
723338,-16.40535,-71.5307
1030204,-16.40535,-71.5307
750075,-16.40535,-71.5307
893545,-16.40889,-71.52551
1334689,-16.40799,-71.51636
627117,-16.4018,-71.52483
1031673,-16.40799,-71.51636
1120518,-16.40049,-71.52241
1120526,-16.40049,-71.52241
1692276,-16.40049,-71.52241
1624709,-16.40999,-71.53547
1431840,-16.40999,-71.53547
1452580,-16.39712,-71.53021
1452598,-16.39712,-71.53021
1339365,-16.4046,-71.5396
1719418,-16.40378,-71.53828
1467463,-16.40312,-71.53783
1335181,-16.40312,-71.53783
1335199,-16.40312,-71.53783
1435510,-16.40125,-71.52342
1435528,-16.40125,-71.52342
1640879,-16.4056671,-71.52848846
1334929,-16.4038,-71.52964
619049,-16.41024,-71.53073
891622,-16.40723325,-71.52880958
617001,-16.40113333,-71.53975
893065,-16.41849,-71.53863
1031061,-16.40113333,-71.53975
1031079,-16.40113333,-71.53975
892281,-16.40061344,-71.52692894
1768761,-16.40068,-71.52685
702704,-16.39881421,-71.53701965
1031947,-16.39995,-71.53303
1638774,-16.40516,-71.53008
1031319,-16.40557,-71.53996
310326,-16.40821,-71.53191
309229,-16.40821,-71.53191
529149,-16.40821,-71.53191
1562834,-16.40481,-71.54097
1663160,-16.40241,-71.52531
1673110,-16.40089,-71.52296
1722966,-16.40124,-71.5238
1333806,-16.39234,-71.53273
1334093,-16.39234,-71.53273
1720515,-16.39909684,-71.52632605
1468206,-16.39395,-71.53175
1338326,-16.40481,-71.54097
1615566,-16.4007,-71.5231
1273986,-16.39846,-71.53869
1520576,-16.39996,-71.53894
1520584,-16.39996,-71.53894
1697556,-16.39996,-71.53894
1443852,-16.40243,-71.54839
1624717,-16.40031,-71.52175
695510,-16.39706,-71.5331
310862,-16.4039,-71.53095
1802461,-16.405491,-71.527186
1624162,-16.40196,-71.52261
1339977,-16.40149,-71.52244
1338037,-16.40149,-71.52244
723866,-16.39327,-71.5322
895045,-16.40755,-71.5358
894253,-16.40755,-71.5358
1802073,-16.40763212,-71.52912148
1769090,-16.40763212,-71.52912148
617035,-16.40712,-71.52952
1030394,-16.402878,-71.539095
1030212,-16.402878,-71.539095
1031731,-16.402878,-71.539095
1118215,-16.4013,-71.53197
1255389,-16.40968328,-71.53381196
1249473,-16.40968328,-71.53381196
1281138,-16.40968328,-71.53381196
1335314,-16.40073333,-71.53203333
1278498,-16.40073333,-71.53203333
1278530,-16.40073333,-71.53203333
226258,-16.39271,-71.53521
1119163,-16.43152,-71.56188
1436369,-16.43152,-71.56188
1598481,-16.40644,-71.54286
627174,-16.4018,-71.5194
1276427,-16.40214,-71.53147
307280,-16.3951,-71.54235
898676,-16.3951,-71.54235
745687,-16.39548874,-71.54249847
1759299,-16.3951,-71.54235
1337880,-16.40091,-71.52307
1337039,-16.40091,-71.52307
1337898,-16.40091,-71.52307
1598523,-16.40664,-71.53669
1598531,-16.40664,-71.53669
1335363,-16.33013,-71.5432
1670256,-16.4015,-71.52369
1748524,-16.40767,-71.54007
1390848,-16.40767,-71.54007
1390855,-16.40767,-71.54007
1203884,-16.40381487,-71.53212974
1031285,-16.39969,-71.52578
1031293,-16.39969,-71.52578
1335272,-16.39927,-71.52573
1335264,-16.39927,-71.52573
1615574,-16.39927,-71.52573
1315613,-16.40596,-71.53388
1316587,-16.40596,-71.53388
1420488,-16.40596,-71.53388
745653,-16.4016,-71.5384
1734375,-16.39620874,-71.53844716
1705144,-16.39996731,-71.52062303
1338029,-16.39996731,-71.52062303
1575489,-16.40134,-71.52347
1370071,-16.4068,-71.5369
1370089,-16.4068,-71.5369
1370097,-16.4068,-71.5369
1031905,-16.39666,-71.5316
1031897,-16.39666,-71.5316
1236462,-16.39666,-71.5316
1720119,-16.39816,-71.54654
1720309,-16.40502,-71.54172
893271,-16.40502,-71.54172
894915,-16.39651667,-71.526525
307561,-16.39651667,-71.526525
1337302,-16.3834414,-71.52538715
1725373,-16.3834414,-71.52538715
1282177,-16.39651667,-71.526525
1120112,-16.39962,-71.52825
896019,-16.39962,-71.52825
1303759,-16.4092,-71.5429
745679,-16.434516,-71.521951
745679,-16.39984228,-71.52212497
307587,-16.3994,-71.523
1116979,-16.3994,-71.523
310110,-16.3994,-71.523
1116417,-16.41371,-71.53511
694737,-16.41371,-71.53511
845297,-16.41371,-71.53511
1116581,-16.40374,-71.53075
1031848,-16.40117,-71.53272
1118835,-16.39625,-71.52805
893933,-16.41797,-71.5372
1030451,-16.407881,-71.535919
845263,-16.4168,-71.54014
699868,-16.4168,-71.54014
1279694,-16.39481,-71.5358
1120047,-16.39622771,-71.53015389
309377,-16.39622771,-71.53015389
310391,-16.39622771,-71.53015389
1278696,-16.39464045,-71.53366907
1603653,-16.39682,-71.52877
1030964,-16.397286,-71.529997
1204007,-16.40855,-71.5249
892703,-16.41735,-71.54129
310821,-16.40115,-71.53371
794180,-16.3923,-71.54696
898700,-16.3923,-71.54696
523985,-16.40948,-71.54321
526319,-16.40948,-71.54321
1254069,-16.40948,-71.54321
1203991,-16.40331,-71.53064
501262,-16.4063,-71.53726667
1679760,-16.39788,-71.53235
1032465,-16.4048,-71.54791111
310466,-16.4048,-71.54791111
1434745,-16.4048,-71.54791111
309385,-16.42024,-71.50525
309153,-16.39608,-71.54458
310193,-16.4116,-71.53381667
226332,-16.4116,-71.53381667
307140,-16.4116,-71.53381667
1735414,-16.39608,-71.54458
307454,-16.40364,-71.53111
310052,-16.40364,-71.53111
564179,-16.40364,-71.53111
894493,-16.40556193,-71.54313855
310003,-16.40429721,-71.53944657
307330,-16.40429721,-71.53944657
1119403,-16.40429721,-71.53944657
309344,-16.40447802,-71.5367791
307132,-16.40447802,-71.5367791
1282219,-16.40447802,-71.5367791
1271642,-16.40373,-71.53924
1271600,-16.40373,-71.53924
1334465,-16.4025,-71.5216
1334457,-16.4025,-71.5216
1435288,-16.4025,-71.5216
1634757,-16.39943,-71.52737
1334556,-16.40384,-71.53027
892554,-16.409483,-71.530179
1339043,-16.39612,-71.52812
1339050,-16.39612,-71.52812
1361153,-16.39655111,-71.53295493
1598556,-16.40929,-71.52688
1470046,-16.40715,-71.5298
1441757,-16.40715,-71.5298
1279413,-16.4053,-71.5288
1699842,-16.4053,-71.5288
896191,-16.40371,-71.55191
745612,-16.40233,-71.54019
310573,-16.40233,-71.54019
309989,-16.39716,-71.52859
897744,-16.40104,-71.52236
1334358,-16.39626,-71.53239
1333335,-16.40332,-71.53452
1116706,-16.40092,-71.52714
1260223,-16.40429721,-71.53944657
1336668,-16.40778,-71.52346
528901,-16.39386,-71.52856
695239,-16.39386,-71.52856
1238641,-16.408,-71.549
844803,-16.408,-71.549
309914,-16.408,-71.549
1259787,-16.4032,-71.52097
1703560,-16.40208,-71.5219
1305796,-16.40208,-71.5219
307413,-16.42433333,-71.55546667
564211,-16.42433333,-71.55546667
309930,-16.42433333,-71.55546667
815043,-16.39474289,-71.5377
3020591,-16.39411211,-71.52998686
3020609,-16.39411211,-71.52998686
3020617,-16.39411211,-71.52998686
310102,-16.39625,-71.52805
307579,-16.39625,-71.52805
694695,-16.4019,-71.53933333
307322,-16.4019,-71.53933333
309906,-16.4019,-71.53933333
1576213,-16.40406,-71.53168
1576217,-16.40418,-71.53162
1528843,-16.4125,-71.5411
1371566,-16.4125,-71.5411
1393693,-16.4073,-71.537
894246,-16.4037,-71.5393
1437573,-16.4037,-71.5393
539130,-16.4037,-71.5393
894436,-16.40587,-71.53912
695205,-16.397816,-71.538423
892463,-16.397816,-71.538423
794289,-16.397816,-71.538423
745604,-16.39155,-71.53617
307637,-16.3965,-71.54371
1238609,-16.3965,-71.54371
310136,-16.3965,-71.54371
1504869,-16.40635,-71.53595
1504877,-16.40635,-71.53595
1504885,-16.40635,-71.53595
1788082,-16.39881421,-71.53701965
1788074,-16.39881421,-71.53701965
1788090,-16.39881421,-71.53701965
895581,-16.39884298,-71.52465774
894675,-16.39884298,-71.52465774
897967,-16.40468,-71.53155
1672823,-16.41,-71.5291
1261106,-16.40385,-71.53062
1720556,-16.39754,-71.52931
1720564,-16.3965199,-71.5323957
541698,-16.39682,-71.53291
695213,-16.39713026,-71.54260421
1334598,-16.39713026,-71.54260421
1032333,-16.39713026,-71.54260421
1276740,-16.40056237,-71.54002056
1351493,-16.40217138,-71.53763867
1759943,-16.40145,-71.53123333
1759950,-16.40145,-71.53123333
1759968,-16.40145,-71.53123333
1734029,-16.40091,-71.53259
1734037,-16.40091,-71.53259
1277466,-16.40173,-71.53196
1335306,-16.40173,-71.53196
1696756,-16.40525,-71.52878
1672062,-16.39966,-71.52562
1031236,-16.39544,-71.53253
1778471,-16.39546,-71.52739
1778489,-16.39546,-71.52739
1778497,-16.39546,-71.52739
1116748,-16.40508,-71.53217
1782424,-16.39881421,-71.53701965
898718,-16.39834,-71.52671
1202522,-16.39603106,-71.53327621
1334523,-16.39957,-71.54681
745695,-16.39703,-71.53347
1735422,-16.39703,-71.53347
1414739,-16.3963,-71.53227
1203249,-16.40501,-71.52853
695502,-16.40735901,-71.52680292
1238963,-16.39681,-71.53291
1334747,-16.40535,-71.52419
1361906,-16.40557,-71.54154
1622786,-16.39815,-71.52681
1030782,-16.40258,-71.54938
1395227,-16.40485232,-71.51776383
1576224,-16.40406,-71.53168
1336684,-16.4055,-71.5397
1336692,-16.4055,-71.5397
1470582,-16.4055,-71.5397
1117050,-16.40305,-71.54985
1735430,-16.40305,-71.54985
1353499,-16.39147,-71.53948
1116375,-16.40927,-71.52078
893784,-16.4073,-71.5333
225516,-16.41389,-71.53971
226654,-16.41802,-71.53951
472209,-16.41802,-71.53951
1774777,-16.40741177,-71.52687865
892109,-16.39935,-71.52288
1752062,-16.4071,-71.5233
1338292,-16.41579,-71.53781
287482,-16.41068337,-71.5268752
1399294,-16.41068337,-71.5268752
1378611,-16.39847,-71.52698
1776574,-16.41302,-71.52687
1769173,-16.41568,-71.53544
3049152,-16.40012026,-71.549685
1783539,-16.40411,-71.53058
1567668,-16.4056671,-71.52848846
1237064,-16.4044,-71.5276
845206,-16.40374,-71.52843
898825,-16.40374,-71.52843
896225,-16.40374,-71.52843
1334671,-16.41966,-71.53777
1255066,-16.40722,-71.52678
1255025,-16.40722,-71.52678
1355528,-16.39412498,-71.53317383
1719244,-16.42311,-71.55451
845115,-16.42861667,-71.55791667
309633,-16.42861667,-71.55791667
226142,-16.42861667,-71.55791667
309138,-16.42311,-71.55451
1735448,-16.42311,-71.55451
1666254,-16.42311,-71.55451
1532233,-16.42323,-71.55482
1532241,-16.42323,-71.55482
1724095,-16.42323,-71.55482
541813,-16.40489,-71.55067
518241,-16.40489,-71.55067
1754977,-16.40163,-71.54776
1699511,-16.40264,-71.54784
1776582,-16.40359,-71.55084
1303130,-16.40389,-71.55092
310037,-16.40389,-71.55092
541912,-16.40389,-71.55092
617084,-16.406,-71.54706667
845149,-16.406,-71.54706667
1786037,-16.40558919,-71.51781742
569590,-16.4044,-71.54078
1262005,-16.4044,-71.54078
307363,-16.4044,-71.54078
1528835,-16.40302,-71.54212
1763176,-16.40392,-71.54191
815001,-16.4051464,-71.54042505
1781152,-16.41005,-71.54653
1239367,-16.404867,-71.542924
1202878,-16.404867,-71.542924
1203967,-16.404867,-71.542924
309302,-16.40586,-71.54491
1335298,-16.40086282,-71.52746282
1800713,-16.40273222,-71.51874213
1702646,-16.40086282,-71.52746282
1337476,-16.40093,-71.52124
1337484,-16.40093,-71.52124
1338805,-16.37707,-71.52542
1339811,-16.37899619,-71.52292183
1339829,-16.37899619,-71.52292183
226449,-16.3847,-71.52149
1271931,-16.3847,-71.52149
225573,-16.3847,-71.52149
226647,-16.38267,-71.52446
569921,-16.38267,-71.52446
309682,-16.378669,-71.52418193
894402,-16.38267,-71.52446
1574953,-16.38267,-71.52446
308460,-16.37264,-71.51041
895961,-16.37264,-71.51041
569988,-16.37264,-71.51041
226688,-16.37264,-71.51041
570010,-16.36331,-71.5218
844316,-16.36331,-71.5218
1361112,-16.36331,-71.5218
1770262,-16.36331,-71.5218
226746,-16.37287,-71.51411
1119965,-16.37287,-71.51411
1031640,-16.36784,-71.50824
844647,-16.36784,-71.50824
892307,-16.36784,-71.50824
844340,-16.36952,-71.50677
1741750,-16.36952,-71.50677
895342,-16.36855,-71.51906
1712389,-16.37834,-71.53027
1239284,-16.37834,-71.53027
1373364,-16.3893,-71.52833
287730,-16.3893,-71.52833
1273903,-16.36286,-71.51918
1273945,-16.36286,-71.51918
1663095,-16.38785,-71.52667
1662956,-16.38785,-71.52667
636480,-16.38785,-71.52667
1237262,-16.372903,-71.5292
1237304,-16.372903,-71.5292
1237346,-16.372903,-71.5292
892331,-16.38333,-71.52453
225581,-16.37238,-71.51001
619148,-16.38499,-71.52645
1735901,-16.38499,-71.52645
1769223,-16.38447,-71.51853
1419423,-16.38859,-71.52449
1338524,-16.38859,-71.52449
1338532,-16.38859,-71.52449
1402437,-16.37682,-71.52809
1339738,-16.37889,-71.51651
1339746,-16.37889,-71.51651
1420462,-16.36157,-71.51496
1577626,-16.36157,-71.51496
1693258,-16.36237,-71.5122
1693266,-16.36237,-71.5122
1782846,-16.36237,-71.5122
617043,-16.36891,-71.523
1751361,-16.37599,-71.51476
1693241,-16.37519,-71.52368
225664,-16.36435,-71.52155
723239,-16.36622,-71.51881
892794,-16.38338598,-71.52540565
895524,-16.38338598,-71.52540565
1755503,-16.37859,-71.51947
1755511,-16.37859,-71.51947
1755529,-16.37859,-71.51947
1371467,-16.38258,-71.51705
1118314,-16.38189,-71.51615
892612,-16.38416,-71.52074
895490,-16.38416,-71.52074
1117779,-16.38350482,-71.51867614
1253947,-16.38350482,-71.51867614
892646,-16.38350482,-71.51867614
1339670,-16.37568,-71.52154
1564103,-16.36706,-71.51661
1631092,-16.36706,-71.51661
309252,-16.3852,-71.5317
892919,-16.37674,-71.51754
1253863,-16.37674,-71.51754
307249,-16.37674,-71.51754
1680073,-16.35634,-71.5161
1695303,-16.36119,-71.52741
1532886,-16.35249,-71.52392
1343482,-16.35249,-71.52392
1343490,-16.35249,-71.52392
1770577,-16.38753,-71.52758
1368398,-16.35228,-71.52393
1254903,-16.38626,-71.52161
844431,-16.38626,-71.52161
892943,-16.38626,-71.52161
1679935,-16.35189,-71.51134
1030311,-16.3702,-71.5043
1261460,-16.38391,-71.52334
895482,-16.38391,-71.52334
307223,-16.38391,-71.52334
540336,-16.36472,-71.52176
515668,-16.38575,-71.51852
1703537,-16.38707,-71.52164
307231,-16.38707,-71.52164
1371590,-16.3785,-71.51691
1627363,-16.35962,-71.5095
1731520,-16.38259,-71.52067
1116730,-16.36086,-71.5172
1708296,-16.37031,-71.53092
893032,-16.38252,-71.52084
844373,-16.38252,-71.52084
894642,-16.38252,-71.52084
3914019,-16.343249,-71.52746
3914015,-16.352869,-71.519634
3914030,-16.352998,-71.519172
1785658,-16.37270649,-71.51808858
3952037,-16.371826,-71.508556
1339555,-16.37387,-71.50951
1120435,-16.37387,-71.50951
1120443,-16.37387,-71.50951
1339118,-16.371448,-71.510972
1339985,-16.371448,-71.510972
1254622,-16.38156,-71.52664
1254663,-16.38156,-71.52664
1447313,-16.381266,-71.529177
3913979,-16.362191,-71.526387
3913998,-16.365851,-71.500611
3973357,-16.359762,-71.509473
1315571,-16.38356,-71.52524
1338078,-16.38356,-71.52524
3980115,-16.378224,-71.528501
1337278,-16.37582,-71.52693
1328608,-16.37582,-71.52693
1202886,-16.38433,-71.52205
1338250,-16.38696381,-71.52799188
1338268,-16.38696381,-71.52799188
1402486,-16.38368499,-71.52561299
1402494,-16.38368499,-71.52561299
1339266,-16.37701,-71.51777
1339274,-16.37701,-71.51777
1118355,-16.384,-71.52589
1343474,-16.38078,-71.52171
1340280,-16.38078,-71.52171
895409,-16.36434045,-71.5229047
892455,-16.36434045,-71.5229047
1336866,-16.36434045,-71.5229047
1336874,-16.36434045,-71.5229047
1631324,-16.3703,-71.52743
1338714,-16.36877585,-71.52434183
1338722,-16.36877585,-71.52434183
1338730,-16.36877585,-71.52434183
1032036,-16.36964,-71.52698
1032044,-16.36964,-71.52698
1680040,-16.345,-71.51052
1456407,-16.365866,-71.51892
1728542,-16.37803,-71.52446
1340256,-16.37803,-71.52446
3998083,-16.365629,-71.499887
1741693,-16.36597,-71.50154
1447330,-16.367451,-71.500944
3980170,-16.341267,-71.514065
3980169,-16.375753,-71.522589
1766757,-16.37163,-71.50706
1766765,-16.37163,-71.50706
3998076,-16.3767,-71.528319
4002658,-16.374966,-71.527702
3926489,-16.35063,-71.516029
3913997,-16.347115,-71.515621
3980163,-16.336428,-71.512885
3983231,-16.335738,-71.511909
1447318,-16.371687,-71.525154
3913999,-16.363735,-71.505563
3914016,-16.363715,-71.505589
3969139,-16.373932,-71.518571
1447334,-16.373937,-71.518512
4002628,-16.372629,-71.521146
1773233,-16.37261,-71.52123
1753854,-16.37751,-71.52
1373851,-16.36497,-71.53173
4005945,-16.370205,-71.504248
1777077,-16.34561,-71.51095
3913976,-16.351984,-71.511512
3914018,-16.344803,-71.510782
3042009,-16.3364768,-71.5130353
1721638,-16.36200814,-71.51406111
1253426,-16.36200814,-71.51406111
1253467,-16.36200814,-71.51406111
1371509,-16.36364,-71.51558
1338581,-16.36364,-71.51558
1741701,-16.35437,-71.52931
3914021,-16.356349,-71.5229
3914004,-16.35638,-71.522906
3913202,-16.357173,-71.523614
3061942,-16.35191457,-71.52415137
1757210,-16.35162,-71.52319
1757228,-16.35162,-71.52319
3936311,-16.347516,-71.52253
1741719,-16.34744,-71.52262
3000072,-16.36716127,-71.52578116
1202324,-16.37727,-71.51922
1339605,-16.37727,-71.51922
1030279,-16.3766,-71.5186
1253905,-16.3766,-71.5186
307215,-16.3766,-71.5186
3913978,-16.369114,-71.518689
3914032,-16.368527,-71.519006
1339761,-16.36905236,-71.5070514
1339779,-16.36905236,-71.5070514
1467812,-16.37977,-71.53052
1240233,-16.33059,-71.53744
1240241,-16.33059,-71.53744
1741677,-16.34121,-71.55179
1674258,-16.3244,-71.5395
1717479,-16.3181386,-71.53664493
1798495,-16.3181386,-71.53664493
749325,-16.36185,-71.5422
226860,-16.36185,-71.5422
1751031,-16.3591,-71.543
1751049,-16.3591,-71.543
1751056,-16.3591,-71.543
1622810,-16.3593,-71.5414
1622828,-16.3593,-71.5414
1622836,-16.3593,-71.5414
540153,-16.3616,-71.5422
1516962,-16.31746667,-71.53776667
3060167,-16.302659,-71.530029
4000319,-16.298186,-71.522831
1705532,-16.30485,-71.5228
1734227,-16.34579,-71.55043
1530047,-16.33684,-71.55155
1598507,-16.30725435,-71.52637785
1598515,-16.30725435,-71.52637785
3061660,-16.30725435,-71.52637785
896746,-16.308719,-71.524187
4002624,-16.305858,-71.535394
1719400,-16.32245,-71.53764
1705524,-16.31014,-71.532
1615608,-16.3106,-71.5268
1705516,-16.3151,-71.5272
845164,-16.35195,-71.54695
1650506,-16.35195,-71.54695
226928,-16.35301,-71.55
899039,-16.35301,-71.55
845198,-16.34801,-71.55535
4006036,-16.349153,-71.555243
3868562,-16.353878,-71.550039
896431,-16.35024,-71.55065
1741685,-16.34913,-71.55525
1334531,-16.34957,-71.55433
3868561,-16.353883,-71.550077
472266,-16.35183,-71.54946
1314616,-16.35386,-71.55014
1314624,-16.35386,-71.55014
1486825,-16.37246,-71.53755
1031749,-16.3724,-71.53746
1720267,-16.36599,-71.53911
3946990,-16.372465,-71.537492
899062,-16.34831,-71.55227
723270,-16.34831,-71.55227
1272731,-16.34831,-71.55227
723262,-16.349,-71.5528
678755,-16.34906,-71.54868
896464,-16.34785,-71.54831
4005968,-16.346049,-71.549578
226852,-16.3828,-71.5455
1432434,-16.39143,-71.54972
1390871,-16.39266667,-71.5483
589051,-16.39823,-71.55283
1334515,-16.37666667,-71.54436667
1802438,-16.381477,-71.545601
1801372,-16.381477,-71.545601
225680,-16.3828,-71.5451
1696970,-16.3831,-71.5439
1762970,-16.37698,-71.54642
1702935,-16.36624,-71.54537
1548965,-16.3892,-71.54839
1735869,-16.38818,-71.55053
589028,-16.38818,-71.55053
1262328,-16.34900762,-71.54178807
1119841,-16.34900762,-71.54178807
1119882,-16.34900762,-71.54178807
1119874,-16.34900762,-71.54178807
1724111,-16.34900762,-71.54178807
1320589,-16.3655,-71.54427
1338342,-16.3614,-71.5431
896670,-16.3492,-71.56406
524082,-16.391,-71.54756
1203280,-16.3846,-71.5483
894741,-16.35421477,-71.5436167
1437524,-16.33366444,-71.54925665
1303650,-16.36643,-71.54371
1719327,-16.38797,-71.54802
695429,-16.3878,-71.5488
892604,-16.34163,-71.54579
1705409,-16.34163,-71.54579
1202167,-16.3659,-71.54599
1335033,-16.3659,-71.54599
1202159,-16.3659,-71.54599
1630490,-16.374,-71.5499
1622752,-16.374,-71.5499
1622760,-16.374,-71.5499
1369768,-16.34996,-71.54897
1281336,-16.35071,-71.54038
1730142,-16.3378,-71.5397
1730159,-16.3378,-71.5397
1486841,-16.31804,-71.5367
540252,-16.375052,-71.544417
1334143,-16.37971,-71.55318
655811,-16.39106,-71.55094
656173,-16.39106,-71.55094
896795,-16.39106,-71.55094
1672070,-16.3372,-71.5427
1369909,-16.339,-71.5453
1369917,-16.339,-71.5453
1202472,-16.33065,-71.5448
1202480,-16.33065,-71.5448
1406347,-16.33065,-71.5448
309401,-16.3782,-71.544375
308130,-16.3782,-71.544375
644971,-16.3782,-71.544375
1335389,-16.3782,-71.544375
1339472,-16.34006238,-71.54007241
1118173,-16.34006238,-71.54007241
1031723,-16.34006238,-71.54007241
1315555,-16.3918,-71.54784
1780873,-16.38614,-71.54748
1734979,-16.32454,-71.54155
1748516,-16.34641,-71.54116
1734318,-16.34641,-71.54116
845131,-16.35515556,-71.54293889
1334374,-16.35515556,-71.54293889
896829,-16.35515556,-71.54293889
1323898,-16.35972,-71.54306
1334622,-16.35009,-71.54125
1334630,-16.34972906,-71.54153475
1393685,-16.3632,-71.5431
1608405,-16.35992,-71.54207
1608413,-16.35992,-71.54207
1608405,-16.315702,-71.528203
1608413,-16.315702,-71.528203
896886,-16.3583,-71.54155
1334960,-16.3583,-71.54155
1721513,-16.33452,-71.54786
1650563,-16.33452,-71.54786
1391697,-16.33721,-71.55396
1639889,-16.3637,-71.54543
1333566,-16.37943,-71.55299
1433580,-16.388533,-71.546915
1238591,-16.38469,-71.5503
1282011,-16.39112,-71.54879
1118090,-16.35479,-71.54173
1748532,-16.33626,-71.55214
1334770,-16.334475,-71.541725
1334762,-16.334475,-71.541725
1346659,-16.35684,-71.54381
1443860,-16.35667,-71.54435
1281617,-16.35684,-71.54381
226266,-16.38124984,-71.53987877
309997,-16.38124984,-71.53987877
307553,-16.38124984,-71.53987877
1239839,-16.32881282,-71.5446257
1334952,-16.33103899,-71.54903677
1325737,-16.33103899,-71.54903677
1415967,-16.33103899,-71.54903677
1695048,-16.31208,-71.52898
1529775,-16.31208,-71.52898
1032101,-16.3293,-71.5408
1653658,-16.33039,-71.53901
1583145,-16.33039,-71.53901
1262609,-16.3476,-71.5477
1262567,-16.3476,-71.5477
1271485,-16.33545,-71.55065
1333285,-16.33545,-71.55065
1305754,-16.34534906,-71.54485335
1305762,-16.34534906,-71.54485335
1305770,-16.34534906,-71.54485335
1779867,-16.38147704,-71.54560114
1733104,-16.26509203,-71.45464686
3891071,-16.302635,-71.524429
1486815,-16.35741,-71.54698
1272772,-16.32934,-71.54485061
1272897,-16.32934,-71.54485061
1031004,-16.32934,-71.54485061
1781624,-16.33051,-71.54699
310706,-16.35042,-71.54297
899096,-16.3364,-71.5532
845552,-16.3364,-71.5532
1308204,-16.33329,-71.54545
1333202,-16.33344,-71.54415
898601,-16.33344,-71.54415
1705698,-16.34813,-71.54512
1673094,-16.33772,-71.55009
1801216,-16.33772,-71.55009
1567627,-16.33772,-71.55009
1782838,-16.32973096,-71.54526859
1777036,-16.33228,-71.54618
1030162,-16.33053021,-71.54596595
1030188,-16.33053021,-71.54596595
1030170,-16.33053021,-71.54596595
3868541,-16.32789,-71.54435
1661149,-16.33252,-71.54936
1120245,-16.33252,-71.54936
1333194,-16.33252,-71.54936
1120237,-16.3387,-71.554
1120203,-16.3347,-71.5525
526855,-16.35085,-71.54295
1116300,-16.35085,-71.54295
1715994,-16.35085,-71.54295
226894,-16.35085,-71.54295
892877,-16.34884718,-71.5417944
1466218,-16.3489,-71.5424
1343771,-16.34945,-71.54085
1281252,-16.34945,-71.54085
1281294,-16.34945,-71.54085
1361880,-16.34483,-71.54368
1332956,-16.34483,-71.54368
1333061,-16.34483,-71.54368
225714,-16.35185,-71.54365
893669,-16.341714,-71.539904
3048287,-16.341714,-71.539904
896761,-16.34986,-71.54288
845107,-16.34986,-71.54288
637306,-16.34986,-71.54288
723213,-16.35319,-71.5430064
1735877,-16.35319,-71.5430064
1768902,-16.34832,-71.54134
896522,-16.3447,-71.54903
3990099,-16.344652,-71.550592
1279256,-16.34449,-71.54299
794248,-16.34449,-71.54299
749333,-16.33972,-71.54189
749309,-16.362225,-71.5453
1650514,-16.362225,-71.5453
723288,-16.362225,-71.5453
695452,-16.36047805,-71.5436561
3061009,-16.359944,-71.544972
3060993,-16.359944,-71.544972
1752286,-16.36109,-71.54467
540054,-16.362,-71.5451
896589,-16.3575,-71.5469
3000916,-16.357204,-71.543054
1465511,-16.34563,-71.54687
678565,-16.34543333,-71.5465
1465522,-16.34564,-71.54689
749317,-16.393,-71.5494
218875,-16.393,-71.5494
309260,-16.3874,-71.5489
310409,-16.3874,-71.5489
892489,-16.3323,-71.5404
844589,-16.3323,-71.5404
678573,-16.39188,-71.55007
226282,-16.39188,-71.55007
770289,-16.34505,-71.55395
1650498,-16.33843,-71.54356
898486,-16.33843,-71.54356
612739,-16.38985,-71.55405
899393,-16.3895,-71.5536
517367,-16.3895,-71.5536
1333947,-16.39485,-71.54406
1116268,-16.39485,-71.54406
1647155,-16.32685,-71.5686
3051083,-16.32511262,-71.56807423
3051091,-16.32511262,-71.56807423
3051109,-16.32511262,-71.56807423
749358,-16.3807,-71.5706
1457201,-16.382511,-71.568965
1755859,-16.38003,-71.57155
1755867,-16.38003,-71.57155
1584303,-16.379066,-71.574295
3958419,-16.382403,-71.568106
3978233,-16.382748,-71.566889
3986523,-16.375293,-71.569319
1584305,-16.37988,-71.57364
310672,-16.37567,-71.56915
3986524,-16.375666,-71.569115
3982455,-16.375221,-71.570032
612820,-16.38614,-71.57577
3997912,-16.38512,-71.570885
3997914,-16.388289,-71.582647
1273176,-16.32878,-71.57335
1239235,-16.32878,-71.57335
1363464,-16.32878,-71.57335
3978226,-16.341092,-71.626627
3895122,-16.347284,-71.637699
3966055,-16.350234,-71.629803
1587635,-16.32586,-71.60954
1767748,-16.33601,-71.62077
1767755,-16.33601,-71.62077
3890288,-16.34071,-71.62502
1717461,-16.3272,-71.60975
1705607,-16.32719,-71.60985
1764315,-16.3272,-71.60975
1705680,-16.33654,-71.62145
3947015,-16.327397,-71.609651
1705805,-16.33912,-71.62259
1705789,-16.32536,-71.61208
1624683,-16.3375,-71.6174
1624691,-16.3375,-71.6174
1731397,-16.3375,-71.6174
1798354,-16.3375,-71.6174
1705797,-16.33687,-71.61947
1372390,-16.32844,-71.55571
1270842,-16.32844,-71.55571
1270883,-16.32844,-71.55571
794222,-16.33051,-71.55512
3946996,-16.328916,-71.553867
1778505,-16.32923,-71.5615
3953505,-16.389267,-71.552493
3981681,-16.389723,-71.552923
1203728,-16.38984,-71.55255
1338995,-16.32428,-71.59487
1339001,-16.32428,-71.59487
1338896,-16.32747,-71.60982
1636406,-16.3317,-71.56028333
1281179,-16.3317,-71.56028333
1281211,-16.3317,-71.56028333
896290,-16.37555,-71.5592
1238849,-16.37555,-71.5592
1693852,-16.37773,-71.55661
1780840,-16.37938,-71.55968
1780857,-16.37938,-71.55968
1780865,-16.37938,-71.55968
1437532,-16.37748333,-71.5614
1437540,-16.37748333,-71.5614
1437557,-16.37748333,-71.5614
1663731,-16.31106,-71.54141
1663749,-16.31106,-71.54141
678789,-16.37415,-71.55914
655886,-16.37415,-71.55914
899427,-16.37415,-71.55914
1371418,-16.40143,-71.56821
1638766,-16.35012,-71.57716
1371103,-16.37406,-71.56006
1276583,-16.37406,-71.56006
1603646,-16.3982,-71.5786
1704055,-16.3982,-71.5786
3983973,-16.358499,-71.632074
1260900,-16.3541,-71.55887
1529171,-16.37115,-71.5606
1598499,-16.37115,-71.5606
1622802,-16.3438,-71.6078
1562842,-16.3438,-71.6078
3028412,-16.3438,-71.6078
1031368,-16.35254,-71.56115
1031376,-16.35254,-71.56115
1638782,-16.35035,-71.56401
1203165,-16.38156,-71.57138
1371111,-16.38156,-71.57138
1672922,-16.32344,-71.58261
3042520,-16.32344,-71.58261
1768506,-16.32578,-71.56086
1399302,-16.32561,-71.56087
1633247,-16.32561,-71.56087
1305788,-16.3298,-71.5926
1659812,-16.3298,-71.5926
1333863,-16.3298,-71.5926
1672781,-16.34791,-71.59745
1672807,-16.38344,-71.55554
1640911,-16.36307,-71.56583
1640929,-16.36307,-71.56583
1640937,-16.36307,-71.56583
1720580,-16.38802,-71.55517
1634187,-16.32768,-71.56301
1562859,-16.32768,-71.56301
1562867,-16.32768,-71.56301
1720010,-16.3234,-71.60406667
1720028,-16.3234,-71.60406667
1756394,-16.3234,-71.60406667
1574037,-16.38338,-71.55869
1330331,-16.4001,-71.5858
1608397,-16.40047,-71.57418
3050341,-16.3217,-71.55535
1697325,-16.3217,-71.55535
1697333,-16.3217,-71.55535
1702653,-16.32471,-71.54654
1702661,-16.32471,-71.54654
1622778,-16.3265,-71.56335
1548973,-16.3265,-71.56335
1548981,-16.3265,-71.56335
1705425,-16.34396,-71.6109
1705433,-16.34396,-71.6109
1705441,-16.34396,-71.6109
1753839,-16.3517,-71.56103
1672583,-16.35156,-71.56151
1281377,-16.33563,-71.58429
1281419,-16.33563,-71.58429
1262880,-16.38709,-71.56601
1651868,-16.32862,-71.56247
1574938,-16.32862,-71.56247
1574946,-16.32862,-71.56247
1584334,-16.32711,-71.55947
1338599,-16.33937,-71.61047
1633387,-16.33937,-71.61047
1796192,-16.33937,-71.61047
1598549,-16.39244,-71.56558
1790500,-16.39244,-71.56558
1672609,-16.3668699,-71.5603891
1672617,-16.3668699,-71.5603891
1672625,-16.3668699,-71.5603891
1335603,-16.34289,-71.60403
1730878,-16.34289,-71.60403
893776,-16.33546,-71.58315
1351196,-16.3353,-71.5828
1673128,-16.33243,-71.55587
1333723,-16.37131,-71.56238
1333731,-16.37169,-71.56223
1369651,-16.37169,-71.56223
1334812,-16.38094,-71.5623
694976,-16.37621,-71.56117
1259985,-16.37621,-71.56117
1631654,-16.33152,-71.57969
1310697,-16.34754,-71.56096
1310721,-16.34754,-71.56096
1310739,-16.34754,-71.56096
1665322,-16.32306,-71.55415
1665330,-16.32306,-71.55415
1572320,-16.33589,-71.55503
1572338,-16.33589,-71.55503
1572346,-16.33589,-71.55503
1755305,-16.37954,-71.55699
1638709,-16.38119,-71.55377
1749050,-16.35101,-71.56675
1537844,-16.38472,-71.5714
1537851,-16.38472,-71.5714
1695055,-16.33862,-71.6083
1584342,-16.32227,-71.5688
3983972,-16.358923,-71.625597
1492641,-16.32507,-71.58672
896688,-16.3533,-71.56615
896217,-16.3533,-71.56615
1333178,-16.3533,-71.56615
1628205,-16.39165,-71.57573
1628213,-16.39165,-71.57573
1335009,-16.37901,-71.55823
1335017,-16.37906,-71.55851
1335025,-16.37919,-71.55884
1492647,-16.33081,-71.58568
1705474,-16.3757,-71.5585
1696293,-16.40065,-71.57042
1504893,-16.34226,-71.58917
1544337,-16.37644,-71.55826
1704659,-16.37644,-71.55826
1705417,-16.32195,-71.56348
1273580,-16.38084,-71.55587
226308,-16.3704,-71.55944
310144,-16.3704,-71.55944
307603,-16.3704,-71.55944
1608421,-16.35275,-71.563325
1608439,-16.35275,-71.563325
1719731,-16.31193,-71.55285
1719749,-16.31193,-71.55285
1720101,-16.36662297,-71.56049708
1363449,-16.36662297,-71.56049708
1363456,-16.36662297,-71.56049708
1432095,-16.32387014,-71.59025471
1598564,-16.32387014,-71.59025471
1799105,-16.37114231,-71.64741759
1658525,-16.37114231,-71.64741759
1030584,-16.36627,-71.56347
1369602,-16.3812,-71.5705
1331321,-16.3812,-71.5705
1629831,-16.33943,-71.61126
1658517,-16.33943,-71.61126
1411974,-16.3176,-71.60216
1392950,-16.3176,-71.60216
1371335,-16.31825,-71.60226
1371343,-16.31825,-71.60226
1674332,-16.3262,-71.59121
1203041,-16.38701,-71.5647
1262807,-16.38701,-71.5647
1281575,-16.39441,-71.56105
1520592,-16.32079,-71.56282
1699503,-16.32079,-71.56282
1562875,-16.38328,-71.56749
890855,-16.33165,-71.59224
897751,-16.33165,-71.59224
898460,-16.33165,-71.59224
1759729,-16.33191,-71.55695
1673060,-16.3332,-71.58006
1334887,-16.3456,-71.5583
1686807,-16.32822,-71.59412
1701507,-16.39507,-71.56026
898965,-16.37118,-71.56042
896910,-16.37118,-71.56042
1538511,-16.37118,-71.56042
1608447,-16.32611,-71.57853
1608454,-16.32611,-71.57853
1784099,-16.31572,-71.55091
1784107,-16.31572,-71.55091
1784115,-16.31572,-71.55091
1333558,-16.35333,-71.56767
1334820,-16.35255,-71.56671
898213,-16.37631,-71.56044
1492645,-16.35136,-71.62203
895763,-16.37357,-71.5615
1202803,-16.37357,-71.5615
1202795,-16.37357,-71.5615
1119916,-16.38075,-71.55366
896712,-16.38075,-71.55366
1431865,-16.38075,-71.55366
1303676,-16.3797,-71.5575
1741644,-16.3183,-71.5427
1699115,-16.40233,-71.55102
1751825,-16.3918,-71.56468
1751833,-16.3918,-71.56468
1751841,-16.3918,-71.56468
794420,-16.392125,-71.5603
678771,-16.392125,-71.5603
1470533,-16.3807,-71.5591
1261346,-16.38423,-71.55679
770305,-16.38423,-71.55679
897553,-16.38423,-71.55679
656165,-16.32295,-71.59307
612887,-16.3154,-71.5895
1770239,-16.3248,-71.593425
1770247,-16.3248,-71.593425
1770254,-16.3248,-71.593425
1798487,-16.31873,-71.58774
1751858,-16.31874646,-71.58772379
1751866,-16.31874646,-71.58772379
697375,-16.3213,-71.5917
898510,-16.38541,-71.57806
1759125,-16.31519,-71.5871
899369,-16.31912,-71.58717
1647163,-16.31398,-71.58784
1751304,-16.34750639,-71.62938238
1751312,-16.34750639,-71.62938238
1751320,-16.34750639,-71.62938238
3001088,-16.324332,-71.587156
1794346,-16.3202,-71.5912
1751346,-16.3202,-71.5912
1703685,-16.32393,-71.592
1703693,-16.32393,-71.592
1703701,-16.32393,-71.592
1642297,-16.31739138,-71.58343289
1642305,-16.31739138,-71.58343289
1785021,-16.32313,-71.59546
1770429,-16.31963,-71.59862
1770437,-16.31963,-71.59862
3047818,-16.31963,-71.59862
1032093,-16.32697,-71.59414
1279538,-16.32706667,-71.59376667
1333616,-16.32706667,-71.59376667
898437,-16.32706667,-71.59376667
1784065,-16.31715473,-71.59423569
1798362,-16.31715473,-71.59423569
1783661,-16.31785,-71.59433
1754480,-16.32304,-71.59912
1754498,-16.32304,-71.59912
1799774,-16.32304,-71.59912
3978945,-16.366262,-71.645601
1705615,-16.31062,-71.54392
1705581,-16.33134164,-71.55157733
845701,-16.3259,-71.5487
897728,-16.3259,-71.5487
896381,-16.3259,-71.5487
1673086,-16.32681718,-71.54997696
896472,-16.32681718,-71.54997696
898312,-16.32681718,-71.54997696
1453816,-16.32631,-71.5471
1562818,-16.32946667,-71.58333333
1253186,-16.32946667,-71.58333333
3947014,-16.365901,-71.608782
1334655,-16.37545,-71.56665
1334945,-16.37545,-71.56665
1705060,-16.329382,-71.579709
1334473,-16.329382,-71.579709
1334333,-16.33101648,-71.58100579
3920053,-16.322003,-71.564968
3920052,-16.285082,-71.553703
3994637,-16.285121,-71.553695
3898919,-16.326956,-71.562482
1453818,-16.32701,-71.56056
1453813,-16.327,-71.56057
1732411,-16.33228247,-71.55746016
1732429,-16.33228247,-71.55746016
3974863,-16.333041,-71.557522
3974865,-16.333466,-71.558383
612853,-16.33304,-71.55849
1385145,-16.33304,-71.55849
1647213,-16.31826,-71.56708
1779008,-16.33373,-71.55871
1693878,-16.32075,-71.56644
1693886,-16.32075,-71.56644
3924647,-16.36984,-71.64386
3990098,-16.340027,-71.60466
1760859,-16.36661,-71.55632
3997911,-16.34457,-71.605848
1334606,-16.33037641,-71.5984837
1334614,-16.33037641,-71.5984837
1567619,-16.3368,-71.6093
1755875,-16.35479,-71.61609
1755883,-16.35479,-71.61609
1651462,-16.3285,-71.60253
1651470,-16.3285,-71.60253
1651488,-16.3285,-71.60253
3962675,-16.354933,-71.623199
1647205,-16.3376,-71.6046
1761626,-16.41433,-71.5195
1796564,-16.34588869,-71.61296128
1752609,-16.34588869,-71.61296128
1698695,-16.34588869,-71.61296128
1371095,-16.34,-71.6046
1705664,-16.33247,-71.59741
1705599,-16.33494141,-71.59589344
1705649,-16.3409,-71.61187
3898931,-16.344124,-71.612108
1799295,-16.34085,-71.61222
1262641,-16.34085,-71.61222
1202241,-16.34085,-71.61222
3968358,-16.358434,-71.616263
1797398,-16.35702,-71.61615
1731355,-16.35648313,-71.61672626
1674233,-16.35648313,-71.61672626
3868559,-16.35519,-71.61762
1432467,-16.33706,-71.59449
1334903,-16.33706,-71.59449
1622745,-16.33706,-71.59449
1770841,-16.35991,-71.61922
1770858,-16.35991,-71.61922
1757756,-16.35119,-71.62178
1674225,-16.35119,-71.62178
1647171,-16.33643,-71.59904
1642867,-16.33498,-71.60367
1436427,-16.33498,-71.60367
1433598,-16.33498,-71.60367
1615624,-16.34560838,-71.6177905
1674340,-16.34560838,-71.6177905
1629542,-16.4013,-71.5686
589085,-16.4013,-71.5686
612762,-16.40182,-71.56692
1448115,-16.40143,-71.56699
1448101,-16.40143,-71.56699
1335413,-16.40053,-71.56861
1334648,-16.40053,-71.56861
1741669,-16.35666,-71.60963
1705656,-16.38234293,-71.61966669
490565,-16.3802375,-71.5623625
309435,-16.3802375,-71.5623625
589291,-16.3802375,-71.5623625
226944,-16.3802375,-71.5623625
287656,-16.3747,-71.5623
287664,-16.37716,-71.561
899112,-16.37716,-71.561
1776129,-16.37125,-71.5607
225235,-16.3801,-71.5614
1768688,-16.38078,-71.56227
1768696,-16.38078,-71.56227
1753847,-16.38078,-71.56227
1540947,-16.3743,-71.56437
1032077,-16.37411,-71.56407
1334804,-16.3743,-71.56437
309310,-16.37665671,-71.56092097
770255,-16.3916,-71.554957
897678,-16.3916,-71.554957
1628767,-16.316711,-71.602475
3042678,-16.364191,-71.618811
3061876,-16.364191,-71.618811
1546324,-16.385823,-71.554307
898528,-16.385823,-71.554307
1333426,-16.385823,-71.554307
770297,-16.385823,-71.554307
1120369,-16.385823,-71.554307
1116664,-16.385823,-71.554307
1116896,-16.3256,-71.55617
1261189,-16.3256,-71.55617
1116854,-16.3256,-71.55617
1696475,-16.33002464,-71.56498074
1795210,-16.32942,-71.56479
1567676,-16.32929,-71.56914
1674241,-16.3292,-71.56907
1432087,-16.3278,-71.57093
1622794,-16.3278,-71.57093
3947019,-16.353872,-71.632026
3966053,-16.365985,-71.63705
3978225,-16.364656,-71.636725
1457207,-16.37857,-71.57282
845461,-16.39235,-71.56705
589234,-16.39235,-71.56705
1729045,-16.39235,-71.56705
1751064,-16.39218,-71.56626
1333533,-16.39321,-71.56831
1333541,-16.39321,-71.56831
1761675,-16.39321,-71.56831
538744,-16.3896,-71.56901
1335355,-16.39386,-71.56615
1202191,-16.39386,-71.56615
1262161,-16.39386,-71.56615
1777614,-16.39335,-71.56562
897819,-16.39352,-71.56736
845529,-16.39352,-71.56736
890913,-16.39352,-71.56736
1562826,-16.33095,-71.58546
1253228,-16.33095,-71.58546
3046828,-16.33049,-71.58707
1755842,-16.32944,-71.58618
1622844,-16.32944,-71.58618
1431873,-16.32944,-71.58618
1254184,-16.32502,-71.58335
1254267,-16.32502,-71.58335
1254226,-16.32502,-71.58335
1253103,-16.32608,-71.58415
1253301,-16.32608,-71.58415
1279132,-16.32608,-71.58415
1584304,-16.385429,-71.58987
896233,-16.33755,-71.59
1453804,-16.32891,-71.55387
1302975,-16.32519,-71.55348
1344381,-16.32519,-71.55348
1443878,-16.39963,-71.56773
1443886,-16.39963,-71.56773
1415959,-16.39507,-71.56025
1274190,-16.39507,-71.56025
1277227,-16.39507,-71.56025
723304,-16.39158,-71.56175
1748466,-16.391375,-71.5596
1748474,-16.391375,-71.5596
1748482,-16.391375,-71.5596
3008075,-16.33364439,-71.61285639
3008083,-16.33364439,-71.61285639
1674209,-16.31115,-71.5802
1783646,-16.315904,-71.553028
1783653,-16.31576986,-71.55262395
3040623,-16.31576986,-71.55262395
1705573,-16.3162,-71.55812
4005969,-16.317298,-71.555543
1647221,-16.31713,-71.5556
1278977,-16.3432,-71.5954
1278936,-16.3432,-71.5954
1647130,-16.3432,-71.5954
1674316,-16.34311,-71.60285
1584344,-16.35236,-71.60218
1705490,-16.351725,-71.605884
1705508,-16.351725,-71.605884
3026705,-16.351725,-71.605884
3912484,-16.35218,-71.598437
1720739,-16.34565,-71.59905
1720242,-16.34565,-71.59905
3047750,-16.34540319,-71.59547567
3047768,-16.34540319,-71.59547567
1543545,-16.3528,-71.6009
1647239,-16.34936,-71.59971
897066,-16.34425,-71.59368
1722149,-16.34425,-71.59368
1722156,-16.34425,-71.59368
3056652,-16.344501,-71.594617
3056678,-16.344501,-71.594617
3056660,-16.344501,-71.594617
1777044,-16.34368,-71.59334
1777051,-16.34368,-71.59334
1777069,-16.34368,-71.59334
1662949,-16.347188,-71.595719
1574623,-16.347188,-71.595719
1331693,-16.347188,-71.595719
3043841,-16.350045,-71.599076
3043858,-16.350045,-71.599076
3997916,-16.342948,-71.598206
3966052,-16.342913,-71.598187
226977,-16.37967,-71.55491
1238567,-16.37783,-71.55581
655746,-16.351,-71.57444
219105,-16.351,-71.57444
1692763,-16.3467,-71.57499
3056736,-16.35004,-71.57279
1785039,-16.35004,-71.57279
1650522,-16.3499,-71.572575
1650530,-16.3499,-71.572575
1650548,-16.3499,-71.5725
472142,-16.35211,-71.57196
1791102,-16.34313,-71.57972
1791169,-16.34313,-71.57972
1674290,-16.31469,-71.6
3965299,-16.383751,-71.634529
3968354,-16.38375,-71.634531
3980809,-16.38369,-71.554055
1721547,-16.38356,-71.55498
1735885,-16.38307,-71.55323
899344,-16.38307,-71.55323
1754472,-16.38465,-71.5537
218651,-16.39501,-71.57731
1448114,-16.38269,-71.56691
612945,-16.3947,-71.5731
1339019,-16.39305759,-71.5760053
845586,-16.39491,-71.57516
1239755,-16.39491,-71.57516
1260348,-16.39491,-71.57516
1335249,-16.39915,-71.569
1335256,-16.39915,-71.569
1391929,-16.39915,-71.569
1567692,-16.3874,-71.57219
1584308,-16.39433,-71.57696
1363506,-16.3976,-71.57435
1335165,-16.3867,-71.574
1761170,-16.3885932,-71.57783419
1761188,-16.3885932,-71.57783419
1261387,-16.3965,-71.57535
1031459,-16.3965,-71.57535
225243,-16.39444,-71.57767
1448103,-16.393061,-71.577612
3953504,-16.393019,-71.577615
1584301,-16.39668,-71.57955
1567601,-16.31502,-71.58256
1385152,-16.32247667,-71.58361667
1367200,-16.32247667,-71.58361667
3912496,-16.308154,-71.54755
1784461,-16.38872,-71.56697
1302959,-16.38872,-71.56697
225250,-16.38584,-71.56832
1457213,-16.3863,-71.5684
3986522,-16.388808,-71.56728
1492611,-16.32844,-71.58209
1457205,-16.3692,-71.56627
1457206,-16.36921,-71.56626
1032457,-16.37124315,-71.56688483
899336,-16.34914,-71.56078
226753,-16.34914,-71.56078
1470541,-16.34742,-71.55955
1260504,-16.35419,-71.55733
1260546,-16.35419,-71.55733
612796,-16.3485,-71.561
1260587,-16.32399,-71.58873
1260660,-16.32399,-71.58873
1260629,-16.32399,-71.58873
1615582,-16.3234,-71.5887
1674274,-16.3401,-71.61629
1741651,-16.32834,-71.59611
1761998,-16.31303,-71.551
1635580,-16.31311,-71.55099
1635598,-16.31311,-71.55099
1705623,-16.32412,-71.54445
1673078,-16.3171,-71.5498
1647189,-16.3171,-71.5498
3043015,-16.3171,-71.5498
3968357,-16.320546,-71.553778
1705755,-16.31233,-71.54824
1346667,-16.31222,-71.54773
1276385,-16.31222,-71.54773
1276344,-16.31222,-71.54773
1674282,-16.32256143,-71.56194891
1310713,-16.35033,-71.56581
3994636,-16.319213,-71.595433
1673102,-16.33134,-71.55329
1117175,-16.33134,-71.55329
1202449,-16.33134,-71.55329
1395367,-16.33506,-71.58137
1118132,-16.33506,-71.58137
1333467,-16.33429,-71.5812
1779016,-16.335,-71.5829
1116573,-16.33453333,-71.58133333
1365154,-16.32697,-71.57452
1365162,-16.32697,-71.57452
1390863,-16.33128,-71.5551
1776137,-16.33128,-71.5551
1764109,-16.3323,-71.5565
1116813,-16.33538333,-71.58578333
1374560,-16.33692,-71.58699
1615616,-16.32272,-71.55543
1705631,-16.3126,-71.58609
1674308,-16.36061,-71.61644
1333897,-16.35323,-71.5673
226936,-16.35323,-71.5673
226951,-16.3531,-71.5647
589200,-16.3531,-71.5647
641647,-16.35442,-71.56443
641670,-16.35442,-71.56443
1470574,-16.35479,-71.56623
1672591,-16.35414,-71.55937
1567734,-16.37115989,-71.64660675
1279652,-16.35416,-71.55741
502666,-16.3498,-71.5648
3050150,-16.46676779,-71.49419546
3050168,-16.46676779,-71.49419546
3050143,-16.46676779,-71.49419546
896837,-16.46442,-71.49452
540237,-16.46442,-71.49452
619056,-16.46442,-71.49452
3914060,-16.47092,-71.490226
3941344,-16.479887,-71.46901
3952063,-16.477411,-71.470064
517060,-16.4724724,-71.46885837
4002631,-16.473384,-71.464841
219303,-16.46995815,-71.48431206
309443,-16.4717278,-71.48688747
225276,-16.47073607,-71.48368635
1790997,-16.47671,-71.49103
1697812,-16.47671,-71.49103
1647296,-16.47691,-71.49278
1635002,-16.47879,-71.49851
1396126,-16.47879,-71.49851
1773191,-16.48062,-71.4854
794537,-16.4706506,-71.48905679
1735943,-16.4706506,-71.48905679
1534882,-16.4799,-71.4951
3993186,-16.468255,-71.484454
538058,-16.46379917,-71.49293273
1789874,-16.46392,-71.49744
1772987,-16.46392,-71.49744
1772995,-16.46392,-71.49744
3029774,-16.46728277,-71.50131941
1564152,-16.47078,-71.48511
4002629,-16.46825,-71.484448
1642396,-16.46466,-71.500194
3014404,-16.48556471,-71.50153398
3014412,-16.48556471,-71.50153398
3014420,-16.48556471,-71.50153398
3990730,-16.476913,-71.503636
3998082,-16.479043,-71.503229
3025855,-16.48471415,-71.50020708
3025863,-16.48471415,-71.50020708
3972599,-16.477489,-71.495697
1525245,-16.464159,-71.50100927
897603,-16.464159,-71.50100927
1344472,-16.464159,-71.50100927
1274141,-16.46359336,-71.49852886
1662972,-16.38295303,-71.3707333
569772,-16.38295303,-71.3707333
3913984,-16.40763,-71.390877
723452,-16.42987835,-71.35197327
1118017,-16.41265,-71.46732
1337245,-16.41265,-71.46732
1799782,-16.41265,-71.46732
1763499,-16.41562,-71.46962
1763507,-16.41562,-71.46962
501189,-16.40352107,-71.39188684
219345,-16.40352107,-71.39188684
723403,-16.40470583,-71.39089245
745919,-16.40732399,-71.38148602
1337252,-16.40732399,-71.38148602
1337260,-16.40732399,-71.38148602
3967576,-16.406467,-71.381178
1660778,-16.4178294,-71.38812899
1754837,-16.40506201,-71.46857054
3952040,-16.40506201,-71.46857054
4002683,-16.393414,-71.443933
3914035,-16.436461,-71.564496
4002635,-16.457653,-71.582403
4002636,-16.459309,-71.582682
1031590,-16.45479,-71.5526
3912498,-16.455322,-71.552697
1455047,-16.45500887,-71.55221805
4005949,-16.449642,-71.560972
1339845,-16.45244,-71.55243
1339852,-16.45244,-71.55243
3952049,-16.454957,-71.554663
1339431,-16.45452,-71.55466
1339449,-16.45452,-71.55466
1536986,-16.45452,-71.55466
750059,-16.44938,-71.54881
542019,-16.42957,-71.55111
1703578,-16.43406681,-71.56028084
1764364,-16.43406681,-71.56028084
1801513,-16.43406681,-71.56028084
1721646,-16.43837,-71.55058
1455047,-16.45402096,-71.5513991
1336999,-16.45402096,-71.5513991
1337781,-16.45402096,-71.5513991
895060,-16.44564,-71.54932
619320,-16.44564,-71.54932
1339498,-16.44564,-71.54932
1030196,-16.44474,-71.54754
1735968,-16.44474,-71.54754
1344431,-16.44493826,-71.54724778
1419456,-16.44493826,-71.54724778
1465798,-16.44493826,-71.54724778
3914037,-16.443353,-71.561482
3988160,-16.443432,-71.561444
1741735,-16.4564,-71.55987
1712397,-16.4498154,-71.55872948
845248,-16.4498154,-71.55872948
794438,-16.44111,-71.55727
226837,-16.44111,-71.55727
1741743,-16.44111,-71.55727
1412600,-16.44195,-71.55759
220053,-16.44195,-71.55759
579748,-16.44195,-71.55759
220111,-16.4469692,-71.55592354
225078,-16.44836,-71.55624
1785054,-16.43844,-71.55643
1271212,-16.44028,-71.55627
892984,-16.44028,-71.55627
845180,-16.44028,-71.55627
1695279,-16.44403,-71.55266
1271774,-16.44462,-71.55528
1770080,-16.44149,-71.55721
1631118,-16.44149,-71.55721
1631126,-16.44149,-71.55721
225375,-16.4425,-71.5581
1718139,-16.45262195,-71.54979429
1030550,-16.44406,-71.55644
1032226,-16.44406,-71.55644
1263086,-16.44314,-71.55393
1420470,-16.44299524,-71.55325955
1662105,-16.43983,-71.55782
1274067,-16.4398,-71.55781
794479,-16.44673336,-71.5523001
309492,-16.44673336,-71.5523001
1729052,-16.44673336,-71.5523001
1336718,-16.44145,-71.55678
1569516,-16.44578,-71.55281
1569524,-16.44578,-71.55281
1691658,-16.44013,-71.55153
723353,-16.44487,-71.55519
894451,-16.44487,-71.55519
1271162,-16.44421,-71.5518
1204205,-16.44421,-71.5518
1236066,-16.44421,-71.5518
1271162,-16.442602,-71.553486
1645514,-16.45246,-71.55243
1337971,-16.44269,-71.55937
1337989,-16.44269,-71.55937
3983940,-16.447126,-71.556503
1339514,-16.44269,-71.55807
1338227,-16.44269,-71.55807
1338235,-16.44269,-71.55807
1236108,-16.44142862,-71.55650137
894485,-16.44148421,-71.55658763
893073,-16.44148421,-71.55658763
1754985,-16.45698,-71.55058
1339464,-16.44268,-71.55468
1277623,-16.44268,-71.55468
1277664,-16.44268,-71.55468
636217,-16.44632278,-71.5553067
1030154,-16.44632278,-71.5553067
307090,-16.44632278,-71.5553067
1344449,-16.43983,-71.55714
1344456,-16.43983,-71.55714
1344464,-16.43983,-71.55714
617340,-16.4500679,-71.55802331
1564137,-16.44871999,-71.55363997
1564145,-16.44871999,-71.55363997
1629856,-16.44871999,-71.55363997
3000890,-16.4382,-71.55713
3000908,-16.4382,-71.55713
1337658,-16.44352,-71.55441
1336734,-16.44352,-71.55441
1117415,-16.43882,-71.5581
1239565,-16.44777473,-71.55672312
4011006,-16.446995,-71.556412
1313469,-16.442089,-71.556998
4002652,-16.472927,-71.556916
225417,-16.45287,-71.55531
570507,-16.44809048,-71.56624997
723320,-16.44660497,-71.56348517
3913982,-16.456423,-71.559856
1751353,-16.44549,-71.55328
3914036,-16.447075,-71.556551
1339944,-16.44754,-71.55475
1339951,-16.44754,-71.55475
1339969,-16.44955,-71.55372
1454529,-16.45021,-71.55455
1741768,-16.4468,-71.5528
220103,-16.4468,-71.5528
1577709,-16.44682436,-71.55381609
1577717,-16.44682436,-71.55381609
3952070,-16.454211,-71.571733
1474414,-16.45429,-71.57176
794198,-16.45822,-71.55361
899294,-16.45822,-71.55361
3913211,-16.459366,-71.554559
1455583,-16.44713,-71.54881
1371608,-16.44713,-71.54881
1339720,-16.44713,-71.54881
892950,-16.44024,-71.54714
1741834,-16.69691,-71.87177
3921572,-16.562986,-71.883266
1741842,-16.68270846,-71.90721209
3994687,-16.503207,-71.813284
898056,-16.75018,-71.8722
617464,-16.41651239,-71.83333171
1271923,-16.41702998,-71.8333888
219188,-16.42098589,-71.8549402
1031509,-16.42050504,-71.85523726
1558709,-16.49722451,-71.84342564
218693,-16.44581871,-71.82986489
3967554,-16.44547,-71.831513
569350,-16.44535742,-71.83152297
3047685,-16.5153,-71.80375
3990044,-16.494473,-71.818348
1239201,-16.53017804,-71.78117933
1699495,-16.53017804,-71.78117933
1708353,-16.5301,-71.78157
3869340,-16.53007,-71.78071
218701,-16.49367824,-71.84592762
1748706,-16.4921,-71.8387
1748714,-16.4921,-71.8387
1748722,-16.49398,-71.84529
617365,-16.49480382,-71.84158691
695320,-16.49419215,-71.83868474
1615749,-16.49789,-71.83775
1333574,-16.49586455,-71.8349641
1631662,-16.49347,-71.83968
1631670,-16.49347,-71.83968
1682459,-16.49845,-71.84013
1607324,-16.49495,-71.83889
1607332,-16.49495,-71.83889
1607340,-16.49495,-71.83889
1607258,-16.49566,-71.83705
1332980,-16.49566,-71.83705
1333004,-16.49566,-71.83705
1632678,-16.49557,-71.83997
1626530,-16.49589,-71.84024
1639970,-16.49244,-71.83877
1642883,-16.49597,-71.84011
1032440,-16.42379417,-71.82057435
1621119,-16.42721184,-71.8189119
1659119,-16.42721184,-71.8189119
1621093,-16.42465,-71.8187
1621101,-16.42465,-71.8187
3991520,-16.70217,-71.866947
617407,-16.50622421,-71.82098025
1747195,-16.50622421,-71.82098025
3018561,-16.50358038,-71.81408912
3990045,-16.555405,-71.935448
1708338,-16.69071,-71.89966
899179,-16.55901771,-71.92164994
218735,-16.45914028,-71.84503179
1708346,-16.5065,-71.81776
218727,-16.4311885,-71.849039
3991521,-16.431103,-71.849344
226761,-16.42259041,-71.81855554
1708361,-16.42259041,-71.81855554
218685,-16.425812,-71.8224
1719756,-16.42515949,-71.81433087
1719764,-16.42515949,-71.81433087
1719772,-16.42515949,-71.81433087
309542,-16.42361052,-71.819927
517771,-16.42361052,-71.819927
794487,-16.42361052,-71.819927
898072,-16.42637235,-71.82353658
896209,-16.42637235,-71.82353658
1261429,-16.42637235,-71.82353658
1607571,-16.42320298,-71.81584431
1607589,-16.42320298,-71.81584431
1341510,-16.42320298,-71.81584431
1653591,-16.49699,-71.84172
477687,-16.42493135,-71.82217116
1719442,-16.42628,-71.81779
1750868,-16.42695,-71.81984
1730886,-16.42343,-71.81563
1544071,-16.49362,-71.83975
1546407,-16.42261,-71.81513
1546415,-16.42255,-71.81519
1719780,-16.42255,-71.81519
1694090,-16.56092135,-71.82680232
1694108,-16.56092135,-71.82680232
1694116,-16.56092135,-71.82680232
899302,-16.42330528,-71.81670008
619387,-16.42330528,-71.81670008
634519,-16.42330528,-71.81670008
1663459,-16.42465,-71.8187
1765171,-16.42515,-71.81844
1769611,-16.42515,-71.81844
1445001,-16.42197,-71.81263
1708312,-16.43029512,-71.82385723
1607381,-16.42957897,-71.82121752
1800507,-16.42525,-71.8184
1410935,-16.42433927,-71.82180985
1607175,-16.42433927,-71.82180985
1607183,-16.42433927,-71.82180985
1720770,-16.49844,-71.83925
1720788,-16.49844,-71.83925
1370147,-16.42476,-71.81903
1766138,-16.49824,-71.84616
1271493,-16.42242251,-71.80925796
1445018,-16.420474,-71.813689
1749506,-16.43471284,-71.81973088
1647346,-16.43471284,-71.81973088
3048592,-16.43471284,-71.81973088
3935575,-16.432139,-71.819083
3913232,-16.461892,-71.821881
3935576,-16.461969,-71.822069
898999,-16.48946146,-71.81521092
1558717,-16.49210572,-71.83443897
1645001,-16.49210572,-71.83443897
1379304,-16.47749473,-71.81963902
218743,-16.47749473,-71.81963902
219014,-16.69820583,-71.91007441
745976,-16.69820583,-71.91007441
1271659,-16.71851926,-71.87970459
312348,-16.71851926,-71.87970459
634451,-16.69914341,-71.90999117
694836,-16.7182861,-71.88004125
501486,-16.68558142,-71.88535111
312074,-16.68558142,-71.88535111
1333475,-16.68294076,-71.88251761
1333483,-16.68294076,-71.88251761
1607191,-16.68294076,-71.88251761
634428,-16.68600492,-71.88593461
1760438,-16.7187,-71.87994
517565,-16.58684194,-71.92717846
218719,-16.58684194,-71.92717846
218750,-16.59321934,-71.95173363
617373,-16.59343876,-71.95160682
639500,-16.58704662,-71.92816198
1343151,-16.5847082,-71.92741095
1343169,-16.5847082,-71.92741095
219147,-16.57799924,-71.83805709
569384,-16.57928015,-71.83749998
1561794,-16.52396,-71.919035
1658194,-16.52396,-71.919035
218990,-16.52504,-71.91707
3966060,-16.524527,-71.917067
1708320,-16.68254462,-71.86936728
3967555,-16.555515,-71.822983
1787407,-16.55035,-71.81867
3061892,-16.55035,-71.81867
1776921,-16.55035,-71.81867
617381,-16.75124867,-71.87241998
844985,-16.75124867,-71.87241998
695346,-16.75124867,-71.87241998
218669,-16.57472874,-71.89460741
1253061,-16.57512273,-71.89504217
3925665,-16.428141,-71.821066
3925668,-16.428048,-71.821063
1465707,-16.39656,-71.50343
1404359,-16.40594,-71.49562
3029782,-16.40180633,-71.49872765
3029790,-16.40180633,-71.49872765
3029808,-16.40180633,-71.49872765
1698745,-16.40083,-71.49372
1315563,-16.40311,-71.49168
3913210,-16.395876,-71.498197
1458701,-16.39815,-71.49649
695551,-16.39852,-71.49476
1735935,-16.39852,-71.49476
1458715,-16.39704,-71.48884
3952039,-16.391626,-71.483477
4002687,-16.389737,-71.486583
3998079,-16.388255,-71.491545
3973304,-16.388224,-71.491551
896571,-16.40263,-71.49638
1765544,-16.40278,-71.49717
1337393,-16.40278,-71.49717
1337401,-16.40278,-71.49717
894667,-16.40478,-71.49702
893404,-16.40478,-71.49702
1254101,-16.40478,-71.49702
845370,-16.40635,-71.49932
895300,-16.40635,-71.49932
1354679,-16.40635,-71.49932
1450013,-16.405577,-71.500107
1450008,-16.403153,-71.492329
1450010,-16.405572,-71.499909
1337823,-16.39787,-71.48322
1337831,-16.39787,-71.48322
4002645,-16.398841,-71.481321
4002653,-16.398882,-71.478821
219469,-16.40154,-71.48907
750125,-16.40154,-71.48907
1670652,-16.40154,-71.48907
723379,-16.4033,-71.50468
1270891,-16.40033,-71.48903
1270933,-16.40033,-71.48903
3898904,-16.398491,-71.491642
1450018,-16.398444,-71.491631
1450019,-16.39742,-71.49396
1496705,-16.39736,-71.49414
3998081,-16.397892,-71.493542
472191,-16.39635,-71.50555
794529,-16.40014,-71.4991
219360,-16.40014,-71.4991
516567,-16.40014,-71.4991
579607,-16.40014,-71.4991
1373232,-16.40014,-71.4991
219410,-16.4033,-71.4964
219428,-16.40807,-71.51032
1373240,-16.40807,-71.51032
529008,-16.40714,-71.50338
1271964,-16.39521,-71.48613
1364397,-16.39521,-71.48613
1364413,-16.40178,-71.50711
287698,-16.40178,-71.50711
287706,-16.40432,-71.50981
225482,-16.40432,-71.50981
1336676,-16.40507,-71.50732
1757186,-16.40507,-71.50732
845271,-16.40087,-71.50172
893198,-16.40087,-71.50172
893222,-16.40490535,-71.50557733
894543,-16.40472103,-71.50555326
309336,-16.40403,-71.50735
1339688,-16.4011,-71.50306
472183,-16.39697,-71.49973
893289,-16.40513,-71.51092
845404,-16.40513,-71.51092
845305,-16.4039,-71.5112
1739309,-16.4039,-71.5112
1030642,-16.40023,-71.50036
1030659,-16.40023,-71.50036
3958420,-16.39647,-71.48881
1118405,-16.39647,-71.48881
307116,-16.40635,-71.50951
1261767,-16.40635,-71.50951
617209,-16.40635,-71.50951
1642131,-16.40305,-71.50402
1642149,-16.40305,-71.50402
1642156,-16.40305,-71.50402
3969148,-16.402016,-71.483048
1315589,-16.39198,-71.50399
893792,-16.39198,-71.50399
1337724,-16.40502,-71.51503
1337732,-16.40502,-71.51503
1337740,-16.40502,-71.51503
1338052,-16.40855,-71.51375
309187,-16.40855,-71.51375
310318,-16.40855,-71.51375
1402445,-16.40855,-71.51375
1361096,-16.40855,-71.51375
1525278,-16.4058,-71.5262
225458,-16.40129,-71.49509
893560,-16.4024,-71.503184
1699636,-16.4024,-71.503184
1679943,-16.3968,-71.48218
794602,-16.40288882,-71.51470257
3983278,-16.389644,-71.487694
1695394,-16.40633046,-71.51238858
1695402,-16.40633046,-71.51238858
1789387,-16.40471332,-71.50727525
893347,-16.40471332,-71.50727525
1691674,-16.40701,-71.5092
634212,-16.39557,-71.50547
617225,-16.40511,-71.50024
1738863,-16.40511,-71.50024
893552,-16.40695647,-71.50562497
893552,-16.403103,-71.513075
1337146,-16.404188,-71.512116
1120310,-16.403041,-71.512067
845339,-16.402709,-71.505011
894782,-16.4054,-71.50162
893610,-16.4054,-71.50162
3968326,-16.397132,-71.484851
3952052,-16.398522,-71.500579
1649649,-16.40505,-71.50734
1649656,-16.40505,-71.50734
1642875,-16.40505,-71.50734
1455559,-16.40074,-71.50377
1703719,-16.40103,-71.49946
1802016,-16.40103,-71.49946
1802024,-16.40103,-71.49946
579623,-16.40363,-71.49547
307074,-16.40363,-71.49547
1577675,-16.40585,-71.50579
1574045,-16.40585,-71.50579
1574052,-16.40585,-71.50579
1371525,-16.40367,-71.50896
1371533,-16.40367,-71.50896
1437615,-16.40367,-71.50896
1708270,-16.39381,-71.49342
1666650,-16.38832,-71.49202
1669829,-16.38832,-71.49202
1764844,-16.38832,-71.49202
3983276,-16.392629,-71.484759
1532928,-16.39673,-71.50174
1030816,-16.39673,-71.50174
845362,-16.39673,-71.50174
634543,-16.40804,-71.50495
1781244,-16.40295,-71.49701
226134,-16.405815,-71.511695
1577600,-16.404445,-71.507314
1577618,-16.403658,-71.508305
1454537,-16.40191547,-71.50753688
1454545,-16.40191547,-71.50753688
1769991,-16.40675,-71.51281
1274232,-16.40556,-71.51464
1274273,-16.40556,-71.51464
1274315,-16.40556,-71.51464
1236140,-16.40331,-71.51495
1119510,-16.40331,-71.51495
1119528,-16.40331,-71.51495
3952038,-16.392655,-71.484765
3981679,-16.391677,-71.492656
1371491,-16.40363,-71.51348
1030626,-16.40363,-71.51348
1784479,-16.40229768,-71.49829048
1784487,-16.40229768,-71.49829048
3947044,-16.390159,-71.479701
3952072,-16.386603,-71.478955
1764828,-16.41042066,-71.5083328
219386,-16.41042066,-71.5083328
1752534,-16.40786,-71.50928
1337468,-16.40804,-71.50658
1202910,-16.40785,-71.51104
894816,-16.40929,-71.50553
893644,-16.40929,-71.50553
1270602,-16.40776,-71.51433
1361088,-16.40985,-71.51345
636019,-16.40985,-71.51345
1253822,-16.40941,-71.51048
1117738,-16.41014,-71.50628
699884,-16.41014,-71.50628
3981621,-16.398722,-71.500311
3913215,-16.399736,-71.487646
3936340,-16.393211,-71.494625
893164,-16.38394,-71.508
1458713,-16.39179,-71.50358
3914008,-16.379583,-71.498514
1764356,-16.38209,-71.51101
4002637,-16.379922,-71.512198
893859,-16.3803,-71.50925
1752880,-16.3803,-71.50925
1338128,-16.38179,-71.51205
1338136,-16.38143,-71.51139
1354687,-16.37746,-71.50973
3998078,-16.382099,-71.512772
1755313,-16.38088,-71.50814
1343441,-16.38511,-71.51317
1343458,-16.38511,-71.51317
1751379,-16.38793,-71.51389
4002638,-16.379907,-71.512198
894329,-16.39073,-71.51474
699843,-16.39073,-71.51474
1336890,-16.395345,-71.527984
845354,-16.395345,-71.527984
1117456,-16.395345,-71.527984
3983230,-16.36794,-71.491095
892729,-16.387,-71.51399
1466234,-16.38207,-71.51182
893917,-16.386114,-71.515123
1354661,-16.37403,-71.50409
1118959,-16.389957,-71.516121
1691625,-16.389957,-71.516121
894212,-16.389957,-71.516121
894378,-16.3805,-71.51021
895250,-16.3805,-71.51021
1633890,-16.39464,-71.50949
3913970,-16.383417,-71.5131
4002641,-16.385887,-71.515664
893883,-16.39225,-71.51524
1444704,-16.385769,-71.515616
4011779,-16.371569,-71.494179
1530211,-16.37395747,-71.50346172
1637495,-16.37395747,-71.50346172
3936346,-16.368579,-71.490097
1489205,-16.37804,-71.50636
3912497,-16.378031,-71.506363
1338847,-16.37848,-71.49695
3913227,-16.377956,-71.494904
3913229,-16.381163,-71.505376
892539,-16.38806,-71.51949
219402,-16.39222,-71.5161
219519,-16.39087,-71.51846
526459,-16.39087,-71.51846
617159,-16.39087,-71.51846
219550,-16.38431,-71.51118
1373257,-16.38431,-71.51118
1364348,-16.38631,-71.51718
219584,-16.38631,-71.51718
219634,-16.38198,-71.51268
219642,-16.38762,-71.51661
219659,-16.37591,-71.50694
579565,-16.37591,-71.50694
794305,-16.37591,-71.50694
1118991,-16.37591,-71.50694
1373265,-16.37591,-71.50694
1459908,-16.39867,-71.51565
579573,-16.39867,-71.51565
219667,-16.39867,-71.51565
287599,-16.39485854,-71.52739857
1712371,-16.37131,-71.50063
1574961,-16.39426,-71.51967
287755,-16.39426,-71.51967
569566,-16.39426,-71.51967
1337021,-16.39374,-71.51583
892638,-16.39374,-71.51583
1768332,-16.39851,-71.5221
1768340,-16.39851,-71.5221
1338664,-16.3995021,-71.5218419
1338672,-16.3995021,-71.5218419
1361138,-16.39867,-71.51565
1651918,-16.39028,-71.51669
1733369,-16.39028,-71.51669
3000791,-16.3903,-71.5167
3028677,-16.3903,-71.5167
1720747,-16.38631,-71.51718
1030600,-16.39961,-71.51784
1030618,-16.39961,-71.51784
509521,-16.37528,-71.50419
1336932,-16.39461,-71.51258
1253582,-16.39786,-71.51471
1627355,-16.37231,-71.49703
1339126,-16.39317,-71.5215
1279777,-16.38618,-71.51443
1279736,-16.38618,-71.51443
1391796,-16.38618,-71.51443
1337104,-16.39828,-71.52174
1270727,-16.39498,-71.51934
1239441,-16.39006425,-71.52034283
1455575,-16.39498,-71.51934
309526,-16.38579,-71.51559
1239672,-16.39479,-71.52234
770263,-16.393993,-71.524166
1789668,-16.39412234,-71.51134147
1789676,-16.39412234,-71.51134147
1789684,-16.39412234,-71.51134147
898783,-16.39357,-71.52363
1371434,-16.39357,-71.52363
1371442,-16.39357,-71.52363
1695345,-16.39136,-71.51911
1695352,-16.39136,-71.51911
1695360,-16.39136,-71.51911
1338755,-16.40575704,-71.5122047
1337930,-16.40575704,-71.5122047
1465756,-16.40575704,-71.5122047
1802388,-16.391361,-71.527071
892216,-16.39003,-71.52143
1339860,-16.38279,-71.51341
1339878,-16.3842,-71.51306
1532936,-16.3842,-71.51306
1343219,-16.39283,-71.51255
509026,-16.38311,-71.51249
1697788,-16.3929,-71.51255
1697796,-16.3929,-71.51255
225599,-16.38949,-71.51562
1797075,-16.39418464,-71.5223101
1404383,-16.39252,-71.52255
1764836,-16.39215,-71.51266
1735893,-16.3922,-71.51346
516468,-16.3922,-71.51346
1118926,-16.39445,-71.51618
1118470,-16.39445,-71.51618
1338243,-16.39727,-71.52276
1337948,-16.39727,-71.52276
1337955,-16.39727,-71.52276
1375435,-16.39553,-71.52748
610642,-16.39523,-71.52573
1757202,-16.38257093,-71.5108381
892661,-16.39599,-71.51716
844969,-16.39599,-71.51716
1254028,-16.39599,-71.51716
636514,-16.40062,-71.51894
307520,-16.40062,-71.51894
1645522,-16.39717,-71.520056
1645530,-16.39717,-71.520056
1645548,-16.39717,-71.520056
1695295,-16.39678,-71.52182
1695311,-16.40558,-71.52728
1407147,-16.40558,-71.52728
1263201,-16.39199,-71.51425
1118918,-16.39503,-71.51666
1118447,-16.39503,-71.51666
1669936,-16.38142713,-71.50870285
1259829,-16.38142713,-71.50870285
3864460,-16.372887,-71.502843
1338938,-16.37355,-71.50511
896068,-16.37565,-71.50438
3913216,-16.377232,-71.508723
1444703,-16.3751,-71.504146
899385,-16.37481,-71.5039
1735950,-16.37481,-71.5039
3914010,-16.379742,-71.506996
570457,-16.39561,-71.52715
3913223,-16.383271,-71.508965
3914007,-16.37562,-71.500509
1364447,-16.37531,-71.49986
844902,-16.37531,-71.49986
3864461,-16.378883,-71.50898
4005947,-16.487608,-71.489882
3914050,-16.489578,-71.492173
4002686,-16.489624,-71.492173
3924650,-16.495416,-71.507971
3979787,-16.50453,-71.513824
3966072,-16.493209,-71.496599
695015,-16.49421524,-71.50094775
1419407,-16.49654798,-71.49826355
219675,-16.48707232,-71.46969788
892786,-16.487102,-71.468946
899328,-16.48707232,-71.46969788
3952068,-16.493646,-71.504061
1517645,-16.48707232,-71.46969788
3864466,-16.493631,-71.503948
3864495,-16.496589,-71.500515
1769199,-16.49017,-71.49031
1680065,-16.50739185,-71.49978164
3936326,-16.495848,-71.498514
3936322,-16.50363,-71.507424
1680032,-16.49461,-71.5081
225565,-16.41452,-71.50246
219899,-16.4106,-71.50095
895292,-16.41476,-71.50341
1439723,-16.4106,-71.50095
3952042,-16.415735,-71.499758
3914044,-16.415766,-71.499769
1567718,-16.41583,-71.50753
1327816,-16.41295,-71.51146
619163,-16.42358,-71.49152
1723717,-16.42484,-71.49325
225441,-16.42534,-71.5024
1458942,-16.42224,-71.49919
1636083,-16.42224,-71.49919
3864497,-16.418776,-71.473221
1679984,-16.42103,-71.47242
1239516,-16.41899,-71.4949
1239524,-16.41899,-71.4949
844977,-16.41942,-71.49826
893628,-16.41942,-71.49826
1119072,-16.41942,-71.49826
1270206,-16.42032,-71.49747
1270248,-16.42056,-71.4974
1337807,-16.42149,-71.50003
569236,-16.42592,-71.49701
1647312,-16.42391461,-71.4876999
1338177,-16.42847138,-71.4992
1338185,-16.42847138,-71.4992
1802123,-16.42819524,-71.49289768
1642230,-16.42819524,-71.49289768
1647304,-16.4312,-71.48163
1339787,-16.41835,-71.50437
1699313,-16.41835,-71.50437
895789,-16.4181,-71.50447
1119593,-16.41801,-71.50469
895862,-16.4181,-71.50447
1354646,-16.41478,-71.48564
1354851,-16.41478,-71.48564
1647254,-16.41273904,-71.47742138
3920796,-16.416347,-71.489791
1521811,-16.415514,-71.478891
225524,-16.4189,-71.49443
639740,-16.41532,-71.48486
1647288,-16.40635009,-71.47709756
1463694,-16.41736601,-71.47928238
1338417,-16.41736601,-71.47928238
1338425,-16.41736601,-71.47928238
617167,-16.42115,-71.49428
1525310,-16.41789,-71.49288
1647262,-16.40777,-71.4801
1337120,-16.41415,-71.48908
1783083,-16.41415,-71.48908
3958445,-16.411901,-71.491803
4002657,-16.418452,-71.489979
890822,-16.41403,-71.48291
895755,-16.41403,-71.48291
516666,-16.41403,-71.48291
1240001,-16.42984,-71.50051
1203009,-16.42984,-71.50051
1642115,-16.41839,-71.50919
1642123,-16.41839,-71.50919
1790161,-16.41839,-71.50919
1270651,-16.42453,-71.5128
1270693,-16.42453,-71.5128
1799303,-16.42637,-71.51398
1700012,-16.42265,-71.51098
1375450,-16.42364,-71.51269
895680,-16.42385,-71.51274
617282,-16.42385,-71.51274
1337864,-16.42089128,-71.51496649
1337872,-16.42089128,-71.51496649
1254820,-16.42187,-71.51235
1254861,-16.42187,-71.51235
1494906,-16.421035,-71.488557
1494908,-16.41844,-71.48271
892588,-16.4179605,-71.48225312
1118843,-16.4179605,-71.48225312
1514313,-16.4185,-71.48266
569749,-16.42198,-71.48816
1031707,-16.42198,-71.48816
894139,-16.42198,-71.48816
1514312,-16.41846,-71.48269
219857,-16.41719,-71.51048
1720762,-16.43287157,-71.50428239
3988145,-16.417787,-71.512155
1494919,-16.4307,-71.4984
896936,-16.41117,-71.49679
1521810,-16.40973,-71.49735
1270131,-16.4143,-71.49716
3936316,-16.411165,-71.496808
3936315,-16.411155,-71.496786
1680024,-16.4106,-71.50095
1368356,-16.41368,-71.49639
1339068,-16.41368,-71.49639
1654110,-16.40843,-71.49626
1654128,-16.40843,-71.49626
1654136,-16.40843,-71.49626
1338102,-16.41522,-71.49611
1338110,-16.41522,-71.49611
1521815,-16.40975,-71.49744
490664,-16.41600476,-71.49985717
3061439,-16.416251,-71.499084
1338920,-16.42443,-71.51198
1494915,-16.43106,-71.49019
1494918,-16.430888,-71.489931
4002642,-16.412761,-71.477399
1339928,-16.42487,-71.50543
511899,-16.42028,-71.50199
897116,-16.42158,-71.49436
1521813,-16.42113,-71.49439
1721562,-16.4179,-71.4966
1721570,-16.4179,-71.4966
1721588,-16.4179,-71.4966
1336825,-16.41771,-71.50433
1336833,-16.41771,-71.50433
619205,-16.41615,-71.51101
516963,-16.41577,-71.51263
219717,-16.41577,-71.51263
219808,-16.41275,-71.49152
308445,-16.41275,-71.49152
617183,-16.41275,-71.49152
896001,-16.41275,-71.49152
1799972,-16.41275,-71.49152
1373299,-16.4085,-71.48923
579615,-16.4085,-71.48923
219840,-16.4085,-71.48923
895201,-16.4079,-71.48008
892901,-16.4079,-71.48008
1262963,-16.4085,-71.48953
1339662,-16.40686132,-71.49058771
3865424,-16.41079,-71.487308
4002682,-16.406941,-71.495966
4011009,-16.41079,-71.48735
3997223,-16.41275,-71.491615
3050184,-16.41189091,-71.48456097
1494927,-16.409503,-71.482034
1236587,-16.40546,-71.48031
892430,-16.40728,-71.48703
617217,-16.40728,-71.48703
307165,-16.40728,-71.48703
225557,-16.40948,-71.48575
477604,-16.40677,-71.48053
617233,-16.40677,-71.48053
893891,-16.40677,-71.48053
619262,-16.40953,-71.4859
1735927,-16.40953,-71.4859
894220,-16.406947,-71.488151
1031012,-16.406947,-71.488151
3988159,-16.409544,-71.482013
1340272,-16.40612,-71.48342
1327832,-16.40612,-71.48342
1439722,-16.4085,-71.489244
1439727,-16.40762,-71.48043
3947040,-16.409719,-71.48204
1797067,-16.40799,-71.49536
1769207,-16.40799,-71.49536
1769215,-16.40799,-71.49536
3914047,-16.409375,-71.481391
1270537,-16.42306,-71.50495
1647270,-16.42146,-71.4942
3966003,-16.435046,-71.489298
1764331,-16.43413,-71.49305
1764349,-16.43413,-71.49305
1771476,-16.4353,-71.49145
894659,-16.43384,-71.49112
699900,-16.43384,-71.49112
895813,-16.43384,-71.49112
1752997,-16.42615,-71.49767
579631,-16.41985,-71.49906
894386,-16.41985,-71.49906
226498,-16.41985,-71.49906
794511,-16.41763062,-71.49234119
579599,-16.41763062,-71.49234119
794362,-16.41763062,-71.49234119
226506,-16.41763062,-71.49234119
570101,-16.4155,-71.4791
1373224,-16.4155,-71.4791
219683,-16.43315,-71.51052
579706,-16.43315,-71.51052
1373273,-16.43315,-71.51052
1116425,-16.41124646,-71.51057138
219691,-16.41124646,-71.51057138
219709,-16.4152047,-71.50932569
579698,-16.4152047,-71.50932569
1373281,-16.4152047,-71.50932569
579672,-16.42745554,-71.50242861
219832,-16.42745554,-71.50242861
1273788,-16.42022,-71.51073
219865,-16.42365,-71.49126
219873,-16.41146,-71.50364
219881,-16.41304,-71.49499
1637503,-16.41304,-71.49499
1373315,-16.41698,-71.50275
219907,-16.41698,-71.50275
1117894,-16.41698,-71.50275
541516,-16.41956,-71.48415
723486,-16.41956,-71.48415
472217,-16.41956,-71.48415
220244,-16.42672,-71.49751
895516,-16.42672,-71.49751
1364363,-16.42672,-71.49751
1412618,-16.41082559,-71.48330898
899237,-16.41082559,-71.48330898
311811,-16.41082559,-71.48330898
311969,-16.41568,-71.48571
617191,-16.41568,-71.48571
1765965,-16.41568,-71.48571
1344480,-16.41745092,-71.47239088
894337,-16.41745092,-71.47239088
1373356,-16.42204033,-71.46888123
1338003,-16.42204033,-71.46888123
1667161,-16.42664,-71.5071
1700087,-16.425953,-71.50982
1337997,-16.425953,-71.50982
1419399,-16.425953,-71.50982
844829,-16.42717,-71.49565
892935,-16.42717,-71.49565
1642024,-16.43057,-71.5108
1704667,-16.42696276,-71.49628858
1274026,-16.42696276,-71.49628858
694950,-16.41512,-71.49619
695221,-16.41512,-71.49619
1770445,-16.41512,-71.49619
1679968,-16.4273,-71.4882
1679976,-16.43145,-71.48467
702373,-16.41625902,-71.51524827
1767763,-16.4186,-71.49843
1668771,-16.41223599,-71.49880956
1642099,-16.41455,-71.486
1642107,-16.41455,-71.486
1572072,-16.40578,-71.48382
1728138,-16.41822,-71.4735
1728146,-16.41822,-71.4735
1270289,-16.41794,-71.50349
1336767,-16.41794,-71.50349
1721653,-16.42637,-71.51398
1753862,-16.42637,-71.51398
1734045,-16.42428,-71.50026
1734052,-16.42428,-71.50026
1734060,-16.42428,-71.50026
1270800,-16.4138619,-71.50644949
634394,-16.413989,-71.512467
895359,-16.414136,-71.512696
3975890,-16.425311,-71.466107
1695253,-16.41916,-71.51618
1765163,-16.41771,-71.48429
1790104,-16.41771,-71.48429
225490,-16.41774104,-71.51216359
307124,-16.43267809,-71.50335283
310185,-16.43267809,-71.50335283
1364439,-16.43267809,-71.50335283
892406,-16.41199815,-71.50064223
307157,-16.41199815,-71.50064223
1695329,-16.4193,-71.50905
1769181,-16.427299,-71.493746
309518,-16.41223599,-71.49880956
894550,-16.42301,-71.50516
1728153,-16.42064,-71.51175
3914063,-16.427143,-71.484185
1642347,-16.42966,-71.51143
1338953,-16.4264,-71.50491
1700095,-16.4264,-71.50491
1770692,-16.41483,-71.5087
1564079,-16.41483,-71.5087
1634195,-16.41796,-71.50347
1634252,-16.41796,-71.50347
1337344,-16.41796,-71.50347
1642065,-16.41865,-71.50616
1728120,-16.40888,-71.48633
895607,-16.42134071,-71.49591167
1753177,-16.41322,-71.49046
1753185,-16.41322,-71.49046
1770270,-16.41322,-71.49046
1528819,-16.42455,-71.51464
1528827,-16.42455,-71.51464
845065,-16.42019042,-71.49356907
894105,-16.42019042,-71.49356907
1120005,-16.42019042,-71.49356907
1642388,-16.42256,-71.51101
3983280,-16.425301,-71.466043
1721000,-16.41834,-71.5087
1721018,-16.41834,-71.5087
1721026,-16.41834,-71.5087
1567726,-16.42086,-71.51492
1032184,-16.41054299,-71.49663199
890764,-16.41054299,-71.49663199
307173,-16.41054299,-71.49663199
619239,-16.42947,-71.50362
1735919,-16.42947,-71.50362
1777820,-16.43322108,-71.50578728
1272053,-16.42175,-71.49854
695262,-16.42175,-71.49854
307512,-16.42175,-71.49854
898023,-16.41157,-71.50816
1770700,-16.41178,-71.49999
1238443,-16.4255815,-71.49622001
635987,-16.4255815,-71.49622001
472233,-16.4255815,-71.49622001
517169,-16.42276,-71.51604
525725,-16.42276,-71.51604
1031657,-16.42276,-71.51604
1259860,-16.41228,-71.5051
225540,-16.4112,-71.50406
1562891,-16.43496,-71.48606
1272004,-16.43496,-71.48606
4005944,-16.42157,-71.466826
3990781,-16.423994,-71.487656
1371483,-16.41993,-71.51167
1419431,-16.41993,-71.51167
1254861,-16.4199903,-71.51215553
1368380,-16.41815,-71.49916
894410,-16.41901713,-71.49946383
895771,-16.41898597,-71.49990621
1336957,-16.41898597,-71.49990621
219949,-16.50559902,-71.36115627
219931,-16.5188999,-71.38950441
4011782,-16.518895,-71.389546
1480401,-16.51882,-71.38957
220178,-16.48775286,-71.3333508
1480415,-16.48775286,-71.3333508
220194,-16.5567274,-71.31862566
899443,-16.55665711,-71.31827859
1373323,-16.56620633,-71.36888224
219956,-16.56620633,-71.36888224
579722,-16.56620633,-71.36888224
4005946,-16.5662,-71.368872
219964,-16.56032694,-71.38798782
1562883,-16.56032694,-71.38798782
695023,-16.58920828,-71.30835826
1480412,-16.589408,-71.308292
635920,-16.56898272,-71.27877437
4011781,-16.571398,-71.27853
4011007,-16.568884,-71.278793
4005951,-16.573311,-71.357676
1480416,-16.57329,-71.357666
4002684,-16.529644,-71.473575
4002685,-16.524645,-71.482539
1031632,-16.54431425,-71.47437569
3997280,-16.536956,-71.47299
3988156,-16.534334,-71.473414
3966004,-16.522639,-71.485489
4005950,-16.524681,-71.482544
219972,-16.55734968,-71.45096169
3864476,-16.530014,-71.472394
723395,-16.55696443,-71.45147063
3979789,-16.533454,-71.480007
1679992,-16.53346154,-71.47990744
3913207,-16.460714,-71.489587
1464524,-16.45195,-71.4923
3990790,-16.451448,-71.479894
1647247,-16.44504,-71.49548
1697804,-16.44516,-71.49571
3913208,-16.461573,-71.48683
1773241,-16.47011,-71.518
579664,-16.4550764,-71.4948122
219980,-16.4550764,-71.4948122
1374420,-16.45591477,-71.49389155
1735992,-16.45591477,-71.49389155
4011005,-16.447084,-71.498123
225284,-16.45535782,-71.49469464
1759406,-16.45682,-71.49426
220004,-16.4442113,-71.48351894
225292,-16.4441759,-71.48520985
794347,-16.418,-71.5927
3868570,-16.4284,-71.5858
218933,-16.4429,-71.5776
617357,-16.4225,-71.5887
1239128,-16.42221527,-71.58875576
307066,-16.42221527,-71.58875576
694869,-16.4304,-71.5815
3868567,-16.43073,-71.58153
1750470,-16.434,-71.583
3044443,-16.4290452,-71.56543493
218842,-16.41213,-71.57861
899120,-16.41213,-71.57861
225268,-16.4136,-71.5772
1578506,-16.42483,-71.58544
3868565,-16.42697,-71.5833
3912491,-16.4175,-71.5944
218818,-16.41155,-71.57025
498782,-16.41155,-71.57025
1698299,-16.409923,-71.566496
1698307,-16.409923,-71.566496
1338763,-16.40989382,-71.56654899
1372366,-16.40989382,-71.56654899
1615590,-16.43842428,-71.58167932
218800,-16.4245,-71.56537
498881,-16.4245,-71.56537
1526847,-16.44336,-71.57674
1526854,-16.44336,-71.57674
1279298,-16.42354,-71.56523
1269968,-16.42354,-71.56523
1417542,-16.43032,-71.57472
1271527,-16.43032,-71.57472
1333186,-16.43032,-71.57472
3059185,-16.42463929,-71.56668978
1364892,-16.42156111,-71.56152778
1364983,-16.42156111,-71.56152778
1364991,-16.42156111,-71.56152778
1578526,-16.4408,-71.57791
1730167,-16.41411,-71.57795
1282136,-16.42697,-71.56591
1672815,-16.4049,-71.55393
1702919,-16.42463929,-71.56668978
1203603,-16.41613,-71.58267
1304468,-16.41613,-71.58267
1647148,-16.43745,-71.58944
1333905,-16.41926,-71.5593
540138,-16.41926,-71.5593
1120088,-16.41926,-71.5593
3868568,-16.42932,-71.58321
1768134,-16.42922,-71.5758
1768142,-16.42922,-71.5758
1768159,-16.42922,-71.5758
1340249,-16.4143,-71.58211
1204163,-16.4143,-71.58211
1204155,-16.4143,-71.58211
1273861,-16.40389,-71.55256
1119353,-16.40389,-71.55256
1761667,-16.40389,-71.55256
1624675,-16.4138,-71.5777
1443803,-16.42773333,-71.56325
1281930,-16.42773333,-71.56325
1281971,-16.42773333,-71.56325
1578519,-16.431367,-71.583792
307421,-16.43117,-71.56783
226126,-16.43117,-71.56783
310177,-16.43117,-71.56783
1372408,-16.40961,-71.56823
1660760,-16.40961,-71.56823
225425,-16.4232,-71.56525
1238880,-16.42506667,-71.57408333
895508,-16.42506667,-71.57408333
1770783,-16.42506667,-71.57408333
897009,-16.40600125,-71.55491738
897702,-16.40600125,-71.55491738
1760313,-16.40675485,-71.55400235
218834,-16.43327108,-71.58777636
1626522,-16.43463894,-71.58737988
1543313,-16.43463894,-71.58737988
627067,-16.4330601,-71.58752649
1117134,-16.42695,-71.5832
898544,-16.4143,-71.5959
3986521,-16.414096,-71.595025
894824,-16.41311624,-71.59338574
1030220,-16.41311624,-71.59338574
1030246,-16.41311624,-71.59338574
896944,-16.41412,-71.59495
3924635,-16.412421,-71.593381
1797901,-16.3728603,-71.86359405
219436,-16.3728603,-71.86359405
219113,-16.40476663,-71.90051434
1489904,-16.40417,-71.91338
3999583,-16.376622,-71.854794
579516,-16.35226572,-72.12771767
218784,-16.35226572,-72.12771767
723502,-16.34987474,-72.12714283
220228,-16.03219477,-71.10998064
3993187,-16.03219477,-71.10998064
220202,-16.03874553,-71.24089622
1577584,-16.03874553,-71.24089622
1480414,-16.04024,-71.23982
3017183,-16.0844992,-70.96700638
895847,-16.32106585,-71.15108383
220210,-16.32106585,-71.15108383
894832,-16.32218,-71.15149
4002633,-16.321437,-71.151254
220152,-16.18365376,-71.06050734
579656,-16.18365376,-71.06050734
4011008,-16.183535,-71.060692
745869,-16.18386857,-71.05913138
219923,-16.19978993,-72.06037031
1489903,-16.19979,-72.06037
219162,-16.19443829,-72.04199961
1489918,-16.19443829,-72.04199961
899153,-16.32092855,-72.09884825
218768,-16.32092855,-72.09884825
897215,-16.32072915,-72.1016267
219154,-16.278858,-72.07714244
219170,-16.30252496,-72.08921727
1333277,-16.4956452,-72.08522246
218792,-16.49400662,-72.09380926
1765189,-16.49394,-72.09315
1589282,-16.489358,-72.090928
1615780,-16.49020704,-72.09048145
1749910,-16.489358,-72.090928
1665355,-16.49427,-72.09502
897249,-16.49016856,-72.09444127
569327,-16.49517793,-72.09491962
617456,-16.48826772,-72.09808334
1607431,-16.49364772,-72.09072967
1261684,-16.49364772,-72.09072967
1261726,-16.49364772,-72.09072967
897306,-16.49355,-72.08532
845040,-16.49355,-72.08532
3947087,-16.468271,-71.518722
219733,-16.44375,-71.52114
617266,-16.44843,-71.52853
695270,-16.44678,-71.5266
472282,-16.44678,-71.5266
1656651,-16.44678,-71.5266
1403096,-16.44444,-71.52377
1340264,-16.4506,-71.52872
1639434,-16.44793,-71.52805
695296,-16.44793,-71.52805
1203926,-16.44793,-71.52805
1368406,-16.44952,-71.52869
1368414,-16.44952,-71.52869
1525344,-16.44952,-71.52869
3050218,-16.46884,-71.52765
1420454,-16.46884,-71.52765
1339191,-16.46884,-71.52765
1801919,-16.47253,-71.5269
1773993,-16.47253,-71.5269
1774009,-16.47253,-71.5269
1700061,-16.47239,-71.524
1700079,-16.47239,-71.524
617258,-16.44938,-71.53855
892885,-16.45102,-71.53659
844464,-16.45102,-71.53659
3914761,-16.460029,-71.519204
1202399,-16.4594,-71.51838
1118553,-16.4594,-71.51838
610683,-16.43311,-71.53866
1364355,-16.43311,-71.53866
220087,-16.43311,-71.53866
225086,-16.43585,-71.53685
220046,-16.44733,-71.5332
745943,-16.44733,-71.5332
225060,-16.4476,-71.53362
1720754,-16.4461102,-71.52212807
1442403,-16.446293,-71.522541
4002654,-16.4461102,-71.52212807
1117936,-16.47881,-71.50785
1364389,-16.48145068,-71.50185966
1337211,-16.49004,-71.50797
1727486,-16.47974,-71.50504
1759216,-16.48687,-71.50575
1337054,-16.48347184,-71.50561701
1337062,-16.48347184,-71.50561701
1371392,-16.48347184,-71.50561701
1327824,-16.47850519,-71.50663625
1419415,-16.47862446,-71.50263476
1270966,-16.47862446,-71.50263476
1271006,-16.47862446,-71.50263476
897389,-16.48687,-71.50575
897207,-16.48653262,-71.50503926
899260,-16.48653262,-71.50503926
1343417,-16.48653262,-71.50503926
1030535,-16.48912,-71.50481
1757194,-16.48687,-71.50575
1757343,-16.48687,-71.50575
1697846,-16.47913,-71.49935
1697853,-16.47913,-71.49935
1567759,-16.47954701,-71.50326133
1656644,-16.47954701,-71.50326133
1751338,-16.47594,-71.50436
1338789,-16.44888,-71.52164
844761,-16.46004,-71.52404
1364371,-16.46004,-71.52404
1336742,-16.46044,-71.52321
1420439,-16.45804,-71.5189
1270578,-16.45400887,-71.51662421
1272616,-16.45400887,-71.51662421
1259381,-16.45658,-71.51738
894865,-16.45558,-71.5168
1753193,-16.45585,-71.51699
1753201,-16.45585,-71.51699
1442408,-16.4559,-71.51752
895284,-16.46002,-71.52277
1202365,-16.46002,-71.52277
4002646,-16.487767,-71.519178
1338169,-16.48524,-71.51921
1337450,-16.48524,-71.51921
3054616,-16.485092,-71.519916
3054608,-16.485092,-71.519916
3058443,-16.450932,-71.533849
1030469,-16.453003,-71.53261
894899,-16.453003,-71.53261
694661,-16.45015289,-71.53467322
1338797,-16.45015289,-71.53467322
1708288,-16.45697,-71.53083
892851,-16.45449,-71.53068
3056884,-16.45146364,-71.53347337
1532878,-16.45449,-71.53068
1368190,-16.45728,-71.53011
1368208,-16.45728,-71.53011
1368372,-16.45728,-71.53011
1757244,-16.45782,-71.53132
1704964,-16.45656,-71.52912
1631084,-16.45656,-71.52912
634303,-16.45269,-71.52846
1030352,-16.45338,-71.52815
1735976,-16.45338,-71.52815
1779024,-16.45734,-71.53149
1757236,-16.45734,-71.53149
1344498,-16.44927,-71.53178
1344506,-16.44927,-71.53178
1344514,-16.44927,-71.53178
1373349,-16.46703,-71.55127
1117977,-16.46703,-71.55127
1751411,-16.47298,-71.50916
1620236,-16.48768,-71.51923
220251,-16.48768,-71.51923
1695261,-16.46079,-71.52147
1119080,-16.48511,-71.52062
1262120,-16.48511,-71.52062
1030493,-16.44214,-71.52674
895870,-16.43728,-71.53217
895904,-16.44206,-71.53125
1030485,-16.44206,-71.53125
1336775,-16.44338,-71.53507
844670,-16.44013,-71.52699
895938,-16.44013,-71.52699
895169,-16.44013,-71.52699
618538,-16.43959,-71.53048
794461,-16.43959,-71.53048
1118595,-16.44267,-71.52759
1271014,-16.44267,-71.52759
1767441,-16.44267,-71.52759
1337088,-16.44369,-71.52179
1117613,-16.44369,-71.52179
1117654,-16.44369,-71.52179
1338540,-16.44635,-71.53167
1117498,-16.44241,-71.52938
1117530,-16.44205,-71.53064
1117571,-16.44162,-71.53079
895870,-16.436337,-71.53188
895953,-16.436337,-71.53188
895953,-16.43834,-71.53195
894980,-16.43834,-71.53195
745877,-16.44361904,-71.5361747
3936324,-16.440443,-71.533796
579649,-16.46778,-71.52643
220020,-16.46778,-71.52643
1651892,-16.4473,-71.52198
1734680,-16.4473,-71.52198
1628239,-16.43886,-71.53295
1569458,-16.489985,-71.509977
1569482,-16.489985,-71.509977
1339373,-16.47754196,-71.5012362
1339381,-16.47754196,-71.5012362
1790690,-16.47754196,-71.5012362
1627371,-16.48138,-71.50525
1695378,-16.46861,-71.52723
1781905,-16.48971,-71.51532
1627389,-16.47671,-71.50591
1628262,-16.44275,-71.52778
1667286,-16.4854,-71.5197
1567742,-16.47867,-71.5035
569269,-16.46773,-71.52561
1339795,-16.44742,-71.52856
1339803,-16.44742,-71.52856
1731785,-16.44742,-71.52856
220129,-16.45042,-71.5368
617290,-16.45042,-71.5368
1680016,-16.45496,-71.51994
1721604,-16.46706,-71.55018
1796275,-16.46706,-71.55018
1336726,-16.44254,-71.53111
897231,-16.45042,-71.5368
1577683,-16.44250712,-71.5255249
1338367,-16.44250712,-71.5255249
1642040,-16.44236,-71.52484
3058062,-16.44236,-71.52484
1642073,-16.44731,-71.5274
1642081,-16.44731,-71.5274
1642271,-16.48161,-71.50091
1642289,-16.48161,-71.50091
1799741,-16.48161,-71.50091
1642354,-16.44874,-71.52319
1731132,-16.44874,-71.52319
220095,-16.44069088,-71.53052566
310441,-16.44069088,-71.53052566
1680008,-16.4551,-71.53643
1680057,-16.48801286,-71.51935054
894311,-16.44271,-71.53289
225722,-16.44242392,-71.53015235
309468,-16.4439052,-71.53113801
3914024,-16.457606,-71.539498
3947043,-16.457606,-71.539428
1663871,-16.44478,-71.52408
1458900,-16.44478,-71.52408
1458918,-16.44478,-71.52408
569806,-16.45126,-71.52455
1031582,-16.45126,-71.52455
1339837,-16.45158,-71.52262
1665348,-16.44742148,-71.52339048
1533157,-16.44742148,-71.52339048
618546,-16.45085,-71.52463
3952051,-16.469598,-71.519548
1572304,-16.441,-71.587
1333889,-16.44523,-71.57655
3891075,-16.43988,-71.59814
1705730,-16.44058,-71.59752
218826,-16.41832477,-71.62015114
1576202,-16.41818,-71.62008
3935581,-16.418111,-71.620241
1576225,-16.44011,-71.59626
3952799,-16.423833,-71.604212
3891072,-16.42684,-71.60261
1705748,-16.42956,-71.60132
218917,-16.43366,-71.59799
694752,-16.43428,-71.59861
3868571,-16.43134,-71.59899
1674324,-16.44191,-71.60076
218925,-16.44511097,-71.60160367
1716018,-16.44511097,-71.60160367
309500,-16.4464,-71.58795
1719426,-16.44594,-71.58928
517466,-16.4464,-71.58795
636605,-16.4464,-71.58795
218883,-16.4486,-71.58941
1716000,-16.4486,-71.58941
218891,-16.4501,-71.59295
899187,-16.4501,-71.59295
1334481,-16.44774,-71.58893
1334499,-16.44774,-71.58893
1336700,-16.43822,-71.59807
1783075,-16.43822,-71.59807
750083,-16.4378,-71.5981
1120401,-16.44923333,-71.58911667
1282292,-16.44923333,-71.58911667
1260264,-16.44923333,-71.58911667
1335215,-16.44699,-71.5953
1335223,-16.44699,-71.5953
1335231,-16.44699,-71.5953
1640887,-16.44505,-71.58056
1640895,-16.44505,-71.58056
1640903,-16.44505,-71.58056
225383,-16.4367,-71.5985
1525302,-16.44794,-71.57988001
1618909,-16.44794,-71.57988001
1618917,-16.44794,-71.57988001
1576227,-16.44419,-71.59293
1781632,-16.44553,-71.57722
723361,-16.43765,-71.59789
1545037,-16.44284,-71.59236
1790344,-16.4506955,-71.5981516
1637362,-16.45065,-71.59824
1637370,-16.45065,-71.59824
1116185,-16.44913,-71.58953
845123,-16.44913,-71.58953
897363,-16.44913,-71.58953
3049384,-16.43874407,-71.59981012
3049368,-16.43874407,-71.59981012
3049376,-16.43874407,-71.59981012
1699248,-16.43867033,-71.59989651
1598572,-16.43867033,-71.59989651
225409,-16.4398,-71.59381
225391,-16.44762,-71.59146
1705714,-16.44076,-71.59155
1705722,-16.44288,-71.59628
1334317,-16.4385362,-71.59951569
3952798,-16.458392,-71.599233
3868573,-16.45847,-71.59924
1741636,-16.45781854,-71.60267543
1741628,-16.45428,-71.61404
1543156,-16.45306299,-71.61429105
218982,-16.45147,-71.61426
579730,-16.45147,-71.61426
617332,-16.45135062,-71.61493357
3047594,-16.449548,-71.612571
1351774,-16.45185,-71.61625
1334507,-16.45185,-71.61625
218974,-16.44535,-71.620925
1583137,-16.44535,-71.620925
1117092,-16.44307271,-71.62334325
1572837,-16.448089,-71.619422
1118884,-16.44548,-71.61886
617324,-16.44686,-71.61766
1572838,-16.448135,-71.619428
1333665,-16.44038943,-71.62410177
1239169,-16.44038943,-71.62410177
1203710,-16.44038943,-71.62410177
3968353,-16.441312,-71.624301
226464,-16.4085,-71.63702
1647197,-16.40853548,-71.63631922
1572826,-16.45402,-71.61675
1572829,-16.45401,-71.61673
1705672,-16.42938679,-71.66946639
3912493,-16.454427,-71.612567
3953501,-16.454436,-71.612575
3912494,-16.463024,-71.610593
3935578,-16.423736,-71.635349
3868575,-16.42459,-71.66259
3894883,-16.4246,-71.66271
619361,-16.42487612,-71.67317135
218941,-16.42487612,-71.67317135
1734011,-16.4254,-71.67174
1636075,-16.44447,-71.61875
1515303,-16.44514,-71.61965
1515311,-16.44447,-71.61875
619353,-16.42437904,-71.67326842
3953503,-16.430661,-71.669974
1705763,-16.43060021,-71.66999767
1489910,-16.46299,-71.93209
897421,-16.46525521,-71.93506882
1489920,-16.465802,-71.93602
1575992,-16.4644,-71.933414
1470608,-16.4644,-71.933414
1470616,-16.4644,-71.933414
309724,-16.46731537,-71.93709877
219238,-16.45740007,-71.90586446
219220,-16.45544545,-71.8758579
1489917,-16.45544545,-71.8758579
695148,-16.46974472,-71.9399719
1767649,-16.46684,-71.93711
634485,-16.4695744,-71.94033336
219063,-16.47400005,-71.89976299
1489916,-16.474,-71.89976
517573,-16.46907935,-71.9238496
477695,-16.51108618,-71.95783446
1703644,-16.46575215,-71.93542381
1799584,-16.395,-71.5445
219048,-16.40499875,-71.56979021
1615558,-16.40777,-71.56915
1791110,-16.39938849,-71.55443141
562223,-16.4086,-71.5654
1776566,-16.39832,-71.54868
1770643,-16.399,-71.5499
1369628,-16.3933,-71.5484
219055,-15.98273,-71.36114
1261221,-16.40303991,-71.55131687
225706,-16.3963,-71.5467
1272491,-16.399716,-71.54707015
226795,-16.39651,-71.55269
899211,-16.39651,-71.55269
637249,-16.38431,-71.54079
1261148,-16.38431,-71.54079
226886,-16.38431,-71.54079
1260462,-16.39541,-71.54636
892893,-16.39283,-71.55319
1334390,-16.39283,-71.55319
1531227,-16.39283,-71.55319
1320597,-16.4005,-71.5512
1732841,-16.38875,-71.54215
1667211,-16.39092195,-71.54102678
1720572,-16.39665,-71.5457
1343763,-16.3967,-71.5482
1203843,-16.39977,-71.55332
896050,-16.39977,-71.55332
897983,-16.39977,-71.55332
1333319,-16.40281,-71.55167
1334127,-16.39808,-71.54876
898908,-16.3877,-71.5424
636548,-16.3877,-71.5424
898874,-16.3877,-71.5424
1528561,-16.39975723,-71.52608709
1761964,-16.39782,-71.55233
1761972,-16.39782,-71.55233
1752013,-16.3957,-71.5449
1752021,-16.3957,-71.5449
1762004,-16.39778,-71.55235
1762012,-16.39778,-71.55235
1369925,-16.39832,-71.55175
1367176,-16.40443333,-71.5625
1367184,-16.40443333,-71.5625
1367192,-16.40443333,-71.5625
1699859,-16.40064,-71.55116
897660,-16.396453,-71.55426
1731983,-16.4056,-71.5834
307371,-16.3967,-71.548772
310151,-16.3967,-71.548772
612648,-16.3967,-71.548772
1117373,-16.34299218,-71.54299896
1785047,-16.39594,-71.54703
1730175,-16.39034,-71.54199
1730183,-16.39034,-71.54199
1730191,-16.39034,-71.54199
1761659,-16.40158,-71.55235
1749464,-16.40158,-71.55235
1339407,-16.39666,-71.54971
1751254,-16.38425,-71.54065
226316,-16.38976131,-71.54024014
310128,-16.38976131,-71.54024014
307595,-16.38976131,-71.54024014
1202837,-16.40064,-71.5512
1749472,-16.39329,-71.54234
1116144,-16.39092195,-71.54102678
1118306,-16.3964,-71.55106
225227,-16.40036,-71.55181
1334572,-16.40096,-71.55163
1434729,-16.39104,-71.55338
1119759,-16.3913,-71.5426
1238922,-16.38432862,-71.54050338
1391010,-16.39895,-71.55197
1650555,-16.40261,-71.55179
896027,-16.38918,-71.54299
1720259,-16.384751,-71.54343
898932,-16.40128,-71.55266
897579,-16.40128,-71.55266
844837,-16.40128,-71.55266
1686799,-16.39555,-71.55455
1338466,-16.38971026,-71.53881544
1615541,-16.38971026,-71.53881544
225698,-16.39025,-71.54201
1627330,-16.55549897,-71.47701077
3969143,-16.555762,-71.47637
3979786,-16.547246,-71.475458
220293,-16.57048555,-71.45533854
4002649,-16.569809,-71.455448
4002647,-16.569789,-71.455454
895318,-16.57018544,-71.45520361
3968329,-16.569825,-71.455534
220137,-16.54841949,-71.47408718
309450,-16.5473861,-71.47629633
537951,-16.54887574,-71.47369873
1794577,-16.31561,-71.6107
1253269,-16.31561,-71.6107
1203488,-16.31561,-71.6107
1770478,-16.33185,-71.61299
1763697,-16.33233546,-71.61150131
1705771,-16.33233546,-71.61150131
1719301,-16.3493,-71.6239
1719319,-16.3493,-71.6239
3990057,-16.296559,-71.636594
3966051,-16.296481,-71.636532
1643246,-16.3133,-71.60435
1271410,-16.3133,-71.60435
1271618,-16.3133,-71.60435
1785013,-16.31256,-71.60715
3041225,-16.31256,-71.60715
1260942,-16.30834414,-71.61201529
1333145,-16.30834414,-71.61201529
655779,-16.30834414,-71.61201529
1440120,-16.30558,-71.61707
898148,-16.305602,-71.616998
1271451,-16.31025,-71.60785
749341,-16.29672577,-71.62449977
1772961,-16.31174,-71.6084
3042579,-16.31174,-71.6084
1529767,-16.30291,-71.62406
1755180,-16.30291,-71.62406
1396415,-16.30291,-71.62406
1769041,-16.30621856,-71.61830429
1639160,-16.30621856,-71.61830429
1639178,-16.30621856,-71.61830429
1750835,-16.31367,-71.6095
1750843,-16.31367,-71.6095
1750850,-16.31367,-71.6095
749366,-16.30097251,-71.62531201
1396118,-16.30097251,-71.62531201
1272855,-16.30097251,-71.62531201
1281492,-16.29918,-71.62619
1281534,-16.29918,-71.62619
655894,-16.31166156,-71.61457711
3947031,-16.30599,-71.616603
1705003,-16.31178,-71.61529
1691633,-16.31178,-71.61529
1363126,-16.31382,-71.61189
1799857,-16.29860185,-71.62682974
1755172,-16.30203,-71.62471
1719434,-16.30203,-71.62471
655795,-16.29641616,-71.62397473
844928,-16.29641616,-71.62397473
1749449,-16.3107,-71.61124
1749456,-16.3107,-71.61124
1700566,-16.30486991,-71.61810544
1700574,-16.30486991,-71.61810544
898049,-16.31023333,-71.6148
896142,-16.31023333,-71.6148
794412,-16.31023333,-71.6148
1440123,-16.295503,-71.626884
1334663,-16.30091,-71.62088
1335280,-16.30091,-71.62088
1120559,-16.30091,-71.62088
1334234,-16.30898,-71.61331
1278571,-16.30898,-71.61331
1333848,-16.30898,-71.61331
1717487,-16.3066,-71.63215
1541531,-16.30625,-71.63185
1385137,-16.30625,-71.63185
1271725,-16.32574,-71.59697
1434737,-16.32574,-71.59697
1725241,-16.32574,-71.59697
1339035,-16.30837,-71.62699
3044534,-16.30742282,-71.62712574
1756220,-16.30742282,-71.62712574
4002625,-16.310723,-71.646057
219097,-16.2552,-71.6816
4002627,-16.250888,-71.6829
896084,-16.25089032,-71.68282287
1775774,-16.33634666,-71.64771756
3043007,-16.33634666,-71.64771756
1705557,-16.33634666,-71.64771756
3898929,-16.32405,-71.634832
3957660,-16.342533,-71.652263
3968356,-16.32402,-71.634821
1798669,-16.32383,-71.62133
1705565,-16.32383,-71.62133
3999594,-16.32692,-71.628724
4000322,-16.331587,-71.6269
219071,-16.24725582,-71.70336175
3986527,-16.246109,-71.708499
3868550,-16.27249,-71.65453
588962,-16.04647977,-71.40423664
3999592,-16.318789,-71.630154
3947745,-16.315464,-71.629607
1705706,-16.31549,-71.62963
3964296,-16.018957,-71.454418
3999595,-16.309374,-71.63985
3999593,-16.316031,-71.642779
3977421,-16.312551,-71.636245
3060175,-16.318366,-71.64633
1440133,-16.1982,-71.68375
1587614,-16.19814,-71.68374
1516988,-16.3101,-71.6229
3994638,-16.289642,-71.6401
1705540,-16.29212,-71.62845
1674217,-16.29101,-71.63263
3056728,-16.29101,-71.63263
1788843,-16.29101,-71.63263
3973326,-16.335594,-71.645247
3044633,-16.33814,-71.64396
3027794,-16.33814,-71.64396
3912481,-16.327671,-71.67606
3993829,-16.327711,-71.676041
1703222,-16.29774283,-71.62602855
1440128,-16.32509,-71.61248
1575661,-16.31954112,-71.62593188
1650480,-16.3195,-71.6265
1492653,-16.30957,-71.61705
1440132,-16.33864,-71.62221
1692045,-16.30598,-71.61713
1692052,-16.30598,-71.61713
1692060,-16.30598,-71.61713
1637099,-16.30984,-71.61282
1637107,-16.30984,-71.61282
1800838,-16.30984,-71.61282
1271170,-16.31188,-71.61174
1337187,-16.31188,-71.61174
1698570,-16.30896,-71.61351
1639962,-16.30896,-71.61351
219089,-16.21541987,-71.70387473
1031418,-16.21541987,-71.70387473
1769603,-16.21541987,-71.70387473
1373372,-16.432588,-71.530228
287763,-16.432588,-71.530228
308254,-16.432588,-71.530228
490698,-16.432588,-71.530228
1375443,-16.43446,-71.52934
1536978,-16.426221,-71.517179
1627470,-16.426221,-71.517179
1525336,-16.426221,-71.517179
514380,-16.41771,-71.53114
895920,-16.41771,-71.53114
1338680,-16.41771,-71.53114
1262922,-16.4321,-71.51187
1337195,-16.43164,-71.52752
1371616,-16.43021,-71.52646
3990732,-16.431182,-71.537626
1453901,-16.42232,-71.52734
1403138,-16.42136335,-71.52865648
1373380,-16.4158223,-71.51824951
1315597,-16.4158223,-71.51824951
513507,-16.42378,-71.53146
541714,-16.42378,-71.53146
695304,-16.42378,-71.53146
695288,-16.42536,-71.5411
219295,-16.42536,-71.5411
225755,-16.42562,-71.54172
895797,-16.42629,-71.54379
1338813,-16.42629,-71.54379
1455542,-16.42579,-71.54128
3981680,-16.432818,-71.537068
1412592,-16.41491,-71.51745
219782,-16.41491,-71.51745
1338318,-16.429271,-71.528064
1119635,-16.43026,-71.52752
1030683,-16.429242,-71.517082
1030758,-16.429242,-71.517082
1270768,-16.429242,-71.517082
1640507,-16.42842,-71.52213
1577634,-16.42842,-71.52213
1577642,-16.42842,-71.52213
892653,-16.43774,-71.52325
1032234,-16.43774,-71.52325
895805,-16.43774,-71.52325
893024,-16.43008,-71.53226
1768514,-16.41353,-71.51584
1751429,-16.41355,-71.51758
1721620,-16.42996,-71.52959
1334580,-16.43523,-71.52416
1778034,-16.41439,-71.5167
1628809,-16.43753338,-71.52322855
1770551,-16.43414,-71.5203
1784156,-16.43215,-71.52047
1528801,-16.43495,-71.52149
1338144,-16.42815,-71.52344
1695337,-16.43949,-71.52212
1271204,-16.4277342,-71.52381243
1671379,-16.41456,-71.51904
1237429,-16.42626,-71.52563
1695287,-16.42649,-71.52436
1774116,-16.42649,-71.52436
1692771,-16.42506,-71.51676
1751395,-16.43073,-71.52284
1691641,-16.425139,-71.528589
1263482,-16.42635,-71.5446
1371376,-16.42635,-71.5446
1662964,-16.43451,-71.52557
1794833,-16.4445,-71.50461
1574029,-16.4445,-71.50461
1801430,-16.4445,-71.50461
1528850,-16.42966,-71.54003
1759091,-16.44569,-71.50319
1637339,-16.44569,-71.50319
1203801,-16.42476,-71.53031
1772979,-16.42333,-71.53155
1237106,-16.42333,-71.53155
219287,-16.42333,-71.53155
1339175,-16.42491976,-71.53343082
1753169,-16.42745376,-71.51601989
1569508,-16.42703,-71.51721
1642248,-16.44158,-71.52458
1642255,-16.44158,-71.52458
1642263,-16.44158,-71.52458
893388,-16.43021,-71.52139
1699289,-16.43852,-71.50798
1699297,-16.43852,-71.50798
1699305,-16.43852,-71.50798
1564095,-16.44123,-71.52097
1664242,-16.44123,-71.52097
1698786,-16.430081,-71.540591
1575679,-16.42809,-71.54472
845032,-16.43005,-71.52333
895722,-16.43005,-71.52333
1030691,-16.43451,-71.5212
1120476,-16.43451,-71.5212
1120484,-16.43451,-71.5212
1575687,-16.41998,-71.53109
695254,-16.43085,-71.52041
655852,-16.43085,-71.52041
694885,-16.43085,-71.52041
1259746,-16.43617,-71.52609
723460,-16.43711,-71.50739
745935,-16.43711,-71.50739
1338458,-16.43711,-71.50739
1698737,-16.4193672,-71.52878357
225763,-16.43444,-71.52478
1339639,-16.43167,-71.5241
1339647,-16.43167,-71.5241
472274,-16.44365,-71.52102
492769,-16.43297949,-71.52656287
226779,-16.43297949,-71.52656287
1373216,-16.43297949,-71.52656287
1262369,-16.44938485,-71.51431808
844852,-16.44938485,-71.51431808
287508,-16.42547,-71.51575
695312,-16.42547,-71.51575
226324,-16.43292,-71.53283
307629,-16.43292,-71.53283
310219,-16.43292,-71.53283
1030428,-16.41579,-71.51826
513408,-16.43873,-71.52285
894584,-16.43462195,-71.51011559
899419,-16.43462195,-71.51011559
225730,-16.43106,-71.53053
1735984,-16.43649,-71.52465
569830,-16.43649,-71.52465
541615,-16.426883,-71.526922
579714,-16.426883,-71.526922
4002639,-16.425192,-71.534407
1627488,-16.4182,-71.51961
540740,-16.43336,-71.51483
4002640,-16.425218,-71.53445
1119114,-16.41121,-71.51653
893685,-16.41121,-71.51653
1577659,-16.41121,-71.51653
617274,-16.42684,-71.52539
1642404,-16.4345,-71.53218
501288,-16.43984,-71.52485
1532860,-16.42613,-71.53436
1702943,-16.42613,-71.53436
1338607,-16.42613,-71.53436
694893,-16.43377,-71.52659
1338961,-16.435121,-71.526034
1338979,-16.435121,-71.526034
1402528,-16.435121,-71.526034
3998080,-16.447692,-71.516393
1338474,-16.41966,-71.51851
1339753,-16.41876,-71.53178
1031772,-16.42338,-71.53233
1031780,-16.42338,-71.53233
1116532,-16.42338,-71.53233
695536,-16.42442148,-71.52778923
894444,-16.425764,-71.531351
1239474,-16.425921,-71.526364
1239482,-16.425921,-71.526364
1338912,-16.45003904,-71.51211091
1371517,-16.45003904,-71.51211091
1238195,-16.41697,-71.53051
1030295,-16.41697,-71.53051
1030303,-16.41697,-71.53051
895268,-16.43779174,-71.52536779
3952057,-16.436466,-71.529472
723858,-16.4267689,-71.52105693
1338490,-16.42798,-71.52236
1270370,-16.42853,-71.51937
891689,-16.42962533,-71.51913785
1236660,-16.4328,-71.52214
1338300,-16.42858,-71.52433
481085,-16.42016061,-71.5170392
618983,-16.42811,-71.53532
895649,-16.42811,-71.53532
752998,-16.42794574,-71.53450021
894113,-16.42717,-71.53477
619171,-16.42141,-71.52681
3001906,-16.4260106,-71.5169245
524181,-16.42401,-71.5194
1119999,-16.42401,-71.5194
1633908,-16.437228,-71.524487
3864488,-16.4475,-71.51345
1270321,-16.43024743,-71.52907603
1525294,-16.43137,-71.52916
219816,-16.44481421,-71.51416193
579680,-16.44481421,-71.51416193
1631100,-16.44449,-71.506771
1371350,-16.44449,-71.506771
1371368,-16.44449,-71.506771
1404367,-16.44333,-71.51458
1404375,-16.44333,-71.51458
1402452,-16.44359,-71.51573
1343425,-16.44359,-71.51573
894196,-16.44316,-71.51699
895623,-16.44316,-71.51699
225748,-16.44493,-71.51514
1237700,-16.42825,-71.53573
894279,-16.42679,-71.53917
1032135,-16.42679,-71.53917
892869,-16.42679,-71.53917
220301,-16.62944719,-72.70932824
1443811,-16.62944719,-72.70932824
1443829,-16.62837957,-72.71073612
311126,-16.62837957,-72.71073612
287789,-16.623368,-72.71205949
1442961,-16.62074528,-72.71173555
891788,-16.62074528,-72.71173555
477646,-16.62074528,-72.71173555
225201,-16.62059703,-72.71255056
1766476,-16.63017138,-72.71085473
1525929,-16.6217,-72.71081
891879,-16.62346907,-72.71175473
678847,-16.62231184,-72.70883813
627604,-16.62231184,-72.70883813
1116623,-16.62588328,-72.70951785
1607290,-16.6243,-72.711
891697,-16.62243236,-72.71393239
891937,-16.62243236,-72.71393239
891366,-16.62243236,-72.71393239
1238351,-16.62428138,-72.71279666
1238369,-16.62428138,-72.71279666
1692789,-16.62352,-72.71182
1527019,-16.62381,-72.7135
1663400,-16.6231,-72.7114
1735380,-16.6263123,-72.7084606
589358,-16.6263123,-72.7084606
1238310,-16.62011,-72.70694
1238328,-16.62011,-72.70694
891994,-16.62011,-72.70694
1797976,-16.62491755,-72.71161298
1741776,-16.61845241,-72.71286728
1116508,-16.61657436,-72.70803867
3968349,-16.619158,-72.710465
3965963,-16.61845241,-72.71286728
613000,-16.61788048,-72.71032659
891721,-16.62709287,-72.71110427
1119247,-16.62751261,-72.71001055
891390,-16.62709287,-72.71110427
1361161,-16.62463996,-72.71495292
310334,-16.62463996,-72.71495292
309237,-16.62463996,-72.71495292
1349364,-16.62309939,-72.71319686
1349372,-16.62309939,-72.71319686
1349380,-16.62309939,-72.71319686
311134,-16.64525749,-72.71055648
735993,-16.64525749,-72.71055648
311142,-16.61860703,-72.72118864
1708304,-16.61913272,-72.71993867
3957653,-16.584488,-72.733875
311167,-16.60152129,-72.7256446
514489,-16.60128802,-72.72711357
3898290,-16.604995,-72.727647
311175,-16.58438359,-72.73405446
891150,-16.58526591,-72.73568636
311183,-16.6018984,-72.75075272
891812,-16.60115054,-72.75335757
613034,-16.60229863,-72.7503377
3892580,-16.60032,-72.75164
3957654,-16.602626,-72.747871
3986519,-16.601793,-72.752736
1650852,-15.98437,-73.17444
1346857,-15.96930974,-73.19059355
1442987,-15.96930974,-73.19059355
1749373,-15.89635,-73.18734
1031475,-15.89635,-73.18734
1031624,-15.8962,-73.1874
1645803,-15.9531355,-73.2030712
1645811,-15.95366794,-73.20280708
219998,-15.98269566,-73.17067129
1527001,-15.98269566,-73.17067129
1620228,-15.9815,-73.172
1640515,-15.98424997,-73.17159048
1686823,-15.98424997,-73.17159048
1654557,-15.98224569,-73.17129327
1654565,-15.98224569,-73.17129327
1654573,-15.98224569,-73.17129327
1492743,-15.98293682,-73.17014759
1692078,-15.98257,-73.17125
1639731,-15.98257,-73.17125
1639749,-15.98257,-73.17125
656090,-15.98226764,-73.16919048
627570,-15.98226764,-73.16919048
1801398,-15.98226764,-73.16919048
656116,-16.19051849,-73.15111449
311191,-16.03015395,-73.17370301
1773258,-16.03015395,-73.17370301
3933092,-16.0308,-73.174653
1781319,-16.03078923,-73.17410144
1800820,-15.95504283,-73.17729937
1682475,-15.95504283,-73.17729937
1782853,-15.95504283,-73.17729937
3898292,-16.584575,-72.796896
3990018,-16.602209,-72.76648
1341320,-16.60152301,-72.77260575
311217,-16.60152301,-72.77260575
1442953,-16.60152301,-72.77260575
3933094,-16.599171,-72.773915
1792696,-16.59568234,-72.77862818
1696301,-16.59568234,-72.77862818
1723915,-16.59568234,-72.77862818
712232,-16.59945538,-72.77386205
3968346,-16.599171,-72.773926
1238286,-16.59117121,-72.78516565
1525947,-16.59098,-72.78464
3892581,-16.577573,-72.808354
1533310,-16.57746,-72.80833
311209,-16.61985602,-72.73560429
3968347,-16.617924,-72.73549
500686,-16.61949308,-72.73487957
1620210,-16.55066728,-72.85121302
1492735,-16.58879292,-72.78825836
3981686,-16.60650013,-72.76765949
1525952,-16.60650013,-72.76765949
1682467,-16.60650013,-72.76765949
3972586,-16.566508,-72.713694
311225,-16.59123272,-72.7070279
311241,-16.57180482,-72.71448115
712265,-16.57180482,-72.71448115
311365,-16.58500872,-72.70823817
1341361,-16.57431,-72.71363
1341379,-16.57431,-72.71363
1525938,-16.571131,-72.713152
1647320,-16.56664277,-72.71335235
891424,-16.58561,-72.70468
1525950,-16.576159,-72.712675
225615,-16.5727,-72.7163
225623,-16.59124349,-72.70898441
1527027,-16.57028084,-72.71588096
1657832,-16.57028084,-72.71588096
3898291,-16.576174,-72.712664
1370105,-16.59336492,-72.70741366
1457878,-16.59336492,-72.70741366
1562925,-16.59336492,-72.70741366
1525949,-16.59122,-72.70699
1525905,-16.59126,-72.70698
311340,-16.49575346,-72.6027381
1528315,-16.49575346,-72.6027381
3966032,-16.56928,-72.714949
311407,-16.30947736,-73.1320773
307850,-16.40057323,-73.22123795
891846,-16.40055343,-73.22329375
472084,-16.40086018,-73.22078018
891127,-16.37568484,-73.12412324
311258,-16.43283351,-73.10729851
225219,-16.43468707,-73.10618043
891754,-16.43104232,-73.1082699
1031491,-16.43104232,-73.1082699
309757,-16.43224062,-73.10651623
3018769,-16.4301,-73.10852
3018751,-16.4301,-73.10852
844571,-16.33135414,-73.13850017
1530915,-16.3316,-73.13783
311274,-16.38717124,-73.25184737
713396,-16.38729283,-73.2525596
1379379,-16.42096318,-73.1113119
678813,-16.42096318,-73.1113119
3992338,-16.420973,-73.111203
1647338,-16.42096318,-73.1113119
311332,-16.2457881,-73.15486431
1533312,-16.2457881,-73.15486431
3968348,-16.713038,-72.435522
311290,-16.71751627,-72.42615751
679001,-16.71751627,-72.42615751
1492727,-16.71775,-72.42613
891275,-16.59708561,-72.70124478
3957649,-16.595742,-72.702557
4002615,-16.632131,-72.684222
4007592,-16.632481,-72.684608
1561737,-16.62761487,-72.68283087
3933096,-16.613606,-72.688905
1530905,-16.613596,-72.688916
3966034,-16.623357,-72.678021
542613,-16.6043,-72.7018
1562941,-16.6050119,-72.70058513
1620194,-16.6050119,-72.70058513
500587,-16.60414732,-72.70214451
891770,-16.6022,-72.7028
311316,-16.61069903,-72.71052885
4001138,-16.61069903,-72.71052885
1530911,-16.61069903,-72.71052885
1492719,-16.61937737,-72.6827173
3933095,-16.619923,-72.682495
310698,-16.60069446,-72.70298328
1525915,-16.59626,-72.69497
678839,-16.5977793,-72.69791727
712208,-16.5977793,-72.69791727
891218,-16.6370721,-72.69722564
3898287,-16.637066,-72.699001
678805,-16.59988195,-72.69483522
311308,-16.61445719,-72.69909207
1379361,-16.5951922,-72.70226656
656124,-16.5951922,-72.70226656
678607,-16.59506205,-72.7003041
1698794,-16.61445719,-72.69909207
310417,-16.60030297,-72.70321969
815050,-16.60997434,-72.69767827
500785,-16.61422503,-72.69892899
1562909,-16.62817211,-72.69341112
1654581,-16.62817211,-72.69341112
1776590,-16.62817211,-72.69341112
309351,-16.60163457,-72.70273497
678623,-16.60065351,-72.69435384
891572,-16.65062988,-72.68139807
1530904,-16.65203,-72.68429
3920047,-16.618227,-72.677409
1528303,-16.5986,-72.69549
891184,-16.60250225,-72.69326544
1341312,-16.60709518,-72.69923456
891309,-16.60709518,-72.69923456
1442979,-16.608716,-72.69939928
3898295,-16.628837,-72.682902
1620202,-16.6213,-72.6806
1527035,-16.622884,-72.68022001
1701655,-16.62000933,-72.67954164
310268,-15.77368475,-73.36821108
225649,-15.77327512,-73.36757786
898429,-15.7731,-73.3625
309534,-15.7729796,-73.36830072
1538928,-15.77267,-73.37189
1799790,-15.77213819,-73.36540868
4011010,-15.773143,-73.367713
226241,-15.77306428,-73.36405174
1315639,-15.77380112,-73.36288856
307256,-15.77306428,-73.36405174
1538921,-15.77677,-73.36811
1535803,-15.76557,-73.37271
311456,-15.43236348,-74.61738702
1719947,-15.43487,-74.61812
1538926,-15.441426,-74.617424
309591,-15.4392055,-74.61739592
655753,-15.4392055,-74.61739592
1031525,-15.43476393,-74.61642353
307298,-15.43476393,-74.61642353
226340,-15.43476393,-74.61642353
472076,-15.43357332,-74.61592893
844365,-15.40859999,-74.61270743
311480,-15.36197469,-74.59320295
891796,-15.36296646,-74.59320476
311688,-15.27754629,-74.56704126
307876,-15.19396952,-74.52885084
1535831,-15.19396952,-74.52885084
311696,-15.17405283,-74.51681238
307777,-15.30850652,-74.57989844
679019,-15.3087491,-74.58053417
589325,-15.30900273,-74.57983039
4002688,-15.453484,-74.622638
1535832,-15.451715,-74.621962
542712,-15.48970474,-74.63003663
3998709,-15.500168,-74.635851
311498,-16.21024,-73.62395
1538930,-16.224827,-73.61298
1538912,-16.224801,-73.612953
538363,-16.20835,-73.62435
1558816,-16.19344114,-73.72787902
636464,-16.19344114,-73.72787902
311506,-16.2246,-73.6161
1598580,-16.22974,-73.60889
1763382,-16.22974,-73.60889
3039377,-16.2271537,-73.61256659
1624196,-16.22609,-73.60911
1368448,-16.22609,-73.60911
1368455,-16.22609,-73.60911
309716,-16.22495347,-73.61421954
1203447,-16.22772,-73.61309
225656,-16.22504,-73.61361
472100,-15.78583045,-74.41463065
797175,-15.78542987,-74.41459072
311712,-15.79603574,-74.36373708
844423,-15.80751081,-74.36389639
1794957,-15.80751081,-74.36389639
797159,-15.80744395,-74.36360247
311514,-15.46228,-74.68151
518076,-15.44832492,-74.65724141
589382,-15.45183711,-74.66085132
627562,-15.45060405,-74.65721715
1538920,-15.45297,-74.66189
1274364,-15.4466,-74.6473
1117621,-15.46155779,-74.67956877
311878,-15.62561728,-74.6400829
1535829,-15.626111,-74.641322
3933791,-15.461668,-74.679525
311530,-15.45147726,-73.50310362
712299,-15.45119516,-73.50308887
311548,-15.5035158,-73.47826903
627596,-15.50397286,-73.47914839
712414,-15.50370402,-73.47869549
313684,-15.50403637,-73.58293986
311738,-15.49982557,-73.61347619
712323,-15.49961439,-73.61381503
311555,-15.86040706,-74.24685317
1203520,-15.85924011,-74.24584903
512095,-15.8653,-74.24646
1424522,-15.86683,-74.24625
3054525,-15.86683,-74.24625
1341841,-15.86683,-74.24625
1273093,-15.84955,-74.25345
1273770,-15.84955,-74.25345
1368463,-15.84955,-74.25345
309583,-15.85744,-74.24734
1765551,-15.86172,-74.24735
1538929,-15.86456,-74.2454
1538914,-15.850023,-74.249387
1624188,-15.85924011,-74.24584903
1368422,-15.85924011,-74.24584903
1368430,-15.85924011,-74.24584903
1669597,-15.84104,-74.26973
655928,-15.85295,-74.24991
891820,-15.83944505,-74.26928863
311571,-15.80449521,-73.96485512
627539,-15.8047046,-73.96592678
589416,-15.80391625,-73.96210856
797191,-15.70135931,-73.82514006
891887,-15.70227925,-73.82560041
311597,-15.73832022,-73.86272231
891853,-15.73860461,-73.86248368
1558832,-15.7393322,-73.8642927
1558840,-15.7393322,-73.8642927
1751437,-15.7393322,-73.8642927
1538927,-15.73985,-73.8641
892091,-15.73940795,-73.86209096
4005970,-15.75954,-73.887702
1558865,-15.6567,-73.9953
1723923,-15.657,-73.9916
1414234,-15.7593601,-73.8878142
1558857,-15.7593601,-73.8878142
1771328,-15.997003,-74.023415
1698158,-15.997003,-74.023415
1558824,-15.63036366,-74.05803523
1031483,-15.63036366,-74.05803523
311761,-15.49972708,-73.91470257
311779,-15.54497326,-73.92324943
3995659,-15.661377,-74.098808
3999591,-15.651609,-74.172515
844456,-15.62698515,-74.03239038
1538936,-15.62659,-74.03214
1271733,-15.62746345,-74.03426125
891945,-15.62666857,-74.03275567
311787,-15.65720656,-74.08872853
891911,-15.65715801,-74.08922789
472118,-15.47829676,-74.44178988
613125,-15.47598632,-74.44155556
3980813,-15.479315,-74.443863
613158,-15.47753209,-74.44185066
313668,-15.55620675,-74.46713605
311803,-15.56941479,-74.85048751
898395,-15.56796014,-74.84916603
1538919,-15.56915,-74.8491
712471,-15.56968952,-74.85032782
311852,-15.64000131,-73.80971574
3995658,-15.638618,-73.809891
311613,-15.62639322,-73.79863477
712356,-15.627382,-73.79992338
589440,-15.62525416,-73.79811347
656132,-15.57110831,-73.6644341
1794940,-15.57110831,-73.6644341
1535828,-15.57174,-73.663309
311837,-15.45333529,-73.64793453
1615632,-15.45333529,-73.64793453
3911688,-15.617809,-73.790711
1558873,-15.61789,-73.79094
311845,-15.66258103,-73.80909438
891978,-15.66123806,-73.80880456
311860,-15.45812005,-73.69292675
4002690,-15.457129,-73.693521
1341486,-15.45710209,-73.69350816
311621,-15.65947307,-74.52640219
1538915,-15.65623,-74.52839
226357,-15.6588509,-74.52589697
517979,-15.66442144,-74.52790892
796771,-16.01961764,-72.48623095
311910,-16.02092373,-72.48637803
311886,-16.0778,-72.4932
313205,-16.0775712,-72.49273557
735472,-16.07584581,-72.49061713
845347,-16.07584581,-72.49061713
1253624,-16.07584581,-72.49061713
225193,-16.0731072,-72.49059042
1789510,-16.07325235,-72.49035009
1789528,-16.07325235,-72.49035009
3953576,-16.077259,-72.49463
891804,-16.07258059,-72.49100343
1698315,-16.07660363,-72.49208649
1203637,-16.07906139,-72.49497138
1238245,-16.07906139,-72.49497138
1345081,-16.07655513,-72.49262398
309245,-16.0766,-72.4902
796797,-16.0766,-72.4902
678995,-16.0766,-72.4902
3934559,-16.076613,-72.492911
679027,-16.07295123,-72.49341656
1624436,-16.07655513,-72.49262398
1656206,-16.07655513,-72.49262398
1117662,-16.07584581,-72.49061713
1557929,-16.0907,-72.49248
1615673,-16.06977094,-72.49290284
3953575,-16.068242,-72.492937
312264,-16.1093544,-72.48852469
892141,-16.11033939,-72.48855932
1557935,-16.109339,-72.488442
311928,-16.0584691,-72.48759882
892174,-16.05851966,-72.48798119
1379312,-16.0584691,-72.48759882
1557932,-16.05498,-72.4878
312249,-15.99209545,-72.49934768
891044,-15.99187186,-72.49891902
312256,-15.85287717,-72.44694834
1615681,-15.85295,-72.4472
312231,-15.9779183,-72.4756359
1557920,-15.97831,-72.4757
1342344,-15.97517291,-72.47499616
891168,-16.12264302,-72.49219969
311944,-16.12264302,-72.49219969
892232,-16.1593,-72.4881
892208,-16.04026306,-72.48951601
1557943,-16.119074,-72.491612
796698,-16.12196615,-72.4918238
1794049,-16.12466,-72.49342
312272,-16.1508,-72.4924
1342286,-16.14942048,-72.49254277
3953571,-16.14942048,-72.49254277
312223,-15.9068,-72.473
891077,-15.9068,-72.473
1379353,-15.93243939,-72.48031778
311902,-15.93243939,-72.48031778
1615699,-15.931768,-72.47992849
3979741,-15.498984,-72.356268
518274,-15.50145003,-72.35437495
502369,-15.4981,-72.3555
311951,-15.50145003,-72.35437495
678896,-15.4870673,-72.45503316
1342351,-15.44997383,-72.47541904
723023,-15.40555485,-72.47332784
312298,-15.53425229,-72.33207608
311977,-15.68227413,-72.27314545
3043502,-15.68424,-72.2684
723007,-15.68295473,-72.26929274
655761,-15.55847109,-72.23631726
4008344,-15.557312,-72.236491
1379320,-15.50153661,-72.26783415
311985,-15.50153661,-72.26783415
723015,-15.5028,-72.26975
1557938,-15.500638,-72.268555
844332,-14.905,-71.9698
1712405,-14.90473,-71.96992
4002696,-14.904829,-71.969711
3897463,-14.901161,-72.024393
612804,-14.90096,-72.02528
1343037,-14.901,-72.0248
796888,-15.24072794,-72.07626239
1712462,-15.24072794,-72.07626239
4009188,-15.240781,-72.076299
312314,-15.5059191,-72.24940476
1615640,-15.5059191,-72.24940476
3898918,-15.5059191,-72.24940476
312306,-15.1478,-72.07255
1380120,-15.14781,-72.07255
1566348,-15.14706,-72.07198
3868578,-15.14829,-72.07224
312322,-15.33850078,-72.4005774
892380,-15.33826034,-72.40062391
312330,-15.2862,-72.375
1570761,-15.2862,-72.375
1314376,-15.2862,-72.375
3934563,-15.286498,-72.375889
312009,-15.57708,-72.13006
1717495,-15.57718571,-72.13024286
678698,-15.57677,-72.12849
3868596,-15.57674,-72.12902
637181,-15.2715,-72.0585
311993,-15.56219333,-72.047
723114,-15.56161,-72.04792
312363,-15.5023,-72.1386
4009187,-15.271398,-72.058935
612689,-15.45006407,-72.01862026
1712413,-15.44996,-72.01867
636589,-15.21608692,-71.99139189
899351,-15.36043839,-72.07455032
312017,-16.09573094,-72.47167856
589473,-16.09388103,-72.47076919
472258,-16.09602427,-72.47234569
3953574,-16.096083,-72.471753
1557928,-16.09035,-72.47235
312041,-15.6654,-72.490325
312181,-15.6671,-72.5088
312033,-15.6506762,-72.50614997
1379338,-15.6506762,-72.50614997
1557923,-15.64820674,-72.50585269
892323,-15.64820674,-72.50585269
313619,-15.6424,-72.4575
844274,-15.20099424,-72.27418113
287409,-15.221075,-72.31745
892265,-15.22114994,-72.31787527
1755321,-15.26683813,-72.34502617
1755420,-15.26683813,-72.34502617
1561745,-15.26250428,-72.34192277
312421,-15.31987816,-72.31735211
3934566,-15.32057,-72.316392
312058,-15.26664646,-72.34229994
307751,-15.27165,-72.34381
612176,-15.27165,-72.34381
637272,-15.267,-72.3443
723080,-15.267,-72.3443
502260,-15.26770958,-72.34363331
1397579,-15.26532163,-72.34163604
1704675,-15.26533569,-72.34227852
1660497,-15.26533569,-72.34227852
3969822,-15.27085,-72.346819
3898917,-15.266658,-72.345105
1682483,-15.26885235,-72.3472953
3966006,-15.262269,-72.338051
1564178,-15.27035717,-72.34012148
735456,-15.26658579,-72.34466187
1468638,-15.27026,-72.342165
1116771,-15.11248665,-72.21527203
844159,-15.23683381,-72.32051489
735498,-15.28897955,-72.32531255
1615665,-15.27110434,-72.33875653
1402536,-15.27110434,-72.33875653
1342294,-15.27110434,-72.33875653
3934564,-15.271652,-72.33892
1753227,-15.27115003,-72.33955473
1753235,-15.27115003,-72.33955473
1468641,-15.267465,-72.33694
892299,-15.2704,-72.3405
219477,-15.71501077,-72.57329305
1784354,-15.71501077,-72.57329305
310433,-15.71739649,-72.570568
1557926,-15.71542,-72.57315
472332,-15.71583,-72.57174
312082,-15.74010006,-72.5509608
3906680,-15.739771,-72.550911
1472114,-15.724327,-72.569944
312090,-15.68903795,-72.60418899
892448,-15.69013179,-72.60445224
542811,-15.65295,-72.6013
3029766,-15.711632,-72.51208
312470,-15.706025,-72.5081
892471,-15.7069,-72.5075
3934562,-15.722876,-72.502352
612051,-15.72366723,-72.50220448
722991,-15.72311339,-72.50172255
312108,-15.72196014,-72.50237919
312488,-15.7360972,-72.51020839
636373,-15.70052154,-72.42114515
3979740,-15.70052154,-72.42114515
312116,-15.72936959,-72.43195119
312124,-16.22336319,-72.46966896
310425,-16.2215369,-72.47288784
225631,-16.22236989,-72.4721433
723072,-16.2215369,-72.47288784
3049277,-16.22087208,-72.47091618
723106,-16.22087208,-72.47091618
1342278,-16.21748999,-72.46824536
1407154,-16.21748999,-72.46824536
3953570,-16.224204,-72.466893
1272459,-16.2193112,-72.47045931
1342336,-16.2193112,-72.47045931
735522,-16.2193112,-72.47045931
3953573,-16.223666,-72.467564
1434828,-16.22200228,-72.47206946
1434836,-16.22200228,-72.47206946
1656198,-16.22193,-72.47215
312504,-16.18554338,-72.46221845
1800333,-16.18554338,-72.46221845
796680,-16.2726,-72.45005
4002691,-16.25152,-72.46968
613182,-16.2313915,-72.45455425
722983,-16.23146431,-72.4548119
890830,-16.2514657,-72.46960963
312389,-16.35091701,-72.47643459
890988,-16.35164447,-72.47585924
890863,-16.22909292,-72.48601428
890897,-16.26558566,-72.4506
312157,-16.2234515,-72.45209415
890806,-16.2241,-72.45175
312140,-16.2747943,-72.45326238
890921,-16.27485116,-72.45290952
845289,-16.38965113,-72.50239388
3953572,-16.38967,-72.502392
312496,-16.31395197,-72.45420146
890954,-16.31364964,-72.45399866
1561752,-16.3447,-72.4738
312165,-16.24256671,-72.47029389
1561760,-16.2014,-72.476
3046091,-16.2014,-72.476
1557936,-16.201508,-72.475889
1397397,-15.6654,-72.5237
312546,-15.65834659,-72.55284997
312207,-15.69098748,-72.51312956
735464,-15.68912708,-72.51626937
312199,-15.68602923,-72.55058994
502922,-15.684,-72.5278
639187,-15.63574473,-72.58857276
312173,-15.65833022,-72.52342456
512194,-15.65702778,-72.52555847
490714,-15.65833022,-72.52342456
1790559,-15.65833022,-72.52342456
1557927,-15.658267,-72.523504
312520,-15.6806,-72.5115
312801,-15.5582,-71.5611
736074,-15.5582,-71.561
3970918,-15.558578,-71.560945
225102,-15.6365,-71.60063333
312553,-15.6361,-71.6057
312561,-15.6367,-71.6007
736173,-15.6367,-71.6007
736124,-15.6367,-71.6007
1639152,-15.63675466,-71.60029775
891838,-15.63969,-71.60331
891838,-15.63990363,-71.60342141
797043,-15.63766,-71.60186
309567,-15.641871,-71.6004269
679084,-15.6367,-71.60495
1795160,-15.6367,-71.60495
3897457,-15.639589,-71.603345
1649664,-15.6373563,-71.59632465
1615707,-15.63931,-71.60484
4002698,-15.639816,-71.598083
1793967,-15.6367,-71.60495
3897458,-15.636944,-71.603099
1782796,-15.63604,-71.60092
1271840,-15.63604,-71.60092
1274398,-15.63604,-71.60092
1276823,-15.63604,-71.60092
3897455,-15.633139,-71.599974
3961853,-15.639656,-71.599515
3897454,-15.638266,-71.598952
1741800,-15.64276,-71.60195
1655109,-15.653373,-71.614368
1786060,-15.653373,-71.614368
1458959,-15.63597,-71.60388
312579,-15.66185282,-71.70093948
589598,-15.6625,-71.701
589747,-15.6625,-71.6999
3868589,-15.660969,-71.700833
844134,-15.9476,-71.6351
312587,-15.62034191,-71.97593353
1655091,-15.62034191,-71.97593353
678920,-15.62031344,-71.98055871
797068,-15.62035,-71.9832
1512005,-15.620559,-71.976347
477703,-15.6205237,-71.98282795
309559,-15.62243309,-71.97967525
312603,-15.61552443,-71.83870869
1379387,-15.61552443,-71.83870869
3868594,-15.61584,-71.838672
678656,-15.61635839,-71.83986549
312611,-15.5066,-71.4415
225300,-15.506,-71.44113333
797035,-15.506,-71.4442
3970917,-15.506858,-71.445345
589770,-15.5059,-71.4454
312835,-15.43258407,-71.23114845
612861,-15.40098077,-71.29047199
1712439,-15.40098077,-71.29047199
4007504,-15.401048,-71.290423
3939489,-15.616651,-71.055568
312876,-15.49442517,-71.15309528
4009190,-15.494404,-71.15311
312850,-15.5688,-71.0678
312629,-15.18775362,-71.77447471
736140,-15.1859958,-71.77104689
797100,-15.1859958,-71.77104689
225318,-15.18804945,-71.77113602
1512006,-15.19132,-71.77655
1666775,-15.1883,-71.7697
589804,-15.1883,-71.7697
656074,-15.1469,-71.688
589622,-14.80236667,-71.92673333
736116,-14.85175257,-71.93655352
4002693,-14.851801,-71.936548
1674357,-15.1869,-71.775
612747,-15.0644,-71.93973333
312868,-14.96169512,-71.83628808
1564202,-14.9127,-71.87736
226704,-14.91478124,-71.87507037
1117704,-14.91478124,-71.87507037
2723661,-14.912384,-71.877537
736090,-14.7812,-71.8642
1686773,-14.7812,-71.8642
1686781,-15.2301,-71.6493
287466,-15.2301,-71.6493
656066,-14.9164,-71.8109
678904,-15.25928311,-71.88201998
736108,-14.89606,-71.87081
892273,-15.62566079,-71.64404848
312637,-15.62582888,-71.6458393
655944,-15.6269,-71.6462
3899767,-15.628694,-71.643648
612770,-15.63116215,-71.60709086
1741792,-15.63746,-71.61161
736066,-15.63212,-71.60556
1744226,-15.6313,-71.60839
844175,-15.69786626,-72.10033179
312645,-15.72990133,-72.10802555
589838,-15.73178882,-72.10682746
612531,-15.73094367,-72.10878225
312652,-16.03377664,-71.87954202
898148,-16.03384545,-71.87784815
500736,-16.0337,-71.8786
3993828,-16.034789,-71.879744
1492634,-16.034641,-71.879817
477711,-16.03388,-71.87969
219766,-16.01313807,-71.87987226
1365147,-16.04627083,-71.90293252
312884,-16.04627083,-71.90293252
898247,-15.6497,-71.686
312660,-15.6497,-71.686
627398,-15.6509,-71.6862
589861,-15.6213,-71.7716
312678,-15.6213,-71.7716
678680,-15.62229121,-71.77034673
3868595,-15.622846,-71.76961
656157,-16.01261697,-72.02136981
897850,-16.03282185,-71.94357509
477729,-16.01505944,-72.01239861
498972,-16.01505944,-72.01239861
312686,-16.01505944,-72.01239861
1440110,-16.01525,-72.01399
312926,-15.93131471,-72.05734931
1440113,-15.93171,-72.05813
1351626,-16.01994,-71.93003
796920,-16.01994,-71.93003
312694,-16.01994,-71.93003
4002626,-16.018508,-71.929947
796953,-15.6438948,-71.76119266
312702,-15.6438948,-71.76119266
627364,-15.6442,-71.7617
312710,-15.60794283,-71.80454959
4009185,-15.608266,-71.807697
612564,-15.6089,-71.8064
723189,-15.6104,-71.8052
472167,-15.67598528,-71.04776348
1712447,-15.67598528,-71.04776348
4009186,-15.676004,-71.047763
796961,-15.8395,-71.0909
312728,-15.8395,-71.0909
736041,-15.83808353,-71.0919208
1741818,-15.83825,-71.09188
678953,-15.81911587,-71.22142969
637215,-15.31123,-71.61178
1741826,-15.31102,-71.6117
312736,-15.4902,-71.4618
736157,-15.4862,-71.458
3868590,-15.490801,-71.462481
655936,-15.4904,-71.4611
312744,-15.58392068,-71.9554834
796839,-15.58387407,-71.95518926
1800200,-15.58094,-71.99703
313171,-15.58094,-71.99703
1800218,-15.4091785,-71.97329287
612713,-15.4091785,-71.97329287
312991,-15.59260512,-71.94809618
1800226,-15.59260512,-71.94809618
1202605,-15.57740891,-71.9394431
312983,-15.57740891,-71.9394431
1260181,-15.57717,-71.93994
518670,-15.5404,-71.9723
219121,-15.1499,-71.4697
1554628,-15.149916,-71.469938
656041,-15.146425,-71.228625
1712454,-15.146425,-71.228625
312751,-15.2153,-71.3882
723197,-15.21287245,-71.38845055
1260140,-15.2143,-71.39006667
656082,-15.18262357,-71.27231163
656058,-15.20999102,-71.21530408
4002694,-15.127577,-71.432456
844233,-15.18177714,-71.52096799
796946,-15.18177714,-71.52096799
796813,-15.1799,-71.52126667
313015,-15.34876354,-71.44692811
1309608,-15.34552516,-71.44726968
3897461,-15.348145,-71.445996
1261569,-15.34813746,-71.4463068
312769,-15.5321,-71.5501
736165,-15.5318,-71.5467
3997286,-15.532794,-71.550066
678664,-15.53252438,-71.55068209
312793,-15.71593821,-71.31995644
679043,-15.71593821,-71.31995644
723130,-15.7176,-71.32025
3868586,-15.71814,-71.319594
312777,-15.6515,-71.6584
679035,-15.6443,-71.6536
589564,-15.65119662,-71.65805835
1703099,-15.6515,-71.6584
1735695,-15.6515,-71.6584
1345073,-15.6513,-71.65446503
844290,-16.31954378,-72.23927761
897942,-16.31954378,-72.23927761
899401,-16.31954378,-72.23927761
796862,-16.33487718,-72.25838966
1607316,-16.33487718,-72.25838966
796912,-16.33464607,-72.25864397
844563,-16.32873514,-72.26320228
897827,-16.32873514,-72.26320228
898064,-16.32873514,-72.26320228
898007,-16.35026687,-72.28175448
698936,-16.35026687,-72.28175448
844415,-16.35026687,-72.28175448
844357,-16.37369041,-72.26992685
891135,-16.37404669,-72.26940361
1031400,-16.29835228,-72.25795491
1561802,-16.29835228,-72.25795491
1615772,-16.33894759,-72.19316187
1333210,-16.31331394,-72.28115431
1119957,-16.31331394,-72.28115431
844266,-16.31331394,-72.28115431
892034,-16.3350774,-72.2960593
1116011,-16.3353097,-72.29593264
1703065,-16.34581798,-72.18769673
1674399,-16.35484019,-72.24442338
1749894,-16.35484019,-72.24442338
1623693,-16.34276,-72.191
1736016,-16.34276,-72.191
1674365,-16.31671,-72.17754
1783000,-16.34553754,-72.19438513
1653609,-16.34290398,-72.18987563
3024494,-16.34554997,-72.18500238
1389998,-16.35331,-72.185756
1633478,-16.32408,-72.1956
1664176,-16.32408,-72.1956
3000262,-16.31784331,-72.17587888
3000270,-16.31784331,-72.17587888
3000288,-16.31784331,-72.17587888
1770866,-16.34411,-72.19035
1722172,-16.32446051,-72.18181855
1722180,-16.32446051,-72.18181855
1749514,-16.34343,-72.18535899
1662410,-16.36373604,-72.19290381
1726975,-16.34549703,-72.20475354
1674373,-16.34549703,-72.20475354
1647353,-16.32364,-72.19343
1653617,-16.33050457,-72.1937953
894055,-16.34891,-72.18511
1647361,-16.33046425,-72.19563212
1674381,-16.35824997,-72.23813218
1726983,-16.35824997,-72.23813218
1793652,-16.34276,-72.191
3921571,-16.326255,-72.197066
1717628,-16.31708513,-72.19267138
1769769,-16.30899103,-72.18241441
3047305,-16.30899103,-72.18241441
1789833,-16.33272681,-72.20717421
1761428,-16.29935,-72.18063
1741859,-16.29935,-72.18063
3985765,-16.350713,-72.25399
844688,-16.40313142,-72.19917575
1581916,-16.40313142,-72.19917575
897884,-16.38910689,-72.22167048
1253020,-16.38910689,-72.22167048
844472,-16.42932109,-72.20477709
844449,-16.42094973,-72.22985677
1615715,-16.42094973,-72.22985677
1653625,-16.42094973,-72.22985677
1682426,-16.40581682,-72.24247872
1797919,-16.40581682,-72.24247872
844506,-16.40581682,-72.24247872
698761,-16.30713698,-72.151201
1031392,-16.30713698,-72.151201
899054,-16.3155935,-72.16092614
1607159,-16.3155935,-72.16092614
1607167,-16.3155935,-72.16092614
1260389,-16.31664,-72.16046
1271691,-16.30247433,-72.20351098
1333228,-16.30247433,-72.20351098
899021,-16.30247433,-72.20351098
1271535,-16.2878962,-72.19130234
1581915,-16.2878962,-72.19130234
1271576,-16.27242982,-72.20616607
1682434,-16.27242982,-72.20616607
3991522,-16.283005,-72.222144
1422492,-16.29764,-72.23381
1615723,-16.29764,-72.23381
844654,-16.34089177,-72.17423088
698308,-16.34420012,-72.17738125
695122,-16.35558258,-72.18806384
1334150,-16.35558258,-72.18806384
1333244,-16.35558258,-72.18806384
745968,-16.33632794,-72.20019711
695155,-16.33632794,-72.20019711
1333236,-16.37306359,-72.1984416
1422450,-16.37672923,-72.19881988
1343672,-16.35974548,-72.19286236
1335348,-16.35974548,-72.19286236
1694595,-16.367236,-72.19569
1694603,-16.3669,-72.19538
1734730,-16.3669,-72.19538
1422476,-16.33707,-72.19421
1639442,-16.33707,-72.19421
1607449,-16.36056,-72.18896
1607456,-16.36063,-72.1883
1607464,-16.36056,-72.18896
897272,-16.35859,-72.19112
845016,-16.35859,-72.19112
1333400,-16.35859,-72.19112
619312,-16.35815701,-72.18953105
1031442,-16.35815701,-72.18953105
1332949,-16.35815701,-72.18953105
1334085,-16.3598,-72.19201
1607241,-16.3598,-72.19201
1420496,-16.3598,-72.19201
890798,-16.36328,-72.19013
1422500,-16.34635139,-72.18567124
1422518,-16.34219068,-72.18376218
1607209,-16.36371,-72.19053
1607217,-16.36371,-72.19053
1607225,-16.36371,-72.19053
1631985,-16.36791,-72.19263
1699081,-16.36791,-72.19263
1764398,-16.35514,-72.18876
1607282,-16.36139,-72.18914
1700798,-16.35976,-72.19037
1334002,-16.35999,-72.1892
1334218,-16.35999,-72.1892
1607597,-16.36398858,-72.19278566
1262443,-16.36398858,-72.19278566
1262484,-16.36398858,-72.19278566
1341494,-16.35099091,-72.18425072
1341502,-16.35099091,-72.18425072
1423516,-16.35099091,-72.18425072
1384817,-16.36137,-72.18912
1422526,-16.32273422,-72.1822144
1422534,-16.32148109,-72.18018704
1692425,-16.32148109,-72.18018704
1371640,-16.35872,-72.18815
1311604,-16.35872,-72.18815
1311661,-16.35872,-72.18815
1399179,-16.38430049,-72.20083247
1399187,-16.38430049,-72.20083247
1528868,-16.38430049,-72.20083247
1607415,-16.36334,-72.19108
1239797,-16.35611,-72.19022
1355643,-16.36011302,-72.18853867
1576776,-16.36241,-72.19564
1607555,-16.36373604,-72.19290381
1607563,-16.36373604,-72.19290381
1576784,-16.34754,-72.18639
1576792,-16.34754,-72.18639
1335405,-16.34792556,-72.18625794
1335397,-16.34792556,-72.18625794
1581902,-16.36285,-72.19259
1202555,-16.35588,-72.1977
1564210,-16.36377,-72.19057
694810,-16.36115035,-72.19024492
723528,-16.3366954,-72.19948315
1700459,-16.36065,-72.19154
1343508,-16.3639448,-72.19285901
1411354,-16.3639448,-72.19285901
1371632,-16.3639448,-72.19285901
1261528,-16.35298,-72.18798
1694611,-16.36118,-72.19186
1623701,-16.36212,-72.19266
1628270,-16.36867,-72.19312
1759414,-16.35497,-72.18887
1314103,-16.36336,-72.19
1607365,-16.35611,-72.19022
1334176,-16.35611,-72.19022
1341536,-16.3619,-72.18931
1694082,-16.3619,-72.18931
898031,-16.35287,-72.18816
844530,-16.35287,-72.18816
897793,-16.35287,-72.18816
3046844,-16.36136243,-72.18990684
694828,-16.34159584,-72.17430023
1581904,-16.35207,-72.19074
1607308,-16.35623,-72.18997
1277102,-16.35623,-72.18997
1277060,-16.35623,-72.18997
3058880,-16.36261097,-72.19126497
3058906,-16.36261097,-72.19126497
3058898,-16.36261097,-72.19126497
3966067,-16.307814,-72.185098
1435304,-16.35986,-72.19286
1384825,-16.35428,-72.18842
1756568,-16.35428,-72.18842
1535640,-16.35428,-72.18842
1263409,-16.36067,-72.18808
1263441,-16.36067,-72.18808
1399203,-16.36067,-72.18808
1384833,-16.36692,-72.19182
1341544,-16.36692,-72.19182
1341551,-16.36692,-72.19182
1763390,-16.3661,-72.19374
1470624,-16.36259296,-72.19228153
1575505,-16.36259296,-72.19228153
1338284,-16.36495,-72.19088
1273341,-16.36562,-72.19138
1273382,-16.36562,-72.19138
1263367,-16.36562,-72.19138
1354695,-16.36563,-72.19138
1333046,-16.36563,-72.19138
1436443,-16.35639,-72.1906
1203405,-16.35634,-72.19057
1238831,-16.35634,-72.19057
1239318,-16.35634,-72.19057
1333459,-16.3564,-72.19059
1576768,-16.36281,-72.19205
1620178,-16.35954,-72.18757
1333590,-16.36198,-72.19211
1333111,-16.36175,-72.19129
1333129,-16.36175,-72.19129
1333137,-16.36175,-72.19129
1607530,-16.36045,-72.19093
1607548,-16.36045,-72.19093
1370139,-16.36045,-72.19093
1341528,-16.36431672,-72.18719518
1801901,-16.36431672,-72.18719518
1607423,-16.36431672,-72.18719518
1620186,-16.345818,-72.18769673
1470632,-16.345818,-72.18769673
1607472,-16.36011302,-72.18853867
1607480,-16.36011302,-72.18853867
1607498,-16.36011302,-72.18853867
1032051,-16.36936,-72.19442
1032069,-16.36936,-72.19442
1032218,-16.36936,-72.19442
898098,-16.33997056,-72.17431163
844597,-16.33997056,-72.17431163
1260421,-16.33997056,-72.17431163
1663103,-16.33997056,-72.17431163
898189,-16.35287,-72.18816
1639830,-16.34929007,-72.1923224
1752898,-16.35921,-72.1923
1752906,-16.35921,-72.1923
1238476,-16.35220595,-72.18587805
1238484,-16.35220595,-72.18587805
1238518,-16.35220595,-72.18587805
844381,-16.35868,-72.19174
898122,-16.35868,-72.19174
1615731,-16.3145,-72.1911
1653633,-16.3145,-72.1911
1672302,-16.34246,-72.19433
1767136,-16.34246,-72.19433
3966039,-16.306167,-72.171215
1558691,-16.33209,-72.18272
3925664,-16.328274,-72.196881
3925663,-16.352123,-72.190725
1422468,-16.3757799,-72.19851256
1749902,-16.38527207,-72.20300996
1615756,-16.38527207,-72.20300996
1798677,-16.38527207,-72.20300996
1790732,-16.38675717,-72.20134051
1773308,-16.38675717,-72.20134051
695130,-16.3885588,-72.18057723
794552,-16.3884881,-72.17874088
723536,-16.3892022,-72.18047348
1631977,-16.35206187,-72.16700476
1399161,-16.34296114,-72.17740047
1435577,-16.34296114,-72.17740047
1629682,-16.34296114,-72.17740047
1741867,-16.32992,-72.19786
1615798,-16.3542,-72.2097
313056,-15.83451196,-72.65375235
313296,-15.8366,-72.63344051
313072,-15.81089199,-72.64749112
736009,-15.81249429,-72.64737648
313338,-15.81789344,-72.64142222
225094,-15.83858247,-72.65510316
313080,-15.83687892,-72.65512842
308304,-15.84091428,-72.65301897
310292,-15.84091428,-72.65301897
3985024,-15.839917,-72.656737
3985713,-15.8419,-72.648919
815068,-15.8423,-72.6493
3935557,-15.843366,-72.65476
797142,-15.84021421,-72.64854321
309419,-15.84373212,-72.65149299
1699487,-15.83687892,-72.65512842
3981683,-15.842053,-72.651212
1238393,-15.83748,-72.65361
3969825,-15.838381,-72.654876
1621945,-15.8424072,-72.65403594
3985023,-15.843872,-72.65438
3935556,-15.843294,-72.654828
679092,-15.84021421,-72.64854321
309286,-15.84302498,-72.64941434
3935524,-15.839057,-72.650434
736017,-15.841,-72.6508
313320,-15.83465354,-72.62797151
313346,-16.02522135,-72.72156431
313312,-15.81155321,-72.66094362
797134,-15.81177317,-72.66106706
4008321,-15.812167,-72.660881
891556,-15.79670714,-72.86053939
313106,-15.79670714,-72.86053939
655837,-15.79690497,-72.85949817
313361,-15.8248771,-72.85750161
313379,-15.82349637,-72.84067833
612382,-15.7189944,-72.74030178
1273655,-15.0412,-72.2761
612655,-15.0412,-72.2761
1273697,-15.0412,-72.2761
3939488,-15.041472,-72.275705
3998094,-14.670037,-72.005693
1497517,-14.670053,-72.00565
313387,-14.6726,-72.021
1031574,-14.6726,-72.021
796805,-14.67088496,-72.02374341
3958465,-14.671792,-72.020128
712562,-14.80255,-71.9769
1497508,-14.80255,-71.9769
313247,-14.59499,-72.01865
1520063,-14.59465,-72.0192
4009184,-14.802372,-71.926728
1626928,-14.84735,-72.270205
636977,-14.84735,-72.270205
1663640,-14.84735,-72.270205
4012551,-14.594646,-72.019216
1497520,-14.724837,-71.996182
1497516,-14.72637,-71.97604
656140,-14.75938009,-72.00279849
4002695,-14.759409,-72.002742
313395,-15.225,-72.3914
1625532,-15.225,-72.3914
892414,-15.22874658,-72.39126001
612291,-14.7043,-71.994
1659101,-14.7043,-71.994
3963489,-14.704177,-71.994395
1520071,-14.70289566,-71.99338366
712620,-15.54746169,-72.91859865
313122,-15.5476784,-72.91876418
712505,-15.54769613,-72.91776823
3935555,-15.547663,-72.917689
313411,-15.55421674,-72.96248097
313254,-15.46015216,-72.94773569
1031616,-15.85705947,-72.63397875
313239,-15.84872374,-72.63122489
313148,-15.85476442,-72.62956115
538561,-15.85679286,-72.62520958
313460,-15.89202418,-72.57359881
1765569,-15.93185488,-73.12901217
1765577,-15.93185488,-73.12901217
3972563,-15.933146,-73.108478
3045689,-15.9316197,-73.1237456
3039906,-15.93195677,-73.12549353
3039914,-15.93195677,-73.12549353
3026242,-15.91350937,-73.05138587
1760867,-15.93287508,-73.13062749
313262,-15.94005366,-73.13118917
591404,-15.94005366,-73.13118917
4012501,-15.950328,-73.134152
678714,-15.93949129,-73.13117605
313478,-15.88812337,-73.02350965
3955373,-15.888153,-73.023605
891515,-15.9789,-73.146
1561778,-15.9789,-73.146
313270,-16.01014365,-73.16798394
3984744,-16.010109,-73.167588
891523,-16.01421562,-73.16598941
891580,-16.01368027,-73.16583827
3972564,-15.913533,-73.051293
613067,-15.90408607,-73.04963757
307819,-15.90408607,-73.04963757
3935552,-15.902921,-73.048013
3940578,-15.901415,-73.044606
523886,-15.90270975,-73.04952198
313502,-15.4976118,-72.86085049
612325,-15.34969756,-72.67879524
313494,-15.4213,-72.6793
612416,-15.36173747,-72.49588332
313163,-15.50633473,-72.83664955
612200,-15.50455366,-72.83480714
579763,-15.50509802,-72.83418193
3935550,-15.772797,-72.872545
844514,-15.66442482,-72.93739758
3893355,-15.66442482,-72.93739758
4003401,-15.664404,-72.937567
4002699,-15.818315,-72.954969
1540802,-15.81817,-72.95483
1238401,-15.81184746,-72.95137997
1561786,-15.81184746,-72.95137997
1759117,-15.81184746,-72.95137997
3981684,-15.809249,-72.951823
3935559,-15.811543,-72.950858
313288,-15.77208096,-72.88502398
3969824,-15.77346675,-72.88685247
891432,-15.77346675,-72.88685247
313197,-15.7575423,-72.91915997
3940579,-15.75701,-72.921208
612440,-15.75588379,-72.92119028
3935529,-15.757712,-72.918746
578864,-15.75801675,-72.9171618
3935544,-15.676939,-72.947124
3935560,-15.677053,-72.947151
1682442,-15.67577145,-72.94565723
1754506,-15.67577145,-72.94565723
1634203,-15.67577145,-72.94565723
891465,-15.78630894,-72.88687978
313189,-15.77419897,-72.8746431
518373,-15.77652523,-72.87701686
612234,-15.77463338,-72.87640244
1328277,-15.78132312,-73.07254543
313064,-15.78132312,-73.07254543
891499,-15.78380122,-73.07340389
3969826,-15.783086,-73.070581
225359,-17.02490708,-72.01100369
1475402,-17.02087,-72.010438
617506,-17.0217,-72.0036
1621085,-17.0217,-72.0036
3981687,-17.018799,-72.006996
485375,-17.01895704,-72.00710351
1203561,-17.01199042,-72.00922386
891119,-17.01102296,-72.00796566
1272939,-17.00878968,-72.03279535
1344324,-17.02639101,-72.00240473
1302751,-17.01662,-72.00283
1116136,-17.02395635,-72.00442887
1116177,-17.02395635,-72.00442887
1712512,-17.0158928,-72.01856418
313569,-17.0158928,-72.01856418
891762,-17.0158928,-72.01856418
1274323,-17.0266922,-72.0085119
617530,-17.02187145,-72.0085387
313544,-17.02187145,-72.0085387
225110,-17.02439543,-72.01543087
313528,-17.01862824,-72.01542486
634279,-17.01862824,-72.01542486
313536,-17.0238,-72.0148
313577,-17.02622862,-72.01724283
1436435,-17.0217,-72.01394
1368489,-17.0217,-72.01394
1764380,-17.0217,-72.01394
1624725,-17.01644759,-72.01555169
1624444,-17.02273909,-72.01457132
55104,-17.02174,-72.0038
1518554,-17.017831,-72.014517
1662360,-17.017831,-72.014517
1355270,-17.016416,-72.02049108
1239243,-17.016416,-72.02049108
1344258,-17.016416,-72.02049108
1116250,-17.0217,-72.01394
610667,-17.01613939,-72.0128608
310300,-17.01613939,-72.0128608
309195,-17.01613939,-72.0128608
1475406,-17.02644,-72.00223
1344100,-17.02128001,-72.01441837
1344225,-17.01248,-72.0132
310953,-17.0225191,-72.01556907
3869326,-17.00773,-72.01812
1523885,-17.01681141,-72.01387283
1661131,-17.02055,-72.0037
1702513,-17.02055,-72.0037
1735315,-17.01133,-72.02098
891614,-17.0226552,-72.01676383
3026481,-17.02599054,-72.01713801
1336478,-17.02505901,-72.01376574
1658186,-17.02505901,-72.01376574
1773282,-17.02468804,-72.01423594
307397,-17.02468804,-72.01423594
310045,-17.02468804,-72.01423594
891028,-17.02209137,-72.01403147
4001195,-17.00438,-72.012168
1475404,-17.0168,-72.00124
1344159,-17.01361428,-72.01259042
1475401,-17.015229,-72.014818
637330,-17.02325452,-72.0185959
1735364,-17.02325452,-72.0185959
3042207,-17.01952775,-72.02013373
3869325,-17.011326,-72.019876
1629666,-17.02034984,-72.00781262
891895,-17.02467,-72.01477
307389,-17.02496482,-72.0027625
309922,-17.02496482,-72.0027625
1764851,-17.01496728,-72.0131279
309328,-17.02088572,-72.01517157
1188200,-17.02088572,-72.01517157
3952014,-17.011746,-72.009477
1672948,-17.01636294,-72.00716637
55102,-17.01525,-72.00321
1712520,-17.01021785,-72.01657508
770040,-17.01021785,-72.01657508
4006705,-17.010243,-72.016572
225367,-17.01304236,-72.01553272
1344266,-17.00686173,-71.63991248
313775,-17.03228015,-71.52845359
1759174,-17.03275646,-71.52912441
307835,-17.07042862,-71.72477145
610659,-17.07066698,-71.72408158
226092,-17.07042862,-71.72477145
1649672,-17.0915,-71.76657
313627,-17.0915,-71.76657
287813,-17.09067661,-71.76375836
1712504,-17.08671,-71.76767
1344233,-17.0894,-71.7604
890996,-17.0894,-71.7604
844753,-17.0894,-71.7604
3935564,-17.088117,-71.759782
309476,-17.09231421,-71.76787833
225326,-17.09243,-71.76844
3992340,-17.093034,-71.770849
1679901,-17.087,-71.7604
1345115,-17.1108,-71.787
1503602,-17.09755,-71.77262
745984,-17.0311142,-71.70723861
1302769,-17.03100131,-71.70798423
313759,-16.98538433,-71.62807011
1503613,-16.9858,-71.62826
313635,-17.01904551,-71.67382937
1503618,-17.00294,-71.60674
313791,-16.99685093,-71.63302821
1503605,-16.997259,-71.631557
3992341,-17.076077,-71.722671
637397,-17.01429156,-71.55338358
313767,-17.00225717,-71.5906958
3989668,-17.100195,-71.778432
1621069,-17.11404759,-71.79010892
1503611,-17.09331,-71.77247
1492750,-17.1372279,-71.83758738
313817,-17.10792681,-71.84774736
890871,-17.10673101,-71.84763339
313650,-17.12125411,-71.79743189
579771,-17.11934944,-71.79789926
225342,-17.12142855,-71.79789599
1679893,-17.13009,-71.80904
1776145,-17.12367026,-71.80117846
1697341,-17.12367026,-71.80117846
1621051,-17.12596376,-71.80410527
55110,-17.12067,-71.79842
1773266,-17.12413943,-71.79944338
1773274,-17.12413943,-71.79944338
313809,-17.14239509,-71.84176935
891234,-17.14196151,-71.84043
313643,-17.1416809,-71.82008065
523787,-17.14375,-71.82149
310169,-17.13673419,-71.81808422
3996430,-17.132732,-71.813738
55106,-17.14517,-71.82697
3966008,-17.145168,-71.826961
1712496,-17.012,-72.1099
1712470,-16.99686359,-72.09516205
1518562,-16.99817859,-72.09779001
1634583,-16.99817859,-72.09779001
3988138,-16.996914,-72.095126
309740,-16.99915909,-72.09843486
313593,-16.99915909,-72.09843486
3920798,-17.000296,-72.09765
3935563,-16.999286,-72.097751
3869331,-16.99995,-72.10135
1712488,-17.00092267,-72.08727436
1694991,-17.00092267,-72.08727436
1773712,-17.00092267,-72.08727436
55101,-17.01349,-72.1068
1302744,-16.99856695,-72.09225019
503060,-16.99916768,-72.0977703
1764372,-16.99977,-72.09754
617548,-17.10256193,-71.90454778
313718,-17.10256193,-71.90454778
1802479,-16.996864,-72.095162
3996431,-17.093347,-71.912743
766659,-17.10245836,-71.90580933
313825,-17.17194694,-71.80748124
55109,-17.17095,-71.80662
477570,-17.17276166,-71.82473789
4001196,-17.150858,-71.786352
1621077,-17.1711856,-71.788
313676,-17.1711856,-71.788
313692,-17.17392609,-71.79184781
1492768,-17.17392609,-71.79184781
308346,-17.1700493,-71.79286635
287821,-17.1700493,-71.79286635
55108,-17.17433,-71.7916
3967547,-17.17392609,-71.79184781
55112,-17.1711856,-71.788
1500502,-17.16566,-71.79997
1344126,-17.16475363,-71.7883781
225334,-17.1698,-71.79559042
898304,-17.1702,-71.79668
898338,-17.1702,-71.79668
309484,-17.16823337,-71.79092367
1566329,-15.21291,-72.88816
313833,-15.22470956,-72.8693789
1030899,-15.22306424,-72.87041905
4007542,-15.20537,-72.88675
313858,-15.21259378,-72.86168816
1558899,-15.21259378,-72.86168816
225177,-15.21285,-72.88816
219741,-15.21388,-72.88854
1566302,-15.21386,-72.888899
1779305,-15.21213,-72.89129
1617851,-15.20771,-72.89876
3042769,-15.20771,-72.89876
1555416,-15.21082057,-72.89329993
309294,-15.21082057,-72.89329993
1729086,-15.21082057,-72.89329993
797126,-15.20997026,-72.89657138
4012552,-15.210045,-72.897173
4007543,-15.208952,-72.89882
1566305,-15.213713,-72.888145
314138,-15.20816,-72.91561
313841,-15.22665801,-72.88664429
891192,-15.22727827,-72.88283372
314146,-15.2219376,-72.87591081
1566337,-15.209356,-72.895848
225185,-15.13345697,-72.76468404
518472,-15.13514153,-72.76571818
313866,-15.13514153,-72.76571818
3869346,-15.133564,-72.764744
1344597,-15.14638736,-72.74311156
313882,-15.14638736,-72.74311156
712653,-15.14543276,-72.74439627
1566307,-15.145665,-72.744089
313890,-15.14845683,-72.76625794
736025,-15.14767975,-72.77030413
1566323,-15.14832,-72.76599
313908,-15.08994027,-72.75123532
1344613,-15.09092938,-72.75150831
3935572,-15.090007,-72.751215
314161,-15.15651244,-72.78788277
1566316,-15.1565,-72.78784
314179,-15.22119039,-73.00690707
1566319,-15.221383,-73.006999
313916,-15.24358549,-73.07294391
712745,-15.24358549,-73.07294391
496257,-15.24007572,-73.07016715
1566321,-15.241112,-73.070154
770065,-14.8672176,-72.70820201
313973,-15.09939127,-72.77021505
1560602,-15.09939127,-72.77021505
891374,-14.70613829,-72.55470955
3984718,-14.70613829,-72.55470955
314187,-14.75918452,-72.74004844
1492776,-14.75918452,-72.74004844
1415983,-14.75918452,-72.74004844
3984720,-14.75918452,-72.74004844
712778,-15.13003184,-72.81015675
313932,-15.13003184,-72.81015675
627489,-15.12863249,-72.80942278
1560616,-15.129452,-72.810248
1566333,-15.129902,-72.810608
891341,-14.7371191,-72.61576861
314195,-15.14249008,-72.79841045
3956861,-15.14249008,-72.79841045
314211,-15.0937,-72.7783
1663145,-15.0937,-72.7783
3029535,-14.70941,-72.67057
313957,-15.17478102,-72.84947767
3042934,-15.17478102,-72.84947767
4003402,-15.174941,-72.849644
313965,-15.1495536,-72.81995704
1344621,-15.14813687,-72.82020712
314229,-15.14217568,-72.9028314
1558915,-15.14217568,-72.9028314
3953506,-15.14232,-72.902822
844712,-15.13146,-72.881205
314005,-15.1887,-72.9636
678961,-15.1578,-72.9868
712711,-15.2124101,-72.93945235
1563004,-15.2124101,-72.93945235
1116094,-15.034542,-72.95754
313999,-15.18234615,-72.90522849
891317,-15.18288358,-72.90532259
1415991,-14.9831,-72.9366
1663152,-14.9831,-72.9366
1344639,-15.13055028,-72.90365938
313981,-15.13055028,-72.90365938
678722,-15.12889602,-72.90475606
1117944,-15.09134743,-72.87243851
736033,-15.1102719,-72.89272643
1560603,-15.110272,-72.892726
1492792,-15.07245969,-72.88400795
314237,-15.07245969,-72.88400795
3961151,-15.072455,-72.883977
1253749,-15.07078845,-72.68957189
1560612,-15.07078845,-72.68957189
1617869,-14.93061914,-72.72027649
287425,-14.93061914,-72.72027649
3057312,-14.95071564,-72.7169514
314252,-14.95071564,-72.7169514
1253707,-14.95071564,-72.7169514
1558923,-14.88036996,-72.67209952
314245,-14.88036996,-72.67209952
314260,-14.98697555,-72.71435913
1116052,-14.98708305,-72.7141327
1762020,-14.93611,-72.7126
314278,-15.0292,-72.7042
1589811,-15.0292,-72.7042
1558881,-14.94601111,-72.45753636
220285,-14.94601111,-72.45753636
3057320,-14.94601111,-72.45753636
1492784,-15.08155377,-72.71117716
314286,-15.08155377,-72.71117716
891408,-15.0599261,-72.68984104
314013,-15.0599261,-72.68984104
3869347,-15.060614,-72.691995
472092,-15.06057153,-72.69198174
844746,-14.90265401,-72.60713307
3984719,-14.90265401,-72.60713307
314294,-15.04393907,-72.70477075
1253665,-15.04482831,-72.7045779
314310,-15.2571,-73.0513
3057544,-15.2571,-73.0513
1800176,-15.32367,-73.05767
314302,-15.32367,-73.05767
314344,-15.27424,-73.0222
1800184,-15.27424,-73.0222
314039,-15.3441,-73.2502
1558907,-15.3214,-73.2212
1415975,-15.3214,-73.2212
314021,-15.3214,-73.2212
1566336,-15.32035,-73.22091
314047,-15.323806,-73.2388
314351,-15.3333,-73.2313
589531,-15.35872,-73.2364
314054,-15.35872,-73.2364
891259,-15.3564,-73.2349
3950456,-15.35637,-73.234777
286641,-15.1938,-72.8107
314096,-15.19051625,-72.83312221
1344605,-15.18896688,-72.83367455
612507,-15.17256771,-72.82977816
314070,-15.17256771,-72.82977816
655910,-15.17265853,-72.8309959
1566309,-15.172719,-72.830957
286658,-15.25540924,-72.90866545
314120,-15.3241,-73.0126
286674,-15.58883,-73.09161
216689,-15.301,-73.0106
287417,-15.373,-73.0373
314336,-15.331395,-73.034552
286690,-15.25357064,-72.92983558
314104,-15.26463631,-72.93022128
655787,-15.26463631,-72.93022128
678748,-15.26441097,-72.92827768
