Latitud,Longitud,Nombre_del_colegio,Alumnos_matriculados,Brecha_total_estimada_en_soles,Ratio_de_demolicion,Nombre_de_la_IE,Matriculados,Total_de_mesas_unipersonales,Total_de_mesas_unipersonales_en_mal_estado,Total_de_mesas_multiples,Total_de_mesas_multiples_en_mal_estado,Total_de_sillas,Total_de_sillas_en_mal_estado,Total_de_pizarras,Total_de_pizarras_en_mal_estado,Total_de_carpetas_unipersonales,Total_de_carpetas_bipersonales,Condicion_del_servicio_de_agua,Condicion_del_servicio_de_alcantarillado,Condicion_del_servicio_de_energia_electrica,Acceso_a_internet
-16.33,-71.55,JOSE CARUANA,172,"1.958.234,8","5,9%",167,8,0,0,30,0,35,0,3,0,0,0,Inadecuado,Inadecuado,Adecuado,Sí
-16.39,-71.53,40001 LUIS H. BOURONCLE,445,"5.186.627,6","0,0%",190,30,0,0,9,0,37,0,3,0,0,0,Adecuado,Adecuado,Adecuado,Sí
-16.41,-71.54,40002 AL AIRE LIBRE/40002 AL AIRE LIBRE,321,"897.932,0","0,0%",24136,9,0,0,16,0,20,0,2,0,0,0,Inadecuado,Inadecuado,Adecuado,Sí
-16.41,-71.52,40007 GILBERTO OCHOA GALDOS/40007 GILBERTO OCHOA GALDOS,170,"3.002.442,6","1,4%",24138,49,4,0,0,0,49,0,6,0,0,33,Adecuado,Adecuado,Adecuado,No
-16.42,-71.55,SANTO DOMINGO DE GUZMAN/SANTO DOMINGO DE GUZMAN/SANTO DOMINGO DE GUZMAN,55,"1.237.986,4","0,0%",24092,44,0,0,0,0,65,0,5,0,0,65,Adecuado,Adecuado,Adecuado,No
-16.41,-71.54,VICTORIA BARCIA BONIFFATTI,94,"1.206.066,8","0,0%",24134,1,7,1,0,0,10,1,1,0,7,0,Adecuado,Sin acceso,Adecuado,Sí
-16.40,-71.54,40015 VALLECITO,150,"1.297.861,4","0,0%",24137,1,15,0,10,0,24,0,2,0,0,0,Adecuado,Inadecuado,Adecuado,Sí
-16.39,-71.54,SANTA MONICA,63,"3.027.102,4","0,0%",24377,2,8,0,0,0,8,0,2,0,0,0,Inadecuado,Inadecuado,Inadecuado,Sí
-16.43,-71.56,NUESTRA SEÑORA DE LOURDES/NUESTRA SEÑORA DE LOURDES/NUESTRA SEÑORA DE LOURDES,576,"3.278.500,9","0,0%",24402,2,20,2,0,0,19,0,1,1,0,0,Adecuado,Adecuado,Adecuado,Sí
-16.42,-71.54,40025 SANTA DOROTEA/40025 SANTA DOROTEA,324,"531.249,3","0,0%",24600,1,5,1,4,1,6,2,1,0,0,0,Inadecuado,Inadecuado,Adecuado,Sí
-16.40,-71.54,40042 REPUBLICA DE FRANCIA/40042 REPUBLICA DE FRANCIA,103,"2.012.791,1","4,9%",CESAR VALLEJO,37,24,0,0,0,24,4,5,1,14,0,Adecuado,Adecuado,Adecuado,No
-16.42,-71.55,POLIVALENTE/POLIVALENTE/POLIVALENTE,115,"4.798.479,4","2,0%",MARISCAL ANTONIO JOSE DE SUCRE,52,0,0,56,0,109,0,6,2,0,0,Adecuado,Adecuado,Adecuado,No
-16.41,-71.53,41003 ALMIRANTE MIGUEL GRAU/41003 ALMIRANTE MIGUEL GRAU,202,"2.735.595,0","13,7%",PAICO/166,38,0,0,6,0,7,0,1,0,1,0,Adecuado,Adecuado,Adecuado,No
-16.41,-71.54,41005 HEROES DE ANGAMOS,107,"1.537.184,7","0,0%",165,11,0,0,3,0,12,0,1,0,0,0,Inadecuado,Adecuado,Adecuado,Sí
-16.40,-71.55,40165 SAN JUAN BAUTISTA DE LA SALLE/40165 SAN JUAN BAUTISTA DE LA SALLE,1.080,"5.900.120,6","0,0%",24140,26,45,0,0,0,45,0,3,0,0,0,Adecuado,Adecuado,Adecuado,No
-16.40,-71.52,41008 MANUEL MUÑOZ NAJAR/41008 MANUEL MUÑOZ NAJAR,802,"6.719.854,9","5,8%",24143,26,0,0,0,0,42,0,2,0,12,0,Adecuado,Adecuado,Adecuado,No
-16.40,-71.54,NUESTRA SEÑORA DEL PILAR/NUESTRA SEÑORA DEL PILAR,64,"6.252.613,6","0,0%",NUESTRA SEÑORA VIRGEN DEL CARMEN,18,80,0,0,0,80,0,5,0,0,0,Adecuado,Adecuado,Adecuado,No
-16.40,-71.54,41014 FORTUNATA GUTIERREZ DE BERNEDO/41014 FORTUNATA GUTIERREZ DE BERNED,259,"1.563.288,0","0,0%",195 LARCAY,31,0,0,0,0,41,0,3,2,0,18,Adecuado,Adecuado,Adecuado,Sí
-16.42,-71.51,NUESTRA SEÑORA DE LA ASUNCION,608,"531.664,4","0,0%",24129,60,66,0,4,0,67,0,6,0,0,0,Adecuado,Adecuado,Adecuado,Sí
-16.40,-71.53,PRONOE ESTUDIOS INDEPENDIENTES/41019 REPUBLICA DE VENEZUELA,333,"5.559.403,4","0,0%",24130,11,20,0,0,0,8,0,2,0,0,0,Inadecuado,Inadecuado,Adecuado,Sí
-16.39,-71.53,AREQUIPA/AREQUIPA,1.057,"5.029.321,4","0,0%",24132,37,37,0,15,0,54,0,8,0,36,13,Adecuado,Adecuado,Adecuado,No
-16.40,-71.54,ESCUELA NACIONAL DE ARTE CARLOS BACA FLOR DE AREQUIPA,350,"5.040.366,7","20,2%",24399,6,12,0,0,0,12,0,2,0,0,0,Inadecuado,Adecuado,Adecuado,Sí
-16.41,-71.53,INDEPENDENCIA AMERICANA/INDEPENDENCIA AMERICANA/INDEPENDENCIA AMERICANA,1.404,"2.804.778,2","0,0%",TUPAC AMARU II,51,18,0,0,0,58,0,5,0,0,21,Adecuado,Adecuado,Adecuado,No
-16.41,-71.54,NICOLAS DE PIEROLA,40,"885.668,7","0,0%",191,17,0,0,6,0,20,0,2,0,0,0,Adecuado,Adecuado,Adecuado,Sí
-16.41,-71.54,JUANA CERVANTES DE BOLOGNESI,738,"0,0","0,0%",228,2,7,3,0,0,15,11,0,0,0,0,Adecuado,Inadecuado,Adecuado,Sí
-16.40,-71.52,LA NEGRITA,176,"3.518.030,2","0,0%",24152,7,0,0,4,0,10,0,1,0,0,0,Adecuado,Adecuado,Adecuado,Sí
-16.40,-71.53,MICAELA BASTIDAS/MICAELA BASTIDAS/MICAELA BASTIDAS,880,"6.655.761,2","8,3%",24153,14,20,3,3,0,20,2,2,0,0,0,Adecuado,Adecuado,Adecuado,Sí
-16.39,-71.53,CUNA HOSPITAL GOYENECHE,102,"3.166.556,4","100,0%",24154,16,20,0,20,0,0,0,1,0,0,0,Adecuado,Adecuado,Adecuado,Sí
-16.39,-71.53,40020 ESCUELA ECOLOGICA URBANA/40020 ESCUELA ECOLOGICA URBANA,353,"5.469.654,9","49,3%",24155,11,0,0,8,0,16,0,2,0,0,0,Adecuado,Adecuado,Adecuado,Sí
-16.39,-71.53,AMISTAD PERUANO FRANCESA,130,"3.987.679,1","24,2%",24156,37,44,0,6,0,44,0,5,0,0,0,Adecuado,Adecuado,Adecuado,No
-16.41,-71.54,MARIA INMACULADA/MARIA INMACULADA/MARIA INMACULADA,282,"2.171.525,4","0,0%",24602,4,6,0,0,0,6,6,2,1,6,0,Adecuado,Inadecuado,Adecuado,Sí
-16.40,-71.54,SANTA ROSA DE VITERBO/SANTA ROSA DE VITERBO/SANTA ROSA DE VITERBO,982,,,EL AMAUTA,46,51,0,0,0,51,0,5,0,0,0,Adecuado,Adecuado,Adecuado,No
-16.40,-71.54,LA RECOLETA,114,"2.821.999,5","0,0%",192,9,0,0,6,0,12,0,1,1,0,0,Adecuado,Adecuado,Adecuado,Sí
-16.40,-71.54,PADRE DAMIAN DE LOS SAGRADOS CORAZONES/PADRE DAMIAN DE LOS SAGRADOS CORAZONES/PADRE DAMIAN DE LOS SAGRADOS CORAZONES,1.076,"6.847.911,9","0,0%",215,3,4,0,3,0,5,0,1,0,0,0,Inadecuado,Adecuado,Adecuado,Sí
-16.40,-71.53,MISION SOCIAL SAN MARTIN DE PORRES,193,"2.020.204,9","0,0%",24144,6,10,0,5,0,15,0,1,0,7,10,Adecuado,Adecuado,Adecuado,Sí
-16.38,-71.52,40003 SANTISIMA VIRGEN DEL CARMEN/40003 SANTISIMA VIRGEN DEL CARMEN/40003 SANTISIMA VIRGEN DEL CARMEN,599,"5.387.650,4","0,0%",24400,1,2,0,3,0,1,0,1,0,1,1,Inadecuado,Sin acceso,Inadecuado,Sí
-16.38,-71.52,40024 MANUEL GONZALES PRADA/40024 MANUEL GONZALES PRADA/40024 MANUEL GONZALES PRADA/40024 MANUEL GONZALES PRADA,224,"6.996.977,2","100,0%",24428,1,2,0,2,0,5,0,1,1,0,0,Inadecuado,Sin acceso,Inadecuado,No
-16.37,-71.51,40028 GUILLERMO MERCADO BARROSO/40028 GUILLERMO MERCADO BARROSO/40028 GUILLERMO MERCADO BARROSO/40028 GUILLERMO MERCADO BARROSO,667,"4.264.624,3","0,0%",RICARDO PALMA CARRILLO/24146,30,,,,,,,,,,,Adecuado,Adecuado,Adecuado,No
-16.36,-71.52,40029 LUDWING VAN BEETHOVEN/40029 LUDWING VAN BEETHOVEN/40029 LUDWING VAN BEETHOVEN/40029 LUDWING VAN BEETHOVEN,1.405,"8.932.830,6","0,0%",INCA GARCILASO DE LA VEGA/226/24410 INCA GARCILAZO DE LA VEGA,80,105,22,10,2,131,28,12,8,0,0,Adecuado,Adecuado,Adecuado,No
-16.37,-71.51,40034 MARIO VARGAS LLOSA/40034 MARIO VARGAS LLOSA,533,"4.037.731,4","0,0%",169,29,,,,,,,,,,,Inadecuado,Inadecuado,Adecuado,No
-16.37,-71.51,40222 DIEGO THOMSON/40222 DIEGO THOMSON/40222 DIEGO THOMSON,506,"4.888.074,9","0,0%",24095 NOZAR OROSCO BULEJE,106,132,0,0,0,132,0,12,0,0,0,Adecuado,Adecuado,Adecuado,No
-16.37,-71.51,40261 TOMAS GUZMAN GOMEZ/40261 TOMAS GUZMAN GOMEZ,140,"1.104.577,9","0,0%",24385,3,0,0,5,0,5,0,1,0,0,0,Inadecuado,Sin acceso,Inadecuado,Sí
-16.37,-71.52,40657,78,"527.946,2","0,0%",24603,4,4,4,3,0,5,0,1,1,4,3,Inadecuado,Sin acceso,Inadecuado,Sí
-16.39,-71.53,41035 NICANOR RIVERA CACERES/41035 NICANOR RIVERA CACERES,231,"2.126.176,3","0,0%",SORAS/SORAS,3,0,0,8,0,18,0,1,0,0,0,Adecuado,Adecuado,Adecuado,Sí
-16.38,-71.53,AUVERGNE PERU-FRANCIA/AUVERGNE PERU-FRANCIA,67,"5.320.613,2","0,0%",JOSE MARIA ARGUEDAS,94,150,150,0,0,150,150,12,12,0,0,Adecuado,Adecuado,Adecuado,No
-16.37,-71.51,APURIMAC,99,"587.646,7","21,6%",SORAS,32,0,0,4,0,12,0,1,0,0,0,Adecuado,Adecuado,Adecuado,No
-16.36,-71.52,INDEPENDENCIA A,96,"828.112,8","0,0%",HATUN SORAS,50,75,0,0,0,75,0,3,0,0,0,Adecuado,Adecuado,Adecuado,No
-16.37,-71.52,FAP.MARCO ANTONIO SCHENONE OLIVA,70,"0,0","0,0%",218,34,0,0,17,0,45,0,3,0,0,0,Adecuado,Adecuado,Adecuado,No
-16.37,-71.52,INDEPENDENCIA B-1,73,"836.086,1","9,2%",430-2,46,0,0,10,0,64,0,2,0,0,0,Adecuado,Adecuado,Adecuado,No
-16.39,-71.53,MILITAR FRANCISCO BOLOGNESI,454,"0,0","0,0%",38454 MARTIRES DE LA EDUCACION,60,10,0,20,0,100,0,10,0,0,0,Adecuado,Adecuado,Adecuado,No
-16.37,-71.50,SAN LUIS STROMME,88,"1.672.939,5","0,0%",38455 NUESTRA SEÑORA DEL CARMEN,110,94,0,0,0,159,9,12,0,90,70,Adecuado,Adecuado,Adecuado,No
-16.36,-71.52,VILLA ASUNCION,85,"874.979,5","0,0%",38499,6,26,0,1,0,26,0,1,0,0,0,Adecuado,Inadecuado,Adecuado,Sí
-16.38,-71.53,40686 MI DIVINO NIÑO JESUS/40686 MI DIVINO NIÑO JESUS,188,"5.823.341,2","0,0%",BASILIO AUQUI,157,221,0,0,0,238,0,14,0,0,0,Adecuado,Adecuado,Adecuado,No
-16.38,-71.52,NUESTRA SEÑORA DE GUADALUPE/NUESTRA SEÑORA DE GUADALUPE/NUESTRA SEÑORA DE GUADALUPE,476,"5.343.222,8","0,0%",PERU - COREA DEL SUR,169,0,0,0,0,6,0,6,0,0,0,Adecuado,Adecuado,Adecuado,No
-16.38,-71.52,SAN JOSE OBRERO/SAN JOSE OBRERO/SAN JOSE OBRERO,322,"3.495.715,0","0,0%",318,7,0,0,5,0,15,0,1,0,0,0,Adecuado,Adecuado,Adecuado,Sí
-16.38,-71.52,SAN MARTIN DE PORRES/SAN MARTIN DE PORRES/SAN MARTIN DE PORRES,833,"0,0","0,0%",348,17,0,0,14,0,26,0,2,0,0,0,Adecuado,Adecuado,Adecuado,Sí
-16.36,-71.52,SAN RAFAEL,92,"1.349.643,1","0,0%",38456,60,63,0,6,0,69,0,6,0,0,0,Adecuado,Adecuado,Adecuado,No
-16.39,-71.52,SANTA ROSA DE LIMA Y LAS AMERICAS/SANTA ROSA DE LIMA Y LAS AMERICAS,259,"2.094.316,0","0,0%",38457 PEDRO JERONIMO QUISPE MUCHA/38457 PEDRO JERONIMO QUISPE MUCHA,50,33,0,0,0,33,0,5,5,0,0,Adecuado,Adecuado,Adecuado,No
-16.39,-71.52,SANTA ROSA DE LIMA,343,"2.580.457,4","0,0%",38458,38,37,0,0,0,37,0,4,0,0,0,Adecuado,Adecuado,Adecuado,No
-16.34,-71.54,40040 JOSE TRINIDAD MORAN/40040 JOSE TRINIDAD MORAN,465,"8.580.915,2","21,7%",38503,1,22,0,5,0,43,0,1,0,0,0,Inadecuado,Adecuado,Adecuado,Sí
-16.36,-71.54,40046 JOSE L.CORNEJO A./40046 JOSE L.CORNEJO A.,577,"5.467.854,4","37,2%",38504,3,9,0,0,0,25,0,1,0,2,0,Inadecuado,Adecuado,Adecuado,Sí
-16.35,-71.54,40049 CORONEL FRANCISCO BOLOGNESI CERVANTES/40049 CORONEL FRANCISCO BOLOGNESI CERVANTES/40049/40049 CORONEL FRANCISCO BOLOGNESI CERVANTES,877,"10.523.208,4","19,1%",38505,1,5,0,0,0,5,0,1,1,0,0,Inadecuado,Inadecuado,Adecuado,Sí
-16.35,-71.55,VILLA CONTINENTAL,50,"1.208.297,5","38,1%",38572,1,12,0,0,0,12,0,1,0,12,4,Adecuado,Inadecuado,Adecuado,Sí
-16.35,-71.55,40050 EL GRAN HEROE ANDRES AVELINO CACERES/40050 EL GRAN HEROE ANDRES AVELINO CACERES,125,"1.928.088,5","0,0%",CRISTOBAL YANQUI,40,45,0,0,0,45,0,5,0,0,0,Adecuado,Adecuado,Adecuado,No
-16.37,-71.54,PRITE SAGRADA FAMILIA,53,"4.575.644,1","29,8%",354,5,0,0,2,0,8,0,1,0,0,0,Adecuado,Adecuado,Adecuado,Sí
-16.35,-71.55,40052 EL PERUANO DEL MILENIO ALMIRANTE MIGUEL GRAU/40052 EL PERUANO DEL MILENIO ALMIRANTE MIGUEL GRAU,577,"7.970.755,1","1,1%",343,11,,,,,,,,,,,Adecuado,Adecuado,Adecuado,Sí
-16.39,-71.55,40081 CESAR AUGUSTO MAZEIRA ACOSTA/40081 MIGUEL CESAR AUGUSTO MAZEYRA ACOSTA,274,"4.325.686,9","0,0%",38459,45,43,0,0,0,43,0,3,0,0,0,Adecuado,Inadecuado,Adecuado,No
-16.35,-71.55,40606 SEUL,239,"0,0","0,0%",38509,2,10,2,15,1,14,1,1,0,15,7,Adecuado,Adecuado,Adecuado,Sí
-16.35,-71.55,SAN BENITO DE PALERMO,126,"3.572.044,4","33,4%",38510,5,10,0,0,0,21,0,2,0,0,0,Adecuado,Inadecuado,Adecuado,Sí
-16.36,-71.55,40618 MONSEÑOR JOSE DE PIRO D' AMICO INGUANEZ/40618/40618 MONSEÑOR JOSE DE PIRO D'AMICO INGUANEZ,328,"5.422.083,3","0,0%",38807,1,3,0,0,0,3,0,1,0,3,3,Inadecuado,Sin acceso,Adecuado,Sí
-16.34,-71.54,40654/40654,262,"0,0","0,0%",SAN ESTEBAN,24,25,0,0,0,25,0,7,0,0,0,Adecuado,Adecuado,Adecuado,No
-16.33,-71.54,40669 DEAN VALDIVIA/40669 DEAN VALDIVIA/40669 DEAN VALDIVIA,617,"5.648.529,6","1,9%",430,4,0,0,4,0,10,0,1,0,0,0,Adecuado,Sin acceso,Adecuado,Sí
-16.35,-71.56,41024 MANUEL GALLEGOS SANZ,203,"3.381.822,1","0,0%",38460,6,7,0,0,0,31,0,1,0,0,0,Adecuado,Adecuado,Adecuado,Sí
-16.36,-71.54,REPUBLICA DE MALTA,44,"901.037,1","0,0%",38461,9,13,0,0,0,13,0,5,0,0,0,Adecuado,Adecuado,Adecuado,Sí
-16.35,-71.55,BUENOS AIRES,69,"1.342.114,7","0,0%",38506,3,20,0,0,0,30,0,1,0,20,0,Adecuado,Adecuado,Adecuado,Sí
-16.35,-71.55,CASIMIRO CUADROS I,75,"212.629,1","0,0%",227,22,24,0,0,0,24,0,3,0,0,0,Adecuado,Adecuado,Adecuado,Sí
-16.35,-71.55,CASIMIRO CUADROS II,31,"602.706,7","0,0%",344,49,0,0,27,0,65,0,5,0,0,0,Inadecuado,Adecuado,Adecuado,No
-16.38,-71.55,CAYMA,85,"1.788.189,9","0,0%",423,37,0,0,20,0,42,0,3,0,0,0,Adecuado,Adecuado,Adecuado,Sí
-16.35,-71.54,FRANCISCO BOLOGNESI,76,"247.769,1","0,0%",38463,42,60,0,22,12,65,0,5,0,0,0,Adecuado,Adecuado,Adecuado,No
-16.39,-71.55,HONORIO DELGADO ESPINOZA/HONORIO DELGADO ESPINOZA,1.310,"1.117.066,6","0,0%",38464,161,,,,,,,,,,,Inadecuado,Adecuado,Adecuado,No
-16.39,-71.55,HONORIO DELGADO ESPINOZA,1.564,"10.542.797,2","0,0%",38466,75,75,0,0,0,70,0,6,0,0,0,Adecuado,Inadecuado,Adecuado,No
-16.34,-71.55,JOSE CARLOS MARIATEGUI,27,"636.557,3","28,2%",38908,8,14,0,4,0,20,0,1,0,0,0,Inadecuado,Adecuado,Sin acceso,Sí
-16.38,-71.54,MAYTA CAPAC/MAYTA CAPAC/MAYTA CAPAC/MAYTA CAPAC,634,"5.430.828,2","0,0%",38923,2,10,0,0,0,10,0,0,0,0,0,Adecuado,Inadecuado,Sin acceso,Sí
-16.34,-71.54,JOSE OLAYA,127,"166.962,6","0,0%",GONZALES PRADA,37,42,5,0,0,42,3,5,0,0,0,Adecuado,Adecuado,Adecuado,No
-16.36,-71.55,LA TOMILLA,85,"1.724.149,2","45,1%",SAN AGUSTIN,120,0,0,178,0,178,0,8,0,0,0,Adecuado,Adecuado,Adecuado,No
-16.36,-71.55,LA TOMILLA CTE.16,43,"1.003.730,6","11,9%",PIEDAD PAREJA DE PFLUCKER,9,10,0,0,0,10,0,1,0,0,0,Adecuado,Sin acceso,Adecuado,Sí
-16.35,-71.55,LAS MALVINAS,64,"1.725.322,8","44,4%",CATALINA HUANCA,13,14,0,5,0,14,0,5,0,15,0,Inadecuado,Inadecuado,Adecuado,No
-16.35,-71.54,DEAN VALDIVIA,191,"1.526.004,1","13,0%",322,15,0,0,12,12,24,24,2,0,0,0,Adecuado,Adecuado,Adecuado,Sí
-16.33,-71.54,40687 FELIX RIVAS GONZALEZ/40687 FELIX RIVAS GONZALEZ,193,"4.161.227,3","17,6%",38473,47,91,0,0,0,71,0,6,0,0,0,Inadecuado,Adecuado,Adecuado,No
-16.39,-71.55,EL AVE MARIA/EL AVE MARIA,190,"3.792.047,6","100,0%",38513,7,55,0,25,0,55,0,6,0,0,0,Adecuado,Adecuado,Adecuado,Sí
-16.34,-71.55,EL PIONERO G-2/EL PIONERO G-2,370,"6.971.447,5","34,7%",38571,5,30,0,0,0,60,0,1,0,0,0,Adecuado,Adecuado,Adecuado,Sí
-16.35,-71.54,LEON XIII/LEON XIII/LEON XIII,921,"10.704.273,5","2,2%",39502-1,3,22,3,0,0,24,0,3,0,0,0,Adecuado,Inadecuado,Adecuado,Sí
-16.35,-71.54,NUESTRA SRA. DE LA CANDELARIA/NUESTRA SRA. DE LA CANDELARIA,35,"4.123.371,0","0,0%",RICARDO PALMA,73,81,0,0,0,81,0,5,0,81,0,Inadecuado,Adecuado,Adecuado,No
-16.39,-71.55,CRIP SAN JUAN DE DIOS/CRIP SAN JUAN DE DIOS,87,"8.016.281,5","0,0%",220,21,0,0,11,0,24,0,2,0,0,0,Inadecuado,Adecuado,Adecuado,Sí
-16.33,-71.55,SAN JOSE DE CALASANZ/SAN JOSE DE CALASANZ/SAN JOSE DE CALASANZ,403,"0,0","0,0%",345,7,14,0,0,0,60,0,1,1,0,0,Adecuado,Adecuado,Adecuado,Sí
-16.36,-71.54,AREQUIPA,1.118,"6.814.282,6","3,9%",38516,8,60,0,0,0,60,0,2,0,0,0,Adecuado,Adecuado,Adecuado,Sí
-16.33,-71.54,KENNETH E. HAGIN/KENNETH E. HAGIN,217,"4.663.982,7","0,0%",38517,28,37,0,0,0,38,2,5,0,0,0,Adecuado,Inadecuado,Adecuado,No
-16.35,-71.56,40035 V.A. BELAUNDE/40035 V.A. BELAUNDE,1.358,"0,0","0,0%",38475,55,63,0,0,0,63,0,6,0,0,0,Adecuado,Adecuado,Adecuado,No
-16.32,-71.59,40044 SAN MARTIN DE PORRES,670,"6.120.936,3","6,7%",38477,24,29,3,0,0,29,11,3,0,0,0,Adecuado,Adecuado,Adecuado,Sí
-16.35,-71.57,40053 MANUEL A. TAPIA FUENTES/40053 MANUEL A. TAPIA FUENTES,411,"2.173.814,6","0,0%",JOSE MARIA ARGUEDAS,57,58,22,0,0,58,0,5,5,58,0,Inadecuado,Adecuado,Adecuado,No
-16.33,-71.58,VILLA LAS CANTERAS,84,"1.361.165,1","0,0%",339,23,8,0,9,0,28,0,2,0,0,0,Adecuado,Adecuado,Adecuado,Sí
-16.35,-71.56,40055 ROMEO LUNA VICTORIA/40055 ROMEO LUNA VICTORIA,983,"7.261.473,5","0,0%",38481,60,70,0,0,0,70,0,6,6,0,0,Adecuado,Adecuado,Adecuado,No
-16.39,-71.57,40056 HORACIO ZEVALLOS GAMEZ/40056 HORACIO ZEBALLOS GAMEZ/40056 HORACIO ZEVALLOS GAMEZ,677,"4.291.870,1","0,0%",38518,17,30,0,0,0,30,0,3,0,0,0,Adecuado,Sin acceso,Adecuado,No
-16.39,-71.57,TUPAC AMARU,46,"508.313,3","0,0%",38519,27,28,0,0,0,28,0,3,0,0,0,Adecuado,Adecuado,Adecuado,No
-16.38,-71.55,40057 SANTISIMA VIRGEN DEL ROSARIO,159,"2.256.424,1","0,0%",38521 MICAELA BASTIDAS PUYUCAWA,30,38,0,0,0,38,0,4,0,0,0,Adecuado,Adecuado,Adecuado,No
-16.38,-71.57,40058 IGNACIO ALVAREZ THOMAS,243,"2.889.485,8","11,5%",SAN FELIPE SANTIAGO,92,66,66,9,9,83,83,5,5,0,0,Adecuado,Inadecuado,Adecuado,No
-16.35,-71.56,VICTOR ANDRES BELAUNDE,175,"0,0","0,0%",228,31,0,0,30,0,30,0,3,0,0,0,Inadecuado,Adecuado,Adecuado,Sí
-16.39,-71.57,GRAN PACHACUTEC,240,"2.902.149,6","7,2%",337,16,0,0,13,2,18,0,2,0,0,0,Adecuado,Adecuado,Adecuado,Sí
-16.39,-71.55,40061 ESTADO DE SUECIA/40061 ESTADO DE SUECIA,299,"2.404.847,4","0,0%",422,19,5,0,0,0,5,0,1,0,5,0,Adecuado,Adecuado,Adecuado,Sí
-16.35,-71.57,40103 LIBERTADORES DE AMERICA/40103 LIBERTADORES DE AMERICA,1.212,"13.948.876,3","0,0%",38484,49,90,0,0,0,90,0,10,4,0,0,Adecuado,Adecuado,Adecuado,No
-16.40,-71.57,40106 JUAN SANTOS ATAHUALPA/40106 JUAN SANTOS ATAHUALPA,345,"0,0","0,0%",38482 SANTO DOMINGO/38482 SANTO DOMINGO,103,42,0,42,0,82,0,6,6,0,0,Adecuado,Adecuado,Adecuado,No
-16.32,-71.59,40141,178,"1.190.830,7","0,0%",CESAR VALLEJO,66,60,0,0,0,60,0,5,0,60,0,Adecuado,Adecuado,Adecuado,No
-16.37,-71.57,PRITE SEMI RURAL PACHACUTEC,45,"5.835.709,5","17,5%",323,21,0,0,10,0,22,0,3,0,0,0,Adecuado,Adecuado,Adecuado,Sí
-16.34,-71.59,40671,198,"1.512.115,5","0,0%",38478 SAN MARTIN DE PORRES,82,96,0,0,0,90,0,6,0,0,0,Adecuado,Adecuado,Adecuado,No
-16.37,-71.56,41025 200 MILLAS PERUANAS,277,"2.710.374,1","0,0%",38479 VIRGEN DE FATIMA,44,44,0,0,0,44,0,6,0,0,0,Inadecuado,Adecuado,Adecuado,No
-16.38,-71.56,41026 MARIA MURILLO DE BERNAL/41026 MARIA MURILLO DE BERNAL,1.076,"9.923.532,0","0,0%",38480,41,84,0,12,0,84,0,6,6,0,0,Adecuado,Inadecuado,Adecuado,No
-16.39,-71.58,ALTO VICTORIA,57,"805.502,7","0,0%",JOSE CARLOS MARIATEGUI,162,248,0,0,0,248,0,14,3,0,0,Adecuado,Adecuado,Adecuado,No
-16.39,-71.58,CIUDAD MUNICIPAL,159,"772.591,0","0,0%",324,37,0,0,20,0,49,0,4,0,0,0,Adecuado,Adecuado,Adecuado,No
-16.32,-71.59,CIUDAD MUNICIPAL,189,"2.375.431,7","0,0%",430-1,8,0,0,10,4,40,10,1,0,0,0,Inadecuado,Inadecuado,Adecuado,Sí
-16.39,-71.58,SEMI RURAL PACHACUTEC,95,"1.957.808,7","0,0%",430-3,13,0,0,4,0,30,0,2,0,4,0,Adecuado,Adecuado,Adecuado,Sí
-16.39,-71.55,12 DE OCTUBRE,58,"1.477.587,6","0,0%",38494,132,143,0,0,0,143,0,11,0,143,0,Adecuado,Adecuado,Adecuado,No
-16.40,-71.57,JOSE SANTOS ATAHUALPA,110,"2.178.294,0","0,0%",38530 JOSE RODOLFO SABOGAL WIESE,96,109,0,17,0,116,0,9,0,0,1,Adecuado,Inadecuado,Adecuado,Sí
-16.38,-71.56,40054 JUAN DOMINGO ZAMACOLA Y JAUREGUI/40054 JUAN DOMINGO ZAMACOLA Y JAUREGUI/40054 JUAN DOMINGO ZAMACOLA Y JAUREGUI/40054 JUAN DOMINGO ZAMACOLA Y JAUREGUI,1.189,"10.644.999,5","0,0%",38532,16,81,0,0,0,88,0,6,0,0,0,Inadecuado,Inadecuado,Adecuado,No
-16.38,-71.56,LA LIBERTAD,260,"4.073.933,3","9,5%",38495,26,25,11,0,0,25,10,4,4,25,0,Adecuado,Adecuado,Adecuado,No
-16.39,-71.57,MARISCAL CASTILLA,63,"1.475.289,1","0,0%",38651,22,39,0,0,0,39,0,3,0,0,0,Adecuado,Inadecuado,Adecuado,Sí
-16.38,-71.56,NUESTRA SRA. DE LOS DOLORES,455,"9.363.301,8","0,0%",38985,19,30,10,0,0,30,10,2,0,0,0,Adecuado,Adecuado,Adecuado,Sí
-16.35,-71.56,ZAMACOLA,194,"3.586.783,5","0,0%",NUESTRA SEÑORA DE ASUNCION,130,360,60,0,0,360,60,15,3,0,0,Adecuado,Adecuado,Adecuado,No
-16.39,-71.56,PACHACUTEC VIEJO,9,"915.116,7","40,9%",SAN CRISTOBAL,60,60,0,0,0,60,0,5,0,0,0,Adecuado,Adecuado,Adecuado,No
-16.38,-71.55,PAUL HARRIS/PAUL HARRIS,76,"6.767.630,3","0,0%",372,22,0,0,9,0,20,0,2,0,0,0,Adecuado,Adecuado,Adecuado,Sí
-16.35,-71.57,RIO SECO,137,"3.315.228,3","51,0%",38496,40,73,0,0,0,73,0,6,6,73,0,Adecuado,Adecuado,Adecuado,No
-16.32,-71.59,CRISTO MORADO,292,"4.769.006,6","13,3%",38534 URANCANCHA -VILCANCHOS/38534 URANCANCHA -VILCANCHOS,21,30,0,0,0,30,0,3,3,0,0,Adecuado,Adecuado,Adecuado,Sí
-16.34,-71.59,NUEVA AREQUIPA,79,"1.768.071,7","14,5%",38535,46,49,0,0,0,49,0,5,0,0,0,Inadecuado,Adecuado,Adecuado,No
-16.34,-71.58,40677 SAN MIGUEL FEBRES CORDERO/40677 SAN MIGUEL FEBRES CORDERO,584,"6.490.379,4","0,0%",38536 SAN JACINTO VILCANCHOS/38536 SAN JACINTO VILCANCHOS,91,90,0,0,0,41,0,6,0,0,0,Inadecuado,Inadecuado,Adecuado,No
-16.33,-71.58,40688 JESUCRISTO EL SALVADOR/40688 JESUCRISTO EL SALVADOR,232,"4.720.084,8","44,2%",38537,12,13,3,0,0,13,3,1,0,0,0,Inadecuado,Inadecuado,Adecuado,Sí
-16.33,-71.59,40689 ALFREDO RODRIGUEZ BALLON/40689 ALFREDO RODRIGUEZ BALLON,274,"1.414.016,5","0,0%",38538,3,3,0,0,0,7,1,1,0,7,0,Inadecuado,Sin acceso,Adecuado,Sí
-16.33,-71.55,CRISTO REY/CRISTO REY/CRISTO REY,628,"11.681.639,0","25,1%",38602-BUENOS AIRES-VILCANCHOS,8,10,0,3,1,11,0,1,0,0,0,Adecuado,Adecuado,Adecuado,Sí
-16.33,-71.55,EL NAZARENO/EL NAZARENO/EL NAZARENO,317,"6.194.554,3","0,0%",38595,72,,,,,,,,,,,Inadecuado,Inadecuado,Sin acceso,Sí
-16.37,-71.56,NUESTRA SEÑORA DEL DIVINO AMOR,177,"5.962.584,0","100,0%",38966,13,20,0,5,5,20,0,5,4,0,0,Inadecuado,Adecuado,Adecuado,No
-16.40,-71.58,SANTA CATALINA DE SIENA/SANTA CATALINA DE SIENA,233,"3.770.108,9","0,0%",39502-2,2,4,0,0,0,10,0,1,0,0,0,Adecuado,Adecuado,Adecuado,Sí
-16.39,-71.57,SANTO TOMAS DE AQUINO/SANTO TOMAS DE AQUINO/SANTO TOMAS DE AQUINO,694,"7.012.383,6","0,0%",JORGE BASADRE,60,61,0,0,0,61,0,1,0,0,0,Adecuado,Inadecuado,Adecuado,No
-16.33,-71.55,SEÑOR DE HUANCA/SEÑOR DE HUANCA/SEÑOR DE HUANCA,392,"5.542.603,7","0,0%",SAN PEDRO/SAN PEDRO/SAN PEDRO,38,62,0,2,0,70,0,7,0,0,0,Inadecuado,Adecuado,Sin acceso,No
-16.33,-71.58,SAN PIO X/SAN PIO X/SAN PIO X,714,"6.551.540,3","17,3%",23,89,0,0,13,0,0,0,6,6,0,12,Inadecuado,Adecuado,Adecuado,No
-16.47,-71.48,40123 SAN JUAN BAUTISTA,337,"5.348.676,0","0,0%",352,23,0,0,10,0,28,0,1,0,0,0,Adecuado,Adecuado,Adecuado,Sí
-16.46,-71.49,SAN FRANCISCO,106,"0,0","0,0%",380,13,0,0,8,0,15,0,2,1,0,0,Adecuado,Adecuado,Adecuado,Sí
-16.47,-71.49,ANGEL FRANCISCO ALI GUILLEN,348,"5.879.863,0","27,8%",424,20,0,0,23,0,60,0,1,0,0,0,Adecuado,Inadecuado,Adecuado,Sí
-16.47,-71.47,CERRILLO,17,"1.410.791,7","100,0%",425,16,0,0,14,0,100,0,2,0,0,0,Adecuado,Adecuado,Adecuado,No
-16.47,-71.48,CHARACATO,81,"0,0","0,0%",426,10,0,0,20,0,30,0,1,1,0,0,Adecuado,Adecuado,Adecuado,Sí
-16.47,-71.49,MARIA DE LA ESPERANZA/MARIA DE LA ESPERANZA,16,"2.245.212,7","100,0%",38142,258,260,0,0,0,260,0,14,0,100,0,Adecuado,Adecuado,Adecuado,No
-16.40,-71.39,40127 SEÑOR DEL ESPIRITU SANTO/40127 SEÑOR DEL ESPIRITU SANTO,124,"8.370.077,5","76,8%",38143,37,41,0,0,0,39,0,6,0,0,0,Adecuado,Adecuado,Adecuado,No
-16.43,-71.35,40617,2,"857.138,5","100,0%",38144,10,6,0,6,0,18,0,2,0,0,0,Adecuado,Inadecuado,Adecuado,Sí
-16.42,-71.47,40630 VIRGEN DEL CARMEN/40630 VIRGEN DEL CARMEN,167,"2.615.071,1","0,0%",38145,31,37,0,0,0,37,0,5,0,0,0,Adecuado,Adecuado,Adecuado,No
-16.41,-71.38,40637 FERNANDO BELAUNDE TERRY/40637 FERNANDO BELAUNDE TERRY/40637 FERNANDO BELAUNDE TERRY,116,"10.266.077,3","100,0%",38147,20,23,0,0,0,23,0,3,0,0,0,Adecuado,Sin acceso,Adecuado,Sí
-16.41,-71.47,40675 GRAL. VELAZCO ALVARADO/40675 GRAL. VELAZCO ALVARADO/40675 GRAL. VELAZCO ALVARADO,122,"3.383.605,5","0,0%",38149,28,50,0,10,0,66,0,6,0,0,0,Inadecuado,Adecuado,Adecuado,No
-16.40,-71.39,CHIGUATA,9,"579.266,9","100,0%",38150,23,115,0,0,0,115,0,11,0,0,0,Adecuado,Adecuado,Adecuado,No
-16.41,-71.47,40691 SANTO DOMINGO,10,"749.741,1","0,0%",38151,11,30,0,0,0,25,0,2,2,0,0,Adecuado,Adecuado,Adecuado,Sí
-16.45,-71.56,40018 PEDRO VILLENA HIDALGO/40018 PEDRO VILLENA HIDALGO,169,"2.458.509,2","0,0%",38152,22,44,0,11,0,65,0,5,0,0,0,Adecuado,Inadecuado,Adecuado,Sí
-16.46,-71.55,40033 SAN AGUSTIN DE HUNTER/40033 SAN AGUSTIN DE HUNTER,376,"4.318.965,0","0,0%",38219,7,20,0,0,0,20,0,1,0,0,0,Inadecuado,Inadecuado,Adecuado,Sí
-16.44,-71.56,40043 NUESTRA SEÑORA DE LA MEDALLA MILAGROSA/40043 NUESTRA SEÑORA DE LA MEDALLA MILAGROSA/40043 NUESTRA SEÑORA DE LA MEDALLA MILAGROSA,663,"12.172.043,5","52,7%",38220,10,60,0,0,0,60,0,3,0,0,0,Adecuado,Adecuado,Adecuado,Sí
-16.43,-71.55,40089,11,"290.374,6","0,0%",38222,2,0,0,0,0,30,0,1,0,0,0,Adecuado,Sin acceso,Adecuado,Sí
-16.45,-71.57,JUAN MANUEL POLAR,208,"2.620.808,3","0,0%",38224,6,20,0,3,0,20,0,5,0,0,0,Sin acceso,Sin acceso,Adecuado,Sí
-16.44,-71.56,40200 REPUBLICA FEDERAL ALEMANA/40200 REPUBLICA FEDERAL ALEMANA/40200 REPUBLICA FEDERAL ALEMANA,637,"9.297.623,4","12,2%",38225,4,12,0,4,0,20,0,2,0,0,0,Adecuado,Sin acceso,Adecuado,Sí
-16.45,-71.56,SAN JOSE DE JERICO,60,"842.100,5","0,0%",38226,3,13,13,0,0,13,13,2,2,0,0,Adecuado,Adecuado,Adecuado,Sí
-16.45,-71.55,40206/40206,484,"7.705.329,0","11,9%",38227,33,0,0,0,0,36,0,3,0,0,0,Adecuado,Adecuado,Adecuado,Sí
-16.45,-71.56,40207 MARIANO MELGAR VALDIVIESO,796,"8.988.788,6","9,4%",38242,40,50,0,17,0,55,0,6,0,0,0,Adecuado,Sin acceso,Adecuado,Sí
-16.45,-71.56,71 SAN JUAN DE DIOS,110,"1.664.722,5","8,1%",36773,11,28,0,0,0,28,0,2,0,0,0,Adecuado,Adecuado,Adecuado,Sí
-16.45,-71.55,ALTO ALIANZA,172,"4.759.619,0","0,0%",38658,13,20,0,0,0,17,0,2,0,0,0,Adecuado,Inadecuado,Adecuado,No
-16.45,-71.56,ANDRES AVELINO CACERES,69,"2.052.353,3","38,6%",38813,1,9,0,0,0,9,0,1,0,0,0,Adecuado,Inadecuado,Adecuado,Sí
-16.45,-71.55,AUGUSTO FREYRE,68,"2.819.295,9","50,0%",38815,31,55,0,0,0,55,0,5,0,0,0,Adecuado,Adecuado,Adecuado,No
-16.44,-71.56,HUNTER,198,"1.341.355,6","0,0%",39012/MICAELA BASTIDAS,171,124,0,50,0,212,0,14,0,124,50,Adecuado,Adecuado,Adecuado,No
-16.45,-71.55,JUAN PABLO VIZCARDO Y GUZMAN/JUAN PABLO VIZCARDO Y GUZMAN/JUAN PABLO VIZCARDO Y GUZMAN,921,"8.771.121,7","0,0%",GENERAL CORDOVA,404,,,,,,,,,,,Inadecuado,Adecuado,Adecuado,No
-16.45,-71.56,PAMPA DEL CUZCO,34,"781.521,5","17,9%",JOSE SANTOS CHOCANO,30,37,0,0,0,20,0,5,0,0,0,Inadecuado,Inadecuado,Adecuado,No
-16.44,-71.55,VILLA SEVILLA,18,"436.775,9","0,0%",315 LOS ANGELES,20,0,0,17,4,21,4,3,1,0,0,Adecuado,Sin acceso,Adecuado,Sí
-16.44,-71.56,MARIA DE LA MERCED/MARIA DE LA MERCED,286,"4.666.701,7","0,0%",341,10,0,0,4,0,0,0,0,0,0,0,Adecuado,Adecuado,Adecuado,Sí
-16.44,-71.55,NUESTRA SRA.DE LA CONSOLACION/NUESTRA SRA.DE LA CONSOLACION,22,"1.616.960,1","0,0%",374,5,0,0,4,0,10,0,1,0,0,0,Inadecuado,Adecuado,Adecuado,Sí
-16.45,-71.56,SAN ANTONIO MARIA CLARET/SAN ANTONIO MARIA CLARET/SAN ANTONIO MARIA CLARET,982,"10.896.130,2","0,0%",38167,33,0,0,19,0,38,0,4,0,0,0,Adecuado,Adecuado,Adecuado,Sí
-16.42,-71.82,40037 HUMBERTO LEON GARCIA/40037 HUMBERTO LEON GARCIA,368,"5.484.525,0","0,0%",38168,10,14,0,0,0,24,0,2,0,0,0,Adecuado,Adecuado,Adecuado,Sí
-16.57,-71.89,40060 ELIAS AGUIRRE,68,"1.980.761,6","8,9%",38169,5,10,0,0,0,10,0,1,0,10,0,Adecuado,Adecuado,Adecuado,Sí
-16.43,-71.82,40062,490,"0,0","0,0%",38153,42,36,0,56,0,86,0,6,0,36,56,Adecuado,Adecuado,Adecuado,No
-16.45,-71.83,40063,144,"0,0","0,0%",38771,6,10,0,0,0,14,0,1,0,0,0,Adecuado,Sin acceso,Adecuado,Sí
-16.49,-71.85,40064 CAP. FAP RAUL VERA C.,620,"6.329.903,7","3,9%",CIRO ALEGRIA,33,38,0,0,0,38,0,5,0,0,0,Adecuado,Adecuado,Adecuado,No
-16.49,-71.84,EL CRUCE,624,"8.154.686,1","14,5%",SAN GABRIEL,34,35,0,0,0,35,0,5,5,0,0,Adecuado,Adecuado,Adecuado,No
-16.59,-71.93,40065 GLORIOSO HEROES DEL CENEPA/40065 GLORIOSO HEROES DEL CENEPA,419,"14.245.225,9","97,2%",LOS CHANKAS,30,96,14,0,0,96,14,5,5,0,0,Adecuado,Inadecuado,Adecuado,No
-16.43,-71.85,40066,9,"808.662,9","100,0%",26,20,0,0,13,0,23,0,3,0,0,0,Adecuado,Adecuado,Adecuado,Sí
-16.46,-71.85,40067,97,"2.993.645,5","100,0%",38156,59,71,45,0,0,71,0,6,6,0,0,Adecuado,Adecuado,Adecuado,Sí
-16.48,-71.82,40068/40068,314,"0,0","0,0%",38159,9,0,0,0,0,0,0,0,0,0,0,Adecuado,Adecuado,Adecuado,Sí
-16.59,-71.95,40069 SAN AGUSTIN,79,"4.133.303,6","100,0%",38592,8,10,0,8,1,20,6,1,0,10,0,Inadecuado,Inadecuado,Adecuado,Sí
-16.53,-71.92,40093/40093/40093,601,"9.968.932,0","100,0%",38550,7,24,0,0,0,24,0,2,0,0,0,Adecuado,Adecuado,Adecuado,Sí
-16.70,-71.91,40096/40096,169,"7.054.986,1","78,1%",SAN PEDRO,63,0,0,0,0,0,0,6,1,66,0,Inadecuado,Inadecuado,Adecuado,No
-16.58,-71.84,40107 JUAN DE MATA RIVAS OVIEDO,76,"9.260.166,5","0,0%",229,11,0,0,4,0,15,0,1,0,0,0,Adecuado,Adecuado,Adecuado,Sí
-16.42,-71.85,40111,24,"2.921.298,1","100,0%",346,4,0,0,4,0,12,0,1,0,0,0,Adecuado,Adecuado,Adecuado,Sí
-16.51,-71.82,40137 NUESTRA SEÑORA DE LA GLORIA/40137 NUESTRA SEÑORA DE LA GLORIA,300,"0,0","0,0%",38160,49,51,0,6,6,51,0,6,6,0,0,Adecuado,Adecuado,Adecuado,No
-16.69,-71.89,40326 JUAN VELASCO ALVARADO/40326 JUAN VELASCO ALVARADO,446,"15.413.617,8","100,0%",38163,74,105,0,0,0,105,0,7,0,0,0,Adecuado,Adecuado,Adecuado,Sí
-16.42,-71.86,BENITO LAZO,16,"159.797,4","0,0%",38234,3,10,0,10,0,22,0,1,0,0,6,Inadecuado,Adecuado,Adecuado,Sí
-16.42,-71.82,CARLOS W. SUTTON/CARLOS W. SUTTON/CARLOS W. SUTTON,972,"4.919.949,8","10,1%",38236,19,60,10,0,0,60,15,3,0,0,0,Adecuado,Adecuado,Adecuado,Sí
-16.58,-71.84,SAN JOSE,42,"678.933,1","10,9%",38548,24,23,23,0,0,23,23,6,0,0,0,Adecuado,Adecuado,Adecuado,Sí
-16.45,-71.83,CERRITO BUENA VISTA,27,"1.035.403,7","100,0%",38668,10,0,0,0,0,20,0,2,0,20,0,Adecuado,Adecuado,Adecuado,Sí
-16.49,-71.84,EL CRUCE,113,"0,0","0,0%",38727,18,0,0,0,0,0,0,0,0,0,0,Inadecuado,Inadecuado,Inadecuado,Sí
-16.42,-71.82,ESTACION VITOR,116,"641.377,9","0,0%",38162,18,51,0,0,0,51,0,3,3,51,0,Inadecuado,Adecuado,Adecuado,No
-16.42,-71.83,SGTO. 1 FAP. LAZARO ORREGO MORALES,97,"3.459.279,8","100,0%",38235,10,40,0,10,0,30,0,1,0,0,0,Adecuado,Sin acceso,Adecuado,No
-16.49,-71.82,LOS MEDANOS,28,"954.123,9","100,0%",GARCILAZO DE LA VEGA,59,100,20,0,0,100,20,5,0,0,0,Adecuado,Adecuado,Adecuado,No
-16.59,-71.95,LOS NIÑOS DE LA MARINA DEL PERU,26,"2.065.015,3","100,0%",24,7,0,0,17,0,20,0,2,0,0,0,Adecuado,Adecuado,Adecuado,Sí
-16.72,-71.88,40353 SANTIAGO ANTUNEZ DE MAYOLO/40353 SANTIAGO ANTUNEZ DE MAYOLO,185,"5.247.585,8","100,0%",375,15,0,0,13,0,29,0,2,0,0,0,Adecuado,Adecuado,Adecuado,Sí
-16.70,-71.91,SAN CAMILO A-5,39,"1.336.671,7","100,0%",38164,38,0,0,0,0,43,0,6,6,0,43,Adecuado,Adecuado,Adecuado,No
-16.69,-71.89,SAN CAMILO A-6,24,"1.084.347,9","0,0%",38166,26,33,0,7,0,47,0,5,0,0,0,Adecuado,Inadecuado,Adecuado,No
-16.72,-71.88,SAN CAMILO A-7,33,"614.438,6","29,7%",38238,4,6,0,2,0,6,0,1,0,0,0,Adecuado,Sin acceso,Adecuado,Sí
-16.59,-71.93,SAN ISIDRO A-1,20,"1.279.254,3","100,0%",38239,15,20,6,0,0,20,3,2,2,0,0,Inadecuado,Inadecuado,Adecuado,Sí
-16.42,-71.82,DE LA JOYA,319,"6.875.554,4","59,8%",38240,6,10,2,0,0,10,2,1,0,0,0,Adecuado,Inadecuado,Adecuado,Sí
-16.75,-71.87,ALF. FAP. ROSENDO BRAVO CARRILLO,45,"634.422,5","0,0%",38243,4,10,0,0,0,12,1,1,0,10,0,Adecuado,Inadecuado,Adecuado,Sí
-16.58,-71.90,VILLA HERMOSA,31,"1.500.564,3","100,0%",38547,4,7,0,0,0,7,0,1,0,7,0,Inadecuado,Adecuado,Inadecuado,Sí
-16.53,-71.78,40685,49,"3.419.233,8","100,0%",38654,5,20,0,0,0,20,0,2,0,0,0,Adecuado,Sin acceso,Adecuado,Sí
-16.42,-71.82,JESUS/JESUS/JESUS,366,"5.141.586,4","0,0%",38641,11,0,0,0,0,15,0,3,0,0,16,Adecuado,Inadecuado,Adecuado,Sí
-16.75,-71.87,CORONEL FAP CESAR FAURA GOUBET/CORONEL FAP CESAR FAURA GOUBET/CORONEL FAP CESAR FAURA GOUBET,259,"10.820.887,6","0,0%",38816,39,39,0,0,0,39,0,6,0,0,0,Adecuado,Sin acceso,Adecuado,Sí
-16.40,-71.51,40076,142,"0,0","0,0%",38995-2,7,12,0,0,0,12,0,2,0,0,0,Inadecuado,Adecuado,Adecuado,Sí
-16.40,-71.50,40129 MANUEL VERAMENDI E HIDALGO/40129 MANUEL VERAMENDI E HIDALGO/40129 MANUEL VERAMENDI E HIDALGO/40129 MANUEL VERAMENDI E HIDALGO/40129 MANUEL VERAMENDI E HIDALGO,662,"0,0","0,0%",JULIO CESAR TELLO,55,66,0,0,0,66,0,5,5,66,0,Adecuado,Inadecuado,Adecuado,No
-16.41,-71.50,MARIANO MELGAR/MARIANO MELGAR,41,"5.119.229,5","8,7%",SAN ANTONIO,42,0,0,0,0,0,0,0,0,0,0,Adecuado,Adecuado,Adecuado,No
-16.41,-71.51,40131 NIÑO JESUS DE PRAGA/40131 NIÑO JESUS DE PRAGA,152,"2.407.348,1","0,0%",430-4,10,0,0,12,0,12,0,1,0,0,0,Adecuado,Adecuado,Adecuado,Sí
-16.40,-71.50,40134,533,"0,0","0,0%",38677,2,8,0,0,0,8,0,1,0,0,0,Adecuado,Inadecuado,Adecuado,Sí
-16.41,-71.51,40135 TENIENTE FERRE/40135 TENIENTE FERRE,141,"2.374.285,7","0,0%",38228,15,0,0,0,0,30,0,3,0,30,0,Inadecuado,Adecuado,Adecuado,Sí
-16.40,-71.49,40139 ANDRES AVELINO CACERES DORREGARAY/40139 ANDRES AVELINO CACERES DORREGARAY/40139 ANDRES AVELINO CACERES DORREGARAY,424,"0,0","0,0%",38229,8,18,0,0,0,20,0,2,0,0,0,Adecuado,Sin acceso,Adecuado,Sí
-16.41,-71.50,40283 DIVINO MAESTRO,117,"2.140.330,8","9,5%",38230,2,5,0,8,1,9,0,2,1,0,0,Inadecuado,Inadecuado,Sin acceso,Sí
-16.40,-71.51,41030 EDUARDO LOPEZ DE ROMAÑA/41030 EDUARDO LOPEZ DE ROMAÑA,428,"3.230.640,1","0,0%",38231,27,60,0,0,0,60,0,6,0,0,0,Adecuado,Adecuado,Adecuado,No
-16.40,-71.51,41031 MADRE DEL DIVINO AMOR/41031 MADRE DEL DIVINO AMOR,584,"6.927.789,8","0,0%",38233,11,36,0,0,0,36,0,3,0,0,0,Adecuado,Sin acceso,Adecuado,No
-16.38,-71.51,TAHUANTINSUYO,40,"1.329.692,5","21,7%",38154,3,12,0,0,0,12,0,1,0,0,0,Adecuado,Adecuado,Adecuado,Sí
-16.41,-71.50,SAN MARTIN A,53,"245.012,3","0,0%",38155,5,60,0,0,0,60,0,5,0,0,0,Adecuado,Adecuado,Adecuado,Sí
-16.40,-71.51,ANDREA VALDIVIESO DE MELGAR,382,"1.817.561,3","8,2%",38735,2,15,0,15,0,0,0,0,0,0,0,Adecuado,Sin acceso,Adecuado,Sí
-16.40,-71.50,ATALAYA,72,"1.252.594,4","0,0%",RAUL PORRAS BARRENECHEA,38,52,0,0,0,52,0,5,0,0,0,Inadecuado,Adecuado,Adecuado,No
-16.41,-71.51,G.U.E.MARIANO MELGAR VALDIVIESO/G.U.E.MARIANO MELGAR VALDIVIESO/G.U.E.MARIANO MELGAR VALDIVIESO/G.U.E.MARIANO MELGAR VALDIVIESO/G.U.E.MARIANO MELGAR VALDIVIESO,1.428,"32.679.206,2","41,1%",NUESTRA SEÑORA DEL CARMEN,30,56,18,12,8,52,14,5,5,0,0,Adecuado,Inadecuado,Adecuado,No
-16.40,-71.50,GENERALISIMO SAN MARTIN,177,"3.574.932,5","0,0%",376,13,6,1,2,0,20,0,2,0,6,0,Adecuado,Adecuado,Inadecuado,Sí
-16.40,-71.51,MARIANO BUSTAMANTE,19,"808.461,0","0,0%",38157,31,31,0,0,0,31,0,4,0,0,0,Adecuado,Adecuado,Adecuado,Sí
-16.41,-71.51,RAFAEL LOAYZA GUEVARA/RAFAEL LOAYZA GUEVARA,1.063,"16.969.497,7","18,9%",38158,11,30,0,0,0,30,0,3,0,0,30,Inadecuado,Sin acceso,Adecuado,No
-16.40,-71.49,CERRITO BELEN,22,"354.661,7","0,0%",38221,13,14,0,0,0,14,0,2,0,0,0,Adecuado,Adecuado,Adecuado,Sí
-16.40,-71.50,ADELINA RETAMOZO,127,"964.634,4","0,0%",38146,19,25,0,14,0,40,0,3,0,0,0,Inadecuado,Inadecuado,Adecuado,Sí
-16.41,-71.51,CORAZON DE JESUS/CORAZON DE JESUS/CORAZON DE JESUS,551,"7.204.098,0","0,0%",38148,11,8,0,14,0,19,0,2,0,0,0,Adecuado,Adecuado,Adecuado,Sí
-16.40,-71.50,PIO XII/PIO XII,1.120,"5.629.014,3","0,0%",38678,11,15,0,0,0,20,0,2,0,0,0,Inadecuado,Adecuado,Adecuado,Sí
-16.40,-71.50,SAN IGNACIO/SAN IGNACIO/SAN IGNACIO,291,"0,0","0,0%",CORAZON DE JESUS,90,202,50,0,0,202,50,8,8,0,0,Inadecuado,Adecuado,Adecuado,No
-16.40,-71.49,SEÑOR DE LOS MILAGROS/SEÑOR DE LOS MILAGROS,26,"913.765,2","0,0%",25,47,0,0,18,12,72,45,3,0,0,0,Inadecuado,Adecuado,Adecuado,Sí
-16.39,-71.52,40133 CIRIACO VERA PEREA,173,"3.104.185,2","0,0%",327,6,0,0,3,0,8,0,1,0,0,0,Adecuado,Adecuado,Adecuado,No
-16.39,-71.52,40144 AUGUSTO SALAZAR BONDY/40144 AUGUSTO SALAZAR BONDY/40144 AUGUSTO SALAZAR BONDY,391,"2.601.623,5","0,0%",388,7,5,0,4,0,29,0,1,0,0,0,Adecuado,Adecuado,Adecuado,Sí
-16.38,-71.50,DIVINO NIÑO JESUS,102,"2.863.261,5","36,0%",38170,82,81,81,0,0,81,0,6,0,0,0,Adecuado,Adecuado,Adecuado,No
-16.39,-71.51,PILOTO MIRAFLORES/PILOTO MIRAFLORES,27,"2.918.039,6","10,3%",38174,60,66,9,0,0,66,9,6,0,0,0,Adecuado,Adecuado,Adecuado,No
-16.38,-71.51,40148/40148,230,"3.786.980,3","0,0%",38244,31,60,0,8,0,60,0,4,0,0,0,Adecuado,Adecuado,Adecuado,Sí
-16.39,-71.52,40151 CAP.FAP. JOSE ABELARDO QUIÑONES/40151 CAP.FAP. JOSE ABELARDO QUIÑONES,204,"2.630.914,4","0,0%",38245,61,82,0,0,0,82,0,7,0,0,0,Adecuado,Adecuado,Adecuado,No
-16.38,-71.51,40156 NUESTRA SEÑORA DEL CARMEN,257,"2.630.663,0","0,0%",38246,4,0,0,30,0,18,0,4,0,0,30,Adecuado,Adecuado,Adecuado,Sí
-16.39,-71.52,40157 JORGE LUIS BORGES,247,"3.324.506,2","9,2%",38247,7,0,0,11,0,16,0,1,0,0,0,Inadecuado,Adecuado,Adecuado,Sí
-16.38,-71.51,40158 EL GRAN AMAUTA/40158 EL GRAN AMAUTA/40158 EL GRAN AMAUTA/40158 EL GRAN AMAUTA/40158 EL GRAN AMAUTA,574,"11.805.242,3","12,2%",38248,22,23,0,23,0,23,0,3,0,0,0,Adecuado,Adecuado,Adecuado,Sí
-16.40,-71.52,40159 EJERCITO AREQUIPA/ANDRES AVELINO CACERES/40159 EJERCITO AREQUIPA/40159 EJERCITO AREQUIPA,1.177,"21.316.093,7","0,0%",38249,10,32,0,0,0,32,0,3,0,0,0,Adecuado,Adecuado,Adecuado,Sí
-16.39,-71.53,41016 REPUBLICA ARGENTINA,221,"1.566.021,5","0,0%",38251,13,20,16,0,0,24,16,3,1,0,0,Adecuado,Inadecuado,Adecuado,Sí
-16.37,-71.50,41034,28,"653.550,6","15,8%",38253,7,15,0,0,0,45,0,3,0,0,0,Adecuado,Inadecuado,Adecuado,Sí
-16.39,-71.52,41037 JOSE GALVEZ/41037 JOSE GALVEZ/41037 JOSE GALVEZ,514,"13.688.378,7","70,1%",38656,5,3,0,6,0,15,0,1,0,0,8,Adecuado,Adecuado,Adecuado,Sí
-16.40,-71.53,MARISCAL CASTILLA,69,"818.824,9","0,0%",38657,34,39,0,0,0,39,0,4,0,0,0,Inadecuado,Sin acceso,Adecuado,No
-16.39,-71.52,MISTI,152,"3.947.192,2","0,0%",CPED - 38948/38948,54,87,0,21,0,105,0,7,0,0,0,Adecuado,Sin acceso,Adecuado,No
-16.39,-71.52,FRANCISCO JAVIER DE LUNA PIZARRO,402,"8.091.797,0","4,9%",38174-1,19,24,0,0,0,24,6,3,0,24,0,Adecuado,Adecuado,Adecuado,Sí
-16.38,-71.51,CRISTO OBRERO/CRISTO OBRERO,249,"5.011.032,1","0,0%",38995,41,0,0,2,0,40,0,5,0,40,3,Inadecuado,Adecuado,Adecuado,No
-16.38,-71.50,GUAMAN POMA,97,"4.103.065,7","9,0%",38995-3,4,6,0,5,0,10,0,1,0,0,4,Adecuado,Adecuado,Adecuado,Sí
-16.37,-71.50,SAN MARTIN DE PORRES/SAN MARTIN DE PORRES,25,"1.904.843,1","0,0%",VICTOR ANDRES BELAUNDE,111,111,0,0,0,111,0,7,0,0,0,Adecuado,Adecuado,Adecuado,No
-16.38,-71.50,PADRE ELOY ARRIBAS LAZARO/PADRE ELOY ARRIBAS LAZARO,153,"1.795.005,2","0,0%",ANTONIO RAYMONDI,99,168,0,0,0,168,0,8,0,0,0,Adecuado,Adecuado,Adecuado,No
-16.49,-71.47,40160 OBDULIO BARRIGA VIZCARRA/40160 OBDULIO BARRIGA VIZCARRA/40160 OBDULIO BARRIGA VIZCARRA,226,"3.824.558,5","23,0%",VISCHONGO,44,38,0,38,0,38,0,3,0,32,0,Adecuado,Adecuado,Adecuado,Sí
-16.49,-71.50,40263,31,"2.896.501,7","100,0%",JUANA ALARCO DE DAMMERT,342,0,0,80,0,357,0,9,0,0,0,Adecuado,Adecuado,Adecuado,Sí
-16.41,-71.50,15 DE AGOSTO,144,"1.104.390,4","1,9%",016 SARA MC DOUGALL,345,0,0,70,0,380,0,13,0,0,0,Adecuado,Adecuado,Adecuado,Sí
-16.42,-71.50,40009 SAN MARTIN DE PORRES/40009 SAN MARTIN DE PORRES/40009 SAN MARTIN DE PORRES,423,"9.491.439,8","0,0%",017,236,0,0,21,1,125,5,5,0,0,0,Adecuado,Adecuado,Adecuado,No
-16.42,-71.49,40010 JULIO C.TELLO/40010 JULIO C.TELLO/40010 JULIO C.TELLO/40010 JULIO C.TELLO,467,"7.103.093,7","8,7%",021,78,0,0,24,0,81,0,3,0,0,0,Inadecuado,Adecuado,Adecuado,Sí
-16.42,-71.48,40124 MARIA AUXILIADORA/40124 MARIA AUXILIADORA,192,"2.148.771,8","3,5%",82028/82028,790,0,0,238,0,544,226,17,17,0,238,Adecuado,Adecuado,Adecuado,No
-16.43,-71.51,40161 MONSEÑOR JOSE L.DEL CARPIO/40161 MONSEÑOR JOSE L.DEL CARPIO/40161 MONSEÑOR JOSE L.DEL CARPIO,235,"1.634.321,6","0,0%",025,134,0,0,40,0,137,0,6,0,0,0,Adecuado,Adecuado,Adecuado,No
-16.41,-71.51,40162 TRIBUNO FRANCISCO MOSTAJO/40162 TRIBUNO FRANCISCO MOSTAJO,218,"2.371.887,9","0,0%",028 SANTA ELENA,202,0,0,40,10,205,0,8,0,0,0,Adecuado,Adecuado,Adecuado,Sí
-16.42,-71.51,40163 BENIGNO BALLON FARFAN/40163 BENIGNO BALLON FARFAN/40163 BENIGNO BALLON FARFAN,897,"12.464.758,3","8,5%",042,14,0,0,12,0,35,0,2,0,0,0,Inadecuado,Adecuado,Adecuado,Sí
-16.42,-71.51,40164 JOSE CARLOS MARIATEGUI/40164 JOSE CARLOS MARIATEGUI,784,"8.599.249,1","3,4%",052 VIRGEN DE FATIMA,125,0,0,22,0,127,0,5,0,0,0,Adecuado,Adecuado,Adecuado,No
-16.41,-71.49,40174 PAOLA FRASSINETTI/40174 PAOLA FRASSINETTI/40174 PAOLA FRASSINETTI/40174 PAOLA FRASSINETTI/40174 PAOLA FRASSINETTI,1.199,"8.477.716,8","0,0%",020 CLEMENTINA BRAVO DE NOBLECILLA/020 CLEMENTINA BRAVO DE NOBLECILLA,13,10,2,4,1,15,3,1,1,20,5,Adecuado,Adecuado,Adecuado,Sí
-16.43,-71.50,40177 DIVINO CORAZON DE JESUS/40177 DIVINO CORAZON DE JESUS,231,"3.660.737,2","16,4%",076 LUZ MERINO MERINO,4,10,0,8,8,29,9,1,0,0,10,Inadecuado,Sin acceso,Adecuado,No
-16.41,-71.49,40178 VICTOR RAUL HAYA DE LA TORRE/40178 VICTOR RAUL HAYA DE LA TORRE/40178 VICTOR RAUL HAYA DE LA TORRE,338,"4.110.344,2","2,0%",064 MARIA PARADO DE BELLIDO,135,0,0,30,0,137,0,6,0,0,0,Adecuado,Adecuado,Adecuado,Sí
-16.42,-71.51,40179 TEODORO NUÑEZ URETA/40179 TEODORO NUÑEZ URETA,117,"3.192.623,8","100,0%",071,54,0,0,16,0,73,0,3,0,0,0,Adecuado,Adecuado,Adecuado,Sí
-16.42,-71.51,40180/40180,249,"3.404.537,0","48,1%",82641 SIMON BOLIVAR/82641 SIMON BOLIVAR,560,230,78,0,0,230,42,3,2,0,0,Adecuado,Adecuado,Adecuado,No
-16.42,-71.49,40181 ALTO JESUS,115,"1.719.820,1","0,0%",82554 INMACULADA CONCEPCION,443,240,0,0,0,240,0,8,0,0,0,Adecuado,Adecuado,Adecuado,No
-16.41,-71.50,40182,245,"0,0","0,0%",096,133,0,0,36,0,140,0,6,0,0,0,Adecuado,Adecuado,Adecuado,No
-16.41,-71.49,40183 INDOAMERICA/40183 INDOAMERICA,239,"1.682.817,5","0,0%",099,219,0,0,40,0,218,0,8,0,0,0,Adecuado,Adecuado,Adecuado,No
-16.41,-71.50,40184,47,"1.163.205,7","0,0%",100,104,0,0,30,0,104,20,5,0,0,0,Adecuado,Adecuado,Adecuado,Sí
-16.42,-71.50,40185 SAN JUAN BAUTISTA DE JESUS/40185 SAN JUAN BAUTISTA DE JESUS/40185 SAN JUAN BAUTISTA DE JESUS,251,"5.192.573,7","0,0%",HNO. VICTORINO ELORZ GOICOECHEA/HNO. VICTORINO ELORZ GOICOECHEA/HNO. VICTORINO ELORZ GOICOECHEA/HNO. VICTORINO ELORZ GOICOCHEA/HNO. VICTORINO ELORZ GOICOCHEA/HNO. VICTORINO ELORZ GOICOECHEA,2129,,,,,,,,,,,Adecuado,Adecuado,Adecuado,No
-16.42,-71.48,40211 HEROES DEL PACIFICO/40211 HEROES DEL PACIFICO/40211 HEROES DEL PACIFICO,559,"8.050.007,2","28,6%",105 PACHACUTEC,251,0,0,0,0,0,0,0,0,0,0,Adecuado,Adecuado,Adecuado,No
-16.43,-71.50,40220 HEROES DEL CENEPA/40220 HEROES DEL CENEPA/40220 HEROES DEL CENEPA,421,"6.054.532,2","0,0%",82022 MICAELA BASTIDAS/82022 MICAELA BASTIDAS,358,35,2,92,6,210,26,8,0,0,0,Inadecuado,Adecuado,Adecuado,No
-16.41,-71.48,40300 MIGUEL GRAU/40300 MIGUEL GRAU/40300 MIGUEL GRAU,436,"9.230.850,2","41,4%",136,60,0,0,4,0,20,0,1,0,0,0,Inadecuado,Inadecuado,Adecuado,Sí
-16.42,-71.49,40315 JOSE MARIA ARGUEDAS/40315 JOSE MARIA ARGUEDAS/40315 JOSE MARIA ARGUEDAS,334,"5.749.221,2","25,8%",137,169,0,0,40,0,186,0,7,0,0,0,Adecuado,Adecuado,Adecuado,No
-16.42,-71.49,ALTO JESUS,57,"1.319.640,7","0,0%",154,59,0,0,18,0,61,0,3,0,0,0,Inadecuado,Adecuado,Adecuado,Sí
-16.41,-71.50,ALTO PORONGOCHE,183,"0,0","0,0%",157 SAN ANTONIO,155,0,0,43,0,154,0,6,0,0,0,Adecuado,Adecuado,Adecuado,Sí
-16.43,-71.50,AMPLIACION PAUCARPATA,65,"477.431,6","0,0%",82032/82032,470,58,0,109,2,263,6,11,0,20,8,Inadecuado,Inadecuado,Sin acceso,No
-16.43,-71.50,CAMPO MARTE,63,"1.012.290,5","0,0%",178,9,0,0,10,0,20,0,1,1,0,0,Inadecuado,Adecuado,Adecuado,Sí
-16.42,-71.49,CIUDAD BLANCA A,43,"1.408.470,0","93,2%",183 MOLLEPAMPA BAJA,214,0,0,56,0,213,0,8,0,0,0,Adecuado,Adecuado,Adecuado,No
-16.42,-71.48,CIUDAD BLANCA C,65,"1.054.532,5","5,1%",204,13,0,0,5,0,13,0,1,0,0,0,Adecuado,Inadecuado,Inadecuado,Sí
-16.42,-71.51,JESUS MARIA,134,"309.341,2","0,0%",227,132,0,0,39,39,134,134,5,5,0,0,Adecuado,Adecuado,Adecuado,Sí
-16.42,-71.50,JOSE CARLOS MARIATEGUI,10,"807.749,5","0,0%",246,53,0,0,14,0,54,0,3,0,0,0,Adecuado,Adecuado,Adecuado,Sí
-16.41,-71.50,COAR AREQUIPA/JOSE TEOBALDO PAREDES VALDEZ,458,"10.254.436,4","33,7%",262,77,,,,,,,,,,,Adecuado,Adecuado,Adecuado,Sí
-16.42,-71.50,LEONCIO PRADO,34,"895.525,8","0,0%",317,25,0,0,10,0,50,0,3,0,0,0,Inadecuado,Adecuado,Adecuado,Sí
-16.42,-71.49,LUZ Y ALEGRIA,75,"1.989.974,6","0,0%",320/821129,48,37,0,5,0,61,0,5,0,0,0,Inadecuado,Adecuado,Adecuado,No
-16.41,-71.49,MIGUEL GRAU A,242,"5.645.712,7","28,6%",321,30,0,0,0,0,32,0,0,0,0,0,Inadecuado,Adecuado,Adecuado,No
-16.41,-71.49,MIGUEL GRAU B,78,"884.296,8","0,0%",322,240,0,0,52,20,242,242,10,0,0,0,Adecuado,Adecuado,Adecuado,Sí
-16.42,-71.52,NEPTALI VALDERRAMA AMPUERO/NEPTALI VALDERRAMA AMPUERO/NEPTALI VALDERRAMA AMPUERO,887,"10.400.279,7","0,0%",349,5,0,0,3,0,8,0,1,0,0,0,Inadecuado,Adecuado,Adecuado,Sí
-16.41,-71.50,PROGRESISTA,131,"2.388.598,2","0,0%",351 EL RESCATE/83517,97,57,0,9,0,84,0,5,0,0,7,Adecuado,Inadecuado,Adecuado,No
-16.43,-71.50,JESUS NAZARENO/JESUS NAZARENO/JESUS NAZARENO,295,"3.811.567,9","0,0%",360,14,40,0,0,0,34,0,2,0,0,0,Adecuado,Adecuado,Adecuado,No
-16.41,-71.50,JESUS OBRERO/JESUS OBRERO,189,"1.411.589,6","0,0%",ANTONIO GUILLERMO URRELO/ANTONIO GUILLERMO URRELO/ANTONIO GUILLERMO URRELO,764,,,,,,,,,,,Sin acceso,Adecuado,Sin acceso,No
-16.41,-71.49,JUAN XXIII/JUAN XXIII/JUAN XXIII,468,"5.415.713,3","2,3%",82001 SAN RAMON,1918,857,0,0,0,857,0,21,0,857,0,Adecuado,Adecuado,Adecuado,No
-16.42,-71.50,NUESTRA SEÑORA DE COPACABANA,232,"5.706.936,6","0,0%",82002 TARCISIO ZEGARRA,540,0,0,156,0,312,0,10,0,0,0,Adecuado,Adecuado,Adecuado,No
-16.42,-71.49,NUESTRA SRA.DE LOS ANGELES,273,"2.159.461,5","8,5%",NUESTRA SEÑORA DE LA MERCED/82003 NUESTRA SEÑORA DE LA MERCED/NUESTRA SEÑORA DE LA MERCED/NUESTRA SEÑORA DE LA MERCED,1631,735,0,0,0,735,0,21,0,0,0,Adecuado,Adecuado,Adecuado,No
-16.41,-71.48,NUESTRA SEÑORA DE LOURDES/NUESTRA SEÑORA DE LOURDES/NUESTRA SEÑORA DE LOURDES,581,"8.845.004,7","0,0%",82004 ZULEMA ARCE SANTISTEBAN,778,39,0,192,0,407,0,12,0,0,0,Adecuado,Adecuado,Adecuado,No
-16.41,-71.49,NUESTRA SRA.DEL PERPETUO SOCORRO/NUESTRA SRA.DEL PERPETUO SOCORRO,25,"2.264.935,5","0,0%",82005,593,312,0,0,0,312,0,12,12,0,0,Adecuado,Adecuado,Adecuado,No
-16.42,-71.49,PADRE PEREZ DE GUEREÑU/PADRE PEREZ DE GUEREÑU/PADRE PEREZ DE GUEREÑU,870,"6.440.599,5","2,0%",82008/82008 SANTA BEATRIZ DE SILVA,1136,70,0,0,0,558,0,18,0,40,261,Adecuado,Adecuado,Adecuado,No
-16.42,-71.49,PAULO VI/PAULO VI/PAULO VI,290,"3.324.861,9","0,0%",82011,554,303,0,0,0,303,0,10,0,0,0,Adecuado,Adecuado,Adecuado,No
-16.41,-71.50,SAN PEDRO Y SAN PABLO/SAN PEDRO Y SAN PABLO/SAN PEDRO Y SAN PABLO,569,"7.130.029,8","0,0%",82012 TORIBIO CASANOVA LOPEZ/82012 TORIBIO CASANOVA/82012 TORIBIO CASANOVA LOPEZ/82012,992,274,57,144,54,562,146,18,18,274,0,Adecuado,Adecuado,Adecuado,No
-16.43,-71.50,SANTA ANA/SANTA ANA,30,"1.243.649,6","0,0%",82015 RAFAEL OLASCOAGA/82015 RAFAEL OLASCOAGA,807,370,115,86,40,518,219,19,5,30,0,Adecuado,Adecuado,Adecuado,No
-16.43,-71.49,SANTA MARIA DE LA PAZ/SANTA MARIA DE LA PAZ/SANTA MARIA DE LA PAZ,657,"8.760.902,6","0,0%",EMBLEMATICO SANTA TERESITA/EMBLEMATICO SANTA TERESITA,2468,2511,0,0,0,2506,0,75,0,0,0,Adecuado,Adecuado,Adecuado,No
-16.42,-71.50,SANTA ROSA DE LIMA/SANTA ROSA DE LIMA/SANTA ROSA DE LIMA,956,"13.409.511,0","0,0%",82019/82019,2221,1121,19,135,50,1335,145,42,10,0,0,Adecuado,Adecuado,Adecuado,No
-16.41,-71.48,SOR ANA/SOR ANA/SOR ANA,887,"10.170.679,9","0,0%",82020/82020,132,61,0,40,0,148,0,9,0,0,0,Inadecuado,Adecuado,Adecuado,No
-16.43,-71.50,VIRGEN DE CHAPI/VIRGEN DE CHAPI/VIRGEN DE CHAPI,310,"19.384.853,7","0,0%",82021,220,221,21,36,3,249,15,12,1,221,36,Adecuado,Inadecuado,Adecuado,No
-16.52,-71.39,40188,6,"715.569,6","26,7%",82029 SANTIAGO APOSTOL,265,,,,,,,,,,,Sin acceso,Adecuado,Adecuado,No
-16.51,-71.36,40189,2,"555.101,8","25,2%",82030 CARLOS FERNANDEZ GIL,132,55,0,57,0,140,0,7,0,0,0,Adecuado,Adecuado,Adecuado,No
-16.49,-71.33,40213,5,"1.280.243,1","64,5%",82031,549,266,0,89,0,413,0,15,0,266,89,Adecuado,Adecuado,Adecuado,No
-16.57,-71.28,40186,3,"836.415,0","100,0%",205/MIGUEL GONZALES CHAVEZ/82102,239,221,0,90,0,361,0,14,0,9,0,Inadecuado,Adecuado,Adecuado,No
-16.57,-71.37,40190 SANTISIMA VIRGEN DE CHAPI/40190 SANTISIMA VIRGEN DE CHAPI/40190 SANTISIMA VIRGEN DE CHAPI,116,"3.817.465,7","43,0%",82104/82104,56,12,0,21,0,70,0,6,0,0,21,Inadecuado,Adecuado,Adecuado,No
-16.56,-71.39,40191 SANTISIMO CORAZON DE JESUS/40191 SANTISIMO CORAZON DE JESUS,12,"1.256.083,8","54,1%",82106,27,20,0,16,0,60,0,3,0,0,0,Inadecuado,Inadecuado,Adecuado,No
-16.56,-71.32,40215,9,"184.476,6","0,0%",SAN JUAN DE CHAMIS/82107/82107,184,39,0,13,0,52,0,5,0,0,0,Inadecuado,Adecuado,Adecuado,No
-16.59,-71.31,40604,5,"1.098.159,8","100,0%",82109/82109,77,12,0,43,1,82,0,7,0,0,0,Inadecuado,Adecuado,Adecuado,No
-16.56,-71.32,AGUA BUENA,2,"589.809,9","100,0%",82115 EL CUMBE,57,54,2,3,2,61,9,3,3,0,3,Adecuado,Inadecuado,Adecuado,No
-16.56,-71.45,40192,34,"3.098.087,9","100,0%",82119/82119,70,0,0,40,0,90,0,6,0,0,0,Adecuado,Adecuado,Adecuado,No
-16.54,-71.47,FERNANDO BELAUNDE TERRY,6,"147.841,3","0,0%",JUAN VELASCO ALVARADO/82120,58,52,0,3,0,52,0,11,0,50,0,Inadecuado,Sin acceso,Adecuado,No
-16.56,-71.45,QUEQUEÑA,14,"1.213.401,7","100,0%",82121/82121,629,164,0,82,0,240,0,13,1,108,89,Inadecuado,Inadecuado,Adecuado,No
-16.46,-71.49,40193 FLORENTINO PORTUGAL/40193 FLORENTINO PORTUGAL,584,"12.360.696,3","0,0%",82122/82122,71,0,0,0,0,78,0,6,0,0,50,Inadecuado,Adecuado,Adecuado,Sí
-16.44,-71.48,40195,28,"2.577.105,6","100,0%",82123,53,33,0,25,0,93,0,2,0,0,0,Inadecuado,Adecuado,Adecuado,No
-16.46,-71.49,SABANDIA,73,"138.805,7","0,0%",82126/750/82126,170,15,0,47,0,133,0,11,11,26,0,Adecuado,Adecuado,Adecuado,No
-16.44,-71.49,YUMINA,11,"562.462,7","0,0%",82132,17,0,0,21,0,38,0,2,1,6,0,Inadecuado,Sin acceso,Adecuado,Sí
-16.42,-71.59,23 DE JUNIO,23,"223.673,2","0,0%",82325,6,38,0,4,0,38,0,1,0,20,0,Inadecuado,Adecuado,Adecuado,Sí
-16.42,-71.57,40074 JOSE L. BUSTAMANTE Y RIVERO/40074 JOSE L. BUSTAMANTE Y RIVERO,448,"5.438.177,2","13,9%",82594,510,28,0,146,0,290,50,10,0,0,0,Adecuado,Adecuado,Adecuado,No
-16.41,-71.57,40075 HORACIO MORALES DELGADO/40075 HORACIO MORALES DELGADO,489,"3.901.610,8","0,0%",82848 PEQUEÑOS CREADORES/82848,94,87,0,10,0,87,0,5,0,0,0,Adecuado,Adecuado,Adecuado,No
-16.43,-71.59,40078 SAGRADO CORAZON DE JESUS DE SACHACA,65,"181.627,0","0,0%",82872,17,20,0,0,0,20,0,2,0,20,20,Inadecuado,Sin acceso,Adecuado,No
-16.41,-71.58,40079 VICTOR NUÑEZ VALENCIA/40079 VICTOR NUÑEZ VALENCIA,490,"7.737.924,4","1,9%",82911,27,14,0,0,0,29,0,2,0,0,0,Inadecuado,Sin acceso,Adecuado,No
-16.41,-71.60,40660 DOMINIC WILLIAMS,36,"1.067.316,3","4,8%",82912,174,0,0,101,0,200,0,11,0,0,0,Adecuado,Adecuado,Adecuado,No
-16.43,-71.58,40672 DOREEN CABRERA DE WILLIANS,33,"1.071.343,0","100,0%",82967/82967,98,18,0,37,0,72,0,6,0,0,0,Inadecuado,Adecuado,Adecuado,No
-16.42,-71.59,ALTO DE AMADOS,47,"634.220,9","0,0%",82972,24,0,0,24,0,36,0,3,0,0,0,Inadecuado,Adecuado,Adecuado,Sí
-16.43,-71.58,CHIRIGUANA,20,"292.603,0","0,0%",821006,77,0,0,0,0,77,0,1,0,0,40,Inadecuado,Adecuado,Adecuado,Sí
-16.41,-71.58,HUARANGUILLO,69,"1.884.380,6","100,0%",821021,51,41,0,14,0,61,0,5,0,0,0,Inadecuado,Adecuado,Adecuado,No
-16.42,-71.57,SANTA GERTRUDIS,74,"923.574,5","0,0%",821022,9,0,0,40,0,95,0,4,0,0,10,Inadecuado,Adecuado,Adecuado,Sí
-16.41,-71.59,VILLA EL TRIUNFO,13,"1.094.026,8","0,0%",821023,12,0,0,9,0,16,0,1,0,0,0,Inadecuado,Adecuado,Adecuado,Sí
-16.42,-71.59,EL MILAGRO DE FATIMA/EL MILAGRO DE FATIMA,360,"5.499.372,8","0,0%",821062,37,0,0,48,0,50,0,3,0,0,0,Inadecuado,Adecuado,Adecuado,No
-16.35,-72.13,40072/40072,121,"10.734.149,6","100,0%",821125,117,30,0,0,0,152,79,6,0,30,77,Adecuado,Adecuado,Adecuado,No
-16.40,-71.91,40104,28,"2.009.461,3","0,0%",821131/821131,649,256,34,60,28,388,64,12,6,0,0,Adecuado,Adecuado,Adecuado,No
-16.37,-71.86,40136/40136,44,"1.743.541,5","0,0%",821165,26,28,0,0,0,30,0,2,0,0,0,Inadecuado,Adecuado,Adecuado,No
-16.35,-72.13,TAMBILLO,21,"815.535,4","0,0%",821174,7,5,0,2,0,9,0,1,0,1,2,Inadecuado,Inadecuado,Adecuado,Sí
-16.18,-71.06,40196 TECNICO AGROPECUARIO ARTESANAL/40196 TECNICO AGROPECUARIO ARTESANAL,31,"6.030.333,8","100,0%",821180,21,0,0,0,0,38,0,2,0,0,0,Inadecuado,Adecuado,Adecuado,No
-16.04,-71.24,40216 VIRGEN DEL ROSARIO DE HUAYLLACUCHO/40216 VIRGEN DEL ROSARIO DE HUAYLLACUCHO,20,"1.281.421,6","31,9%",821183,80,0,0,50,0,102,0,6,0,0,0,Inadecuado,Adecuado,Adecuado,No
-16.32,-71.15,40217 VIRGEN DE LA ASUNTA/40217 VIRGEN DE LA ASUNTA,83,"4.509.482,5","100,0%",821185,29,0,0,18,0,36,0,3,0,0,18,Inadecuado,Inadecuado,Adecuado,Sí
-16.03,-71.11,40218,2,"3.659.867,9","100,0%",821203/821203,36,25,0,3,0,38,0,3,0,0,2,Adecuado,Adecuado,Adecuado,Sí
-16.32,-71.15,SALINAS HUITO,17,"1.167.435,2","100,0%",821221,25,0,0,20,0,40,0,4,0,0,0,Inadecuado,Adecuado,Adecuado,Sí
-16.18,-71.06,SAN JUAN DE TARUCANI,8,"1.723.798,4","100,0%",098,180,0,0,48,0,184,138,8,2,0,0,Adecuado,Adecuado,Adecuado,No
-16.32,-72.10,40070 SANTA ISABEL DE HUNGRIA/40070 SANTA ISABEL DE HUNGRIA,66,"1.313.972,0","25,3%",821263,37,16,3,0,0,43,0,3,0,16,30,Inadecuado,Sin acceso,Adecuado,No
-16.28,-72.08,40108,3,"270.597,7","0,0%",821265,31,0,0,36,0,37,0,3,0,0,0,Inadecuado,Adecuado,Adecuado,Sí
-16.19,-72.04,40109,9,"1.348.456,7","82,2%",821299,3,9,0,5,0,9,0,1,1,0,0,Inadecuado,Adecuado,Adecuado,Sí
-16.30,-72.09,40110,8,"1.022.962,9","100,0%",821285/821285,82,68,0,8,0,84,0,8,0,0,0,Adecuado,Inadecuado,Adecuado,No
-16.20,-72.06,40187,9,"1.797.498,2","100,0%",821297/821297,65,0,0,0,0,60,0,4,0,0,48,Inadecuado,Inadecuado,Adecuado,No
-16.32,-72.10,SANTA ISABEL DE SIGUAS,8,"722.738,6","100,0%",821327,5,0,0,6,0,12,0,1,0,0,0,Adecuado,Adecuado,Adecuado,Sí
-16.49,-72.09,40073 VICTOR MANUEL PEROCHENA LUQUE,492,"4.755.722,2","0,0%",821328,37,37,0,0,0,38,0,3,0,12,0,Adecuado,Adecuado,Adecuado,No
-16.49,-72.09,SANTA RITA DE CASIA,125,"1.557.412,5","8,1%",821350/821350,34,0,0,8,0,39,0,2,0,0,0,Inadecuado,Inadecuado,Adecuado,Sí
-16.50,-72.09,SANTA RITA DE SIGUAS,68,"3.428.643,5","0,0%",821361,9,22,0,20,0,22,0,1,0,0,0,Inadecuado,Adecuado,Adecuado,Sí
-16.49,-72.10,SANTA RITA DE SIGUAS,419,"3.340.895,7","7,8%",821363/821363/821363,134,30,0,84,0,159,16,11,0,0,0,Inadecuado,Inadecuado,Adecuado,No
-16.45,-71.52,VILLA EL GOLF,83,"1.326.405,0","0,0%",821372,3,3,0,0,0,3,0,1,0,0,0,Adecuado,Adecuado,Adecuado,No
-16.45,-71.53,4 DE OCTUBRE,89,"1.451.442,0","0,0%",821373,15,0,0,8,0,17,0,1,0,0,0,Adecuado,Adecuado,Adecuado,No
-16.45,-71.52,40172/40172,536,"4.040.468,3","0,0%",821396,40,55,17,10,5,58,22,3,3,0,0,Inadecuado,Adecuado,Adecuado,Sí
-16.47,-71.53,40197 FELIPE SANTIAGO SALAVERRY/40197 FELIPE SANTIAGO SALAVERRY,480,"6.688.723,1","0,0%",821408,40,20,0,14,0,42,0,3,0,0,0,Inadecuado,Adecuado,Adecuado,No
-16.45,-71.53,40199/40199,557,"7.128.221,6","0,0%",83003 SAN FRANCISCO/83003 SAN FRANCISCO/83003 SAN FRANCISCO,599,261,201,22,22,304,244,10,10,0,0,Adecuado,Adecuado,Adecuado,No
-16.43,-71.54,40204 NESTOR CACERES VELASQUEZ/40204 NESTOR CACERES VELASQUEZ/40204 NESTOR CACERES VELASQUEZ,440,"6.237.851,5","14,8%",83004,1067,,,,,,,,,,,Adecuado,Adecuado,Adecuado,No
-16.44,-71.53,40205 MANUEL BENITO LINARES A./40205 MANUEL BENITO LINARES A.,793,"8.624.947,9","8,3%",821425,41,0,0,0,0,30,0,3,0,0,30,Inadecuado,Inadecuado,Adecuado,No
-16.49,-71.52,40221 CORAZON DE JESUS/40221 CORAZON DE JESUS,306,"4.456.476,0","9,8%",821432,6,0,0,7,0,7,0,1,0,0,0,Inadecuado,Adecuado,Adecuado,Sí
-16.45,-71.53,40256 CARLOS MANCHEGO RENDON/40256 CARLOS MANCHEGO RENDON/40256 CARLOS MANCHEGO RENDON,232,"15.505.993,6","100,0%",821449,8,12,0,3,0,12,0,1,1,0,0,Inadecuado,Adecuado,Inadecuado,Sí
-16.46,-71.52,40639/40639,188,"2.421.860,2","0,0%",821469,15,0,0,8,0,20,0,1,0,0,0,Inadecuado,Adecuado,Adecuado,Sí
-16.47,-71.55,40676 LA MANSION DE SOCABAYA/40676 LA MANSION DE SOCABAYA,313,"6.499.988,2","24,7%",821470/821470,28,10,0,0,0,47,0,3,0,10,16,Adecuado,Adecuado,Adecuado,Sí
-16.45,-71.53,70,69,"973.019,3","20,0%",CRISTO REY/CRISTO REY,903,960,0,0,0,960,0,24,0,0,0,Adecuado,Adecuado,Adecuado,No
-16.44,-71.54,72,87,"1.925.831,0","4,4%",RAFAEL LOAYZA GUEVARA,1138,140,0,60,0,0,0,30,0,729,0,Adecuado,Adecuado,Adecuado,No
-16.45,-71.54,BELLAPAMPA,77,"1.957.781,4","35,2%",JUAN XXIII/JUAN XXIII/JUAN XXIII/JUAN XXIII,1943,778,0,0,0,778,0,25,0,0,0,Adecuado,Adecuado,Adecuado,No
-16.46,-71.52,LA CAMPIÑA MUTUAL,58,"1.459.571,8","22,5%",DIVINO MAESTRO,243,360,0,0,0,360,0,12,3,0,0,Inadecuado,Adecuado,Adecuado,No
-16.49,-71.51,HIJOS DE DIOS/HIJOS DE DIOS/HIJOS DE DIOS,256,"6.089.958,3","62,6%",NUESTRA SEÑORA DEL ROSARIO,152,157,0,0,0,157,0,6,0,0,0,Adecuado,Adecuado,Adecuado,No
-16.49,-71.50,40680 HORACIO ZEBALLOS GAMEZ,38,"316.448,1","0,0%",LUIS REBAZA NEIRA,132,265,0,0,0,265,0,8,0,0,0,Adecuado,Inadecuado,Adecuado,No
-16.49,-71.50,HORACIO ZEBALLOS GAMEZ,62,"2.812.008,8","42,9%",PEDRO VILLANUEVA ESPINOZA,154,250,0,6,0,308,20,11,3,0,0,Inadecuado,Adecuado,Adecuado,No
-16.45,-71.53,LARA,36,"1.032.271,4","100,0%",PRITE CAJAMARCA/CAJAMARCA/CAJAMARCA,148,,,,,,,,,,,Adecuado,Adecuado,Adecuado,Sí
-16.44,-71.53,SAN MARTIN DE SOCABAYA,188,"2.018.296,8","0,0%",CAJAMARCA,219,40,0,110,0,40,0,16,0,60,0,Adecuado,Adecuado,Adecuado,Sí
-16.44,-71.53,SAN MARTIN DE SOCABAYA,899,"24.791.589,8","0,0%",NIÑOS JESUS Y MARIA,196,0,0,32,4,151,49,7,7,0,0,Adecuado,Adecuado,Adecuado,No
-16.47,-71.53,SOCABAYA,93,"3.290.216,4","14,5%",CORAZON DE MARIA/CORAZON DE MARIA/251 CORAZON DE MARIA,598,168,0,174,0,709,19,23,0,58,0,Adecuado,Adecuado,Adecuado,Sí
-16.46,-71.52,ROSARIO GONZALES ALVAREZ/ROSARIO GONZALES ALVAREZ,211,"4.979.113,1","0,0%",DIVINO MAESTRO/DIVINO MAESTRO/DIVINO MAESTRO,868,350,0,213,0,908,0,28,0,0,0,Adecuado,Adecuado,Adecuado,No
-16.49,-71.51,CAMINO DE LA ESPERANZA/LUZ DE ESPERANZA/LUZ DE ESPERANZA/GOTITAS DE AMOR,94,"2.497.390,2","100,0%",17812,13,0,0,18,0,23,0,1,0,0,0,Inadecuado,Inadecuado,Adecuado,Sí
-16.46,-71.52,LA CAMPIÑA,267,"8.513.894,0","19,4%",INMACULADA CONCEPCION,504,520,0,0,0,520,0,15,0,0,0,Adecuado,Adecuado,Adecuado,Sí
-16.45,-71.54,PADRE FRANCOIS DELATTE/40208 PADRE FRANCOIS DELATTE/40208 PADRE FRANCOIS DELATTE,1.047,"12.123.353,0","0,0%",017 HARLIS JENNER CORNEJO RODRIGUEZ,35,17,0,0,0,17,0,2,0,0,0,Inadecuado,Adecuado,Adecuado,Sí
-16.45,-71.53,GALO PERUANA/GALO PERUANA,238,"4.151.689,1","0,0%",82033,217,14,0,107,0,228,0,12,0,0,0,Inadecuado,Inadecuado,Adecuado,No
-16.45,-71.53,MARIA DE LOS REMEDIOS/MARIA DE LOS REMEDIOS,23,"2.339.668,3","0,0%",82035,14,16,0,0,0,16,0,6,0,0,0,Inadecuado,Adecuado,Adecuado,Sí
-16.45,-71.53,SAN LUIS GONZAGA/SAN LUIS GONZAGA/SAN LUIS GONZAGA,713,"3.554.650,9","0,0%",82036,22,22,0,8,0,22,0,2,0,0,0,Inadecuado,Adecuado,Adecuado,Sí
-16.44,-71.53,SANTA MARIA DE LOS ANGELES/SANTA MARIA DE LOS ANGELES,273,"4.065.828,9","0,0%",82037,82,20,5,0,0,87,4,6,0,0,0,Sin acceso,Adecuado,Adecuado,No
-16.42,-71.62,40077,7,"7.757.227,4","100,0%",82038,52,0,0,0,0,56,0,4,0,0,32,Inadecuado,Adecuado,Adecuado,No
-16.45,-71.59,40082 MARIANO J. VALDIVIA/40082 MARIANO J. VALDIVIA,486,"4.258.868,7","4,0%",82039,31,0,0,27,0,32,0,3,0,0,0,Inadecuado,Adecuado,Adecuado,No
-16.45,-71.59,40083 FRANKLIN ROOSEVELT/40083 FRANKLIN ROOSEVELT,550,"8.541.693,4","0,0%",82127,35,35,0,0,0,35,0,3,0,0,0,Inadecuado,Adecuado,Adecuado,Sí
-16.43,-71.60,CARLOS JOSE ECHAVARRY OSACAR,397,"2.858.697,9","0,3%",82128,33,6,0,2,0,10,0,3,0,23,0,Inadecuado,Adecuado,Adecuado,Sí
-16.44,-71.60,CARLOS JOSE ECHAVARRY OSACAR,294,"2.773.047,8","0,0%",82129/82129,90,0,0,95,0,95,0,19,0,0,0,Sin acceso,Adecuado,Adecuado,Sí
-16.45,-71.60,40086/40086,116,"8.016.061,9","100,0%",82130,22,17,0,8,0,35,0,2,0,26,0,Inadecuado,Adecuado,Adecuado,Sí
-16.45,-71.58,40087 JESUS MANUEL LOAYZA DEZA,25,"405.882,5","0,0%",82131,67,69,9,0,0,69,4,2,2,0,0,Adecuado,Inadecuado,Adecuado,No
-16.45,-71.59,PEDRO PAULET MOSTAJO/PEDRO PAULET MOSTAJO/FRANCISCO MOSTAJO,477,"4.843.095,3","0,0%",82261,6,6,0,0,0,6,0,1,0,0,0,Inadecuado,Sin acceso,Adecuado,Sí
-16.44,-71.60,JESUS NIÑO,103,"1.340.447,6","0,0%",82688/82688,69,19,0,14,12,71,4,5,0,0,0,Adecuado,Adecuado,Adecuado,No
-16.44,-71.59,SANTA RITA,31,"669.501,3","0,0%",82895,6,24,0,12,0,48,0,6,0,12,12,Inadecuado,Adecuado,Adecuado,Sí
-16.45,-71.59,TIABAYA,94,"1.163.512,9","0,0%",82979,39,39,13,6,6,39,13,3,0,0,0,Inadecuado,Adecuado,Adecuado,Sí
-16.43,-71.60,CASA JESUS NIÑO,106,"2.001.971,3","0,0%",821146,4,8,0,4,0,6,0,1,0,0,0,Inadecuado,Adecuado,Adecuado,Sí
-16.41,-71.64,40005,50,"3.222.962,1","67,7%",821187,19,0,0,19,0,19,0,2,0,0,0,Inadecuado,Inadecuado,Adecuado,No
-16.42,-71.67,40088 REYNO DE BELGICA/40088 REYNO DE BELGICA,271,"5.757.040,9","68,6%",821201,19,16,0,0,0,22,0,2,0,20,0,Inadecuado,Adecuado,Adecuado,No
-16.45,-71.62,40091 ALMA MATER DE CONGATA/40091 ALMA MATER DE CONGATA,442,"6.194.960,3","0,0%",821278,27,12,0,0,0,13,0,1,0,0,0,Adecuado,Adecuado,Adecuado,Sí
-16.45,-71.61,40092 JOSE D.ZUZUNAGA OBANDO/40092 JOSE D. ZUZUNAGA OBANDO,768,"0,0","0,0%",821311,17,0,0,20,0,24,0,2,0,0,0,Adecuado,Adecuado,Adecuado,Sí
-16.45,-71.61,CERRO VERDE,61,"1.228.968,4","0,0%",821455,10,16,0,0,0,16,0,1,0,0,0,Adecuado,Adecuado,Adecuado,Sí
-16.45,-71.62,CONGATA,70,"1.188.743,0","0,0%",MANUEL GONZALES PRADA,305,469,0,12,0,569,5,17,3,0,0,Adecuado,Adecuado,Adecuado,No
-16.44,-71.62,ALVAREZ THOMAS,61,"2.071.027,6","0,0%",RAMON CASTILLA,156,156,7,0,0,156,5,7,0,0,0,Adecuado,Adecuado,Adecuado,No
-16.42,-71.67,UCHUMAYO,34,"0,0","0,0%",848/821492,21,0,0,7,0,16,0,1,0,0,0,Inadecuado,Adecuado,Adecuado,Sí
-16.51,-71.96,40094,5,"3.079.104,1","70,9%",821493,20,20,0,0,0,20,0,2,0,0,0,Adecuado,Adecuado,Adecuado,Sí
-16.47,-71.90,40095,2,"1.131.627,1","100,0%",002,52,0,0,18,0,56,0,3,0,0,0,Adecuado,Adecuado,Adecuado,Sí
-16.46,-71.88,40115 AURORA CASAS CASTRO,8,"2.166.975,0","100,0%",82047 LIBERTADOR SIMON BOLIVAR PALACIOS,151,119,0,22,0,153,0,8,0,0,0,Adecuado,Adecuado,Adecuado,No
-16.46,-71.91,40116,11,"199.314,5","0,0%",82049,25,0,0,12,0,28,8,2,2,12,5,Inadecuado,Adecuado,Inadecuado,No
-16.47,-71.92,40117,14,"423.578,1","38,5%",82147/849/82147,58,32,0,7,0,54,0,7,1,0,29,Inadecuado,Inadecuado,Sin acceso,Sí
-16.47,-71.94,40285,148,"0,0","0,0%",82148,18,30,2,0,0,30,0,2,0,0,0,Inadecuado,Adecuado,Adecuado,No
-16.47,-71.94,BARRIO NUEVO,38,"1.984.878,0","0,0%",82149/82149,113,28,0,23,0,45,0,5,0,6,2,Inadecuado,Adecuado,Sin acceso,Sí
-16.47,-71.94,CORAZON DE MARIA,32,"244.012,2","0,0%",82862,11,15,0,0,0,15,0,2,0,0,0,Adecuado,Adecuado,Inadecuado,Sí
-16.47,-71.94,VICTOR RAUL HAYA DE LA TORRE,242,"5.084.017,7","57,6%",82891,25,0,0,17,17,27,27,2,2,0,0,Inadecuado,Adecuado,Sin acceso,Sí
-16.40,-71.55,40039 SANTA MARIA/40039 SANTA MARIA,287,"5.430.804,3","0,0%",82892/82892,93,0,0,0,0,44,0,5,0,44,0,Adecuado,Adecuado,Sin acceso,Sí
-16.38,-71.54,40048 ANTONIO JOSE DE SUCRE/40048 ANTONIO JOSE DE SUCRE/40048 ANTONIO JOSE DE SUCRE,829,"2.350.226,5","1,5%",82944,34,17,7,11,0,35,0,2,0,0,0,Inadecuado,Adecuado,Sin acceso,Sí
-16.40,-71.57,40099,138,"1.384.660,6","0,0%",821074,38,0,0,33,0,40,0,3,0,0,0,Inadecuado,Inadecuado,Inadecuado,Sí
-16.05,-71.40,40120,7,"711.374,2","100,0%",821231,42,64,12,0,0,63,14,4,0,0,0,Inadecuado,Inadecuado,Sin acceso,Sí
-16.40,-71.55,SANTA ROSA DE LIMA,51,"1.253.480,1","0,0%",821309,26,0,0,0,0,27,0,2,0,0,16,Inadecuado,Inadecuado,Sin acceso,Sí
-16.41,-71.57,GODOFREDO DIAZ MANRIQUE,54,"1.417.016,9","0,0%",850/821395,23,1,0,19,0,19,0,1,0,1,7,Adecuado,Adecuado,Sin acceso,Sí
-16.40,-71.55,REGINA MUNDI,174,"3.043.734,0","29,7%",821447,16,17,7,11,0,35,0,2,0,0,0,Inadecuado,Adecuado,Sin acceso,No
-16.39,-71.54,YANAHUARA,51,"1.115.253,1","0,0%",FERNANDO BELAUNDE TERRY,163,173,0,0,0,173,0,9,0,0,0,Inadecuado,Inadecuado,Adecuado,No
-16.55,-71.47,40209 HEROES DE YARABAMBA,347,"0,0","0,0%",65231-B,53,38,7,0,0,38,0,2,0,0,0,Inadecuado,Inadecuado,Adecuado,No
-16.57,-71.46,40225,57,"0,0","0,0%",133,23,0,0,8,0,22,0,2,0,0,0,Adecuado,Inadecuado,Adecuado,Sí
-16.55,-71.48,LEONIDAS BERNEDO MALAGA,204,"0,0","0,0%",341 VIRGEN DEL ROSARIO,13,0,0,4,0,20,0,1,0,0,0,Adecuado,Inadecuado,Adecuado,Sí
-16.57,-71.46,SAN ANTONIO,14,"0,0","0,0%",82043,106,30,0,38,0,115,0,6,0,0,0,Adecuado,Adecuado,Adecuado,Sí
-16.55,-71.47,YARABAMBA,64,"0,0","0,0%",82044,7,12,0,10,3,20,4,1,0,0,0,Adecuado,Sin acceso,Adecuado,Sí
-16.22,-71.70,40101 DIVINO JESUS/40101 DIVINO JESUS/40101 DIVINO JESUS,111,"5.240.408,9","100,0%",82045,14,0,0,15,0,15,0,3,0,0,0,Adecuado,Adecuado,Adecuado,Sí
-16.26,-71.68,40102 NUESTRA SEÑORA DEL CARMEN PATRONA DE YURA,45,"8.562.317,4","100,0%",82046,44,24,0,25,0,80,0,6,0,0,0,Inadecuado,Adecuado,Adecuado,No
-16.31,-71.61,40202 CHARLOTTE/40202 CHARLOTTE/40202 CHARLOTTE,1.184,"13.755.813,4","0,0%",82137,54,17,0,0,0,55,0,5,0,0,0,Inadecuado,Adecuado,Adecuado,Sí
-16.30,-71.62,CIUDAD DE DIOS KM 16,207,"1.849.866,4","8,0%",82138,42,5,0,19,2,42,0,3,3,0,0,Adecuado,Adecuado,Adecuado,Sí
-16.30,-71.63,JORGE SANJINEZ LENZ/JORGE SANJINEZ LENZ/JORGE SANJINEZ LENZ,767,"2.563.917,9","0,0%",82139,11,0,0,12,0,37,0,2,0,0,0,Adecuado,Adecuado,Adecuado,Sí
-16.25,-71.68,ESTACION YURA,14,"4.183.279,2","100,0%",82141,8,7,0,18,0,1,0,1,0,0,55,Inadecuado,Adecuado,Adecuado,Sí
-16.31,-71.61,LUCERITO DE LOS ANGELES,131,"4.258.335,2","0,0%",82142,26,12,0,15,0,30,0,2,0,0,0,Adecuado,Adecuado,Adecuado,Sí
-16.25,-71.70,40100,8,"3.018.473,1","100,0%",82143,15,2,0,12,0,22,0,2,0,0,0,Inadecuado,Adecuado,Adecuado,Sí
-16.30,-71.62,SAN BERNARDO/SAN BERNARDO,663,"10.494.539,6","0,0%",82144,16,0,0,8,0,16,0,2,1,0,8,Inadecuado,Sin acceso,Adecuado,Sí
-16.31,-71.61,SEÑOR DE LOS MILAGROS/SEÑOR DE LOS MILAGROS/SEÑOR DE LOS MILAGROS,704,"10.284.214,8","0,0%",82145/82145,69,72,0,0,0,72,0,8,0,0,0,Inadecuado,Adecuado,Adecuado,Sí
-16.44,-71.52,3 DE OCTUBRE,20,"558.764,5","0,0%",82146,42,9,0,0,0,30,0,5,0,4,26,Inadecuado,Inadecuado,Adecuado,Sí
-16.43,-71.53,40038 JORGE BASADRE GROHMANN/40038 JORGE BASADRE GROHMANN/40038 JORGE BASADRE GROHMANN,1.536,"6.981.361,2","14,5%",82875,29,6,4,32,12,41,0,3,0,0,0,Inadecuado,Adecuado,Adecuado,Sí
-16.42,-71.53,40121 EVERARDO ZAPATA SANTILLANA/40121 EVERARDO ZAPATA SANTILLANA/40121 EVERARDO ZAPATA SANTILLANA,428,"7.691.251,2","0,0%",82953,35,0,0,20,20,40,40,2,0,0,0,Adecuado,Sin acceso,Adecuado,Sí
-16.43,-71.54,40122 MANUEL SCORZA TORRES/40122 MANUEL SCORZA TORRES,586,"8.100.506,4","8,5%",82956,2,0,0,18,4,25,4,2,1,0,0,Inadecuado,Inadecuado,Adecuado,Sí
-16.44,-71.52,40166 BELGICA,123,"1.476.802,8","0,0%",821147,16,8,8,9,0,19,0,2,0,0,0,Adecuado,Adecuado,Adecuado,Sí
-16.44,-71.52,TASAHUAYO,19,"547.173,7","41,9%",821148,32,0,0,20,6,40,9,3,0,0,0,Adecuado,Adecuado,Adecuado,Sí
-16.41,-71.52,40171 SANTISIMA VIRGEN DE FATIMA/40171 SANTISIMA VIRGEN DE FATIMA,106,"2.859.732,2","0,0%",821179,102,98,0,46,0,116,0,6,0,0,0,Adecuado,Adecuado,Adecuado,No
-16.44,-71.51,40175 GRAN LIBERTADOR SIMON BOLIVAR/40175 GRAN LIBERTADOR SIMON BOLIVAR,751,"0,0","0,0%",821184/821184,71,74,0,24,0,68,0,8,0,0,0,Adecuado,Adecuado,Adecuado,Sí
-16.45,-71.51,40631 JUAN PABLO II/40631 JUAN PABLO II,228,"2.511.404,1","6,6%",821202,20,0,0,8,0,16,0,2,0,0,0,Adecuado,Adecuado,Adecuado,Sí
-16.43,-71.53,41038 JOSE OLAYA BALANDRA/41038 JOSE OLAYA BALANDRA/41038 JOSE OLAYA BALANDRA/41038 JOSE OLAYA BALANDRA,312,"2.403.512,2","0,0%",821244,22,25,0,0,0,25,0,2,0,0,0,Adecuado,Adecuado,Adecuado,Sí
-16.43,-71.52,7 DE AGOSTO/7 DE AGOSTO,398,"5.875.501,5","0,0%",821280,8,8,0,4,0,16,0,1,0,0,0,Inadecuado,Adecuado,Adecuado,Sí
-16.43,-71.52,90 JUAN PABLO VIZCARDO Y GUZMAN,87,"1.812.141,0","25,2%",821281,12,5,0,0,0,20,0,1,0,15,0,Inadecuado,Inadecuado,Adecuado,Sí
-16.43,-71.51,ESPECIAL DE RAPIDO APRENDIZAJE ALFRED BINET/ESPECIAL DE RAPIDO APRENDIZAJE ALFRED BINET,269,"0,0","0,0%",821298,9,0,0,7,0,12,0,1,0,0,0,Inadecuado,Inadecuado,Adecuado,Sí
-16.43,-71.54,CERRO JULI,68,"1.667.247,6","0,0%",821323,9,0,0,5,0,10,0,1,0,0,0,Inadecuado,Inadecuado,Adecuado,Sí
-16.44,-71.52,DOLORES,173,"3.336.843,7","15,5%",821334,18,1,0,5,0,10,0,1,0,0,0,Inadecuado,Inadecuado,Adecuado,Sí
-16.43,-71.53,FECIA,124,"2.838.800,4","27,9%",821337,47,48,0,0,0,48,0,3,0,0,0,Adecuado,Sin acceso,Adecuado,Sí
-16.43,-71.53,INMACULADA CONCEPCION/INMACULADA CONCEPCION,1.040,"12.190.287,3","0,0%",821387,22,9,1,0,0,0,0,2,0,0,0,Inadecuado,Adecuado,Adecuado,Sí
-16.43,-71.51,MI PERU,17,"331.532,8","0,0%",821436,13,13,0,0,0,13,0,1,0,0,0,Inadecuado,Inadecuado,Adecuado,Sí
-16.44,-71.52,HELEN KELLER/HELEN KELLER,45,"3.112.971,7","0,0%",821448,22,0,0,20,0,40,0,2,2,0,0,Inadecuado,Adecuado,Adecuado,Sí
-16.43,-71.53,PEDRO DIEZ CANSECO,71,"916.913,9","0,0%",821464,13,8,0,25,0,45,0,1,0,0,0,Inadecuado,Sin acceso,Adecuado,Sí
-16.42,-71.52,PEDRO P. DIAZ,1.331,"14.905.158,0","0,0%",821467,31,0,0,10,0,16,0,1,0,0,0,Inadecuado,Adecuado,Adecuado,Sí
-16.44,-71.52,SIMON BOLIVAR,163,"1.542.155,4","0,0%",643-B/65244-B,35,0,0,10,0,30,3,2,0,0,0,Inadecuado,Adecuado,Adecuado,Sí
-16.42,-71.53,CONSERVATORIO REGIONAL DE MUSICA LUIS DUNCKER LAVALLE,210,"4.343.317,8","0,0%",SAN JOSE,151,155,0,0,0,155,0,7,0,0,0,Inadecuado,Adecuado,Adecuado,No
-17.00,-72.09,MI PEQUEÑO PARAISO,95,"1.010.488,7","0,0%",VICTOR RAUL HAYA DE LA TORRE,131,195,30,0,0,195,30,7,0,0,0,Adecuado,Adecuado,Adecuado,No
-17.02,-72.00,LOS PINOS,73,"0,0","0,0%",SAN JUAN BAUTISTA,58,,,,,,,,,,,Sin acceso,Sin acceso,Adecuado,Sí
-17.03,-71.71,EL FISCAL,25,"1.117.428,0","100,0%",SAN JORGE,29,60,13,16,1,70,19,5,0,60,16,Inadecuado,Adecuado,Adecuado,Sí
-16.63,-72.71,40226 SANTA ROSA DE LIMA/40226 SANTA ROSA DE LIMA,264,"4.358.602,7","0,0%",RAMBRAN,60,0,0,31,0,62,0,5,0,0,0,Adecuado,Adecuado,Adecuado,No
-16.63,-72.71,40227 EDUARDO PORTUGAL/40227 EDUARDO PORTUGAL,464,"0,0","0,0%",65230,73,74,9,0,0,74,9,4,1,0,0,Inadecuado,Adecuado,Adecuado,No
-16.65,-72.71,LA DEHEZA/40228,20,"1.110.285,0","0,0%",129/821136,283,266,57,0,0,295,0,15,5,0,0,Inadecuado,Adecuado,Adecuado,No
-16.62,-72.72,40229 VIRGEN DE LA MEDALLA MILAGROSA,9,"841.651,7","0,0%",152,13,0,0,6,0,18,0,2,0,0,0,Inadecuado,Sin acceso,Adecuado,Sí
-16.62,-72.71,41040 JOSE CARLOS MARIATEGUI,463,"5.092.969,9","0,0%",82161,81,43,0,39,8,69,3,6,5,0,0,Inadecuado,Adecuado,Adecuado,No
-16.62,-72.71,41041 CRISTO REY/41041 CRISTO REY/41041 CRISTO REY,1.529,"20.944.775,1","0,0%",226/821005,89,0,0,55,0,106,0,9,0,0,0,Adecuado,Adecuado,Adecuado,Sí
-16.62,-72.71,900 NIÑO JESUS DE PRAGA,209,"4.972.946,4","7,8%",MARIANO MELGAR/245/82135,197,129,0,28,0,188,0,12,0,0,0,Inadecuado,Adecuado,Adecuado,No
-16.63,-72.71,MEDALLA MILAGROSA/MEDALLA MILAGROSA,57,"7.529.198,3","0,0%",318,25,0,0,10,0,30,0,2,0,0,0,Inadecuado,Adecuado,Adecuado,Sí
-16.62,-72.71,SANTA LUZMILA,72,"2.099.089,8","0,0%",350,9,0,0,10,0,15,0,1,0,0,0,Inadecuado,Adecuado,Adecuado,Sí
-16.62,-72.71,SEBASTIAN BARRANCA/SEBASTIAN BARRANCA/SEBASTIAN BARRANCA,1.162,"26.298.554,7","0,0%",357,10,19,0,19,9,63,10,1,0,0,0,Inadecuado,Sin acceso,Inadecuado,Sí
-16.60,-72.73,40231,20,"1.697.198,6","86,2%",358/RICARDO PALMA SORIANO/82051,115,55,7,0,0,55,5,4,0,0,0,Inadecuado,Inadecuado,Adecuado,No
-16.58,-72.73,40232 VIRGEN DEL ROSARIO,67,"583.114,5","0,0%",82050,9,9,0,9,0,33,0,6,0,10,10,Inadecuado,Inadecuado,Adecuado,No
-16.60,-72.75,40233 JOSE MARIA QUIMPER Y CABALLERO,115,"2.470.202,1","0,0%",82140,4,10,0,0,0,19,2,1,0,12,11,Inadecuado,Sin acceso,Adecuado,Sí
-16.60,-72.73,EL CARDO,10,"708.753,2","63,3%",82150,14,60,0,0,0,60,0,2,0,0,0,Inadecuado,Inadecuado,Adecuado,Sí
-16.59,-72.74,EL PUENTE,54,"1.316.519,8","0,0%",82151,102,78,0,19,0,106,0,6,0,0,0,Inadecuado,Adecuado,Adecuado,No
-16.60,-72.75,LOYOLA CARNERO MENESES,106,"14.201.611,4","0,0%",82152,49,12,0,0,0,74,0,4,1,0,31,Inadecuado,Sin acceso,Adecuado,No
-16.60,-72.75,JULIO ERNESTO PORTUGAL,97,"727.194,1","0,0%",82153,9,0,0,10,0,15,0,2,0,10,0,Inadecuado,Adecuado,Adecuado,No
-15.98,-73.17,40194/40194,1.025,"23.272.121,0","8,2%",82154,101,109,0,0,0,109,0,6,0,109,0,Adecuado,Sin acceso,Adecuado,No
-16.03,-73.17,40234 JUAN PABLO II/40234 JUAN PABLO II,371,"8.204.453,4","100,0%",82155,99,0,0,73,0,114,0,6,0,0,0,Inadecuado,Adecuado,Adecuado,No
-15.90,-73.19,ANGELES DE JESUS,51,"2.328.729,4","79,7%",82156/82156,37,30,0,4,0,38,0,6,2,8,0,Inadecuado,Adecuado,Adecuado,Sí
-15.90,-73.19,40667 CRISTO MORADO/40667 CRISTO MORADO,242,"8.046.458,9","100,0%",82157,20,20,0,0,0,20,0,2,0,0,0,Adecuado,Adecuado,Adecuado,Sí
-16.62,-72.74,40235,49,"6.318.410,7","76,8%",82158,38,37,0,0,0,37,0,4,0,0,0,Inadecuado,Adecuado,Adecuado,Sí
-16.60,-72.77,40236 CESAR VALLEJO/40236 CESAR VALLEJO/40236 CESAR VALLEJO,695,"11.260.530,1","23,4%",82159,73,52,0,0,0,52,0,3,0,0,0,Adecuado,Inadecuado,Adecuado,Sí
-16.60,-72.77,PUCCHUN,104,"2.901.198,3","54,2%",82160,23,12,0,8,0,20,0,6,0,0,0,Inadecuado,Sin acceso,Adecuado,Sí
-16.62,-72.73,SAN JOSE,33,"174.637,0","0,0%",82162,3,0,0,6,0,13,0,2,0,0,0,Inadecuado,Adecuado,Adecuado,No
-16.59,-72.79,40683 ROLF LAUMER,74,"961.126,4","10,8%",82163,22,0,0,0,0,7,0,2,0,5,0,Inadecuado,Adecuado,Adecuado,Sí
-16.59,-72.71,40237,130,"3.726.735,3","0,0%",82164,20,0,0,24,0,32,0,3,0,0,0,Adecuado,Inadecuado,Adecuado,No
-16.57,-72.71,40239 NICOLAS DE PIEROLA/40239 NICOLAS DE PIEROLA,506,"8.674.208,9","0,0%",82165,29,0,0,14,0,28,0,3,0,0,0,Inadecuado,Adecuado,Adecuado,No
-16.50,-72.60,40249,9,"397.494,3","0,0%",82166,24,2,0,11,0,28,0,2,0,2,11,Adecuado,Adecuado,Adecuado,Sí
-16.59,-72.71,40251 VIRGEN DE GUADALUPE,61,"1.027.601,9","0,0%",82167,27,27,0,0,0,27,0,2,2,0,0,Inadecuado,Adecuado,Adecuado,Sí
-16.57,-72.71,SAN GREGORIO,112,"550.865,4","0,0%",82168,25,6,0,23,0,42,0,3,0,0,0,Inadecuado,Adecuado,Adecuado,Sí
-16.59,-72.71,SAN JACINTO,22,"1.369.451,3","14,8%",82169,45,0,0,36,0,80,0,3,0,0,36,Inadecuado,Adecuado,Adecuado,No
-16.43,-73.11,40240 LUZ A. CARNERO DONGO,172,"1.665.404,9","13,1%",82170,20,0,0,0,0,88,0,3,2,0,38,Inadecuado,Adecuado,Adecuado,No
-16.39,-73.25,40242,22,"973.918,1","0,0%",82171,10,0,0,13,0,13,0,2,0,0,0,Inadecuado,Adecuado,Adecuado,No
-16.25,-73.16,40248,15,"547.798,4","8,7%",82172,24,23,0,0,0,23,0,3,0,0,0,Inadecuado,Adecuado,Adecuado,Sí
-16.38,-73.12,MOLLEBAMBA,3,"205.291,4","0,0%",82173,15,15,11,0,0,18,13,2,2,0,0,Inadecuado,Inadecuado,Adecuado,Sí
-16.31,-73.13,40255,2,"316.059,3","0,0%",82396,25,31,0,0,0,31,0,2,0,0,0,Inadecuado,Adecuado,Adecuado,No
-16.42,-73.11,CPED - 40259/40259,111,"5.790.888,5","100,0%",82874,43,44,0,0,0,44,0,4,0,0,0,Inadecuado,Adecuado,Adecuado,No
-16.19,-73.15,40282,4,"804.202,5","100,0%",82893,29,0,0,45,0,70,0,3,2,0,0,Inadecuado,Inadecuado,Adecuado,No
-16.33,-73.14,41043,3,"380.909,2","25,3%",82894,13,22,0,0,0,22,0,2,0,0,0,Inadecuado,Inadecuado,Adecuado,Sí
-16.40,-73.22,41515 REINO DE ESPAÑA,97,"3.043.009,9","57,9%",82914/82914,206,231,10,4,0,231,0,11,0,0,0,Inadecuado,Adecuado,Adecuado,No
-16.43,-73.11,901,45,"177.570,1","5,1%",82960,26,11,0,0,0,11,0,2,0,0,0,Inadecuado,Inadecuado,Adecuado,Sí
-16.43,-73.11,JOSE MARIA MORANTE,153,"2.074.305,1","8,0%",821026,24,4,0,20,0,30,0,2,0,0,0,Inadecuado,Inadecuado,Adecuado,Sí
-16.40,-73.22,LA PLANCHADA,48,"1.623.873,0","100,0%",821028,37,0,0,23,2,43,1,3,0,0,0,Inadecuado,Adecuado,Adecuado,No
-16.39,-73.25,PESCADORES,10,"651.372,3","100,0%",821073,12,0,0,12,0,10,0,1,0,9,0,Inadecuado,Adecuado,Adecuado,No
-16.40,-73.22,41515 REINO DE ESPAÑA,98,"6.060.490,0","100,0%",821122,26,30,0,0,0,30,0,2,0,0,0,Adecuado,Inadecuado,Adecuado,No
-16.72,-72.43,40244 VIRGEN DE LA CANDELARIA DE QUILCA/40244 VIRGEN DE LA CANDELARIA DE QUILCA,184,"4.272.930,0","0,0%",821135,9,38,0,17,0,31,0,4,0,0,0,Inadecuado,Sin acceso,Adecuado,No
-16.60,-72.70,28 DE JULIO,51,"1.508.912,9","17,1%",SOGORON ALTO,29,0,0,17,0,38,0,3,0,0,0,Adecuado,Sin acceso,Adecuado,Sí
-16.60,-72.69,40203 TUPAC AMARU,65,"898.223,7","30,0%",821205,32,0,0,0,0,66,12,8,0,0,30,Inadecuado,Adecuado,Adecuado,No
-16.60,-72.70,40238 NUESTRA SEÑORA DEL CARMEN,177,"3.067.499,5","0,0%",821206,21,0,0,0,0,21,21,2,0,0,13,Inadecuado,Inadecuado,Adecuado,No
-16.61,-72.70,40245 JOSE PASTOR CAMPOS,49,"647.637,7","0,0%",821207,9,0,0,0,0,18,0,1,0,0,7,Adecuado,Adecuado,Adecuado,Sí
-16.61,-72.71,40246 SEÑOR DE LOS MILAGROS,36,"2.777.532,0","21,2%",821224,7,0,0,0,0,40,10,3,0,0,19,Adecuado,Inadecuado,Adecuado,No
-16.60,-72.70,CPED - 40281/40281,121,"3.591.198,1","2,8%",821233,27,45,0,0,0,45,0,3,0,0,0,Adecuado,Sin acceso,Adecuado,No
-16.60,-72.70,JUAN PABLO VIZCARDO Y GUZMAN/40516 JUAN PABLO VIZCARDO Y GUZMAN,57,"1.040.404,5","0,0%",821236,5,5,0,7,0,8,0,1,0,0,0,Inadecuado,Adecuado,Adecuado,Sí
-16.65,-72.68,41044,11,"630.802,6","0,0%",821238,37,37,0,0,0,37,0,3,0,0,0,Inadecuado,Adecuado,Sin acceso,Sí
-16.60,-72.70,FAUSTINO B. FRANCO,330,"5.696.896,9","0,0%",821240,6,6,0,0,0,6,0,1,0,0,0,Inadecuado,Inadecuado,Adecuado,No
-16.64,-72.70,LA BOYA,14,"916.905,6","0,0%",821316,8,19,0,6,0,43,0,2,0,0,0,Adecuado,Adecuado,Adecuado,Sí
-16.60,-72.70,LA INMACULADA,453,"2.459.986,8","0,0%",821326,7,18,0,0,0,22,0,2,0,0,0,Inadecuado,Inadecuado,Adecuado,No
-16.61,-72.70,LA PAMPA,31,"511.039,9","0,0%",821329,8,0,0,0,0,20,0,2,0,0,12,Adecuado,Adecuado,Adecuado,No
-16.60,-72.70,NUESTRA SEÑORA DE LA CANDELARIA,539,"9.634.516,0","3,2%",821331,11,16,0,8,0,12,0,1,0,0,0,Inadecuado,Inadecuado,Adecuado,No
-16.60,-72.69,RAMIRO PRIALE,29,"907.460,9","23,8%",821332,11,12,0,0,0,12,0,1,0,0,0,Inadecuado,Adecuado,Adecuado,No
-16.61,-72.70,FAUSTINO B. FRANCO,456,"13.066.881,8","0,0%",821333,18,0,0,0,0,33,0,2,0,9,7,Inadecuado,Sin acceso,Sin acceso,Sí
-16.60,-72.70,LA INMACULADA,352,"2.994.100,3","0,0%",821346,19,0,0,12,0,22,0,0,0,0,0,Inadecuado,Adecuado,Adecuado,Sí
-16.61,-72.70,ANGEL DE LA GUARDA/ANGEL DE LA GUARDA,801,"17.061.348,6","0,0%",821349,9,0,0,12,5,12,6,1,0,0,0,Inadecuado,Adecuado,Adecuado,Sí
-15.77,-73.37,41042 PEDRO JOSE TORDOYA MONTOYA,441,"2.004.280,7","0,0%",821362,8,0,0,11,4,13,9,2,1,4,0,Inadecuado,Adecuado,Adecuado,Sí
-15.77,-73.37,CARAVELI,197,"3.598.303,1","0,0%",821364,25,0,0,12,0,30,0,2,0,0,0,Inadecuado,Adecuado,Sin acceso,No
-15.77,-73.37,INDEPENDENCIA DEL PERU,326,"8.436.643,3","14,3%",821375,8,22,0,4,0,28,0,3,0,22,4,Inadecuado,Adecuado,Adecuado,Sí
-15.77,-73.36,SAN MIGUEL/SAN MIGUEL,343,"24.163.718,5","0,0%",821406,8,20,0,0,0,20,0,1,0,0,0,Inadecuado,Inadecuado,Adecuado,Sí
-15.43,-74.62,40262 JOSE SEBASTIAN BARRANCA Y LOVERA,394,"7.622.058,8","8,0%",821411,17,14,0,0,0,11,10,2,0,0,0,Adecuado,Adecuado,Adecuado,Sí
-15.36,-74.59,40265,17,"1.017.808,2","0,0%",821431,3,4,0,0,0,8,0,2,0,0,3,Inadecuado,Adecuado,Inadecuado,Sí
-15.28,-74.57,40286,8,"1.067.589,9","100,0%",821442,6,0,0,4,0,12,0,1,0,0,0,Inadecuado,Adecuado,Adecuado,Sí
-15.17,-74.52,40287,6,"277.759,3","0,0%",821450,17,19,0,0,0,19,0,2,2,0,0,Adecuado,Adecuado,Adecuado,No
-15.49,-74.63,40308,22,"2.011.654,9","100,0%",821461,3,,,,,,,,,,,Sin acceso,Sin acceso,Adecuado,Sí
-15.41,-74.61,41064,11,"740.123,6","100,0%",SEÑOR DE LOS MILAGROS,37,31,0,0,0,31,0,4,0,0,0,Adecuado,Adecuado,Sin acceso,No
-15.31,-74.58,41507,26,"3.203.062,3","100,0%",CRISTO JESUS,50,156,26,0,0,156,26,13,13,0,0,Inadecuado,Adecuado,Adecuado,No
-15.19,-74.53,41517,10,"232.970,7","0,0%",SAN MARTIN DE PORRES,93,97,13,0,0,97,13,5,0,97,0,Inadecuado,Adecuado,Adecuado,No
-15.36,-74.59,EL MOLINO,11,"1.017.469,6","100,0%",CRISTO REDENTOR,153,305,0,0,0,342,0,9,0,305,0,Inadecuado,Inadecuado,Adecuado,No
-15.31,-74.58,FRANCISCO BOLOGNESI,41,"1.453.662,3","38,0%",CESAR VALLEJO,193,250,0,0,0,250,0,10,0,0,0,Adecuado,Adecuado,Adecuado,No
-15.44,-74.62,NICOLAS DE PIEROLA/NICOLAS DE PIEROLA,322,"9.923.408,8","0,0%",JOSE CARLOS MARIATEGUI,322,416,0,0,0,416,0,16,0,0,0,Adecuado,Adecuado,Adecuado,No
-15.31,-74.58,NIÑOS DE BELEN,9,"843.570,3","100,0%",LUIS ALBERTO SANCHEZ,219,252,0,0,0,252,0,10,0,0,0,Inadecuado,Adecuado,Sin acceso,No
-15.43,-74.62,VIRGEN DEL CARMEN,96,"11.610.957,4","0,0%",JOSE ARANA BERRUETE,50,51,1,5,0,5,0,5,0,51,0,Adecuado,Adecuado,Adecuado,No
-15.43,-74.62,SAN MARTIN DE PORRES/SAN MARTIN DE PORRES/SAN MARTIN DE PORRES,489,"12.858.139,6","0,0%",MICHIQUILLAY,88,55,5,0,0,86,17,5,0,33,0,Inadecuado,Adecuado,Adecuado,No
-16.21,-73.62,40266 ENMANUEL,27,"1.630.737,9","15,6%",82916,17,7,0,6,0,18,0,3,1,0,0,Adecuado,Sin acceso,Adecuado,Sí
-16.22,-73.62,40267 SAGRADO CORAZON DE JESUS,435,"9.430.852,0","0,0%",821205,41,41,23,0,0,30,17,5,5,0,0,Inadecuado,Adecuado,Inadecuado,Sí
-16.19,-73.73,40273 CORONEL ALFONSO UGARTE/40273 CORONEL ALFONSO UGARTE,59,"4.945.917,9","71,4%",027,46,0,0,15,0,60,0,3,0,0,0,Adecuado,Adecuado,Adecuado,Sí
-16.22,-73.61,MIGUEL GRAU,464,"10.157.277,2","1,9%",65216,8,15,0,0,0,15,0,1,0,0,0,Inadecuado,Inadecuado,Adecuado,Sí
-16.21,-73.62,NUESTRA SEÑORA DEL ROSARIO,10,"1.116.871,5","100,0%",117,61,0,0,11,0,61,0,3,0,0,0,Inadecuado,Sin acceso,Inadecuado,Sí
-16.23,-73.61,VILLA FLORIDA,169,"13.760.744,0","8,5%",128,51,0,0,10,0,50,0,3,0,0,0,Inadecuado,Adecuado,Adecuado,Sí
-15.80,-74.36,40289,9,"235.689,4","0,0%",82063/82063,409,338,0,43,0,429,0,16,0,0,0,Inadecuado,Adecuado,Adecuado,No
-15.79,-74.41,40290,33,"3.064.746,5","70,8%",82064,256,253,0,0,0,253,0,12,4,0,0,Inadecuado,Inadecuado,Adecuado,No
-15.81,-74.36,41052 MANUEL ALVA CABRERA/41052 MANUEL ALVA CABRERA,46,"3.056.884,3","100,0%",82065 PABLO ENRIQUE SANCHEZ ZEVALLOS,97,0,0,54,0,106,0,6,0,0,0,Inadecuado,Sin acceso,Adecuado,No
-15.79,-74.41,MI JARDIN DEL SABER,9,"689.134,1","58,0%",82066,218,0,0,154,13,250,21,11,0,0,0,Adecuado,Adecuado,Adecuado,Sí
-15.81,-74.36,SANTA ROSA,23,"1.143.298,0","100,0%",82067/82067,200,115,0,56,1,200,0,11,0,17,0,Adecuado,Inadecuado,Adecuado,No
-15.46,-74.68,40268 PEDRO ALFERRANO HERNANDEZ,187,"1.939.389,6","6,8%",82068/82068,50,41,0,8,0,53,0,4,0,0,1,Inadecuado,Adecuado,Adecuado,No
-15.45,-74.66,40269 ISMAEL CONTRERAS YAÑEZ,108,"0,0","0,0%",82185/82185,151,63,0,69,0,161,0,9,0,0,0,Inadecuado,Adecuado,Adecuado,No
-15.63,-74.64,40306,30,"5.724.937,4","100,0%",82186,49,0,0,28,1,59,0,3,1,0,0,Adecuado,Adecuado,Adecuado,No
-15.45,-74.66,JOSEFINA TAYA VIZCARDO,67,"1.917.577,0","29,3%",82187 VIRGEN DE FATIMA,3,,,,,,,,,,,Sin acceso,Sin información,Sin acceso,Sí
-15.45,-74.66,FRANCISCO FLORES BERRUEZO,261,"0,0","0,0%",82188,8,9,0,26,12,25,15,2,0,0,0,Adecuado,Sin acceso,Adecuado,Sí
-15.46,-74.68,SAN ISIDRO,93,"3.157.081,7","86,4%",82189,70,0,0,44,0,88,0,4,0,0,0,Inadecuado,Adecuado,Adecuado,No
-15.45,-73.50,40270,22,"2.821.583,4","100,0%",82190,27,10,0,14,0,38,0,2,0,0,0,Adecuado,Adecuado,Adecuado,Sí
-15.50,-73.48,40271,19,"3.355.293,0","94,6%",82191,2,4,0,6,0,12,0,2,0,0,0,Adecuado,Sin acceso,Adecuado,Sí
-15.42,-73.33,40291,2,"873.098,4","100,0%",82192,58,61,0,0,0,63,0,2,1,0,0,Inadecuado,Adecuado,Adecuado,No
-15.50,-73.61,40292 MARIA AUXILIADORA,3,"737.874,2","23,5%",82193,59,61,0,0,0,61,0,6,0,50,6,Inadecuado,Adecuado,Adecuado,No
-15.50,-73.58,40489,3,"1.119.411,4","67,1%",82194,15,12,0,6,0,26,0,2,0,0,0,Inadecuado,Adecuado,Adecuado,No
-15.45,-73.50,AYROCA,5,"580.770,7","100,0%",82195,62,5,0,31,0,62,0,4,0,0,0,Adecuado,Adecuado,Adecuado,No
-15.50,-73.48,CAHUACHO,5,"457.767,4","100,0%",82196,8,0,0,4,4,10,7,1,0,0,3,Adecuado,Adecuado,Adecuado,Sí
-15.50,-73.61,SONDOR,4,"583.387,1","51,5%",82197,56,0,0,45,0,59,0,4,0,0,0,Inadecuado,Sin acceso,Adecuado,Sí
-15.50,-73.48,VIRGEN DE COPACABANA,31,"3.237.164,6","100,0%",82198,17,37,0,4,0,37,0,3,1,0,0,Inadecuado,Adecuado,Adecuado,Sí
-15.86,-74.25,40272 JOSE OLAYA BALANDRA,1.038,"15.692.951,7","1,5%",82199 JOSE DE SAN MARTIN,41,3,0,36,0,57,7,4,0,3,36,Adecuado,Adecuado,Adecuado,No
-15.87,-74.25,CHALA SUR,105,"7.228.219,3","0,0%",82200,13,7,0,0,0,23,0,2,0,7,8,Inadecuado,Adecuado,Adecuado,Sí
-15.86,-74.25,HORTENCIA PARDO MANCEBO,760,"11.801.563,1","5,7%",82439,27,0,0,15,6,32,0,2,0,0,0,Adecuado,Adecuado,Adecuado,Sí
-15.85,-74.25,NUESTRA SEÑORA DE LA INMACULADA CONCEPCION,179,"5.085.230,4","0,0%",82849,56,13,0,50,0,102,0,3,0,0,0,Adecuado,Adecuado,Adecuado,Sí
-15.84,-74.27,MI JARDIN DE AMOR,70,"2.503.804,9","62,2%",82861,42,0,0,0,0,45,0,3,0,0,24,Inadecuado,Adecuado,Adecuado,No
-15.86,-74.25,CHALA,73,"1.600.582,6","8,4%",82929,44,44,0,0,0,84,0,5,0,0,0,Inadecuado,Inadecuado,Adecuado,No
-15.70,-73.83,40250 ENRIQUE ZAPATA MARTINEAU,23,"1.757.039,2","0,0%",82966,31,20,0,10,0,40,0,2,0,0,0,Inadecuado,Adecuado,Adecuado,Sí
-15.80,-73.96,40274 SEÑOR DE LOS MILAGROS,38,"2.686.285,4","0,0%",821077,36,0,0,32,0,64,0,2,0,0,0,Inadecuado,Inadecuado,Adecuado,Sí
-15.80,-73.97,MI PEQUEÑO MUNDO,11,"395.725,7","0,0%",821159,13,15,0,2,0,24,0,1,0,0,0,Inadecuado,Inadecuado,Adecuado,No
-15.74,-73.86,40276 MARIANO MELGAR VALDIVIESO,215,"644.916,9","0,0%",821239,9,12,0,32,32,12,3,1,0,0,0,Inadecuado,Inadecuado,Adecuado,Sí
-15.74,-73.86,CORPUS CRISTHY,86,"2.999.432,5","83,3%",821243,32,0,0,35,0,74,0,3,3,0,35,Inadecuado,Inadecuado,Adecuado,Sí
-15.70,-73.83,CRISTO REY,13,"1.358.912,9","100,0%",821325,25,0,0,0,0,40,0,3,1,0,3,Inadecuado,Adecuado,Adecuado,No
-15.80,-73.96,NUESTRA SEÑORA MARIA DEL PILAR,31,"1.186.399,2","50,8%",821369,58,41,0,10,0,65,0,4,0,0,0,Inadecuado,Inadecuado,Adecuado,No
-15.74,-73.86,SIMON BOLIVAR,223,"5.616.334,2","100,0%",821471,40,0,0,36,0,60,0,3,0,0,0,Inadecuado,Adecuado,Adecuado,Sí
-15.50,-73.91,40295,2,"297.631,6","7,7%",DULCE NOMBRE DE JESUS,656,620,0,0,0,620,0,20,0,0,0,Adecuado,Adecuado,Adecuado,No
-15.54,-73.92,40296 VIRGEN DEL ROSARIO,5,"613.378,4","100,0%",JOSE OLAYA BALANDRA,266,201,24,0,0,288,26,12,4,23,57,Inadecuado,Adecuado,Adecuado,No
-15.66,-74.09,40297 JUAN BAUTISTA DE TOCOTA,40,"3.237.559,3","100,0%",INCA GARCILASO DE LA VEGA,102,105,0,0,0,105,0,6,1,0,0,Inadecuado,Adecuado,Adecuado,No
-15.63,-74.06,40668/40668,116,"5.634.132,4","100,0%",ABSALON VASQUEZ VILLANUEVA,80,81,2,6,0,81,3,6,0,0,0,Inadecuado,Adecuado,Adecuado,No
-15.63,-74.03,41056 DANIEL ALCIDES CARRION,257,"232.245,5","0,0%",057,125,0,0,38,4,141,0,6,1,0,0,Adecuado,Adecuado,Adecuado,Sí
-15.63,-74.03,NUEVO HORIZONTE,108,"0,0","0,0%",135,113,0,0,36,0,180,0,6,0,0,0,Adecuado,Adecuado,Adecuado,Sí
-15.66,-74.09,NIÑO JESUS DE PRAGA,20,"1.598.756,2","100,0%",82202,92,0,0,52,0,112,0,8,0,0,0,Adecuado,Adecuado,Adecuado,No
-15.48,-74.44,40277,189,"2.007.105,8","33,9%",236,34,15,0,0,0,42,0,3,0,0,0,Adecuado,Adecuado,Adecuado,Sí
-15.56,-74.47,40486,14,"6.051.039,3","100,0%",359,45,0,0,15,0,52,0,3,0,0,0,Inadecuado,Adecuado,Adecuado,Sí
-15.57,-74.47,40653,8,"1.116.285,0","100,0%",82069,317,219,0,54,0,320,0,12,0,0,0,Adecuado,Adecuado,Adecuado,No
-15.48,-74.44,CORAZON DE JESUS,88,"1.126.509,2","23,2%",82201,49,18,3,22,2,44,4,5,0,0,0,Inadecuado,Adecuado,Adecuado,No
-15.48,-74.44,SAN FRANCISCO DE ASIS,159,"6.282.744,8","89,1%",82203,75,71,0,9,0,88,0,6,0,71,0,Adecuado,Adecuado,Adecuado,No
-15.57,-74.85,INDALECIO TRILLO,125,"4.720.643,5","100,0%",82204,46,0,0,30,0,50,0,3,0,0,0,Adecuado,Inadecuado,Adecuado,No
-15.57,-74.85,SAGRADO CORAZON DE MARIA,92,"3.286.845,1","100,0%",82915/82915,48,23,0,21,0,76,0,3,0,0,2,Inadecuado,Adecuado,Adecuado,Sí
-15.57,-73.66,40278/40278,28,"1.482.953,0","55,7%",821060/821060,139,104,0,47,0,157,0,11,0,0,0,Inadecuado,Adecuado,Adecuado,No
-15.63,-73.80,40279 NUESTRA SEÑORA DEL PERPETUO SOCORRO,155,"1.623.663,3","18,3%",SAN JUAN BAUTISTA,307,399,8,0,0,401,1,15,0,0,0,Inadecuado,Adecuado,Adecuado,No
-15.45,-73.65,40302/40302,18,"0,0","0,0%",65214,15,20,0,0,0,20,0,1,0,0,0,Inadecuado,Sin acceso,Adecuado,Sí
-15.66,-73.81,40303 MARGARITA VILLA DE MARQUEZ,16,"599.146,4","0,0%",LA UNION,62,26,0,0,0,33,0,5,0,29,0,Inadecuado,Inadecuado,Adecuado,No
-15.64,-73.81,40304 ESTAUROFILA NEGRETE,19,"1.216.040,8","34,8%",122,4,0,0,6,0,20,0,1,0,0,0,Adecuado,Adecuado,Adecuado,Sí
-15.46,-73.69,40305 NIÑO BELEN DE TONCO,28,"1.691.236,5","63,9%",123,238,0,0,66,0,279,0,11,0,0,0,Adecuado,Adecuado,Adecuado,No
-15.66,-73.81,AMIGOS DE JESUS,15,"469.750,7","100,0%",155 DIVINO CORAZON DE JESUS,76,0,0,26,0,88,0,4,0,0,0,Inadecuado,Adecuado,Adecuado,Sí
-15.63,-73.80,JUAN OLAGUIBEL,34,"1.516.254,7","100,0%",184,107,0,0,16,2,115,0,5,0,0,0,Inadecuado,Adecuado,Adecuado,Sí
-15.63,-73.80,SAN ANTONIO DE LA PIEDRA,173,"0,0","0,0%",233,31,0,0,14,0,34,8,2,0,0,0,Adecuado,Adecuado,Adecuado,Sí
-15.66,-74.53,40280 NUESTRA SEÑORA DE FATIMA,252,"0,0","0,0%",263,18,0,0,8,0,32,11,2,0,0,0,Adecuado,Adecuado,Inadecuado,Sí
-15.66,-74.53,NIÑO JESUS DE YAUCA,108,"4.069.904,7","0,0%",82214,69,23,0,25,0,73,0,5,0,0,0,Inadecuado,Inadecuado,Adecuado,No
-15.66,-74.53,SAN PEDRO DE YAUCA,199,"5.788.683,9","53,5%",356,23,0,0,13,0,27,0,2,0,0,0,Adecuado,Adecuado,Adecuado,Sí
-16.08,-72.49,40307 ANGELA RENDON DE SANCHEZ,151,"1.721.106,1","0,0%",82023,506,88,0,225,0,526,0,19,0,0,0,Adecuado,Adecuado,Adecuado,No
-15.93,-72.48,40309/40309,68,"2.705.477,4","31,0%",82025/82025,244,7,0,86,0,179,0,8,1,0,0,Adecuado,Adecuado,Adecuado,No
-16.02,-72.49,40310,26,"2.519.522,7","100,0%",82026,46,0,0,35,0,112,0,7,0,0,0,Adecuado,Adecuado,Adecuado,No
-16.06,-72.49,40311 JOSE RODRIGUEZ BUSTAMANTE/40311 JOSE RODRIGUEZ BUSTAMANTE,108,"7.084.499,7","93,7%",82040 VIRGEN DE LA NATIVIDAD/82040 VIRGEN DE LA NATIVIDAD,864,94,64,245,0,549,64,18,0,0,0,Adecuado,Adecuado,Adecuado,No
-16.12,-72.49,40313 SAN IGNACIO DE LOYOLA/40313 SAN IGNACIO DE LOYOLA,116,"5.986.129,9","100,0%",82041,291,247,0,36,0,291,0,12,0,0,0,Inadecuado,Inadecuado,Adecuado,No
-15.91,-72.47,ONGORO/40341,13,"1.218.412,7","100,0%",82108,116,0,0,66,0,119,0,6,0,0,0,Inadecuado,Adecuado,Adecuado,Sí
-15.98,-72.48,40342,43,"6.959.276,3","100,0%",82124,25,25,0,0,0,25,0,2,0,0,0,Inadecuado,Inadecuado,Sin acceso,Sí
-15.99,-72.50,40343,25,"3.537.159,9","100,0%",82125/82125,136,77,0,0,0,128,10,8,0,0,32,Inadecuado,Adecuado,Adecuado,Sí
-15.85,-72.45,40344,8,"528.558,0","26,2%",82133,47,15,0,0,0,53,0,6,0,15,19,Adecuado,Adecuado,Adecuado,No
-16.11,-72.49,40345 EL ROSARIO,18,"802.232,6","16,3%",82134,35,1,0,21,0,38,0,3,0,0,0,Adecuado,Adecuado,Adecuado,No
-16.15,-72.49,40346,3,"1.121.893,6","100,0%",AUGUSTO SALAZAR BONDY,65,72,8,72,0,72,11,5,0,0,0,Inadecuado,Adecuado,Adecuado,No
-16.08,-72.49,40440 CORAZON DE FATIMA,238,"2.726.019,7","0,0%",82136/82136,102,35,0,42,0,106,21,8,0,0,0,Inadecuado,Sin acceso,Adecuado,Sí
-16.16,-72.49,QUERULPA,8,"578.717,4","100,0%",82846,42,33,0,14,0,56,0,4,0,0,0,Adecuado,Inadecuado,Adecuado,No
-16.11,-72.49,COCHATE,20,"474.157,4","0,0%",82913,40,14,0,17,0,40,0,3,0,15,0,Adecuado,Inadecuado,Adecuado,No
-16.06,-72.49,COSOS,13,"1.094.242,1","100,0%",82959,24,,,,,,,,,,,Sin acceso,Sin información,Adecuado,No
-15.99,-72.50,EL CASTILLO,13,"778.795,7","100,0%",82968,70,6,0,40,0,79,0,4,0,0,0,Inadecuado,Adecuado,Adecuado,No
-16.04,-72.49,LA BARRANCA,25,"1.272.428,2","100,0%",ANDRES AVELINO CACERES/ANDRES AVELINO CACERES/83006 ANDRES AVELINO CACERES/ANDRES AVELINO CACERES,1916,857,0,0,0,857,0,26,0,0,0,Adecuado,Adecuado,Adecuado,No
-16.08,-72.49,LIBERTADOR CASTILLA/LIBERTADOR CASTILLA/LIBERTADOR CASTILLA,378,"2.177.547,9","0,0%",821037,19,9,0,5,0,59,0,2,0,0,29,Inadecuado,Adecuado,Inadecuado,Sí
-16.07,-72.49,NUESTRA SEÑORA DE LAS PEÑAS,266,"3.406.756,3","0,0%",821061,26,30,0,0,0,30,0,2,0,0,0,Inadecuado,Adecuado,Adecuado,Sí
-16.08,-72.49,41053 SAN TARSICIO/41053 SAN TARSICIO/41053 SAN TARSICIO,627,"4.743.503,5","0,0%",821070,25,15,0,13,0,41,0,3,1,0,0,Inadecuado,Adecuado,Adecuado,Sí
-15.50,-72.35,40314 NUESTRA SEÑORA DE LA ASUNCION/40314 NUESTRA SEÑORA DE LA ASUNCION,169,"3.793.360,0","36,9%",821080,21,0,0,15,0,25,3,2,0,0,0,Inadecuado,Inadecuado,Adecuado,Sí
-15.53,-72.33,40348,8,"1.110.116,1","100,0%",821082,16,0,0,30,0,36,0,3,0,0,0,Inadecuado,Inadecuado,Adecuado,No
-15.49,-72.46,40597,2,"2.328.558,1","75,0%",821186/821186,74,36,0,0,0,90,0,3,0,0,14,Adecuado,Inadecuado,Adecuado,Sí
-15.41,-72.47,40609,3,"1.037.184,3","96,1%",821324,34,0,0,30,0,60,0,3,0,0,0,Adecuado,Adecuado,Adecuado,Sí
-15.36,-72.07,40664,7,"2.465.267,8","83,4%",821330,10,11,0,30,30,30,30,1,0,0,0,Inadecuado,Adecuado,Adecuado,Sí
-15.68,-72.27,40316 JULIO ERNESTO LAZO DIAZ,12,"396.157,3","9,1%",821370/821370,20,0,0,20,0,20,0,3,0,0,0,Inadecuado,Adecuado,Adecuado,No
-15.56,-72.24,40530,3,"501.783,7","100,0%",821407,6,,,,,,,,,,,Sin acceso,Adecuado,Sin acceso,Sí
-15.68,-72.27,AYO,9,"625.681,1","50,0%",821410,33,0,0,0,0,46,0,3,0,42,5,Inadecuado,Adecuado,Adecuado,No
-15.50,-72.27,40317/40317,113,"5.105.082,0","100,0%",821423,37,0,0,28,0,56,0,4,0,0,28,Inadecuado,Adecuado,Adecuado,No
-15.15,-72.07,40349 GRAN NOBEL MARIO VARGAS LLOSA,56,"3.778.430,8","56,2%",821435,10,10,0,0,0,10,0,1,0,0,6,Inadecuado,Sin acceso,Adecuado,Sí
-14.90,-72.03,40573,31,"8.772.867,7","76,0%",SAN JOSE,28,14,0,0,0,16,0,1,0,0,0,Adecuado,Inadecuado,Adecuado,Sí
-14.91,-71.97,40607,21,"2.363.895,4","100,0%",AMPUDIA FIGUEROA,155,156,0,0,0,156,0,5,0,156,0,Adecuado,Adecuado,Adecuado,No
-15.50,-72.27,CHACHAS,24,"3.760.592,3","87,5%",SAN VICENTE DE PAUL,438,468,468,0,0,468,468,15,15,0,0,Adecuado,Adecuado,Adecuado,No
-15.33,-72.36,40340,4,"1.744.107,1","100,0%",MIGUEL GRAU,154,164,0,0,0,154,0,7,0,0,0,Adecuado,Adecuado,Adecuado,No
-15.34,-72.40,40351,11,"4.630.158,4","100,0%",PRITE SEÑOR DE LA DIVINA MISERICORDIA,51,7,7,2,2,24,24,0,0,0,0,Adecuado,Adecuado,Adecuado,Sí
-15.29,-72.38,40352 BENJAMIN GOMEZ YANCAPALLO/40352 BENJAMIN GOMEZ YANCAPALLO/40352 BENJAMIN GOMEZ YANCAPALLO,192,"8.102.853,2","100,0%",020,204,0,0,54,0,225,150,9,0,0,0,Adecuado,Adecuado,Adecuado,Sí
-15.56,-72.05,40318,5,"2.079.288,8","100,0%",023 MARIA MONTESSORI,72,0,0,15,0,75,0,3,0,0,0,Inadecuado,Adecuado,Adecuado,Sí
-15.58,-72.13,40319,12,"2.165.343,0","100,0%",092,59,0,0,18,0,66,0,3,0,0,0,Inadecuado,Adecuado,Adecuado,Sí
-15.50,-72.14,40355,4,"2.037.765,8","100,0%",126 MUNDO MAGICO,221,0,0,56,0,237,0,9,0,0,0,Adecuado,Adecuado,Adecuado,Sí
-15.45,-72.02,40569,7,"388.033,1","19,0%",180,23,20,0,0,0,20,0,3,0,0,0,Inadecuado,Adecuado,Adecuado,Sí
-15.22,-71.99,40579,4,"1.068.548,2","100,0%",181,20,0,0,8,0,26,0,2,0,0,0,Inadecuado,Adecuado,Adecuado,Sí
-15.27,-72.06,40581,4,"1.195.714,5","100,0%",182,20,0,0,12,0,48,0,2,0,0,0,Inadecuado,Sin acceso,Adecuado,Sí
-15.58,-72.13,CHOCO,5,"791.330,2","100,0%",225,56,23,0,0,0,0,0,3,0,0,0,Adecuado,Adecuado,Adecuado,Sí
-15.56,-72.05,LLANCA,1,"1.125.756,7","100,0%",252,18,0,0,24,0,64,0,1,1,0,0,Inadecuado,Inadecuado,Adecuado,Sí
-16.10,-72.47,40320 NUESTRA SEÑORA DEL ROSARIO,75,"3.933.287,2","100,0%",82112,79,20,0,30,0,80,0,5,0,0,0,Inadecuado,Adecuado,Adecuado,No
-16.10,-72.47,HUANCARQUI,35,"1.712.727,2","100,0%",323,10,0,0,9,0,20,5,1,1,0,0,Inadecuado,Inadecuado,Sin acceso,No
-16.09,-72.47,40320 NUESTRA SEÑORA DEL ROSARIO,72,"1.009.586,4","19,1%",82024,300,188,0,54,0,273,7,11,0,7,0,Inadecuado,Adecuado,Adecuado,No
-15.65,-72.51,40322 NUESTRA SEÑORA DE LA ASUNTA/40322 NUESTRA SEÑORA DE LA ASUNTA,65,"2.571.256,2","42,0%",82027,161,97,0,0,0,140,0,8,0,31,22,Inadecuado,Adecuado,Adecuado,No
-15.67,-72.49,40323,3,"353.419,1","100,0%",82077,22,22,0,22,0,40,0,2,0,0,40,Inadecuado,Inadecuado,Adecuado,Sí
-15.67,-72.51,40337,7,"1.304.500,0","0,0%",82105,45,45,0,0,0,45,0,3,0,45,0,Inadecuado,Adecuado,Adecuado,No
-15.64,-72.46,40481,7,"801.401,6","100,0%",82110,48,0,0,0,0,49,0,6,6,0,32,Inadecuado,Adecuado,Adecuado,Sí
-15.65,-72.51,MACHAGUAY,12,"749.010,4","53,5%",82111,42,0,0,21,21,42,42,3,0,0,0,Inadecuado,Adecuado,Adecuado,Sí
-15.27,-72.34,40324 JOSE MIGUEL MORALES DASSO,343,"2.176.275,2","0,0%",82113,130,107,0,0,0,107,0,6,0,22,0,Inadecuado,Adecuado,Adecuado,No
-15.32,-72.32,40361 JESUS SERAPIO ABARCA CASTRO,15,"691.437,8","100,0%",821160,26,28,0,8,0,28,0,3,0,0,0,Inadecuado,Adecuado,Adecuado,Sí
-15.29,-72.33,40642,8,"2.654.408,0","100,0%",821271,11,0,0,12,0,11,0,1,0,0,0,Inadecuado,Inadecuado,Adecuado,No
-15.22,-72.32,40644,24,"2.601.373,9","100,0%",103,81,0,0,27,7,80,10,3,0,0,0,Inadecuado,Inadecuado,Adecuado,Sí
-15.24,-72.32,41023,9,"1.704.066,0","100,0%",345,27,0,0,14,0,75,0,2,0,0,0,Inadecuado,Inadecuado,Adecuado,Sí
-15.27,-72.34,ALBERTO FLORES GALINDO/ALBERTO FLORES GALINDO,391,"5.310.982,3","0,0%",82070/82070,363,286,2,72,0,453,1,19,1,0,0,Adecuado,Inadecuado,Adecuado,No
-15.22,-72.32,HUAUCARAMA,8,"2.784.247,5","100,0%",82071,85,0,0,47,0,91,0,6,0,0,0,Inadecuado,Inadecuado,Adecuado,No
-15.27,-72.34,ORCOPAMPA,68,"4.409.861,9","75,0%",82072,78,12,0,66,0,98,0,6,0,0,0,Inadecuado,Adecuado,Adecuado,No
-15.27,-72.34,VISTA ALEGRE,23,"2.745.985,7","66,1%",82205,201,0,0,130,65,325,203,13,0,0,0,Inadecuado,Adecuado,Adecuado,No
-15.20,-72.27,40650,7,"589.122,9","50,0%",82206,34,33,0,12,0,64,0,2,0,33,13,Adecuado,Sin acceso,Adecuado,No
-15.71,-72.57,40140/40140,169,"514.210,8","0,0%",82207,3,,,,,,,,,,,Sin acceso,Sin información,Adecuado,Sí
-15.74,-72.55,40327,9,"2.177.059,8","62,4%",82208,35,10,0,19,0,46,0,3,0,0,0,Inadecuado,Adecuado,Adecuado,Sí
-15.69,-72.60,40328,11,"760.789,1","39,5%",82209,7,0,0,18,0,20,0,1,0,0,0,Inadecuado,Inadecuado,Adecuado,Sí
-15.65,-72.60,40645,5,"1.434.939,8","93,9%",82738,16,0,0,1,0,0,0,1,0,16,0,Adecuado,Adecuado,Adecuado,No
-15.72,-72.57,GLORIOSO JUAN PABLO VISCARDO Y GUZMAN,178,"0,0","0,0%",SAN ANDRES/82838,111,0,0,0,0,115,115,8,8,115,0,Inadecuado,Adecuado,Adecuado,Sí
-15.72,-72.50,40329,33,"1.636.196,1","0,0%",821041,36,0,0,9,0,16,0,3,0,34,0,Inadecuado,Inadecuado,Adecuado,No
-15.71,-72.51,40366,4,"2.708.720,0","100,0%",821042,8,9,0,3,0,13,0,1,0,0,0,Inadecuado,Adecuado,Adecuado,Sí
-15.74,-72.51,40367,2,"496.002,1","100,0%",821068,8,4,0,6,0,9,0,1,0,4,9,Inadecuado,Sin acceso,Adecuado,Sí
-15.72,-72.50,CESAR A. DURAN LAZARTE,38,"1.096.842,9","64,9%",821069,35,50,0,0,0,50,0,4,0,0,0,Inadecuado,Adecuado,Adecuado,No
-15.73,-72.43,40330,2,"7.092.307,9","100,0%",821241,23,0,0,22,0,44,0,3,0,0,0,Inadecuado,Sin acceso,Adecuado,Sí
-15.70,-72.42,40575,7,"1.404.020,4","100,0%",821242,4,5,0,0,0,6,0,1,0,0,0,Inadecuado,Inadecuado,Adecuado,Sí
-16.22,-72.47,40331 MARIA AUXILIADORA,315,"5.390.003,0","0,0%",821279,10,24,0,0,0,24,0,2,1,0,0,Inadecuado,Adecuado,Inadecuado,Sí
-16.27,-72.45,40333 SANTA ROSA DE LIMA,41,"3.461.463,8","100,0%",821347,24,22,17,0,0,22,0,2,0,0,0,Inadecuado,Adecuado,Adecuado,Sí
-16.22,-72.45,40334,16,"446.579,8","0,0%",821452,10,10,0,4,0,13,0,2,0,2,2,Inadecuado,Adecuado,Adecuado,Sí
-16.24,-72.47,40335 VIRGEN DE CHAPI,37,"3.180.929,8","100,0%",SANTA MARIA MAGDALENA,379,309,25,0,0,309,0,15,2,48,0,Adecuado,Adecuado,Adecuado,No
-16.35,-72.48,40357,9,"1.131.681,1","100,0%",JESUS DE NAZARET,242,291,34,9,2,341,45,16,6,0,0,Inadecuado,Adecuado,Adecuado,No
-16.31,-72.45,40368 VIRGEN DE LA FAMILIA,12,"1.168.125,5","100,0%",CUMBICO,68,71,0,8,0,69,0,5,0,71,0,Inadecuado,Inadecuado,Adecuado,No
-16.19,-72.46,40369/40369,9,"1.720.013,2","90,0%",82116,39,0,0,0,0,41,0,4,0,0,22,Sin acceso,Inadecuado,Adecuado,Sí
-16.39,-72.50,41011,11,"929.748,0","100,0%",005,63,0,0,12,0,66,0,2,0,0,0,Inadecuado,Adecuado,Adecuado,Sí
-16.23,-72.45,41518,6,"792.015,1","100,0%",82073,236,146,0,52,0,246,0,12,0,0,0,Adecuado,Adecuado,Adecuado,No
-16.23,-72.45,CANTAS,3,"406.168,2","100,0%",82075,13,19,6,14,0,26,0,2,0,0,0,Inadecuado,Sin acceso,Adecuado,Sí
-16.22,-72.47,CORIRE,99,"2.789.448,0","13,9%",82210,47,0,0,29,0,48,0,4,0,0,0,Inadecuado,Inadecuado,Adecuado,No
-16.22,-72.47,CORIRE/CORIRE,372,"6.644.214,1","0,0%",82211,17,0,0,6,0,29,0,4,2,12,2,Inadecuado,Inadecuado,Adecuado,No
-16.22,-72.47,CRISTO REY,9,"1.375.740,1","25,8%",82212,9,22,0,5,0,25,0,3,0,0,0,Inadecuado,Sin acceso,Adecuado,Sí
-16.27,-72.45,ESCALERILLAS,11,"769.792,3","100,0%",82213,14,14,0,0,0,14,0,1,0,0,0,Adecuado,Adecuado,Adecuado,Sí
-16.25,-72.47,GOYENECHE,15,"1.188.530,4","100,0%",821138/821138,69,0,0,48,0,69,0,5,0,0,0,Inadecuado,Adecuado,Adecuado,Sí
-16.23,-72.49,LA CANDELARIA,17,"1.216.693,5","100,0%",GONZALO PACIFICO CABRERA BARDALES,389,165,0,127,0,402,0,14,0,0,0,Adecuado,Adecuado,Adecuado,No
-16.27,-72.45,LA MEZANA,5,"1.015.770,0","100,0%",82076 SEGUNDO BRIONES VARGAS,453,452,36,0,0,452,36,18,0,0,0,Adecuado,Adecuado,Adecuado,No
-16.27,-72.45,PUNTA COLORADA,9,"469.652,0","100,0%",082,99,0,0,28,0,100,0,4,0,0,0,Adecuado,Adecuado,Adecuado,Sí
-16.31,-72.45,SARCAS,8,"380.415,1","0,0%",82222 FRANCISCO BOLOGNESI,20,0,0,15,0,27,0,2,0,0,0,Inadecuado,Inadecuado,Adecuado,Sí
-16.35,-72.48,TORAN,9,"586.707,9","100,0%",82078,61,67,0,0,0,70,0,4,0,0,0,Adecuado,Adecuado,Adecuado,No
-16.22,-72.47,NUESTRA SEÑORA DEL CARMEN/NUESTRA SEÑORA DEL CARMEN/NUESTRA SEÑORA DEL CARMEN,479,"3.273.071,3","0,0%",82215/82215,115,5,0,12,0,124,0,9,0,6,53,Inadecuado,Adecuado,Adecuado,No
-15.66,-72.52,40336 SAGRADO CORAZON DE JESUS/40336 SAGRADO CORAZON DE JESUS/40336 SAGRADO CORAZON DE JESUS/40336 SAGRADO CORAZON DE JESUS,229,"7.760.973,3","81,1%",82216,16,10,0,2,0,32,7,3,1,0,8,Inadecuado,Adecuado,Adecuado,Sí
-15.69,-72.55,40338,5,"1.055.141,5","100,0%",82217,24,4,0,17,0,27,0,2,0,0,0,Adecuado,Adecuado,Adecuado,Sí
-15.69,-72.51,40339 MARIO VARGAS LLOSA,2,"269.297,5","0,0%",82218,39,45,0,0,0,42,0,3,0,0,0,Adecuado,Adecuado,Adecuado,No
-15.68,-72.53,40370,4,"1.193.521,4","100,0%",82219,4,4,0,0,0,12,0,1,0,0,4,Inadecuado,Adecuado,Adecuado,Sí
-15.68,-72.51,40371,7,"976.992,2","100,0%",82220,53,32,0,18,0,70,0,3,0,0,0,Adecuado,Adecuado,Adecuado,Sí
-15.64,-72.59,40576,2,"1.171.546,4","100,0%",82221/82221,139,104,0,50,0,171,0,10,0,0,0,Inadecuado,Inadecuado,Adecuado,Sí
-15.69,-72.52,HUAMI,8,"753.211,5","100,0%",82865,129,93,0,8,0,129,0,1,0,0,36,Inadecuado,Adecuado,Adecuado,Sí
-15.64,-71.61,40374 ELIAS CACERES LOZADA,464,"9.499.550,2","38,7%",82876/82876,108,0,0,19,0,61,0,4,0,0,4,Inadecuado,Adecuado,Adecuado,No
-15.64,-71.60,40375 MARIA AUXILIADORA/40375 MARIA AUXILIADORA/40375 MARIA AUXILIADORA,331,"6.198.942,5","15,2%",82883/82883,48,38,0,7,0,38,0,3,1,38,7,Inadecuado,Adecuado,Adecuado,Sí
-15.56,-71.56,40400 EUSEBIO VELASQUEZ CONDORI,6,"9.241.722,5","94,7%",82897,42,42,0,0,0,42,0,3,0,0,0,Inadecuado,Adecuado,Adecuado,Sí
-15.63,-71.61,40572 JOSE QUIÑONES,80,"3.167.981,0","57,6%",82975,60,18,6,0,0,49,0,4,0,49,0,Inadecuado,Adecuado,Adecuado,Sí
-15.64,-71.60,075 DIVINO NIÑO JESUS,170,"14.070.807,1","58,8%",82980,21,21,0,0,0,21,0,2,0,0,0,Adecuado,Adecuado,Adecuado,No
-15.56,-71.56,CANOCOTA,3,"109.712,6","0,0%",821220/821220,110,12,0,12,0,113,0,6,0,0,0,Inadecuado,Adecuado,Adecuado,Sí
-15.64,-71.60,CHIVAY,130,"9.200.545,3","8,0%",821232,15,5,0,16,0,43,0,1,0,0,0,Inadecuado,Adecuado,Adecuado,Sí
-15.64,-71.60,FRANCISCO GARCIA CALDERON,525,"6.634.670,4","20,5%",821237,57,10,0,21,0,62,0,3,0,0,0,Adecuado,Adecuado,Adecuado,Sí
-15.64,-71.60,HONORIO DELGADO ESPINOZA/PRITE CAYLLOMA/HONORIO DELGADO ESPINOZA,18,"0,0","0,0%",821348,27,21,0,8,0,24,0,2,0,0,21,Inadecuado,Adecuado,Adecuado,Sí
-15.63,-71.61,SACSAYHUAMAN,41,"1.331.406,5","45,0%",821371,19,5,0,13,0,18,0,2,2,0,0,Inadecuado,Adecuado,Adecuado,Sí
-15.64,-71.60,CHIVAY,89,"2.828.395,5","100,0%",821433,26,8,0,16,0,30,0,2,0,0,0,Adecuado,Adecuado,Adecuado,Sí
-15.66,-71.70,40376,78,"2.165.718,2","40,4%",821476,17,33,0,0,0,50,0,2,0,5,0,Sin acceso,Adecuado,Adecuado,No
-15.95,-71.64,40624,5,"1.420.169,8","100,0%",SANTA ROSA,490,463,0,0,0,463,0,17,13,0,0,Adecuado,Adecuado,Adecuado,No
-15.66,-71.70,ACHOMA,29,"197.727,4","0,0%",821618 CORAZON DE JESUS,16,26,6,0,0,26,12,2,2,0,5,Inadecuado,Adecuado,Inadecuado,Sí
-15.66,-71.70,DANIEL ALCIDES CARRION,48,"0,0","0,0%",045,47,,,,,,,,,,,Inadecuado,Sin información,Adecuado,Sí
-15.62,-71.98,40377 JORGE AURELIO ABRIL FLORES/40377 JORGE AURELIO ABRIL FLORES,98,"2.602.191,5","0,0%",82079 MARCIAL PAREDES CACERES,159,350,0,0,0,358,0,18,0,0,0,Inadecuado,Adecuado,Adecuado,No
-15.62,-71.84,40379/40379,77,"4.258.997,9","100,0%",82080,8,25,0,0,0,25,0,2,1,0,0,Inadecuado,Adecuado,Adecuado,Sí
-15.62,-71.98,40600 CLOTILDE FRANCISCA ODICIO ZUÑIGA,59,"2.372.873,9","4,5%",82223,11,0,0,7,0,13,0,2,0,0,0,Inadecuado,Adecuado,Adecuado,Sí
-15.62,-71.98,CABANACONDE,19,"0,0","0,0%",82224,22,7,0,21,0,29,0,2,0,0,0,Inadecuado,Adecuado,Adecuado,Sí
-15.62,-71.98,HIPOLITO SANCHEZ TRUJILLO,91,"3.086.228,6","29,7%",82225,42,47,0,0,0,47,0,3,0,0,0,Adecuado,Adecuado,Adecuado,Sí
-15.62,-71.84,PINCHOLLO,11,"304.010,6","25,4%",82226,9,9,0,4,0,9,0,1,0,0,0,Inadecuado,Adecuado,Adecuado,No
-15.51,-71.44,40380,103,"220.660,6","0,0%",82227,20,42,0,0,0,48,0,3,0,0,0,Inadecuado,Adecuado,Adecuado,Sí
-15.43,-71.23,40403,1,"1.230.806,8","100,0%",82228,33,0,0,0,0,32,0,2,0,0,17,Inadecuado,Adecuado,Adecuado,Sí
-15.57,-71.07,40405,5,"746.785,7","83,4%",82229,5,10,0,0,0,10,0,1,0,0,0,Adecuado,Adecuado,Inadecuado,Sí
-15.49,-71.15,40407,4,"656.406,7","41,9%",82864,20,0,0,16,0,24,0,2,0,0,0,Inadecuado,Adecuado,Adecuado,No
-15.40,-71.29,40574/40574,17,"1.363.963,7","57,1%",82976,44,0,0,26,0,51,2,3,0,18,0,Inadecuado,Adecuado,Adecuado,No
-15.51,-71.45,LUIS PONCE GARCIA,82,"12.010.648,0","89,4%",821130,39,30,0,30,0,80,0,4,0,0,0,Inadecuado,Adecuado,Adecuado,Sí
-15.51,-71.44,CALLALLI,42,"0,0","0,0%",821204,7,20,0,3,0,20,0,1,0,0,0,Inadecuado,Adecuado,Adecuado,Sí
-14.91,-71.88,40030 SAN FRANCISCO DE ASIS/40030 SAN FRANCISCO DE ASIS,121,"3.154.566,3","100,0%",821310,5,0,0,7,0,16,0,1,0,0,0,Inadecuado,Inadecuado,Adecuado,Sí
-15.19,-71.77,40381 SANTA ROSA DE LIMA,287,"4.238.843,5","8,7%",821374,14,33,0,0,0,33,0,2,0,0,0,Inadecuado,Adecuado,Adecuado,Sí
-14.96,-71.84,40406,2,"806.755,2","14,7%",821548,32,18,0,15,0,32,0,1,0,10,10,Adecuado,Adecuado,Adecuado,Sí
-14.80,-71.93,40417,3,"1.177.812,6","100,0%",821462,8,23,0,0,0,23,0,2,1,0,0,Inadecuado,Adecuado,Adecuado,Sí
-15.26,-71.88,40532,7,"1.071.216,7","43,8%",821466,8,22,0,0,0,22,0,1,0,0,0,Inadecuado,Adecuado,Adecuado,Sí
-15.06,-71.94,40571,5,"2.046.022,9","100,0%",SAN JUAN BAUTISTA,197,220,4,0,0,220,4,10,0,0,0,Inadecuado,Adecuado,Adecuado,No
-14.92,-71.81,40588,1,"762.093,0","61,4%",036,113,0,0,24,0,121,0,4,0,0,0,Inadecuado,Adecuado,Adecuado,No
-15.15,-71.69,40589,1,"1.266.561,8","20,5%",107/82289,242,192,15,28,8,277,2,11,11,0,0,Adecuado,Adecuado,Adecuado,No
-15.24,-72.08,40620/40620,20,"1.920.905,1","78,1%",108,144,0,0,103,0,103,0,2,0,0,0,Adecuado,Adecuado,Adecuado,No
-14.85,-71.94,40621,3,"761.141,0","66,7%",141,56,0,0,163,0,163,0,3,0,0,0,Adecuado,Adecuado,Adecuado,Sí
-14.78,-71.86,40623/40623,10,"1.330.334,7","100,0%",142/82297,43,,,,,,,,,,,Sin acceso,Adecuado,Adecuado,No
-15.23,-71.65,40652/40652,9,"1.067.137,0","0,0%",151,55,0,0,18,0,55,0,3,0,0,0,Adecuado,Adecuado,Adecuado,Sí
-15.19,-71.77,CAYLLOMA,55,"1.134.904,0","50,3%",162,118,0,0,37,0,119,0,5,0,0,0,Adecuado,Adecuado,Adecuado,No
-15.19,-71.77,CAYLLOMA/CAYLLOMA/CAYLLOMA,25,"2.960.251,8","0,0%",82301,46,46,0,0,0,46,0,4,0,0,0,Adecuado,Adecuado,Adecuado,No
-15.19,-71.77,EL PROGRESO DE CAYLLOMA/GRAN LIBERTADOR SIMON BOLIVAR,251,"6.828.228,0","8,7%",82304,101,101,6,0,0,101,12,6,0,0,0,Adecuado,Adecuado,Adecuado,No
-15.63,-71.65,40382 VIRGEN DE CHAPI,58,"4.887.329,5","33,3%",242,36,0,0,0,0,31,0,2,0,0,0,Adecuado,Inadecuado,Adecuado,Sí
-15.21,-71.22,40587,1,"1.435.703,8","100,0%",312,234,0,0,45,0,270,0,9,0,0,0,Adecuado,Adecuado,Adecuado,No
-15.63,-71.65,COPORAQUE,35,"1.221.395,5","63,4%",347,25,0,0,17,0,79,39,2,2,0,0,Inadecuado,Adecuado,Adecuado,Sí
-15.73,-72.11,40383 JUAN PABLO II,42,"6.262.024,8","100,0%",821416/352/JOSE A.SABOGAL DIEGUEZ,390,408,0,19,0,408,0,17,0,0,0,Adecuado,Adecuado,Adecuado,No
-15.70,-72.10,40651,6,"339.105,4","0,0%",82343/82343,173,0,0,283,0,283,0,5,0,0,0,Adecuado,Adecuado,Adecuado,No
-15.73,-72.11,ANDRES AVELINO CACERES,45,"2.451.069,1","60,6%",377,140,0,0,58,58,142,142,5,0,0,0,Adecuado,Adecuado,Adecuado,Sí
-15.73,-72.11,HUAMBO,24,"2.181.972,6","100,0%",82284,490,343,0,88,88,518,0,17,0,0,0,Adecuado,Adecuado,Adecuado,No
-16.01,-71.88,40169 SAN ISIDRO LABRADOR DE PUCCRO,2,"531.063,2","100,0%",82285,137,148,0,22,0,204,0,8,0,0,0,Adecuado,Adecuado,Adecuado,No
-16.03,-71.88,40384 SONCCOY QUILLA,92,"1.666.650,6","0,0%",82286,572,0,0,324,324,648,648,18,18,0,0,Adecuado,Adecuado,Adecuado,No
-16.05,-71.90,40408 SAN BASILIO MAGNO/40408 SAN BASILIO MAGNO,5,"2.367.668,4","87,5%",82287/82287,633,90,0,0,0,90,0,3,0,0,0,Adecuado,Adecuado,Adecuado,No
-16.03,-71.88,CARLOS LA FUENTE LARRAURI,56,"4.230.396,4","100,0%",82288,104,45,0,0,0,105,0,6,0,0,37,Adecuado,Adecuado,Adecuado,No
-16.03,-71.88,HUANCA,18,"903.115,5","9,4%",ANTENOR ORREGO,332,,,,,,,,,,,Adecuado,Adecuado,Adecuado,No
-16.03,-71.88,BEATA MARIA ASUNTA,167,"4.742.050,0","100,0%",82290,106,55,0,35,4,91,18,6,0,0,33,Adecuado,Adecuado,Adecuado,No
-15.65,-71.69,40386 TUPAC AMARU/40386 TUPAC AMARU,54,"247.548,1","0,0%",82291,42,19,0,0,0,39,0,3,0,0,26,Adecuado,Adecuado,Adecuado,Sí
-15.65,-71.69,ICHUPAMPA,15,"964.238,9","34,7%",82292/82292,56,0,0,56,20,64,40,2,0,0,0,Adecuado,Adecuado,Adecuado,No
-15.62,-71.77,40387/40387,158,"1.098.156,6","12,9%",82293/82293,23,23,0,3,0,28,0,3,0,0,1,Sin acceso,Adecuado,Adecuado,Sí
-15.62,-71.77,LARI,30,"1.607.485,4","100,0%",82294/82294,288,0,0,326,0,326,0,6,0,0,0,Adecuado,Adecuado,Adecuado,No
-16.33,-72.26,40097 REPUBLICA DE CANADA/40097 REPUBLICA DE CANADA,223,"7.240.121,9","77,4%",82295,19,28,0,0,0,32,0,4,0,0,0,Adecuado,Adecuado,Adecuado,Sí
-16.34,-72.18,40201 TECNICO AGROPECUARIO LA COLINA,406,"7.445.874,5","18,1%",82296,94,0,0,52,0,101,0,6,0,0,48,Adecuado,Inadecuado,Adecuado,Sí
-16.36,-72.19,40230 SAN ANTONIO DEL PEDREGAL/40230 SAN ANTONIO DEL PEDREGAL/40230 SAN ANTONIO DEL PEDREGAL,1.564,"0,0","0,0%",82298,39,20,0,16,0,52,0,4,0,0,0,Adecuado,Sin acceso,Adecuado,Sí
-16.39,-72.18,40284 PEDRO PAULET MOSTAJO,335,"8.467.493,9","0,0%",82299,45,110,0,0,0,110,0,2,0,0,0,Adecuado,Adecuado,Adecuado,No
-16.02,-72.01,40388 CORAZON SAGRADO DE JESUS DE LLUTA/40388 CORAZON SAGRADO DE JESUS DE LLUTA,76,"5.269.202,4","91,6%",82300/82300,36,33,6,3,0,45,10,5,0,0,0,Inadecuado,Adecuado,Adecuado,No
-16.02,-71.93,40389 MIGUEL LINARES MALAGA/40389 MIGUEL LINARES MALAGA/40389 MIGUEL LINARES MALAGA,31,"3.113.041,4","57,6%",82302,102,0,0,103,0,103,0,2,0,0,0,Adecuado,Adecuado,Adecuado,No
-15.93,-72.06,40412 ARQUITECTO FERNANDO BELAUNDE TERRY,8,"966.205,6","100,0%",82303,14,15,0,45,3,60,10,5,0,0,2,Inadecuado,Adecuado,Adecuado,No
-16.34,-72.20,40594 JUAN VELASCO A./40594 JUAN VELASCO A.,907,"8.229.798,1","3,8%",82305/82305,60,65,0,0,0,65,0,5,0,0,0,Adecuado,Adecuado,Adecuado,No
-16.32,-72.24,40625 CORAZON DE JESUS/40625 CORAZON DE JESUS/40625 CORAZON DE JESUS,707,"0,0","0,0%",82306/82306,62,9,0,22,0,63,0,5,0,0,0,Adecuado,Adecuado,Adecuado,No
-16.34,-72.30,40626 NUESTRA SEÑORA DEL PILAR,64,"0,0","0,0%",82344/82344,31,25,0,6,0,41,0,3,0,0,0,Sin acceso,Adecuado,Adecuado,Sí
-16.37,-72.27,40628 WADE NEWBEGIN,31,"3.509.264,2","100,0%",82347,10,0,0,14,0,18,0,1,0,0,0,Inadecuado,Sin acceso,Adecuado,Sí
-16.31,-72.28,40629 DIVINO NIÑO JESUS/40629 DIVINO NIÑO JESUS/40629 DIVINO NIÑO JESUS,379,"16.215.745,5","100,0%",82348,32,3,0,19,0,50,2,3,0,0,0,Adecuado,Adecuado,Adecuado,Sí
-16.03,-71.94,40663,2,"1.052.342,6","48,2%",82351,26,0,0,103,0,103,0,2,0,0,0,Inadecuado,Adecuado,Adecuado,Sí
-16.31,-72.15,40655 NUESTRA SEÑORA DEL CARMEN/40655 NUESTRA SEÑORA DEL CARMEN,89,"6.540.056,5","100,0%",82868,40,56,0,0,0,64,0,5,0,0,0,Inadecuado,Adecuado,Adecuado,No
-16.32,-72.16,40656/40656/40656 SAN FRANCISCO DE ASIS,574,"9.611.766,7","40,9%",821086/821086,31,0,0,20,0,100,0,4,0,0,0,Adecuado,Adecuado,Adecuado,Sí
-16.30,-72.20,40661 ISABEL KRIEGER BEATO/40661 ISABEL KRIEGER BEATO/40661 ISABEL KRIEGER BEATO,665,"0,0","0,0%",821088,15,20,0,0,0,20,0,2,0,0,0,Inadecuado,Adecuado,Adecuado,No
-16.30,-72.26,40666 ANTONIO RAYMONDI/40666 ANTONIO RAYMONDI,127,"2.447.937,6","35,4%",821428,3,20,2,2,1,20,1,2,0,0,0,Adecuado,Adecuado,Adecuado,Sí
-16.39,-72.22,41055/41055,93,"2.298.002,7","26,0%",821301/821301,44,15,0,0,0,48,0,4,0,0,25,Inadecuado,Sin acceso,Adecuado,No
-16.35,-72.28,41061 JOSE ANTONIO ENCINAS/41061 JOSE ANTONIO ENCINAS/41061 JOSE ANTONIO ENCINAS,735,"13.463.372,3","61,7%",821302/821302,32,7,2,13,5,31,10,3,0,0,0,Inadecuado,Adecuado,Adecuado,Sí
-16.42,-72.23,41062 DR. MARIO VARGAS LLOSA/41062 DR. MARIO VARGAS LLOSA/41062 DR. MARIO VARGAS LLOSA,353,"11.696.117,7","55,6%",821382/821382,67,0,0,16,0,80,0,5,0,0,54,Inadecuado,Adecuado,Adecuado,No
-16.43,-72.20,41501 FRIED KRIEGER,27,"1.719.526,5","51,3%",83008,245,0,0,128,0,241,0,12,0,0,0,Adecuado,Adecuado,Adecuado,No
-16.41,-72.24,41502/41502/41502,203,"8.104.400,9","100,0%",NUESTRA SEÑORA DEL ROSARIO/NUESTRA SEÑORA DEL ROSARIO,609,585,0,0,0,585,0,19,0,0,0,Adecuado,Adecuado,Adecuado,No
-16.36,-72.19,ALMIRANTE MIGUEL GRAU/ALMIRANTE MIGUEL GRAU/ALMIRANTE MIGUEL GRAU,1.345,"11.931.486,7","0,0%",821415,23,0,0,22,0,25,0,2,0,0,0,Inadecuado,Adecuado,Adecuado,Sí
-16.39,-72.18,EL ALTO,115,"7.278.461,8","78,2%",82009/82009,79,43,0,11,1,73,0,5,0,0,0,Inadecuado,Adecuado,Adecuado,Sí
-16.36,-72.19,EL PEDREGAL,300,"5.302.028,8","0,0%",JOSE GALVEZ/JOSE GALVEZ/JOSE GALVEZ/JOSE GALVEZ/JOSE GALVEZ,1663,,,,,,,,,,,Adecuado,Sin información,Adecuado,No
-16.34,-72.20,EL PIONERO,77,"1.100.117,4","0,0%",CMDTE.LEONCIO MARTINEZ VEREAU/CMDTE.LEONCIO MARTINEZ VEREAU,847,269,22,267,30,802,79,25,25,85,0,Adecuado,Adecuado,Adecuado,No
-16.33,-72.26,JESUS EL BUEN PASTOR,38,"141.651,2","0,0%",MICAELA BASTIDAS,543,484,0,0,0,484,0,16,0,70,0,Adecuado,Adecuado,Adecuado,No
-16.37,-72.27,IRRIGACION MAJES B-4,15,"1.227.069,5","19,1%",JOSE ARNALDO SABOGAL DIEGUEZ,393,252,0,0,0,219,0,5,0,155,0,Adecuado,Adecuado,Adecuado,No
-16.34,-72.17,LA COLINA,78,"1.850.713,5","6,1%",CAJABAMBA/CAJABAMBA,12,13,1,2,0,13,0,1,0,13,0,Adecuado,Adecuado,Adecuado,No
-16.02,-72.01,40388 CORAZON SAGRADO DE JESUS DE LLUTA,15,"1.394.648,6","100,0%",CAJABAMBA,81,4,0,10,0,65,0,5,0,0,0,Adecuado,Adecuado,Adecuado,No
-16.40,-72.20,40119,11,"3.733.727,0","100,0%",043,36,0,0,12,0,46,0,3,0,0,0,Adecuado,Adecuado,Adecuado,Sí
-16.34,-72.30,IRRIGACION MAJES C-3,23,"926.633,9","66,8%",051,51,0,0,0,0,64,0,3,0,0,0,Sin acceso,Adecuado,Adecuado,Sí
-15.64,-71.76,40390 MAYTA CAPAC/40390 MAYTA CAPAC,71,"7.652.054,6","73,4%",069,119,0,0,27,0,114,0,6,0,0,0,Adecuado,Adecuado,Adecuado,Sí
-15.64,-71.76,MACA,24,"1.860.199,2","100,0%",82319,215,170,0,103,0,170,0,2,0,170,0,Sin acceso,Adecuado,Adecuado,Sí
-15.61,-71.81,MADRIGAL,16,"1.658.158,9","100,0%",82378,58,62,0,16,0,62,0,5,0,0,15,Sin acceso,Inadecuado,Adecuado,Sí
-15.61,-71.81,TECNICO AGROPECUARIO MADRIGAL,30,"2.002.440,8","63,7%",203,8,2,0,6,0,56,0,2,0,0,0,Adecuado,Inadecuado,Adecuado,Sí
-15.61,-71.80,40391,41,"6.085.921,8","88,8%",206,37,0,0,13,0,54,0,3,0,0,0,Adecuado,Adecuado,Adecuado,Sí
-15.84,-71.09,40392 JOSE A. ENCINAS FRANCO/40392 JOSE A. ENCINAS FRANCO,125,"5.692.894,6","100,0%",ASI 82363/82363,257,24,0,172,0,286,0,11,0,0,0,Sin acceso,Adecuado,Adecuado,No
-15.68,-71.05,40398/40398,25,"4.227.495,4","76,2%",82899/82899,94,1,0,57,0,97,0,6,0,0,0,Adecuado,Adecuado,Adecuado,No
-15.98,-71.21,40415,1,"982.071,1","59,6%",82307,149,149,0,0,0,149,0,8,0,0,0,Adecuado,Sin acceso,Adecuado,No
-15.91,-71.38,40598,2,"1.361.096,0","100,0%",82309,29,0,0,103,0,103,0,2,0,0,0,Adecuado,Adecuado,Adecuado,No
-15.82,-71.22,40599,9,"2.941.512,9","100,0%",82310,19,0,0,25,0,30,0,2,0,0,25,Adecuado,Adecuado,Adecuado,Sí
-15.84,-71.09,IMATA,17,"789.668,9","0,0%",82311/82311,177,118,0,0,0,118,0,6,0,0,0,Adecuado,Inadecuado,Adecuado,Sí
-15.49,-71.46,40393,57,"3.764.883,9","66,4%",82312,65,65,0,0,0,65,0,4,0,0,0,Inadecuado,Adecuado,Adecuado,No
-15.31,-71.61,40582,12,"1.963.516,9","100,0%",82313,422,142,142,153,153,421,421,17,17,0,0,Adecuado,Inadecuado,Adecuado,No
-15.15,-71.23,40586/40586,18,"2.228.285,0","78,1%",82314,285,20,0,0,0,119,24,12,0,0,0,Adecuado,Adecuado,Adecuado,No
-15.49,-71.46,AGROPECUARIO SIBAYO,44,"2.675.999,1","100,0%",82315/82315,97,61,0,18,0,93,0,7,0,0,0,Inadecuado,Inadecuado,Adecuado,No
-15.49,-71.46,SIBAYO,20,"1.923.653,3","100,0%",82316/82316,96,25,0,60,0,125,3,3,0,0,0,Adecuado,Adecuado,Adecuado,Sí
-15.54,-71.97,40332,5,"1.204.377,2","100,0%",82317,25,0,0,21,0,41,0,3,0,0,0,Inadecuado,Adecuado,Adecuado,Sí
-15.58,-71.96,40394,12,"1.900.135,0","67,3%",82318/82318,146,0,0,163,0,163,0,3,0,0,0,Adecuado,Adecuado,Adecuado,No
-15.58,-71.94,40418/40418,26,"5.229.115,9","100,0%",82352,44,0,0,25,15,60,25,1,0,0,0,Inadecuado,Adecuado,Adecuado,Sí
-15.59,-71.95,40419/40419,7,"1.150.734,5","94,2%",82353,46,33,2,0,0,58,0,4,0,0,8,Adecuado,Adecuado,Adecuado,No
-15.41,-71.97,40570/40570,21,"2.700.119,5","73,3%",82354,26,26,0,0,0,66,0,2,0,0,14,Adecuado,Adecuado,Adecuado,Sí
-15.58,-71.96,COSÑIRHUA,2,"514.026,6","81,5%",82355/82355,77,81,0,0,0,81,0,7,1,0,0,Inadecuado,Inadecuado,Adecuado,Sí
-15.58,-71.94,TAPAY,3,"243.588,5","12,7%",82356,20,25,0,0,0,25,0,1,0,25,0,Inadecuado,Adecuado,Adecuado,No
-15.18,-71.52,40321/40321,20,"3.984.979,4","100,0%",82357,31,6,0,14,0,31,0,3,0,0,0,Adecuado,Adecuado,Adecuado,Sí
-15.22,-71.39,40395,29,"3.374.674,5","100,0%",82358,67,4,0,28,0,60,0,5,1,0,0,Inadecuado,Adecuado,Adecuado,No
-15.35,-71.45,40421 JOSE OLAYA BALANDRA - TISCO,31,"1.725.792,9","44,9%",82359,49,0,0,29,3,53,3,3,0,0,0,Adecuado,Adecuado,Adecuado,Sí
-15.18,-71.27,40590,2,"1.482.935,7","100,0%",82360/82360,36,0,0,4,0,16,0,1,0,0,0,Inadecuado,Adecuado,Adecuado,Sí
-15.18,-71.52,TARUCAMARCA,7,"889.291,0","100,0%",82361,136,138,0,0,0,138,0,6,0,0,0,Inadecuado,Adecuado,Adecuado,No
-15.21,-71.39,COTA COTA,17,"1.141.786,6","33,7%",82364,49,0,0,103,0,103,0,2,0,0,0,Inadecuado,Sin acceso,Adecuado,Sí
-15.35,-71.45,TISCO,8,"1.112.888,1","100,0%",82365,52,60,0,0,0,69,0,7,0,7,8,Adecuado,Adecuado,Inadecuado,No
-15.53,-71.55,40396,54,"408.099,7","0,0%",82366/82366,176,154,0,0,0,153,0,6,0,0,0,Adecuado,Adecuado,Adecuado,No
-15.53,-71.55,JOSE CARLOS MARIATEGUI,33,"5.576.664,0","100,0%",82367,68,60,0,18,0,97,0,6,0,0,0,Adecuado,Adecuado,Adecuado,No
-15.53,-71.55,TUTI,24,"206.706,8","0,0%",82368,50,0,0,0,0,56,0,3,0,0,0,Adecuado,Adecuado,Adecuado,Sí
-15.15,-71.47,40105,6,"1.319.138,9","49,7%",82369/82369,76,46,0,6,0,75,10,5,0,47,10,Inadecuado,Adecuado,Adecuado,Sí
-15.65,-71.66,YANQUE/YANQUE/40397 SAN ANTONIO DE PADUA,180,"1.771.813,5","0,0%",82370/82370,133,0,0,0,0,198,0,2,0,0,0,Inadecuado,Adecuado,Adecuado,Sí
-15.72,-71.32,40399 GRAL. JUAN VELASCO ALVARADO/40399 GRAL. JUAN VELASCO ALVARADO,80,"15.319.569,6","71,3%",82371,57,0,0,35,8,70,26,3,0,0,0,Inadecuado,Adecuado,Adecuado,No
-15.80,-71.61,40611,1,"917.972,2","100,0%",82372,24,10,0,14,0,33,0,2,0,0,0,Adecuado,Adecuado,Adecuado,Sí
-15.64,-71.65,AGROPECUARIO YANQUE,104,"0,0","0,0%",82373,33,30,0,0,0,28,0,2,0,0,0,Inadecuado,Adecuado,Adecuado,No
-15.72,-71.32,CHALHUANCA,18,"1.465.718,8","80,0%",1058/82374,42,30,0,5,0,42,0,4,0,0,9,Inadecuado,Adecuado,Adecuado,Sí
-15.65,-71.66,SAINT ERBLON PERU - FRANCIA,143,"6.237.235,9","82,5%",82375/82375,80,92,0,7,0,90,0,5,0,0,0,Inadecuado,Inadecuado,Adecuado,No
-15.83,-72.65,40425 SAN MARTIN DE PORRES,75,"0,0","0,0%",82376/82376,45,0,0,30,0,48,0,4,0,0,0,Adecuado,Adecuado,Inadecuado,Sí
-15.81,-72.65,40427,6,"295.435,1","0,0%",82377/82377,52,55,0,8,0,72,0,5,3,0,0,Adecuado,Adecuado,Adecuado,Sí
-15.84,-72.66,40428 VIRGEN DE FATIMA,138,"995.595,9","0,0%",821495,74,86,0,0,0,96,0,2,0,0,0,Sin acceso,Adecuado,Adecuado,No
-15.84,-72.63,40449 NUESTRA SEÑORA DEL ROSARIO,4,"236.219,1","9,6%",82379,30,0,0,15,0,60,0,3,0,0,0,Inadecuado,Adecuado,Adecuado,Sí
-15.81,-72.66,40451,5,"413.959,1","30,2%",82887,32,33,0,0,0,33,0,3,0,0,0,Adecuado,Adecuado,Adecuado,Sí
-15.83,-72.63,40452 VIRGEN DE CHAPI,3,"526.209,5","34,7%",82924,63,19,0,19,0,19,0,3,0,57,0,Sin acceso,Inadecuado,Sin acceso,Sí
-15.82,-72.64,40453,5,"1.062.302,1","100,0%",1059/82983,58,6,0,46,0,57,0,4,0,0,0,Inadecuado,Adecuado,Adecuado,Sí
-16.02,-72.72,40454,3,"720.705,2","100,0%",821038/821038,179,17,0,0,0,30,0,1,0,25,0,Inadecuado,Adecuado,Adecuado,Sí
-15.84,-72.65,41045 CORAZON DE JESUS/41045 CORAZON DE JESUS,173,"872.488,8","1,6%",821084,41,0,0,0,0,46,2,3,0,0,0,Inadecuado,Adecuado,Adecuado,No
-15.84,-72.66,073 NUESTRA SEÑORA DE LA CANDELARIA,58,"2.363.167,1","14,6%",821085,7,0,0,283,0,283,0,5,0,0,0,Inadecuado,Adecuado,Adecuado,Sí
-15.81,-72.65,JESUS NIÑO DIVINO DE CARMEN ALTO,5,"560.883,8","100,0%",821087,36,43,0,0,0,43,0,3,0,0,0,Adecuado,Adecuado,Adecuado,Sí
-15.84,-72.65,CHUQUIBAMBA,79,"1.948.565,4","0,0%",821141,33,30,0,3,0,30,0,3,0,0,0,Adecuado,Inadecuado,Adecuado,Sí
-15.84,-72.65,CORAZON DE MARIA,184,"0,0","0,0%",821167,41,46,0,0,0,48,0,3,0,0,0,Sin acceso,Adecuado,Sin acceso,Sí
-15.81,-72.66,PAPACHACRA,9,"583.950,0","0,0%",821181/821181,36,37,0,0,0,37,0,3,0,0,0,Adecuado,Sin acceso,Adecuado,Sí
-15.84,-72.65,SAN LUIS GONZAGA,203,"2.281.948,4","7,1%",821189/821189,31,24,0,4,0,36,0,3,0,0,0,Adecuado,Sin acceso,Adecuado,No
-15.84,-72.65,VALLECITO,22,"363.167,9","0,0%",821210,56,0,0,14,0,56,0,3,0,0,0,Adecuado,Sin acceso,Adecuado,Sí
-15.80,-72.86,40430 JOSE SIMEON TEJEDA/40430 JOSE SIMEON TEJEDA,47,"921.791,9","0,0%",821222,24,10,0,14,0,33,0,2,0,0,0,Inadecuado,Adecuado,Adecuado,Sí
-15.82,-72.86,40456 TUPAC AMARU II,2,"1.873.709,0","100,0%",821229,16,6,0,5,0,23,0,2,0,6,0,Sin acceso,Sin acceso,Adecuado,Sí
-15.82,-72.84,40457 INMACULADA CONCEPCION,3,"1.580.349,4","100,0%",821246,50,50,0,0,0,50,0,3,0,0,0,Inadecuado,Adecuado,Adecuado,Sí
-15.77,-72.83,40487,1,"608.703,5","100,0%",821274,43,38,0,5,0,52,0,3,0,0,0,Sin acceso,Adecuado,Adecuado,Sí
-15.72,-72.74,40497,1,"385.748,3","36,5%",1057/821383,68,0,0,6,0,15,0,0,0,0,0,Adecuado,Adecuado,Adecuado,Sí
-15.73,-72.67,40662,4,"658.981,8","100,0%",821384,27,18,1,5,2,31,3,2,1,0,0,Inadecuado,Adecuado,Adecuado,Sí
-15.80,-72.86,JUSTO GERMAN SARMIENTO,13,"780.835,3","0,0%",821385/821385,46,0,0,6,0,9,0,1,0,0,0,Inadecuado,Sin acceso,Inadecuado,Sí
-15.23,-72.39,40459 SAN ROQUE/40459 SAN ROQUE,113,"3.059.639,3","17,7%",821386,41,37,4,10,5,57,9,3,0,37,16,Inadecuado,Adecuado,Adecuado,Sí
-14.59,-72.02,40444,23,"1.367.027,9","32,8%",JOSE OLAYA,222,0,0,0,0,0,0,10,0,250,0,Sin acceso,Adecuado,Adecuado,No
-14.67,-72.02,40458 SAN JUAN BAUTISTA/40458 SAN JUAN BAUTISTA,292,"10.371.303,8","100,0%",CESAR VALLEJO,247,0,0,0,0,0,0,0,0,90,0,Adecuado,Adecuado,Adecuado,No
-15.04,-72.28,ARCATA/40568/40568,78,"4.871.228,7","63,9%",MANUEL SCORZA,145,12,0,12,0,24,0,1,0,0,0,Adecuado,Adecuado,Adecuado,Sí
-14.85,-72.27,CHOCÑIHUAQUI/40577/40577,36,"3.916.399,4","60,8%",CARLOS MANUEL COX ROSSE,202,203,0,0,0,203,0,9,0,0,0,Adecuado,Adecuado,Adecuado,No
-14.76,-72.00,40592,3,"1.037.715,9","100,0%",LUIS JOSE DE ORBEGOSO,182,90,0,0,0,90,0,5,0,0,0,Adecuado,Adecuado,Adecuado,No
-14.80,-71.98,40613,10,"4.357.331,6","100,0%",AGROPECUARIO CHUQUIBAMBA,345,229,0,60,0,349,0,15,0,0,0,Sin acceso,Adecuado,Adecuado,No
-14.67,-72.02,CAYARANI,45,"3.761.781,3","100,0%",ANDRES AVELINO CACERES,169,53,0,43,0,138,0,7,0,30,0,Adecuado,Adecuado,Adecuado,No
-15.23,-72.39,UMACHULCO,16,"1.320.960,8","100,0%",006,44,23,0,0,0,60,0,3,0,0,0,Adecuado,Adecuado,Adecuado,Sí
-15.55,-72.92,40432 VICTOR RAUL HAYA DE LA TORRE/40432,55,"3.506.226,9","64,7%",175,45,0,0,15,0,44,0,3,1,0,0,Adecuado,Adecuado,Adecuado,Sí
-15.46,-72.95,40445 SAN MARTIN DE PORRAS DE YANQUE,4,"1.383.012,2","89,0%",208,84,0,0,30,0,84,0,4,0,0,0,Adecuado,Adecuado,Adecuado,Sí
-15.55,-72.96,40461,1,"258.779,0","0,0%",241,55,0,0,17,0,60,0,3,0,0,0,Adecuado,Adecuado,Adecuado,No
-15.48,-72.95,40462,3,"1.156.520,0","96,6%",348,29,0,0,15,5,31,10,3,0,0,0,Adecuado,Adecuado,Adecuado,Sí
-15.56,-72.97,40464 DIVINO NIÑO JESUS,3,"850.830,7","100,0%",82320,257,263,0,46,0,263,0,13,0,0,0,Adecuado,Adecuado,Adecuado,No
-15.55,-72.92,CHICHAS,20,"1.358.952,5","0,0%",82322/82322,63,9,0,28,0,64,0,6,0,9,28,Sin acceso,Adecuado,Adecuado,No
-15.85,-72.63,40434 FRAY MARTIN DE PORRES,27,"563.089,8","3,5%",82323/82323,197,,,,,,,,,,,Sin acceso,Sin información,Adecuado,No
-15.85,-72.63,40443 DIVINO NIÑO DE CASCONZA,19,"788.745,4","100,0%",82324,98,60,0,18,0,97,0,6,0,0,0,Adecuado,Adecuado,Adecuado,No
-15.89,-72.57,40466 CRISTO SALVADOR,5,"700.065,3","42,9%",82327,61,52,0,9,0,61,0,4,0,0,0,Adecuado,Adecuado,Adecuado,No
-15.86,-72.63,IRAY,12,"1.131.405,1","100,0%",82328,32,0,0,19,0,38,0,3,0,0,0,Sin acceso,Inadecuado,Adecuado,Sí
-15.86,-72.63,NIÑO MANUELITO,8,"196.049,5","0,0%",82329,46,72,5,0,0,72,10,5,0,0,0,Adecuado,Adecuado,Adecuado,No
-15.94,-73.13,40446 MIGUEL GRAU/40446 MIGUEL GRAU,463,"21.132.781,4","76,4%",82330/82330,106,80,0,14,0,107,0,8,0,80,14,Adecuado,Adecuado,Adecuado,No
-15.89,-73.02,40467,15,"1.307.336,0","85,0%",1060/82380,52,0,0,31,3,38,9,4,1,0,1,Adecuado,Adecuado,Adecuado,No
-15.98,-73.15,40468 ALEJANDRO ROJAS/40468 ALEJANDRO ROJAS,36,"1.474.336,2","0,0%",82381/82381,109,0,0,59,0,115,0,0,0,0,0,Inadecuado,Adecuado,Adecuado,No
-15.94,-73.13,IQUIPI,58,"2.196.700,7","100,0%",82393,111,80,20,40,15,129,14,2,0,55,30,Inadecuado,Adecuado,Adecuado,Sí
-16.01,-73.17,PIUCA,16,"1.213.978,3","100,0%",821007,81,18,4,40,1,85,10,9,0,0,0,Adecuado,Adecuado,Adecuado,No
-16.01,-73.17,40447 LA INMACULADA CONCEPCION,43,"1.765.793,4","0,0%",821008,48,51,0,0,0,51,0,2,0,0,0,Inadecuado,Adecuado,Adecuado,Sí
-15.90,-73.05,41511 LIBERTADORES DE AMERICA/41511 LIBERTADORES DE AMERICA,403,"2.721.026,7","12,3%",821017,41,6,0,24,0,43,0,3,0,0,0,Adecuado,Adecuado,Adecuado,No
-15.90,-73.05,SAN JUAN DE CHORUNGA,74,"2.433.770,5","100,0%",821019,176,0,0,91,0,182,0,8,0,0,0,Adecuado,Adecuado,Adecuado,No
-15.51,-72.84,40436,25,"0,0","0,0%",821089,182,170,0,26,0,216,0,12,0,0,0,Adecuado,Adecuado,Adecuado,Sí
-15.35,-72.68,40450,5,"1.100.308,1","100,0%",821128,99,0,0,58,22,98,0,5,0,0,0,Adecuado,Adecuado,Adecuado,No
-15.42,-72.68,40469,8,"1.739.941,9","100,0%",821188/821188,67,0,0,74,0,74,0,6,0,0,0,Sin acceso,Adecuado,Adecuado,No
-15.50,-72.86,40470,4,"873.236,3","54,2%",821261,27,10,0,17,0,29,0,3,0,0,0,Inadecuado,Adecuado,Adecuado,Sí
-15.36,-72.50,40501,1,"1.536.971,6","62,3%",821284/821284,39,10,0,0,0,41,0,3,0,0,16,Adecuado,Adecuado,Adecuado,Sí
-15.50,-72.83,NIÑO SALVADOR DE SALAMANCA,11,"159.065,4","0,0%",821285,32,28,0,11,0,39,6,4,1,28,13,Adecuado,Sin acceso,Adecuado,No
-15.51,-72.83,SAN JUAN BAUTISTA DE SALAMANCA,30,"409.931,8","6,8%",821413,17,0,0,17,17,22,22,3,0,0,0,Adecuado,Adecuado,Adecuado,Sí
-15.78,-73.07,40426 JOSE OLAYA/40426 JOSE OLAYA,104,"9.597.063,9","100,0%",821414,22,0,0,103,0,103,0,2,0,0,0,Adecuado,Adecuado,Adecuado,Sí
-15.66,-72.94,40433,16,"1.343.859,3","100,0%",JOSE CARLOS MARIATEGUI,245,258,0,258,0,258,0,10,0,10,0,Adecuado,Adecuado,Adecuado,No
-15.77,-72.87,40438,53,"4.404.146,5","74,6%",MARISCAL RAMON CASTILLA,234,255,5,0,0,255,2,10,0,0,0,Adecuado,Adecuado,Adecuado,No
-15.76,-72.92,40439 SAN JUAN BAUTISTA DE LA SALLE,177,"0,0","0,0%",RICARDO PALMA,160,143,0,6,6,157,0,8,2,0,0,Inadecuado,Adecuado,Adecuado,No
-15.77,-72.88,40448,23,"5.634.956,8","100,0%",068,71,0,0,17,0,78,0,3,0,12,4,Adecuado,Adecuado,Adecuado,Sí
-15.76,-72.92,ANDRES AVELINO CACERES,112,"2.132.962,2","63,1%",176,15,0,0,25,0,49,0,1,0,0,0,Inadecuado,Inadecuado,Adecuado,Sí
-15.76,-72.92,DIVINO NIÑO JESUS,82,"0,0","0,0%",343,25,0,0,24,0,72,0,3,0,0,0,Adecuado,Inadecuado,Adecuado,Sí
-15.78,-72.88,JORGE BASADRE,58,"1.301.962,9","24,7%",82388,126,129,8,0,0,129,8,7,0,0,0,Adecuado,Adecuado,Adecuado,Sí
-15.78,-73.07,NIÑO DEL VALLE,26,"0,0","0,0%",82339,30,0,0,36,0,56,56,2,0,24,64,Inadecuado,Adecuado,Adecuado,No
-15.79,-72.89,NIÑO JESUS,2,"244.884,7","0,0%",82340,345,346,0,0,0,346,0,14,0,0,0,Sin acceso,Adecuado,Adecuado,No
-15.77,-72.89,SAN ANTONIO,10,"0,0","0,0%",82341,30,12,0,20,5,45,8,4,0,0,0,Inadecuado,Adecuado,Adecuado,Sí
-15.77,-72.88,VIRGEN DEL CARMEN,16,"0,0","0,0%",82342,67,340,170,0,0,340,0,5,5,0,0,Inadecuado,Inadecuado,Adecuado,Sí
-15.81,-72.95,40684 SAN JOSE OBRERO/40684 SAN JOSE OBRERO/40684 SAN JOSE OBRERO,421,"10.077.151,4","100,0%",82345,14,20,0,0,0,39,0,1,0,0,0,Inadecuado,Adecuado,Adecuado,Sí
-17.02,-72.02,135,134,"2.116.288,7","0,0%",82385,7,0,0,4,0,20,0,2,0,0,45,Adecuado,Inadecuado,Adecuado,No
-17.02,-72.02,40472 CARLOS M. FEBRES/40472 CARLOS M. FEBRES,469,"4.180.317,0","0,0%",82386/82386,32,4,0,4,0,60,0,3,0,0,0,Adecuado,Adecuado,Adecuado,Sí
-17.02,-72.01,40473 JOSE EMILIO PACHECO ANTEZANA,258,"1.933.517,2","0,0%",82387/82387,43,0,0,0,0,63,7,4,0,0,38,Adecuado,Adecuado,Adecuado,No
-17.02,-72.01,40474 JOSE CARLOS MARIATEGUI/40474 JOSE CARLOS MARIATEGUI,476,"24.739.013,1","0,0%",82389/82389,125,70,0,8,0,90,0,5,0,0,0,Adecuado,Adecuado,Adecuado,Sí
-17.02,-72.02,40476 MERCEDES MANRIQUE FUENTES/40476 MERCEDES MANRIQUE FUENTES/40476 MERCEDES MANRIQUE FUENTES,374,"8.318.278,5","35,5%",82866,54,0,0,29,0,58,0,4,0,0,0,Adecuado,Adecuado,Adecuado,Sí
-17.01,-72.02,VILLA LOURDES,33,"0,0","0,0%",82881,45,2,0,25,0,47,0,2,0,0,0,Adecuado,Adecuado,Adecuado,Sí
-17.03,-72.02,40477 HILDA CANDIOTTI DE BORGER,60,"2.677.662,4","39,5%",82955,39,10,0,18,0,54,0,3,0,0,0,Inadecuado,Adecuado,Inadecuado,Sí
-17.03,-72.01,CARLOS CUBA VALDIVIA,85,"1.649.841,6","13,0%",82981,13,25,0,8,0,29,0,3,0,0,0,Adecuado,Sin acceso,Adecuado,Sí
-17.02,-72.00,40492 DANIEL ALCIDES CARRION/40492 DANIEL ALCIDES CARRION,293,"5.387.009,1","4,7%",821016,57,0,0,34,0,58,0,3,0,0,0,Inadecuado,Adecuado,Adecuado,Sí
-17.01,-72.02,41050 DIVINO MAESTRO/41050 DIVINO MAESTRO,133,"2.061.012,0","52,7%",821018,74,0,0,54,0,76,0,6,0,0,0,Inadecuado,Adecuado,Adecuado,No
-17.02,-72.01,SEÑOR DE LA DIVINA MISERICORDIA,62,"0,0","0,0%",1063/821083,16,0,0,65,0,65,0,5,5,0,0,Inadecuado,Adecuado,Adecuado,Sí
-17.02,-72.01,DEAN VALDIVIA/DEAN VALDIVIA/DEAN VALDIVIA,725,"0,0","0,0%",821118,22,12,0,6,0,25,0,2,0,0,0,Inadecuado,Inadecuado,Inadecuado,Sí
-17.02,-72.02,MOLLENDO/MOLLENDO,44,"4.346.295,7","0,0%",821153,24,0,0,0,0,0,0,0,0,0,0,Inadecuado,Adecuado,Adecuado,Sí
-17.02,-72.00,JORGE BASADRE/JORGE BASADRE,905,"12.593.820,3","0,0%",821166,13,10,0,18,0,54,0,3,0,0,0,Inadecuado,Adecuado,Adecuado,Sí
-17.03,-72.01,LAS CRUCES,60,"0,0","0,0%",821208,33,0,0,0,0,50,0,3,0,0,25,Inadecuado,Adecuado,Adecuado,Sí
-17.01,-72.01,SEÑOR DE LOS MILAGROS,81,"1.089.502,5","0,0%",1062/821209,40,0,0,163,0,163,0,3,0,0,0,Inadecuado,Inadecuado,Inadecuado,Sí
-17.01,-72.01,40681 FRAY MARTIN,148,"1.624.896,5","0,0%",821211,20,0,0,11,0,22,1,2,0,0,0,Inadecuado,Sin acceso,Adecuado,Sí
-17.02,-72.02,SAN VICENTE DE PAUL,349,"3.839.389,4","0,0%",82144,9,9,0,7,0,21,0,2,0,0,0,Adecuado,Adecuado,Adecuado,Sí
-17.09,-71.77,40482 SAN MARTIN DE PORRES/40482 SAN MARTIN DE PORRES,287,"5.682.370,0","6,0%",821412,5,8,0,0,0,8,0,1,0,0,0,Adecuado,Adecuado,Adecuado,No
-17.02,-71.67,40483,5,"394.616,1","0,0%",JORGE BASADRE,273,390,0,0,0,390,0,13,0,0,0,Adecuado,Adecuado,Adecuado,No
-17.01,-71.55,40491,4,"411.128,7","40,0%",007,79,144,0,0,0,145,0,3,0,0,0,Adecuado,Inadecuado,Adecuado,Sí
-16.99,-71.63,40498,16,"2.151.504,4","100,0%",072,218,0,0,60,0,250,0,10,0,0,0,Adecuado,Adecuado,Adecuado,Sí
-17.00,-71.59,40499,2,"249.707,5","0,0%",84 NUESTRA SEÑORA DE LOURDES,104,0,0,40,0,115,0,5,0,0,0,Adecuado,Adecuado,Adecuado,Sí
-17.00,-71.63,40502,1,"1.686.290,4","76,5%",111,114,0,0,32,2,117,0,6,0,0,0,Adecuado,Adecuado,Adecuado,Sí
-17.03,-71.71,40518,41,"418.038,4","0,0%",119,94,0,0,12,12,80,80,4,0,0,0,Adecuado,Adecuado,Adecuado,Sí
-17.09,-71.76,41048 CRISTO REY,363,"6.184.682,8","0,0%",130 AUGUSTO G. GIL VELASQUEZ,183,0,0,32,0,187,0,8,0,0,0,Adecuado,Adecuado,Adecuado,No
-17.07,-71.72,41513 SAGRADO CORAZON DE JESUS,119,"191.797,4","0,0%",143,14,0,0,7,2,22,2,1,1,0,0,Inadecuado,Adecuado,Adecuado,Sí
-17.07,-71.72,CHUCARAPI,141,"5.136.995,7","45,0%",169,20,0,0,0,0,22,0,2,0,0,11,Adecuado,Adecuado,Adecuado,Sí
-17.09,-71.77,MARIANO E. RIVERO Y USTARIZ,375,"8.957.238,4","35,1%",187,40,60,0,0,0,60,0,3,0,0,0,Adecuado,Adecuado,Adecuado,Sí
-17.07,-71.72,DIVINO NIÑO JESUS,38,"1.548.580,0","0,0%",188,24,2,0,0,0,34,0,2,0,0,0,Adecuado,Adecuado,Adecuado,Sí
-17.09,-71.77,NIÑO JESUS DE PRAGA,190,"4.583.637,5","10,1%",212,35,0,0,18,0,45,0,3,0,0,0,Adecuado,Adecuado,Adecuado,Sí
-17.14,-71.82,40484 VIRGEN DE FATIMA,266,"1.037.315,4","0,0%",213,68,0,0,0,0,65,0,3,0,0,30,Adecuado,Adecuado,Adecuado,Sí
-17.12,-71.80,40485 RUBEN LINARES LINARES,151,"1.080.193,3","0,0%",215,28,0,0,19,0,63,0,2,0,0,0,Adecuado,Adecuado,Adecuado,Sí
-17.14,-71.84,40503 JOSE OLAYA,12,"347.955,0","0,0%",355,17,0,0,5,0,18,0,1,0,0,0,Adecuado,Inadecuado,Adecuado,Sí
-17.11,-71.85,40504 LUISA BEGAZO DE DEL CARPIO,80,"2.495.003,7","7,5%",361,9,0,0,2,0,12,1,1,0,0,0,Inadecuado,Adecuado,Adecuado,Sí
-17.11,-71.85,NUESTRA SEÑORA DE LA MERCED,56,"1.905.626,3","100,0%",82118,20,0,0,32,2,32,2,2,0,0,0,Adecuado,Inadecuado,Adecuado,No
-17.12,-71.80,EL ARENAL,59,"3.243.370,4","0,0%",PEDRO PAULA AUGUSTO GIL/82390 PEDRO PAULA AUGUSTO GIL,1132,23,0,0,0,1118,0,39,0,0,566,Adecuado,Adecuado,Adecuado,No
-17.14,-71.82,FRANCISCO LOPEZ DE ROMAÑA,224,"6.293.212,9","37,9%",82391/82391,330,0,0,0,0,380,0,14,0,0,190,Adecuado,Adecuado,Adecuado,No
-17.14,-71.82,DIVINO SALVADOR,57,"1.177.555,2","0,0%",82392 NUESTRA SEÑORA DE FATIMA,760,98,0,156,0,407,0,12,0,0,0,Adecuado,Adecuado,Adecuado,No
-17.12,-71.80,CIRO ALEGRIA BAZAN,223,"4.201.138,9","15,6%",82394,117,0,0,70,16,138,61,6,0,0,0,Adecuado,Adecuado,Adecuado,No
-17.14,-71.84,MIGUEL DE CERVANTES SAAVEDRA,1,"513.893,8","100,0%",82397,21,0,0,0,0,13,0,2,0,0,13,Adecuado,Inadecuado,Adecuado,No
-17.00,-72.10,40479 MIGUEL GRAU/40479 MIGUEL GRAU,640,"2.638.049,6","2,0%",82398,27,24,0,4,0,44,0,2,0,0,0,Inadecuado,Adecuado,Adecuado,No
-17.00,-72.10,MICAELA BASTIDAS,88,"1.972.828,8","0,0%",82399,24,12,0,3,0,25,0,3,0,25,9,Adecuado,Adecuado,Adecuado,No
-17.10,-71.90,40494 JOSE ABELARDO QUIÑONES/40494 JOSE ABELARDO QUIÑONES,290,"0,0","0,0%",82401 VIRGEN DE LA CANDELARIA,110,0,0,54,54,120,120,6,0,0,54,Adecuado,Adecuado,Adecuado,No
-17.17,-71.79,40488 ERNESTO DE OLAZABAL LLOSA/40488 ERNESTO DE OLAZABAL LLOSA,222,"3.216.227,0","0,0%",82402,178,54,2,82,1,229,17,10,0,0,0,Adecuado,Adecuado,Adecuado,No
-17.17,-71.79,40490 SEÑOR DE LOS DESAMPARADOS/40490 SEÑOR DE LOS DESAMPARADOS,185,"961.998,4","0,0%",82403,65,0,0,0,0,68,0,4,0,0,34,Inadecuado,Sin acceso,Adecuado,No
-17.17,-71.81,40505,14,"1.270.261,2","100,0%",82432,13,8,0,8,0,16,0,2,0,0,0,Adecuado,Sin acceso,Adecuado,Sí
-17.17,-71.82,40506 EDUARDO LOPEZ DE ROMAÑA,5,"476.614,1","100,0%",82433 REYNALDO RABANAL VELASQUEZ,19,0,0,0,0,20,1,1,0,0,0,Inadecuado,Adecuado,Adecuado,Sí
-17.17,-71.79,41049 EVERARDO ZAPATA SANTILLANA/41049 EVERARDO ZAPATA SANTILLANA,291,"2.795.206,2","0,0%",82434,40,25,0,25,0,68,0,4,0,0,0,Adecuado,Adecuado,Adecuado,No
-17.17,-71.80,NUESTRA SEÑORA DE LA MEDALLA MILAGROSA,91,"2.031.289,6","0,0%",82435,35,0,0,0,0,44,0,3,0,0,34,Adecuado,Inadecuado,Adecuado,Sí
-17.17,-71.79,VICTOR MANUEL TORRES CACERES,474,"7.155.871,0","9,9%",82436,40,14,0,20,0,50,0,4,0,0,0,Adecuado,Adecuado,Adecuado,No
-15.21,-72.89,257 VIRGEN DEL CARMEN,102,"1.144.768,4","0,0%",82437,13,0,0,15,0,36,0,3,0,0,0,Inadecuado,Adecuado,Adecuado,Sí
-15.21,-72.89,40167 MARIA AUXILIADORA,344,"5.441.271,3","0,0%",82438,46,0,0,0,0,57,0,4,0,42,0,Adecuado,Adecuado,Adecuado,No
-15.22,-72.87,40507,17,"674.962,1","29,0%",82440,4,0,0,18,0,24,0,2,0,0,18,Inadecuado,Inadecuado,Adecuado,Sí
-15.23,-72.89,40508 LA ASUNCION,16,"1.256.215,1","47,5%",82441,15,21,0,13,0,27,0,3,0,21,21,Adecuado,Adecuado,Adecuado,No
-15.21,-72.86,40509 NUESTRA.SRA.DEL CARMEN/40509 NUESTRA.SRA.DEL CARMEN,15,"429.160,4","0,0%",82442,25,35,0,0,0,41,0,3,0,0,0,Adecuado,Adecuado,Adecuado,Sí
-15.22,-72.88,40538,14,"2.485.887,0","100,0%",82443/82443,32,0,0,19,0,38,0,4,0,0,0,Adecuado,Adecuado,Adecuado,No
-15.22,-72.87,JESUS DE NAZARENO,18,"1.371.769,4","42,8%",82444,9,0,0,10,1,23,0,1,0,0,0,Inadecuado,Inadecuado,Adecuado,Sí
-15.21,-72.90,MONSEÑOR JULIO GONZALES RUIZ,137,"5.779.310,4","100,0%",82445,6,0,0,12,1,24,2,2,0,0,0,Adecuado,Adecuado,Adecuado,Sí
-15.21,-72.89,MARISCAL ORBEGOSO/MARISCAL ORBEGOSO/MARISCAL ORBEGOSO,399,"9.380.178,2","15,6%",82878,10,0,0,0,0,35,0,1,0,0,0,Adecuado,Adecuado,Adecuado,No
-15.23,-72.88,SEÑOR DE LOS MILAGROS,7,"813.484,5","100,0%",82947,49,0,0,39,0,78,2,4,0,0,0,Adecuado,Adecuado,Adecuado,No
-15.21,-72.92,40537,4,"2.483.991,1","100,0%",821338,24,19,0,0,0,69,0,2,0,19,49,Adecuado,Adecuado,Adecuado,No
-15.13,-72.76,258,25,"234.981,5","0,0%",83009,375,0,0,204,0,420,0,12,0,0,0,Adecuado,Adecuado,Adecuado,No
-15.14,-72.77,40510 CORONEL CASIMIRO PERALTA/40510 CORONEL CASIMIRO PERALTA,176,"0,0","0,0%",821451,4,18,0,0,0,48,0,2,0,0,0,Inadecuado,Adecuado,Adecuado,No
-15.15,-72.74,40512 VIRGEN DE CHAPI/40512 VIRGEN DE CHAPI,158,"0,0","0,0%",CORONEL CORTEGANA/CORONEL CORTEGANA/CORONEL CORTEGANA,1024,0,0,0,0,885,0,30,0,0,446,Adecuado,Adecuado,Adecuado,No
-15.15,-72.77,40513 SAN MIGUEL ARCANGEL,40,"4.168.043,3","76,2%",NUESTRA SEÑORA DEL CARMEN,416,360,0,0,0,360,0,12,0,360,0,Adecuado,Adecuado,Adecuado,No
-15.09,-72.75,40514 SAN PEDRO,26,"867.765,7","19,5%",MANUEL DE PIEROLA CASTRO,741,490,0,0,0,703,0,21,0,35,54,Adecuado,Adecuado,Adecuado,No
-15.16,-72.79,40540,7,"2.464.145,3","100,0%",JOSE CABELLOS,44,52,0,1,0,70,2,5,3,0,0,Inadecuado,Sin acceso,Adecuado,No
-15.15,-72.74,AYAHUASI,26,"452.877,6","0,0%",JESUS DE NAZARET,178,163,7,0,0,173,10,7,0,0,5,Adecuado,Adecuado,Adecuado,No
-15.15,-72.77,CAHUANA,15,"2.028.744,4","100,0%",MOLINOPAMPA,44,52,0,0,0,52,0,5,0,0,0,Inadecuado,Adecuado,Adecuado,No
-15.24,-73.07,40515 SAN SEBASTIAN/40515 SAN SEBASTIAN,121,"5.466.960,7","0,0%",CENTRO DE APLICACION DEL ISP ARISTIDES MERINO MERINO/CENTRO DE APLICACION DEL ISP ARISTIDES MERINO MERINO/ARISTIDES MERINO MERINO,979,30,0,84,0,168,0,22,0,385,0,Adecuado,Adecuado,Adecuado,No
-15.22,-73.01,40541 SANTA ROSA DE LIMA,9,"2.464.271,9","100,0%",PEDRO ORTIZ MONTOYA,262,2,0,32,0,130,0,9,0,141,32,Adecuado,Adecuado,Adecuado,No
-15.24,-73.07,CHARCANA,18,"272.305,7","0,0%",158,6,0,0,3,0,14,0,1,0,0,0,Inadecuado,Adecuado,Adecuado,Sí
-15.13,-72.81,40517 CAPITAN EVARISTO AMESQUITA/40517 CAPITAN EVARISTO AMESQUITA,154,"3.252.705,1","0,0%",363,12,0,0,4,0,12,0,1,0,0,0,Adecuado,Adecuado,Adecuado,Sí
-15.17,-72.85,40519 SAN JUAN BAUTISTA,19,"1.492.131,3","100,0%",82395,29,15,0,7,0,29,0,3,0,0,0,Adecuado,Adecuado,Adecuado,Sí
-15.15,-72.82,40520 CLORINDA DELGADO MALDONADO,33,"3.661.681,9","100,0%",82406,17,0,0,23,0,23,0,2,0,0,0,Adecuado,Adecuado,Adecuado,No
-15.10,-72.77,40521,4,"1.671.780,3","22,7%",82407,24,0,0,27,0,100,0,3,0,0,27,Inadecuado,Adecuado,Adecuado,Sí
-14.76,-72.74,40542/40542/40542,137,"6.656.125,2","100,0%",82408,21,0,0,0,0,25,5,3,0,12,9,Inadecuado,Adecuado,Adecuado,Sí
-15.14,-72.80,40543,8,"1.302.992,4","100,0%",82456,3,0,0,0,0,15,0,1,0,15,0,Adecuado,Adecuado,Adecuado,Sí
-15.09,-72.78,PIRAMARCA/40545,14,"1.206.562,7","100,0%",82457,6,0,0,0,0,16,0,2,0,0,12,Inadecuado,Sin acceso,Adecuado,Sí
-14.87,-72.71,41057,8,"1.504.475,6","100,0%",82458,9,12,0,0,0,12,0,1,0,0,0,Inadecuado,Adecuado,Adecuado,Sí
-14.74,-72.62,41058,1,"674.305,5","100,0%",82459,29,0,0,0,0,29,0,3,0,18,11,Inadecuado,Adecuado,Adecuado,Sí
-14.71,-72.55,41065,7,"1.214.987,4","42,9%",82460,68,66,0,0,0,73,0,4,0,0,0,Inadecuado,Adecuado,Adecuado,Sí
-15.13,-72.81,HUAYNACOTAS,15,"1.160.822,5","51,7%",82750,5,6,0,2,0,9,0,1,0,0,0,Adecuado,Adecuado,Adecuado,Sí
-15.13,-72.90,40522 JUAN LUIS SOTO MOTTA/40522 JUAN LUIS SOTO MOTTA,133,"5.374.995,0","71,5%",82985,20,19,0,11,0,33,4,2,0,0,0,Inadecuado,Adecuado,Adecuado,Sí
-15.18,-72.91,40523 JUAN LUIS SOTO MOTTA,15,"3.671.892,8","100,0%",821439,4,8,0,0,0,16,0,1,0,0,0,Adecuado,Adecuado,Adecuado,Sí
-15.19,-72.96,40524,3,"960.851,8","100,0%",821477,3,14,0,5,0,20,0,1,0,0,0,Inadecuado,Adecuado,Adecuado,Sí
-15.14,-72.90,40546/40546,15,"1.474.759,5","100,0%",JOSE FAUSTINO SANCHEZ CARRION,43,38,0,0,0,38,0,5,5,0,0,Adecuado,Adecuado,Adecuado,No
-15.07,-72.88,40547/40547,65,"6.532.568,7","100,0%",MARISCAL RAMON CASTILLA,33,180,60,0,0,0,0,0,0,180,0,Adecuado,Adecuado,Adecuado,No
-15.16,-72.99,40605,7,"2.237.283,3","100,0%",171,16,10,0,3,0,25,0,2,0,0,0,Adecuado,Adecuado,Adecuado,Sí
-15.21,-72.94,40615,13,"3.695.688,5","100,0%",249,44,0,0,15,0,71,0,3,0,0,0,Adecuado,Adecuado,Adecuado,Sí
-15.11,-72.89,40619,7,"1.128.851,2","100,0%",82404,24,26,1,0,0,30,4,2,1,0,0,Inadecuado,Adecuado,Adecuado,No
-15.03,-72.96,40674,5,"3.821.282,6","100,0%",82446/82446,43,24,0,8,0,37,0,3,0,0,0,Inadecuado,Adecuado,Adecuado,Sí
-15.13,-72.88,41059,4,"1.769.175,0","100,0%",82447,31,35,7,5,0,60,6,3,0,0,0,Adecuado,Adecuado,Adecuado,No
-15.18,-72.91,MUNGUI,9,"6.381.513,7","100,0%",82448,53,0,0,30,3,60,0,3,0,0,0,Adecuado,Inadecuado,Adecuado,Sí
-15.13,-72.90,PAMPAMARCA,7,"2.530.717,3","100,0%",82449,123,122,0,0,0,122,0,7,0,122,0,Adecuado,Adecuado,Adecuado,No
-15.09,-72.87,40679,5,"1.557.944,1","100,0%",82450,45,0,0,0,0,41,20,3,0,0,10,Inadecuado,Adecuado,Adecuado,Sí
-14.95,-72.46,40224/40224,49,"5.158.123,5","100,0%",82451/82451,54,22,0,6,0,58,12,4,0,22,14,Adecuado,Inadecuado,Adecuado,No
-15.06,-72.69,40525 SAN SANTIAGO/40525 SAN SANTIAGO,315,"9.782.426,8","73,2%",82452/82452,31,0,0,0,0,59,6,3,0,0,48,Inadecuado,Adecuado,Adecuado,Sí
-14.88,-72.67,40548 SANTA ROSA DE LIMA/40548 SANTA ROSA DE LIMA,17,"1.439.699,0","0,0%",82453/82453,54,26,0,0,0,45,0,0,0,0,0,Adecuado,Sin acceso,Adecuado,Sí
-14.95,-72.72,40549 SANTISIMA VIRGEN DE LA ASUNTA/40549 SANTISIMA VIRGEN DE LA ASUNTA,40,"743.991,9","0,0%",82454,2,20,0,2,2,12,0,1,0,0,8,Inadecuado,Adecuado,Adecuado,Sí
-14.99,-72.71,40550,21,"1.354.117,5","66,7%",82455,25,28,0,10,0,30,0,2,0,8,0,Adecuado,Adecuado,Adecuado,Sí
-15.03,-72.70,40551 MICAELA BASTIDAS/40551 MICAELA BASTIDAS,18,"1.141.342,6","0,0%",82988,3,0,0,0,0,9,0,1,0,0,12,Adecuado,Inadecuado,Adecuado,Sí
-15.08,-72.71,40552 TUPAC AMARU/40552 TUPAC AMARU,25,"513.638,5","0,0%",82989,25,26,1,0,0,30,4,2,1,0,0,Inadecuado,Adecuado,Adecuado,Sí
-15.04,-72.70,40553 SAN ANTONIO DE PADUA,24,"948.451,0","21,7%",821001,21,0,0,13,0,16,1,2,0,0,0,Inadecuado,Adecuado,Adecuado,No
-14.93,-72.72,40648/40648,56,"1.377.235,9","0,0%",821002,21,24,0,0,0,42,0,3,0,0,0,Inadecuado,Adecuado,Adecuado,Sí
-14.90,-72.61,41060 HERMANA CLOTILDE DEMUND CAMINADA,9,"3.819.498,9","100,0%",821039,11,0,0,24,3,25,0,2,0,0,0,Inadecuado,Inadecuado,Adecuado,Sí
-14.99,-72.71,HUACTAPA,3,"176.585,8","0,0%",821054/821054,34,29,0,0,0,35,0,3,0,0,0,Inadecuado,Adecuado,Adecuado,Sí
-15.06,-72.69,PUYCA,43,"207.249,3","0,0%",821090,10,0,0,8,1,13,0,1,0,0,0,Inadecuado,Inadecuado,Adecuado,Sí
-15.04,-72.70,SUNI,9,"2.458.201,2","100,0%",821177,22,0,0,15,0,26,0,2,0,0,0,Inadecuado,Adecuado,Adecuado,Sí
-15.07,-72.69,40690,15,"1.406.292,8","100,0%",821192,7,9,0,0,0,9,0,1,0,0,0,Adecuado,Inadecuado,Adecuado,Sí
-15.32,-73.06,40554/40554,1,"1.135.480,1","100,0%",821213,83,47,0,25,4,62,0,6,0,47,25,Adecuado,Adecuado,Adecuado,No
-15.26,-73.05,40555,3,"956.911,6","100,0%",821247/821247,19,0,0,2,0,40,0,2,0,0,16,Adecuado,Adecuado,Adecuado,Sí
-15.27,-73.02,40558/40558,6,"569.445,8","100,0%",821276/821276,13,24,0,0,0,32,0,2,0,0,14,Adecuado,Inadecuado,Adecuado,Sí
-15.32,-73.22,40526/40526/40526,46,"520.191,8","0,0%",821277,14,0,0,14,6,15,0,1,0,0,0,Inadecuado,Inadecuado,Adecuado,Sí
-15.32,-73.24,40528,12,"1.589.090,2","100,0%",821346/821346,37,10,0,5,0,48,0,3,0,0,10,Adecuado,Adecuado,Adecuado,Sí
-15.33,-73.23,40559,2,"289.584,8","0,0%",821420,21,62,0,0,0,100,0,5,0,0,0,Inadecuado,Sin acceso,Adecuado,Sí
-15.34,-73.25,40527,2,"725.592,8","100,0%",821440,16,0,0,14,0,18,0,2,0,0,14,Inadecuado,Adecuado,Adecuado,Sí
-15.36,-73.24,40529 VICTOR ANDRES BELAUNDE/40529 VICTOR ANDRES BELAUNDE,54,"9.839.456,3","100,0%",88281,14,14,0,7,0,15,0,1,0,0,0,Inadecuado,Inadecuado,Adecuado,Sí
-15.36,-73.23,EL NIÑO HUAYLLURINO,23,"1.533.180,6","100,0%",HIPOLITO UNANUE,152,60,5,0,0,76,7,13,0,162,16,Inadecuado,Adecuado,Adecuado,No
-15.17,-72.83,40531 HONOFRE BENAVIDES/40531 HONOFRE BENAVIDES,230,"11.787.711,4","83,1%",ABRAHAM VALDELOMAR,94,150,0,0,0,150,0,5,0,0,0,Adecuado,Adecuado,Adecuado,No
-15.19,-72.83,40533 ANA DORILA BENAVIDES DE ANDIA,3,"3.063.337,7","100,0%",YAGEN,102,73,0,13,0,96,0,5,0,0,0,Adecuado,Adecuado,Adecuado,No
-15.19,-72.81,40560,5,"3.456.063,1","97,3%",INTERANDINO,51,53,0,0,0,53,0,5,5,0,0,Adecuado,Inadecuado,Adecuado,No
-15.17,-72.83,CRISTOBAL BORDA,18,"1.416.283,6","100,0%",037,12,0,0,5,0,20,0,1,0,0,0,Adecuado,Adecuado,Adecuado,Sí
-15.26,-72.93,40534 JUAN MANUEL GUILLEN BENAVIDES/40534 JUAN MANUEL GUILLEN BENAVIDES,29,"2.881.889,9","69,8%",186,19,0,0,23,0,45,2,1,0,0,0,Adecuado,Adecuado,Adecuado,Sí
-15.32,-73.01,40536 TUPAC AMARU II,2,"4.032.558,6","73,6%",189,15,0,0,6,0,38,0,1,0,0,0,Adecuado,Adecuado,Adecuado,Sí
-15.33,-73.03,40557,2,"1.201.373,6","69,2%",248,12,0,0,6,0,30,0,2,0,0,0,Inadecuado,Inadecuado,Adecuado,Sí
-15.26,-72.91,40561,4,"2.478.606,1","100,0%",250,13,12,0,0,0,20,0,1,0,0,0,Adecuado,Adecuado,Adecuado,Sí
-15.30,-73.01,40562,3,"4.007.460,1","100,0%",82409,21,50,0,0,0,50,0,3,0,0,0,Adecuado,Adecuado,Adecuado,No
-15.59,-73.09,40563,3,"3.815.093,0","100,0%",82410,33,0,0,24,0,38,0,3,0,0,0,Inadecuado,Adecuado,Adecuado,No
-15.37,-73.04,40647 VIRGEN DE LA CANDELARIA,9,"4.912.857,0","100,0%",82411,41,30,0,0,0,45,0,6,0,0,0,Inadecuado,Inadecuado,Adecuado,No
-15.26,-72.93,TORO,8,"1.019.582,4","100,0%",82412,63,0,0,30,0,80,0,6,0,0,0,Adecuado,Adecuado,Adecuado,Sí
-15.25,-72.93,40565,5,"3.037.145,3","100,0%",LLAGUAN/82413,29,49,0,0,0,52,0,7,0,0,0,Adecuado,Adecuado,Adecuado,No
-17.03,-71.53,40500,8,"515.997,9","100,0%",82414,46,50,0,0,0,50,0,6,0,0,0,Adecuado,Adecuado,Adecuado,No
-15.66,-72.55,40373,1,"504.935,1","100,0%",82461,7,35,0,0,0,51,0,1,0,0,0,Inadecuado,Adecuado,Adecuado,Sí
-16.38,-71.55,40045 LIVIA BERNAL DE BALTAZAR,208,"4.000.378,8","0,0%",82462,7,0,0,8,0,16,0,3,0,0,0,Adecuado,Adecuado,Adecuado,No
-16.33,-71.55,SHALOM,61,"1.200.879,1","0,0%",82463,35,40,0,0,0,63,0,3,0,0,0,Adecuado,Inadecuado,Adecuado,Sí
-16.33,-71.55,JOHN G.LAKE/JOHN G.LAKE/JOHN G.LAKE,485,"7.911.438,1","0,0%",82464,4,7,0,0,0,14,0,2,1,0,0,Inadecuado,Sin acceso,Adecuado,No
-16.31,-71.60,40694 CENTRO DE INNOVACION PEDAGOGICA ISPPA/40694 CENTRO DE INNOVACION PEDAGOGICA ISPPA/CAMINEROS EMPLEADOS,947,"20.052.541,1","27,7%",82465,16,0,0,10,2,18,0,1,0,0,0,Adecuado,Adecuado,Adecuado,No
-16.31,-71.61,CAMINITOS DE JESUS,41,"258.212,4","0,0%",82466,29,0,0,6,0,38,0,4,0,20,0,Adecuado,Inadecuado,Adecuado,No
-16.43,-71.52,41006 JORGE POLAR,420,"892.545,1","0,0%",82467/82467/82467,99,0,0,4,0,108,40,8,5,0,44,Adecuado,Adecuado,Adecuado,Sí
-15.51,-72.25,40350/40350,14,"455.556,4","0,0%",82468/82468,34,0,0,21,21,42,42,4,4,0,0,Inadecuado,Sin acceso,Adecuado,No
-16.27,-72.21,40693/40693,30,"2.336.725,3","100,0%",82469/82469,86,115,0,0,0,115,0,8,0,0,0,Inadecuado,Adecuado,Adecuado,No
-16.29,-72.19,40692,115,"4.260.825,8","100,0%",82470,20,20,0,0,0,40,0,2,0,0,0,Adecuado,Adecuado,Adecuado,No
-14.70,-71.99,40429 JOSE GABRIEL CONDORCANQUI/40429 JOSE GABRIEL CONDORCANQUI,105,"3.785.480,3","8,0%",82471,16,0,0,12,0,40,0,3,0,0,0,Adecuado,Adecuado,Adecuado,Sí
-16.62,-72.71,PRITE CAMANA,44,"6.897.301,1","0,0%",82472,7,0,0,6,0,14,0,1,0,0,0,Adecuado,Adecuado,Adecuado,Sí
-16.42,-71.83,TC3 FAP ERICK DIAZ CABREL,22,"637.463,3","100,0%",82473/82473,39,14,0,27,0,65,0,4,0,0,0,Inadecuado,Adecuado,Adecuado,No
-16.33,-71.57,SAN JOSE DE COTTOLENGO/SAN JOSE DE COTTOLENGO/SAN JOSE DE COTTOLENGO,691,"10.555.280,5","0,0%",82474/82474/82474,87,120,0,0,0,144,0,12,0,0,0,Adecuado,Inadecuado,Adecuado,Sí
-16.42,-71.81,SEÑOR DE LOS MILAGROS,13,"2.287.172,9","0,0%",82475,10,0,0,10,1,20,0,2,0,0,0,Inadecuado,Inadecuado,Sin acceso,Sí
-16.33,-71.56,40670 EL EDEN FE Y ALEGRIA 51/40670 EL EDEN FE Y ALEGRIA 51/40670 EL EDEN FE Y ALEGRIA 51,1.167,"5.765.951,4","1,4%",82476/82476,49,40,0,6,0,45,0,4,1,0,0,Inadecuado,Adecuado,Adecuado,No
-16.07,-72.49,500 DIVINO NIÑO JESUS,78,"1.106.927,8","8,2%",82477,11,0,0,0,0,12,0,0,0,0,6,Adecuado,Adecuado,Adecuado,No
-16.48,-71.51,EL GRAN MAESTRO,366,"2.086.476,5","12,7%",82478,5,7,0,0,0,21,0,2,0,0,10,Adecuado,Adecuado,Adecuado,No
-16.40,-71.53,CHAVEZ DE LA ROSA/CHAVEZ DE LA ROSA,233,"2.586.723,6","0,0%",82479/82479,12,0,0,0,0,0,0,2,0,0,0,Adecuado,Adecuado,Adecuado,No
-15.84,-72.65,PRITE MARIA REINA Y MADRE,14,"2.258.969,5","0,0%",82879,22,50,0,15,0,140,0,2,0,0,0,Inadecuado,Adecuado,Adecuado,No
-15.46,-73.69,JARDIN DE NIÑOS DE TONCO,11,"2.331.754,4","100,0%",82927,12,40,0,0,0,58,0,2,0,0,0,Adecuado,Sin acceso,Inadecuado,Sí
-16.37,-71.56,NUESTRA SEÑORA DEL DIVINO AMOR/NUESTRA SEÑORA DEL DIVINO AMOR,553,"22.529.301,2","100,0%",82932,7,0,0,20,0,30,0,2,0,0,0,Adecuado,Adecuado,Sin acceso,Sí
-16.35,-71.52,PINTO TALAVERA/PINTO TALAVERA/PINTO TALAVERA,351,"0,0","0,0%",82958,45,0,0,30,0,49,0,3,0,0,0,Inadecuado,Adecuado,Adecuado,No
-15.97,-73.19,JOSE MARIA ARGUEDAS/JOSE MARIA ARGUEDAS,120,"5.565.323,2","100,0%",82986,9,20,0,0,0,25,0,1,0,0,0,Adecuado,Adecuado,Adecuado,Sí
-15.71,-72.51,TAGRE,5,"172.904,1","0,0%",82990,9,20,0,0,0,20,0,2,0,0,0,Adecuado,Adecuado,Adecuado,Sí
-16.31,-71.61,PRITE YURA,41,"5.804.437,7","0,0%",821056,51,20,0,60,0,120,0,6,0,0,0,Adecuado,Adecuado,Adecuado,No
-16.33,-71.57,VILLA MAGISTERIAL/VILLA MAGISTERIAL,237,"4.406.636,7","3,8%",821097,25,24,0,0,0,50,0,2,0,0,0,Inadecuado,Adecuado,Adecuado,Sí
-16.32,-71.58,SOR ANA DE LOS ANGELES DE MONTEAGUDO/SOR ANA DE LOS ANGELES DE MONTEAGUDO,74,"2.061.304,9","19,6%",821194/821194,37,0,0,12,0,55,11,4,0,0,19,Inadecuado,Adecuado,Adecuado,Sí
-16.35,-71.52,SAN DANIEL COMBONI,143,"2.802.913,3","4,2%",821200,8,0,0,16,0,16,0,1,0,0,8,Inadecuado,Sin acceso,Adecuado,Sí
-16.44,-71.58,40087 JESUS MANUEL LOAYZA DEZA,44,"5.189.742,9","13,3%",821226,9,0,0,11,0,16,0,1,0,0,0,Adecuado,Adecuado,Adecuado,Sí
-15.50,-72.36,ANDAHUA,31,"588.566,5","0,0%",821314,25,46,0,1,0,126,6,2,0,0,22,Inadecuado,Adecuado,Adecuado,Sí
-15.58,-72.00,40437/40437,12,"955.586,5","100,0%",821315,10,0,0,0,0,25,5,1,0,0,10,Adecuado,Adecuado,Adecuado,Sí
-16.46,-71.49,J.M. ITARD/J.M. ITARD,66,"6.140.667,3","0,0%",821341/821341,31,0,0,30,0,58,0,4,0,0,0,Inadecuado,Adecuado,Adecuado,No
-16.36,-71.53,CARLOS MANUEL RIVERA MENDEZ,30,"845.126,1","29,7%",821342,14,14,0,0,0,24,0,2,0,0,0,Adecuado,Inadecuado,Adecuado,Sí
-16.34,-71.59,VILLA SAN JUAN,29,"934.976,6","100,0%",821345,7,0,0,12,0,24,0,1,0,0,0,Adecuado,Inadecuado,Adecuado,Sí
-16.31,-71.63,EL ALTIPLANO/EL ALTIPLANO,517,"3.270.417,3","12,7%",821416,7,0,0,0,0,10,0,1,0,0,9,Adecuado,Adecuado,Adecuado,Sí
-16.33,-71.56,40173 DIVINO NIÑO JESUS/40173 DIVINO NIÑO JESUS,240,"3.296.689,0","0,0%",821417,2,8,0,0,0,16,0,4,0,0,0,Adecuado,Inadecuado,Adecuado,No
-16.59,-72.70,HACIENDA EL MEDIO,42,"850.992,2","65,0%",821427,16,28,0,0,0,30,0,2,0,0,0,Adecuado,Adecuado,Adecuado,Sí
-16.56,-71.92,41063,11,"0,0","0,0%",821430,27,42,0,0,0,76,0,3,1,0,0,Adecuado,Inadecuado,Adecuado,Sí
-16.43,-71.59,TIO CHICO,13,"493.416,6","26,5%",821434,4,20,0,0,0,24,0,2,0,0,0,Adecuado,Adecuado,Sin acceso,No
-16.40,-71.55,SANTA ROSITA DE LIMA,58,"1.192.307,9","0,0%",821437,2,0,0,8,0,16,0,1,0,0,0,Adecuado,Sin acceso,Sin acceso,Sí
-16.34,-71.55,KATHRYN KUHLMAN,57,"2.247.174,4","0,0%",821453,22,32,0,0,0,40,0,2,0,0,0,Adecuado,Adecuado,Adecuado,Sí
-16.38,-72.20,40698 SAN JUAN BAUTISTA DE MAJES/40698 SAN JUAN BAUTISTA DE MAJES,377,"7.675.502,9","6,6%",821458,13,13,0,0,0,14,0,1,0,0,0,Adecuado,Inadecuado,Adecuado,Sí
-16.38,-71.57,NUESTRA SRA. DE FATIMA,348,"2.110.035,4","0,0%",SAN SANTIAGO,56,0,0,0,0,125,0,5,0,0,0,Adecuado,Adecuado,Adecuado,No
-16.40,-71.54,CERCIA,31,"2.650.698,1","0,0%",JEREZ,107,75,48,20,6,107,49,5,0,0,0,Adecuado,Inadecuado,Adecuado,Sí
-16.33,-71.58,FRANCISCO GARCIA CALDERON,40,"392.298,6","0,0%",MARIANO MELGAR,108,30,0,44,0,115,0,5,0,0,0,Adecuado,Sin acceso,Adecuado,No
-16.50,-72.09,24 DE JUNIO,30,"734.082,2","0,0%",LAS LAGUNAS,50,39,0,0,0,44,0,5,0,0,0,Adecuado,Sin acceso,Adecuado,No
-16.40,-71.53,SAN CAMILO,66,"2.196.417,0","100,0%",VISTA ALEGRE,63,0,0,0,0,23,0,8,0,154,0,Inadecuado,Adecuado,Adecuado,No
-16.40,-71.58,40059 ALEJANDRO SANCHEZ ARTEAGA,255,"2.891.583,9","12,1%",048,9,20,0,0,0,20,0,1,0,0,0,Adecuado,Adecuado,Adecuado,Sí
-16.33,-71.58,CASA DE CARIDAD ARTES Y OFICIOS,194,"2.538.833,2","0,0%",82415,24,0,0,32,13,64,34,3,0,0,0,Adecuado,Adecuado,Adecuado,No
-16.50,-71.83,EL TRIUNFO,78,"2.578.472,6","31,3%",82416,16,0,0,0,0,31,0,3,0,0,27,Adecuado,Inadecuado,Adecuado,Sí
-16.31,-71.55,SAN JUAN APOSTOL/SAN JUAN APOSTOL/SAN JUAN APOSTOL,815,"7.058.590,5","3,4%",008,46,0,0,37,0,63,0,3,0,0,0,Adecuado,Adecuado,Adecuado,Sí
-16.33,-71.60,40699 ESCUELA CONCERTADA SOLARIS/40699 ESCUELA CONCERTADA SOLARIS,371,"0,0","0,0%",216,21,35,0,0,0,50,0,2,0,0,0,Adecuado,Adecuado,Adecuado,Sí
-16.35,-71.55,SAN PABLO APOSTOL/SAN PABLO APOSTOL,82,"1.808.945,7","0,0%",82417,114,0,0,0,0,160,0,8,0,160,0,Adecuado,Adecuado,Adecuado,Sí
-16.34,-71.60,40705/40705/40705,619,"0,0","0,0%",82480,11,0,0,0,0,15,0,1,0,15,25,Adecuado,Adecuado,Adecuado,Sí
-16.35,-71.55,40616 CASIMIRO CUADROS I/40616 CASIMIRO CUADROS I/40616 CASIMIRO CUADROS I,822,"1.215.578,2","0,0%",82481,4,6,0,1,0,7,0,1,0,0,0,Adecuado,Adecuado,Adecuado,Sí
-16.42,-71.54,HONORIO DELGADO ESPINOZA/40143,312,"5.085.391,4","0,0%",82482,3,0,0,8,0,16,0,1,0,0,0,Adecuado,Adecuado,Adecuado,Sí
-16.60,-72.70,VIRGEN DEL CARMEN,39,"1.151.548,2","100,0%",82483,46,0,0,22,2,41,4,3,0,0,0,Adecuado,Sin acceso,Adecuado,No
-16.40,-71.51,EJERCITO AREQUIPA,259,"4.603.389,7","100,0%",82970,35,24,0,14,0,45,0,3,0,0,14,Adecuado,Adecuado,Adecuado,No
-16.40,-71.49,40695 ESCUELA CONCERTADA SOLARIS/40695 ESCUELA CONCERTADA SOLARIS,281,"4.549.734,0","0,0%",JOSE GALVEZ,152,104,0,0,0,155,113,9,0,42,56,Adecuado,Adecuado,Adecuado,No
-16.43,-71.49,40696/40696 SANTA MARIA,220,"1.672.976,0","2,9%",047,14,0,0,5,0,19,0,2,0,0,0,Inadecuado,Adecuado,Adecuado,Sí
-16.40,-71.54,ALFEREZ FAP RAUL J. LEGUIA DRAGO/ALFEREZ FAP RAUL J. LEGUIA DRAGO,125,"1.433.980,4","0,0%",148,17,2,0,2,0,18,0,0,0,0,0,Adecuado,Sin acceso,Adecuado,Sí
-16.40,-71.53,CANDELARIA V.DE MUÑOZ NAJAR,219,"1.461.302,6","0,0%",165,13,0,0,3,0,13,0,1,0,0,0,Inadecuado,Adecuado,Adecuado,Sí
-16.46,-71.50,VIRGEN DE LA CANDELARIA,22,"506.728,3","42,5%",82418,26,0,0,0,0,43,0,3,0,0,22,Adecuado,Adecuado,Adecuado,No
-16.41,-71.49,NUESTRA SEÑORA DE LA SOLIDARIDAD/NUESTRA SEÑORA DE LA SOLIDARIDAD,187,"2.624.895,6","0,0%",82484,7,0,0,18,5,15,6,1,1,0,0,Inadecuado,Inadecuado,Adecuado,Sí
-16.49,-71.51,40701,143,"1.507.124,2","0,0%",82485,11,30,0,0,0,43,0,5,0,0,0,Inadecuado,Adecuado,Adecuado,No
-16.48,-71.51,DIVINA PROVIDENCIA/DIVINA PROVIDENCIA/DIVINA PROVIDENCIA,619,"13.570.466,2","19,7%",82486/82486,30,0,0,33,0,38,0,3,3,0,0,Inadecuado,Adecuado,Adecuado,No
-16.42,-71.47,40704 VILLA SANTA ROSA DE CHIGUATA/40704 VILLA SANTA ROSA DE CHIGUATA,66,"1.685.780,6","100,0%",82487,7,7,0,0,0,10,0,1,0,0,0,Adecuado,Adecuado,Adecuado,Sí
-16.45,-71.52,EL NAZARENO,32,"709.355,9","47,1%",82488/82488,12,14,0,0,0,22,0,2,0,0,0,Adecuado,Adecuado,Adecuado,No
-16.38,-71.50,MI AMIGUITO JESUS,57,"1.086.664,4","0,0%",82490,38,38,0,0,0,38,0,3,0,0,0,Inadecuado,Sin acceso,Adecuado,No
-16.38,-71.53,ANGELES DE PAZ,92,"1.072.377,1","0,0%",82498,15,0,0,0,0,26,0,2,0,0,26,Adecuado,Adecuado,Inadecuado,Sí
-16.37,-71.51,ANNA DENGEL,103,"2.036.259,2","0,0%",82499,64,0,0,0,0,65,0,4,0,0,38,Inadecuado,Adecuado,Adecuado,No
-16.41,-71.49,DIOS ES AMOR,7,"279.218,9","6,4%",82946/82946,15,0,0,0,0,44,2,5,5,0,28,Inadecuado,Adecuado,Adecuado,No
-16.38,-71.52,LUZ DE BELEN,76,"368.360,5","0,0%",821091,25,23,0,0,0,46,0,3,0,0,0,Inadecuado,Adecuado,Adecuado,Sí
-15.11,-72.22,41069,6,"1.538.328,3","100,0%",821092,7,0,0,0,0,1,0,1,1,0,7,Inadecuado,Inadecuado,Adecuado,No
-15.66,-72.52,SAN ISIDRO EL LABRADOR,6,"541.391,8","47,0%",821143/821143,61,38,0,0,0,58,0,5,0,0,12,Inadecuado,Sin acceso,Adecuado,Sí
-15.57,-74.85,40299 JOSE ALFREDO MOLINA,186,"4.783.468,0","100,0%",821426,16,16,0,0,0,0,0,2,0,0,0,Inadecuado,Adecuado,Adecuado,Sí
-16.02,-72.49,40310,8,"1.397.048,9","100,0%",821454/821454,34,21,0,0,0,42,0,0,0,0,0,Adecuado,Adecuado,Adecuado,Sí
-16.15,-72.49,PRITE RAYITOS DE ESPERANZA/MAMAS,25,"2.240.412,1","100,0%",821457,23,26,1,0,0,30,0,2,0,0,0,Inadecuado,Adecuado,Adecuado,No
-15.27,-72.34,40702 ALBERTO BENAVIDES DE LA QUINTANA/40702 ALBERTO BENAVIDES DE LA QUINTANA/40702 ALBERTO BENAVIDES DE LA QUINTANA,357,"0,0","0,0%",AUGUSTO GIL VELASQUEZ,46,100,0,10,0,170,0,10,0,0,0,Adecuado,Adecuado,Adecuado,No
-15.45,-72.48,40706,4,"924.908,3","100,0%",RAMOSCUCHO,105,104,0,0,0,104,0,7,0,104,0,Inadecuado,Adecuado,Adecuado,No
-15.98,-72.47,LA CENTRAL,33,"772.898,5","0,0%",110,44,0,0,31,8,50,0,3,1,0,23,Adecuado,Adecuado,Adecuado,Sí
-15.69,-72.60,SAN ANTONIO,5,"475.179,7","100,0%",374,64,0,0,27,0,100,0,5,0,0,0,Inadecuado,Inadecuado,Adecuado,Sí
-15.34,-72.40,CHAPACOCO,5,"687.476,4","100,0%",82421,170,0,0,0,0,172,0,10,0,74,50,Inadecuado,Adecuado,Adecuado,No
-15.51,-71.44,CALLALLI,39,"1.071.342,5","52,4%",82422/82422 HELI ISRAEL AGUILAR MONTENEGRO,89,67,0,16,0,102,0,7,0,0,0,Inadecuado,Adecuado,Sin acceso,Sí
-15.62,-71.98,CABANACONDE,40,"371.802,1","0,0%",82423,195,77,0,0,0,190,0,12,0,0,77,Adecuado,Inadecuado,Adecuado,No
-14.90,-72.02,HUAROCOPALCA,11,"293.388,7","20,0%",82500,3,20,0,0,0,25,0,1,0,0,0,Adecuado,Inadecuado,Adecuado,Sí
-16.38,-71.53,CRUCE CHILINA,44,"886.395,0","0,0%",82502/82502,25,0,0,11,0,20,0,3,0,0,10,Inadecuado,Sin acceso,Adecuado,No
-16.41,-71.50,ALDEAS INFANTILES SOS PERU,120,"1.888.716,0","0,0%",82504,2,15,0,0,0,25,0,1,0,0,0,Adecuado,Adecuado,Adecuado,Sí
-16.01,-73.17,PIUCA,99,"691.981,9","9,0%",82505,10,14,0,13,0,28,0,2,0,0,0,Adecuado,Adecuado,Adecuado,Sí
-15.84,-72.65,CORAZON DE MARIA,54,"1.474.968,4","38,4%",82506/82506,46,49,0,0,0,49,0,4,0,0,0,Inadecuado,Adecuado,Adecuado,Sí
-17.16,-71.79,MILAGROSO NIÑO JESUS,43,"771.882,6","0,0%",82508,13,0,0,0,0,30,0,1,0,0,16,Adecuado,Sin acceso,Adecuado,Sí
-17.01,-72.03,MARINA DE GUERRA DEL PERU,16,"602.136,1","0,0%",82509/82509/82509,93,0,0,6,0,83,0,9,0,10,44,Inadecuado,Inadecuado,Adecuado,Sí
-17.10,-71.91,SAN JOSE,36,"2.742.484,3","100,0%",82847/82847,71,27,0,0,0,54,0,3,0,0,0,Adecuado,Adecuado,Adecuado,Sí
-15.19,-72.83,JUAN ALBERTO ARGUELLES,3,"275.289,7","0,0%",821040/821040,53,13,0,48,0,101,0,8,0,0,0,Inadecuado,Adecuado,Adecuado,Sí
-15.09,-72.75,HUILLAC,7,"2.153.105,9","100,0%",821096,4,40,0,0,0,40,0,2,0,0,0,Adecuado,Adecuado,Adecuado,Sí
-15.15,-72.82,VISBE,7,"700.422,2","68,3%",821144/821144,99,39,0,3,0,46,0,8,4,40,12,Inadecuado,Adecuado,Adecuado,No
-15.45,-74.65,PERUANO ESPAÑOL,58,"15.125.705,7","8,0%",821421,20,0,0,14,0,21,0,3,0,0,0,Inadecuado,Adecuado,Adecuado,No
-15.65,-71.65,YANQUE,38,"3.850.719,1","20,8%",821445,14,10,0,10,0,20,0,1,0,10,2,Adecuado,Adecuado,Adecuado,Sí
-16.07,-72.49,CASTILLA,240,"6.221.731,1","0,0%",821483,34,0,0,30,10,30,10,1,0,0,0,Adecuado,Adecuado,Adecuado,Sí
-17.10,-71.78,VALLE DE TAMBO,60,"270.390,7","0,0%",OXAMARCA,178,360,191,0,0,65,0,12,0,360,0,Adecuado,Adecuado,Adecuado,No
-16.34,-72.17,40201 TECNICO AGROPECUARIO LA COLINA,369,"3.451.147,3","3,6%",PIOBAMBA,179,112,0,15,0,144,0,7,0,0,0,Adecuado,Inadecuado,Adecuado,No
-14.98,-72.94,ÑECCETA/NECCETA,8,"771.884,7","100,0%",821496,36,0,0,0,0,40,0,2,0,0,20,Adecuado,Adecuado,Adecuado,Sí
-16.50,-71.50,DULCE NOMBRE DE JESUS,34,"0,0","0,0%",073,23,0,0,10,0,22,0,2,2,0,0,Adecuado,Adecuado,Adecuado,Sí
-16.30,-72.23,ASENTAMIENTO E - 7,56,"3.377.033,8","100,0%",058,20,0,0,6,0,20,0,2,0,0,0,Adecuado,Adecuado,Adecuado,Sí
-16.34,-72.18,BELAUNDE TERRY,250,"42.944.088,4","0,0%",214,21,0,0,7,0,25,0,2,1,0,0,Adecuado,Adecuado,Adecuado,No
-16.32,-72.18,CORONEL FRANCISCO BOLOGNESI/CORONEL FRANCISCO BOLOGNESI/CORONEL FRANCISCO BOLOGNESI,781,"16.360.512,2","25,0%",82424 ANTERO MEDINA SANCHEZ,114,0,0,65,13,124,23,10,0,0,0,Inadecuado,Adecuado,Adecuado,No
-17.01,-71.64,CRFA VALLE ARRIBA DE TAMBO,34,"709.696,0","0,0%",82425,74,58,0,62,0,127,0,7,0,0,0,Adecuado,Inadecuado,Adecuado,No
-15.21,-71.39,40395,42,"2.721.268,9","100,0%",82426,62,61,3,0,0,61,0,6,0,61,0,Adecuado,Inadecuado,Adecuado,No
-16.60,-72.70,ALTO HUARANGAL,18,"891.600,7","0,0%",82510,8,0,0,0,0,22,0,3,0,0,8,Adecuado,Sin acceso,Adecuado,Sí
-16.60,-72.69,TUPAC AMARU II,39,"1.057.199,7","12,6%",82511,35,0,0,25,3,46,6,3,0,0,0,Adecuado,Inadecuado,Inadecuado,Sí
-16.40,-71.50,ALTO MARIANO BUSTAMANTE,43,"1.338.749,8","100,0%",82512,48,48,0,0,0,48,0,4,0,0,0,Inadecuado,Sin acceso,Adecuado,No
-16.33,-71.58,CASA DE CARIDAD ARTES Y OFICIOS/CASA DE CARIDAD ARTES Y OFICIOS,530,"2.180.069,5","7,1%",82513,7,0,0,0,0,48,0,2,0,0,44,Inadecuado,Adecuado,Adecuado,Sí
-16.62,-72.68,HABITAD LA PAMPA,45,"743.418,1","0,0%",82514,16,20,0,0,0,20,0,1,0,0,0,Adecuado,Inadecuado,Adecuado,No
-16.72,-72.43,PERLITAS DEL MAR,60,"1.439.559,1","0,0%",82515,26,40,0,0,0,40,0,2,0,0,0,Adecuado,Adecuado,Adecuado,Sí
-16.59,-72.79,SANTA MONICA,34,"985.963,6","17,1%",82516,46,24,0,29,12,60,10,5,0,0,0,Inadecuado,Adecuado,Adecuado,No
-15.98,-73.17,SECOCHA,221,"6.790.418,2","43,9%",82517,23,0,0,0,0,50,0,3,0,0,45,Inadecuado,Sin acceso,Adecuado,No
-17.14,-71.84,ALTO BOQUERON,26,"239.730,4","0,0%",82518,19,20,0,0,0,20,0,2,0,20,0,Inadecuado,Adecuado,Adecuado,Sí
-16.22,-72.45,PEDREGAL,8,"414.376,8","22,6%",82519/82519,22,0,0,10,0,20,0,2,0,0,0,Adecuado,Adecuado,Adecuado,No
-15.72,-72.50,TIPAN,4,"920.335,5","100,0%",82520,10,20,0,7,0,28,0,1,0,20,7,Inadecuado,Adecuado,Adecuado,No
-16.32,-71.54,11 DE MAYO,60,"1.292.883,3","0,0%",82901,7,0,0,0,0,7,1,1,0,0,6,Inadecuado,Adecuado,Adecuado,Sí
-16.31,-71.62,VILLA DE CRISTO,16,"688.878,5","4,1%",821049,17,18,0,0,0,18,0,1,0,0,0,Adecuado,Adecuado,Adecuado,Sí
-15.63,-74.03,CARLOS NORIEGA JIMENEZ,218,"5.848.398,9","100,0%",821057,53,24,0,24,0,62,0,4,0,0,0,Adecuado,Adecuado,Adecuado,No
-16.42,-71.55,CARITAS,67,"1.595.280,8","0,0%",821093,60,65,0,0,0,130,0,5,0,0,0,Inadecuado,Adecuado,Adecuado,No
-14.59,-72.02,CHALLA,4,"257.431,6","0,0%",821094,31,24,0,6,0,33,0,3,1,0,0,Adecuado,Adecuado,Adecuado,Sí
-14.70,-71.99,VISCA VISCA,13,"1.428.594,3","100,0%",821095,39,34,0,4,4,51,1,5,0,34,5,Adecuado,Adecuado,Adecuado,No
-16.62,-72.68,VILLA DON JORGE,279,"4.962.073,0","48,3%",821296/821296,99,0,0,46,0,59,1,9,1,50,0,Inadecuado,Adecuado,Adecuado,No
-15.35,-71.45,40421 JOSE OLAYA BALANDRA - TISCO,32,"313.858,1","0,0%",821343,10,0,0,0,0,17,0,2,2,0,12,Inadecuado,Adecuado,Adecuado,Sí
-16.32,-71.61,SANTO TORIBIO DE MOGROVEJO/SANTO TORIBIO DE MOGROVEJO/SANTO TORIBIO DE MOGROVEJO,381,"6.530.853,5","0,0%",QUENGOMAYO,36,40,0,0,0,40,0,5,0,0,0,Adecuado,Adecuado,Adecuado,No
-16.48,-71.50,NUEVO CHARACATO,63,"1.964.375,5","50,5%",DAVID SANCHEZ INFANTE,145,235,0,29,0,280,0,16,0,280,0,Adecuado,Adecuado,Adecuado,No
-15.63,-71.64,40382 VIRGEN DE CHAPI,59,"434.829,3","0,0%",LEONCIO PRADO,94,28,0,60,0,88,0,6,0,40,0,Adecuado,Adecuado,Adecuado,No
-16.39,-72.18,40284 PEDRO PAULET MOSTAJO,327,"2.524.306,0","21,8%",074,67,11,0,31,0,68,0,5,0,0,0,Adecuado,Adecuado,Adecuado,Sí
-16.38,-72.20,40698 SAN JUAN BAUTISTA DE MAJES,79,"0,0","0,0%",170,25,0,0,5,0,22,3,2,1,0,0,Adecuado,Adecuado,Adecuado,Sí
-16.35,-72.19,BELAUNDE TERRY,73,"43.624.631,4","0,0%",185,6,0,0,5,0,28,0,1,0,0,0,Inadecuado,Adecuado,Adecuado,Sí
-15.77,-73.36,SAN MIGUEL,147,"5.432.400,0","0,0%",231,16,0,0,0,0,0,0,0,0,0,0,Inadecuado,Adecuado,Adecuado,Sí
-16.34,-71.60,JOSE LUIS BUSTAMANTE Y RIVERO,523,"11.118.280,8","19,3%",82902,52,6,0,0,0,57,0,3,0,28,28,Adecuado,Adecuado,Adecuado,No
-16.38,-71.37,40212/40212,9,"1.230.846,7","100,0%",82427,149,0,0,0,0,167,0,10,0,167,0,Inadecuado,Adecuado,Adecuado,Sí
-16.33,-72.18,CIUDAD MAJES MODULO A - 2,80,"0,0","0,0%",82428,29,0,0,0,0,30,0,3,0,0,15,Adecuado,Adecuado,Adecuado,Sí
-16.50,-71.84,MARKO JARA SCHENONE,38,"1.524.348,9","0,0%",82429,9,0,0,32,0,68,0,4,0,20,32,Adecuado,Adecuado,Adecuado,Sí
-16.49,-71.83,ASOCIACION DE VIVIENDA LOS ROSALES/ASOCIACION DE VIVIENDA LOS ROSALES,219,"5.519.214,2","0,0%",82430,37,37,0,0,0,37,0,4,4,0,0,Adecuado,Adecuado,Adecuado,No
-15.66,-74.00,LA ESPAÑOLITA,36,"2.409.456,2","0,0%",82521,28,0,0,0,0,47,0,3,0,0,23,Inadecuado,Adecuado,Adecuado,Sí
-15.62,-73.79,TIERRAS BLANCAS,39,"124.798,8","0,0%",82522/82522,77,0,0,54,0,102,0,6,0,0,54,Inadecuado,Adecuado,Adecuado,Sí
-16.63,-72.68,BELLA UNION,66,"346.941,1","0,0%",82523,14,0,0,4,0,47,0,2,0,0,35,Adecuado,Adecuado,Adecuado,Sí
-15.26,-72.34,LA LAGUNA,24,"0,0","0,0%",82524,19,44,0,0,0,44,0,2,0,0,0,Inadecuado,Adecuado,Adecuado,No
-16.34,-72.47,SATELITE SALVADOR,6,"179.917,9","0,0%",82525,18,0,0,0,0,28,0,2,0,0,14,Inadecuado,Adecuado,Adecuado,Sí
-16.20,-72.48,URACA,4,"0,0","0,0%",82526,46,94,0,0,0,94,0,3,0,0,0,Adecuado,Adecuado,Adecuado,Sí
-14.91,-71.88,JACHAÑA,17,"0,0","0,0%",82527/82527,19,20,0,0,0,25,0,1,0,0,0,Adecuado,Adecuado,Adecuado,No
-15.15,-72.07,TOLCONI,21,"260.961,7","0,0%",82528,27,0,0,25,0,37,2,4,1,0,0,Inadecuado,Adecuado,Adecuado,No
-16.32,-71.58,ESTRELLITAS DE JESUS,41,"182.713,0","0,0%",82839,20,20,0,0,0,22,0,2,0,20,2,Inadecuado,Adecuado,Adecuado,Sí
-16.34,-71.61,ASOCIACION URBANIZADORA JOSE LUIS BUSTAMANTE,72,"246.383,5","0,0%",82873,31,19,0,7,7,35,0,2,2,0,0,Adecuado,Adecuado,Adecuado,No
-16.34,-71.55,COMPLEJO HABITACIONAL DEAN BALDIVIA SECTOR 12/COMPLEJO HABITACIONAL DEAN BALDIVIA SECTOR 12,211,"3.122.149,6","0,0%",821013/821013,87,12,0,15,0,45,0,3,0,0,0,Adecuado,Adecuado,Adecuado,No
-16.33,-71.57,LAS FLORES - ZONA 5,39,"429.907,2","0,0%",821055/821055,21,0,0,24,0,52,2,3,0,0,0,Adecuado,Adecuado,Adecuado,Sí
-16.39,-71.57,KOREANITOS - AMPEKO,120,"1.278.681,8","4,9%",821145,22,6,0,0,0,25,2,2,0,0,10,Adecuado,Inadecuado,Adecuado,Sí
-16.44,-71.59,INMACULADA CONCEPCION,28,"625.068,9","0,0%",821164,4,0,0,6,6,12,12,2,0,0,0,Adecuado,Inadecuado,Adecuado,No
-16.49,-72.09,NUEVA JUVENTUD/NUEVA JUVENTUD,594,"17.782.515,3","0,0%",821178,26,14,0,6,0,26,0,2,0,0,0,Adecuado,Adecuado,Adecuado,No
-16.41,-71.57,GUILLERMO TORREBLANCA,56,"1.712.584,2","0,0%",SAN JOSE,159,0,0,195,0,390,0,15,0,0,0,Adecuado,Adecuado,Adecuado,No
-16.32,-71.59,NIÑOS DE LA ESPERANZA,68,"0,0","0,0%",CESAR VALLEJO,63,66,0,0,0,66,0,5,0,0,0,Inadecuado,Adecuado,Adecuado,No
-16.44,-71.58,NIÑOS TRIUNFADORES,61,"0,0","0,0%",ALFREDO JOSE MARIA ROCHA ZEGARRA,190,190,0,1,0,190,0,7,0,190,0,Adecuado,Adecuado,Adecuado,Sí
-16.31,-71.53,NUEVA ALBORADA,54,"1.490.590,1","0,0%",144,11,0,0,7,0,25,0,2,0,0,4,Inadecuado,Adecuado,Adecuado,Sí
-16.32,-71.56,PIOLIN,51,"1.381.683,6","100,0%",364,2,0,0,2,0,10,0,1,0,0,0,Adecuado,Adecuado,Adecuado,Sí
-16.35,-71.62,SOR ANA - B/SOR ANA - B,248,"0,0","0,0%",365,12,12,0,0,0,24,0,1,0,0,0,Adecuado,Adecuado,Adecuado,No
-15.85,-72.45,EL PRINCIPITO,3,"0,0","0,0%",82431,8,10,0,0,0,20,0,1,0,0,0,Inadecuado,Adecuado,Adecuado,No
-15.93,-72.48,RAYITOS DE SOL,17,"0,0","0,0%",82529,60,0,0,0,0,65,23,5,5,0,32,Inadecuado,Inadecuado,Adecuado,Sí
-15.64,-71.60,LOS ANGELITOS,89,"822.161,2","0,0%",82987,9,0,0,0,0,0,0,0,0,0,0,Inadecuado,Adecuado,Adecuado,Sí
-16.30,-72.23,E - 7 II RAMAL,29,"0,0","0,0%",821098,3,35,0,0,0,35,0,1,0,0,0,Adecuado,Adecuado,Adecuado,No
-16.31,-72.19,BLANCA VARELA GONZALES/BLANCA VARELA GONZALES,329,"0,0","0,0%",821234,16,0,0,0,0,53,0,1,0,0,0,Inadecuado,Adecuado,Adecuado,Sí
-16.50,-71.84,EL TRENCITO,96,"0,0","0,0%",821465,5,0,0,0,0,34,10,1,0,0,0,Inadecuado,Adecuado,Adecuado,Sí
-16.39,-72.20,LOS DINAMICOS/LOS DINAMICOS/LOS DINAMICOS,294,"5.234.734,2","0,0%",CESAR VALLEJO,67,0,0,0,0,71,71,5,5,0,0,Adecuado,Inadecuado,Adecuado,No
-16.34,-72.19,NIÑOS ALEGRES,68,"0,0","0,0%",109,30,0,0,30,0,45,0,3,0,0,0,Adecuado,Adecuado,Adecuado,Sí
-16.49,-72.09,NUEVA JUVENTUD,121,"0,0","0,0%",125,23,0,0,0,0,27,0,2,0,10,0,Inadecuado,Adecuado,Adecuado,No
-16.35,-72.21,VILLA INDUSTRIAL,15,"294.487,0","0,0%",217,19,0,0,7,0,20,0,0,0,0,0,Inadecuado,Inadecuado,Adecuado,Sí
-15.21,-72.90,LAS ESTRELLITAS,61,"0,0","0,0%",256,12,0,0,3,0,12,0,1,0,0,0,Adecuado,Sin acceso,Adecuado,Sí
-16.55,-72.85,SANTA ELIZABETH,11,"248.173,4","0,0%",356,11,0,0,8,0,30,0,2,0,0,0,Inadecuado,Adecuado,Adecuado,No
-17.13,-71.80,LEONOR BERNEDO DE JUAREZ,27,"316.980,4","0,0%",362,23,0,0,8,0,16,0,0,0,0,0,Adecuado,Inadecuado,Adecuado,Sí
-17.11,-71.79,JOSE OLAYA,6,"0,0","0,0%",82419,30,0,0,0,0,50,0,3,0,44,7,Inadecuado,Adecuado,Adecuado,Sí
-15.84,-72.65,LOS TRES ERRANTES,52,"0,0","0,0%",82420,84,0,0,0,0,101,0,6,0,0,55,Adecuado,Adecuado,Adecuado,No
-16.34,-72.19,CIUDAD MAJES/CIUDAD MAJES,31,"0,0","0,0%",82489,28,35,0,0,0,35,0,2,0,0,0,Inadecuado,Adecuado,Adecuado,No
-16.56,-71.48,EL CERRO,28,"1.390.212,9","0,0%",82491,42,50,0,0,0,50,0,3,0,50,0,Adecuado,Adecuado,Adecuado,No
-16.37,-71.50,EL SALVADOR,56,"0,0","0,0%",82492,58,0,0,50,0,59,0,5,0,0,0,Inadecuado,Adecuado,Adecuado,No
-16.36,-71.51,SEMILLAS DEL FUTURO,18,"0,0","0,0%",82493/82493,46,0,0,22,0,31,0,0,0,0,0,Inadecuado,Adecuado,Adecuado,No
-16.48,-71.51,ESTRELLITA DE DAVID A,75,"0,0","0,0%",82494/82494,56,9,0,37,0,64,0,5,0,0,0,Adecuado,Adecuado,Adecuado,No
-16.48,-71.51,LOS POLLITOS,71,"0,0","0,0%",82495,27,45,0,0,0,45,0,3,0,0,0,Adecuado,Adecuado,Adecuado,Sí
-16.35,-72.17,HEROES Y MARTIRES DE YARABAMBA Y QUEQUEÑA,41,"2.119.671,4","100,0%",82496,4,15,0,1,0,13,0,1,0,0,0,Adecuado,Adecuado,Adecuado,Sí
-16.42,-71.50,MARIA DEL REDENTOR/MARIA DEL REDENTOR/MARIA DEL REDENTOR,79,"1.057.920,9","0,0%",82497/82497,58,65,0,0,0,76,0,4,0,65,0,Inadecuado,Adecuado,Adecuado,Sí
-15.68,-72.95,SAN CRISTOBAL/SAN CRISTOBAL,128,"7.371.269,4","100,0%",82766,37,58,0,0,0,58,0,3,0,0,0,Adecuado,Adecuado,Adecuado,No
-16.61,-72.70,ANGEL DE LA GUARDA,299,"3.962.704,6","0,0%",82831,29,36,0,0,0,36,0,3,0,0,0,Inadecuado,Adecuado,Adecuado,Sí
-15.95,-73.20,SAN MARTIN DE PORRAS,35,"1.542.887,4","100,0%",82880,22,30,0,10,0,30,0,2,0,30,10,Inadecuado,Adecuado,Adecuado,Sí
-15.95,-73.20,SAN MARTIN DE PORRAS,80,"3.854.438,6","100,0%",82900,12,74,0,0,0,74,0,4,0,0,0,Adecuado,Adecuado,Adecuado,No
-16.44,-71.59,DIVINO NIÑO,18,"609.176,3","40,3%",82933,58,59,0,0,0,59,0,4,0,0,0,Inadecuado,Adecuado,Adecuado,No
-16.33,-71.57,CARICIAS DE AMOR,25,"727.613,9","100,0%",82965,7,16,0,16,0,35,0,1,0,16,16,Inadecuado,Adecuado,Adecuado,No
-16.31,-71.59,ESPERANZA DIVINA,14,"1.219.153,5","100,0%",821124,25,0,0,50,0,50,0,4,0,0,0,Inadecuado,Adecuado,Adecuado,Sí
-16.34,-71.60,SAN GERARDO MARIA MAYELA,77,"2.616.138,9","55,4%",821142,14,26,0,0,0,27,0,2,0,0,0,Inadecuado,Sin acceso,Adecuado,Sí
-16.32,-71.55,JOSE MARIA ARGUEDAS/JOSE MARIA ARGUEDAS,199,"0,0","0,0%",821193/821193,34,0,0,0,0,32,32,3,0,0,17,Adecuado,Adecuado,Adecuado,Sí
-16.41,-71.64,LOS ANGELES DE MARIA,14,"1.095.147,9","100,0%",821339,12,11,0,0,0,12,0,1,0,0,1,Adecuado,Adecuado,Adecuado,Sí
-16.34,-71.60,GOTITAS DE ESPERANZA,43,"1.179.609,8","100,0%",821340,27,0,0,0,0,26,0,2,2,0,13,Inadecuado,Adecuado,Adecuado,No
-16.32,-71.57,LAS ABEJITAS,30,"925.388,1","0,0%",821344,22,29,0,7,0,28,0,2,0,0,0,Adecuado,Adecuado,Adecuado,Sí
-16.32,-71.56,MI PEQUEÑA LUZ,47,"1.359.719,5","52,8%",SAN JUAN BAUTISTA,166,40,2,251,5,248,9,15,0,0,0,Adecuado,Adecuado,Adecuado,No
-16.35,-71.60,JOYITAS DE JESUS,71,"2.229.019,1","5,1%",SAN FRANCISCO,93,150,0,0,0,150,0,5,0,0,0,Adecuado,Adecuado,Adecuado,No
-16.45,-71.50,LOS RETOÑITOS,3,"1.907.870,2","0,0%",301,242,0,0,51,18,243,243,9,3,0,0,Adecuado,Adecuado,Adecuado,No
-16.41,-71.48,ANGELES DE DIOS,11,"505.449,1","0,0%",302 SANTA RAFAELA MARIA,192,0,0,48,0,193,94,6,6,0,0,Adecuado,Adecuado,Adecuado,No
-16.41,-71.48,MARIA MONTESSORI,9,"1.320.070,9","0,0%",303/11039,592,0,0,246,0,602,0,20,0,0,0,Adecuado,Adecuado,Adecuado,No
-16.42,-71.49,NIÑOS DE LA PAZ,19,"629.945,0","100,0%",305,43,0,0,10,0,42,0,3,0,0,0,Adecuado,Inadecuado,Adecuado,Sí
-16.42,-71.48,DIVINO NIÑO JESUS,12,"374.444,9","41,7%",306,13,0,0,3,0,25,0,1,0,0,0,Inadecuado,Adecuado,Adecuado,Sí
-16.48,-71.49,DIVINO JESUS,15,"625.172,9","100,0%",307,22,0,0,4,0,22,0,2,0,0,0,Inadecuado,Adecuado,Adecuado,Sí
-16.43,-71.48,CERRITO DE HUACSHAPATA,33,"2.164.043,5","0,0%",308,17,0,0,8,0,18,0,1,0,0,0,Inadecuado,Adecuado,Inadecuado,Sí
-16.42,-71.49,POZO NEGRO,7,"611.088,6","0,0%",309,26,0,0,9,0,35,0,2,0,0,0,Inadecuado,Sin acceso,Adecuado,Sí
-16.57,-72.71,GOTITAS DE AMOR,36,"124.541,5","0,0%",310,25,0,0,14,4,32,0,2,0,0,0,Inadecuado,Inadecuado,Adecuado,Sí
-16.42,-73.11,VIRGEN DEL BUEN PASO,17,"1.011.948,4","0,0%",311,40,0,0,14,0,40,0,3,3,0,0,Inadecuado,Adecuado,Adecuado,Sí
-16.43,-71.82,EL PARAISO/EL PARAISO,213,"1.951.256,3","0,0%",312,25,0,0,9,0,25,0,2,0,0,0,Adecuado,Inadecuado,Inadecuado,Sí
-16.32,-72.19,LOS OSITOS,76,"0,0","0,0%",313,27,0,0,6,0,27,0,2,1,0,0,Inadecuado,Adecuado,Adecuado,Sí
-16.33,-72.19,NIÑO SALVADOR,75,"2.752.511,8","100,0%",314,31,0,0,12,0,36,0,3,0,0,0,Inadecuado,Adecuado,Adecuado,Sí
-15.64,-71.60,JARDINES DEL COLCA,22,"1.434.823,5","100,0%",315,23,0,0,0,0,23,8,1,1,0,0,Inadecuado,Inadecuado,Inadecuado,Sí
-15.98,-73.17,PORTOCARRERO,84,"3.470.605,0","100,0%",316,9,0,0,10,0,20,20,2,0,0,0,Inadecuado,Adecuado,Adecuado,Sí
-16.33,-72.19,MARIANO LORENZO MELGAR VALDIVIESO,223,"0,0","0,0%",317,10,0,0,5,0,20,0,1,0,0,0,Inadecuado,Adecuado,Adecuado,Sí
-16.34,-72.19,DR JUAN MANUEL GUILLEN BENAVIDES,373,"5.834.274,8","0,0%",318,15,0,0,13,0,40,0,2,0,0,0,Inadecuado,Inadecuado,Adecuado,Sí
-16.50,-71.84,EL TRIUNFO II,154,"0,0","0,0%",319,23,0,0,8,0,41,0,1,1,0,0,Adecuado,Adecuado,Inadecuado,Sí
-15.65,-71.61,VILLA INFANTIL CASA CHAPI/VILLA INFANTIL CASA CHAPI,77,"7.297.477,5","100,0%",320,17,0,0,5,0,17,0,2,0,0,0,Inadecuado,Inadecuado,Inadecuado,Sí
-16.39,-71.49,SAN FRANCISCO JAVIER - CIRCA/SAN FRANCISCO JAVIER - CIRCA/SAN FRANCISCO JAVIER - CIRCA,358,"6.836.556,0","43,4%",10419,57,0,0,27,12,118,27,6,0,0,0,Inadecuado,Adecuado,Adecuado,No
-16.41,-71.51,SEÑOR DE LOS MILAGROS,88,"1.111.507,5","0,0%",323,34,0,0,12,0,55,0,2,0,0,0,Adecuado,Adecuado,Adecuado,Sí
-16.40,-71.50,ANGEL GABRIEL,58,"965.149,4","0,0%",324,11,0,0,8,0,40,0,1,0,0,0,Inadecuado,Adecuado,Adecuado,Sí
-16.41,-71.51,HERMANO CLEMENTE,16,"1.406.228,9","0,0%",10754,86,14,0,37,16,92,16,7,7,0,0,Adecuado,Adecuado,Adecuado,Sí
-15.72,-72.57,PAMPACOLCA,53,"301.982,6","0,0%",326,28,28,0,5,1,30,0,2,1,0,0,Inadecuado,Adecuado,Inadecuado,Sí
-16.07,-72.49,CASQUINA,41,"0,0","0,0%",327,7,10,0,0,0,13,0,1,0,0,0,Inadecuado,Adecuado,Adecuado,Sí
-16.31,-71.58,PEDRO HUILLCA TECSE,14,"588.049,8","6,3%",328,41,0,0,6,0,25,0,2,0,0,0,Adecuado,Adecuado,Inadecuado,Sí
-16.29,-71.63,UPIS LOS MILAGROS ZONA 1/UPIS LOS MILAGROS ZONA 1,183,"3.871.193,6","56,7%",329,30,0,0,8,0,36,0,2,2,0,0,Adecuado,Adecuado,Adecuado,Sí
-16.35,-71.62,SAN ALFONSO MARIA LIGORIO/SAN ALFONSO MARIA LIGORIO,201,"2.270.771,8","10,3%",330,17,0,0,4,0,73,0,1,0,0,0,Adecuado,Sin acceso,Adecuado,Sí
-16.36,-71.62,LUCERITOS DE DIOS/LUCERITOS DE DIOS/LUCERITOS DE DIOS,272,"5.302.455,4","39,4%",331,15,0,0,6,0,16,0,1,0,0,0,Adecuado,Adecuado,Adecuado,Sí
-16.33,-71.57,LOS PEQUEÑOS ARBOLITOS,81,"666.025,5","0,0%",332,19,0,0,10,0,19,0,0,0,0,0,Adecuado,Adecuado,Adecuado,Sí
-16.32,-71.54,JARDIN DE BLANQUITA,54,"201.925,1","0,0%",333,23,0,0,7,0,40,0,1,0,0,0,Adecuado,Adecuado,Adecuado,Sí
-16.34,-71.62,PASTORCITOS,62,"1.559.631,3","0,0%",334,23,0,0,8,0,30,0,2,0,0,0,Inadecuado,Inadecuado,Adecuado,Sí
-16.32,-71.56,ESTRELLITAS DE CHACHANI,47,"1.533.267,6","76,4%",335,24,0,0,10,0,42,0,2,0,0,0,Inadecuado,Inadecuado,Adecuado,Sí
-16.31,-71.60,ESTRELLITAS,39,"1.026.421,4","0,0%",468,18,0,0,17,0,45,0,2,0,0,0,Inadecuado,Adecuado,Adecuado,Sí
-16.36,-71.62,LUCERITOS DEL AMANECER,55,"1.621.436,9","100,0%",10390 JOSE N. SANCHEZ SILVA,16,10,2,10,2,22,4,2,0,0,0,Inadecuado,Inadecuado,Adecuado,Sí
-16.34,-71.60,ALELUYA,40,"1.258.783,1","100,0%",491,8,0,0,5,0,32,0,1,0,0,0,Adecuado,Adecuado,Adecuado,Sí
-16.44,-71.60,SANTO THOMAS,5,"131.319,1","0,0%",10381,946,220,101,382,160,944,418,22,0,52,0,Adecuado,Adecuado,Adecuado,No
-15.19,-71.78,MI SEGUNDO HOGAR,41,"0,0","0,0%",10384,710,36,0,0,0,659,0,20,0,0,297,Adecuado,Adecuado,Adecuado,No
-16.32,-72.18,CIUDAD MAJES E- 2 LA COLINA,39,"1.498.953,4","100,0%",10385 SANTA RAFAELA MARIA,376,224,0,67,0,322,0,12,0,0,49,Adecuado,Adecuado,Adecuado,No
-16.34,-72.21,LAS GARDENIAS/LAS GARDENIAS,78,"2.240.472,0","100,0%",10386,132,195,0,54,0,349,0,17,0,0,0,Inadecuado,Adecuado,Adecuado,No
-16.34,-72.21,NUEVA AREQUIPA/NUEVA AREQUIPA,85,"2.454.416,1","100,0%",10387 ANTONIO F .URIARTE VASQUEZ,56,0,0,34,0,68,0,6,0,0,0,Adecuado,Adecuado,Adecuado,No
-16.35,-72.24,ASPEIN/ASPEIN,44,"2.132.212,2","68,4%",10389,82,7,0,54,0,112,0,6,0,0,0,Adecuado,Adecuado,Adecuado,Sí
-17.13,-71.81,ESTRELLITAS,26,"1.090.042,7","17,2%",10392,86,32,0,48,0,119,0,7,0,0,0,Inadecuado,Adecuado,Adecuado,No
-17.09,-71.76,RONDA INFANTIL,19,"465.217,8","100,0%",10393,27,0,0,24,0,41,11,4,0,0,24,Adecuado,Adecuado,Adecuado,No
-16.35,-71.51,SAN LUIS GONZAGA A,10,"498.016,5","0,0%",10394,58,0,0,30,0,57,0,8,0,0,0,Inadecuado,Inadecuado,Adecuado,No
-16.40,-71.48,HEROES DEL CENEPA,51,"1.530.247,4","100,0%",10395,20,0,0,30,0,87,0,1,0,0,0,Adecuado,Adecuado,Inadecuado,No
-16.43,-71.49,BUENA VISTA,10,"328.884,7","0,0%",10396,55,40,0,10,0,59,0,4,0,0,0,Inadecuado,Adecuado,Adecuado,Sí
-16.43,-71.48,BUENA VISTA III,29,"828.953,2","100,0%",10398,23,0,0,5,0,10,0,2,0,12,0,Adecuado,Adecuado,Adecuado,Sí
-16.42,-71.47,MIRADOR DE JESUS,24,"185.889,4","0,0%",10399,62,27,0,24,0,67,0,6,0,0,0,Inadecuado,Adecuado,Adecuado,No
-16.53,-71.48,VILLA FLORIDA,12,"841.396,4","100,0%",10400,36,0,0,20,0,42,0,3,0,0,0,Inadecuado,Inadecuado,Adecuado,No
-16.46,-71.54,CAMPO FERIAL,41,"1.248.160,3","100,0%",10402,54,27,0,16,0,50,0,4,1,0,0,Inadecuado,Adecuado,Inadecuado,No
-16.45,-71.52,LOS BOSQUES,5,"647.804,9","100,0%",10404,115,0,0,83,0,137,0,8,0,0,0,Adecuado,Adecuado,Adecuado,No
-16.41,-71.50,LOS ANGELES,24,"749.965,3","50,0%",10405 LORENZO R. ALTAMIRANO,82,0,0,41,0,79,0,6,0,0,0,Inadecuado,Adecuado,Inadecuado,No
-16.49,-71.51,VIRGEN DE CHAPI,25,"736.239,0","0,0%",10406,68,0,0,42,0,79,0,5,0,0,0,Inadecuado,Adecuado,Adecuado,Sí
-16.35,-71.51,LOS ENANITOS,50,"1.357.290,5","100,0%",10407,10,0,0,10,0,30,0,2,0,0,0,Inadecuado,Adecuado,Adecuado,Sí
-16.49,-71.52,CORAZON DE JESUS,61,"649.932,6","0,0%",10408,41,0,0,0,0,0,0,0,0,0,0,Inadecuado,Adecuado,Adecuado,Sí
-16.51,-71.50,PAMPAS PAJONAL,13,"1.050.192,1","100,0%",10409,151,220,0,11,0,220,0,11,0,55,0,Inadecuado,Adecuado,Adecuado,No
-16.36,-71.52,NUEVA ESPERANZA,45,"1.126.929,0","100,0%",10410,101,0,0,53,0,103,0,7,0,0,0,Inadecuado,Adecuado,Inadecuado,Sí
-15.68,-72.95,MINAS DE SAN CRISTOBAL,34,"1.690.075,5","100,0%",10411,147,42,0,60,60,154,154,10,0,0,0,Adecuado,Adecuado,Adecuado,No
-16.50,-71.84,LAS HORMIGUITAS,41,"1.489.839,3","100,0%",10412,60,75,0,0,0,79,0,8,0,0,0,Inadecuado,Adecuado,Adecuado,No
-16.61,-72.77,SANTA ROSA,15,"6.335.652,8","0,0%",10413,40,0,0,30,13,45,15,3,0,0,0,Inadecuado,Adecuado,Adecuado,No
-15.95,-73.18,VENADO/VENADO,70,"5.649.121,1","100,0%",10414,91,0,0,60,0,99,0,6,0,0,0,Inadecuado,Adecuado,Adecuado,No
-15.27,-72.35,MI BUEN PASTOR,16,"857.555,5","100,0%",10416,44,0,0,54,0,54,0,4,0,0,0,Inadecuado,Inadecuado,Adecuado,No
-16.35,-71.57,CAP FAP JOSE ABELARDO QUIÑONES GONZALES,20,"1.275.178,2","100,0%",10417,29,0,0,29,0,49,0,3,0,0,0,Inadecuado,Inadecuado,Adecuado,No
-16.36,-71.51,EL MIRADOR AQP/EL MIRADOR AQP/EL MIRADOR AQP,340,"4.746.658,9","0,0%",10418,66,10,0,48,12,98,36,6,0,0,0,Adecuado,Inadecuado,Adecuado,No
-17.00,-72.09,EL BUEN PASTOR/EL BUEN PASTOR/EL BUEN PASTOR,242,"6.822.682,7","100,0%",10723,64,0,0,30,0,68,0,0,0,0,0,Adecuado,Inadecuado,Adecuado,No
-16.60,-72.78,MARIANO MELGAR/MARIANO MELGAR/MARIANO MELGAR,118,"3.205.362,0","89,7%",10724,25,0,0,34,0,37,0,3,0,0,0,Inadecuado,Adecuado,Adecuado,Sí
-16.00,-74.02,CESAR VALLEJO/CESAR VALLEJO,28,"2.612.607,4","100,0%",10989,57,0,0,13,13,23,23,4,0,35,0,Inadecuado,Inadecuado,Adecuado,No
-16.35,-71.61,JESUS DE NAZARETH/JESUS DE NAZARETH/JESUS DE NAZARETH,494,"10.673.831,3","52,3%",10990,17,0,0,9,0,54,0,3,0,0,0,Inadecuado,Adecuado,Adecuado,Sí
-16.62,-72.68,VILLA LINARES,218,"6.846.807,0","100,0%",101005,54,55,0,0,0,55,0,6,0,0,0,Inadecuado,Adecuado,Adecuado,No
-16.32,-71.53,SOL DE ANDES,9,"403.472,0","0,0%",101007/101007,61,8,0,51,0,93,0,4,0,0,0,Inadecuado,Inadecuado,Adecuado,Sí
-16.31,-71.53,MUJERES CON ESPERANZA,22,"772.488,3","100,0%",101043,37,19,0,18,0,37,0,3,0,0,0,Inadecuado,Adecuado,Adecuado,Sí
-16.30,-71.52,CIUDAD DE LOS PIONEROS,17,"842.121,4","3,5%",101044,52,0,0,10,10,56,26,5,1,0,28,Inadecuado,Adecuado,Inadecuado,No
-16.29,-71.63,UPIS LOS MILAGROS,21,"834.498,0","100,0%",101061,20,0,0,10,10,20,20,2,1,0,0,Inadecuado,Inadecuado,Adecuado,Sí
-16.34,-71.65,JARDIN DEL COLCA/JARDIN DEL COLCA,95,"5.659.044,3","100,0%",101063,12,0,0,0,0,12,0,1,0,0,0,Inadecuado,Sin acceso,Adecuado,No
-16.32,-71.62,JOSE ABELARDO QUIÑONEZ/JOSE ABELARDO QUIÑONEZ,36,"1.754.386,7","100,0%",101090,27,8,0,11,0,29,0,3,0,0,0,Inadecuado,Adecuado,Adecuado,Sí
-16.32,-71.56,LA FORTALEZA CHACHANI,9,"440.420,2","100,0%",101110,61,8,0,36,0,74,0,4,0,0,0,Inadecuado,Sin acceso,Adecuado,No
-16.33,-71.55,BOSQUES DE GHETZEMANI,9,"475.530,1","100,0%",101120,22,0,0,13,0,32,0,2,2,0,0,Inadecuado,Sin acceso,Adecuado,Sí
-16.33,-71.60,JOSE LUIS BUSTAMANTE Y RIVERO SECTOR III,38,"488.509,8","0,0%",SAN JUAN/SAN JUAN,132,0,0,0,0,0,0,11,0,296,0,Adecuado,Adecuado,Adecuado,No
-16.33,-71.61,APIPA SECTOR III,73,"709.913,0","0,0%",CHOTA/CHOTA,54,52,52,0,0,52,52,0,0,0,0,Adecuado,Adecuado,Adecuado,No
-16.31,-71.54,DON FRANCISCO,21,"1.013.877,0","69,6%",304/SAN JUAN/10383,2122,2077,0,0,0,2343,0,60,0,0,0,Adecuado,Adecuado,Adecuado,No
-16.32,-71.54,JORGE CHAVEZ,13,"1.426.177,5","17,9%",SAGRADO CORAZON DE JESUS,810,481,0,0,0,451,0,27,0,334,0,Adecuado,Adecuado,Adecuado,No
-16.31,-71.59,VIRGEN DE CHAPI,14,"469.538,7","100,0%",ABEL CARBAJAL PEREZ,212,234,0,0,0,234,0,10,0,0,0,Adecuado,Adecuado,Adecuado,No
-16.34,-71.61,JOSE LUIS BUSTAMANTE Y RIVERO SECTOR VII,62,"975.522,8","0,0%",ALMIRANTE MIGUEL GRAU,246,262,0,0,0,262,0,14,0,0,0,Inadecuado,Adecuado,Adecuado,No
-16.38,-71.62,LA ESTRELLA DEL CURAL,30,"977.995,9","0,0%",JORGE BERRIOS ALARCON,65,17,0,0,0,17,0,5,0,51,0,Adecuado,Adecuado,Adecuado,No
-16.33,-71.60,JOSE LUIS BUSTAMANTE Y RIVERO SECTOR II,20,"195.444,8","0,0%",SEÑOR DE LOS MILAGROS,214,214,0,0,0,214,0,10,0,0,0,Adecuado,Adecuado,Adecuado,No
-16.43,-71.67,ESTACION UCHUMAYO,9,"863.266,9","100,0%",SAN JOSE,190,250,0,0,0,250,0,10,0,0,0,Inadecuado,Inadecuado,Adecuado,No
-16.34,-71.62,APIPA SECTOR XII-A,59,"1.814.835,0","100,0%",SANTA ROSA DE LIMA,149,0,0,0,0,0,0,0,0,0,0,Inadecuado,Inadecuado,Adecuado,No
-16.35,-71.55,LOS RAYOS DEL SOL,14,"477.480,3","100,0%",JORGE CHAVEZ DARTNELL,208,212,0,0,0,212,0,8,0,212,0,Inadecuado,Adecuado,Adecuado,No
-16.32,-71.63,NUESTRA SEÑORA DE LAS NIEVES,51,"2.022.650,2","33,0%",HORACIO ZEVALLOS GAMEZ,98,0,0,0,0,0,0,5,0,102,0,Inadecuado,Adecuado,Adecuado,No
-16.44,-71.59,SAN MATIAS,8,"384.908,9","0,0%",SAN ANTONIO,104,168,0,0,0,168,0,6,0,0,0,Inadecuado,Sin acceso,Adecuado,No
-16.44,-71.60,SANTA CLARA,7,"397.318,5","0,0%",CHOTA,383,40,0,457,0,0,0,12,0,457,0,Inadecuado,Inadecuado,Adecuado,No
-16.44,-71.60,SAN JUAN,11,"563.198,4","0,0%",494 PEQUEÑOS ANGELITOS,153,0,0,23,23,158,0,6,0,0,0,Adecuado,Adecuado,Adecuado,Sí
-16.43,-71.60,SANTA ANA,8,"583.110,8","0,0%",JORGE BASADRE,89,90,0,0,0,90,0,5,0,0,0,Inadecuado,Adecuado,Adecuado,No
-16.31,-71.55,PRINCIPES DE LA PAZ,45,"1.386.564,6","100,0%",336,24,0,0,8,0,24,0,2,0,0,0,Adecuado,Adecuado,Adecuado,Sí
-16.43,-71.67,MANITOS DE XIOMARA,17,"1.750.957,8","100,0%",337,52,0,0,32,0,46,0,2,0,0,0,Adecuado,Inadecuado,Adecuado,Sí
-16.33,-71.61,ESTRELLITAS DE AMOR/ESTRELLITAS DE AMOR,249,"4.364.306,8","50,3%",10470 VICTOR A. SANCHEZ OLANO,46,0,0,25,19,48,0,6,0,0,0,Adecuado,Adecuado,Adecuado,No
-16.33,-71.61,MI PEQUEÑA MARAVILLA,15,"838.418,0","100,0%",10471,27,22,0,8,0,38,0,3,0,0,0,Inadecuado,Adecuado,Adecuado,Sí
-16.34,-71.62,PARAISO,34,"1.143.968,7","100,0%",561/10473 LUISA CORNEJO VARGAS,36,0,0,18,0,40,0,3,3,0,0,Adecuado,Adecuado,Adecuado,No
-16.34,-71.62,DULCE ESPERANZA,11,"680.655,6","100,0%",10474,14,14,0,2,0,4,0,1,0,0,0,Inadecuado,Inadecuado,Adecuado,No
-16.39,-71.49,PUEBLO LIBRE,36,"490.352,1","1,6%",10475,112,0,0,68,0,123,0,8,0,0,0,Inadecuado,Sin acceso,Adecuado,No
-16.46,-71.53,LARA - PAZ PERU/LARA - PAZ PERU,88,"786.641,2","0,0%",10477,47,0,0,0,0,6,0,6,0,72,0,Adecuado,Adecuado,Adecuado,No
-16.37,-71.53,VILLA EL SALVADOR,15,"557.068,3","100,0%",10478,18,0,0,2,2,20,20,1,0,0,9,Inadecuado,Adecuado,Adecuado,No
-16.62,-72.72,DIVINO REDENTOR,13,"482.396,0","100,0%",560/10889,51,0,0,0,0,34,0,4,0,0,27,Inadecuado,Sin acceso,Adecuado,No
-16.43,-71.82,LOS LAURELES,30,"2.244.693,5","0,0%",10998/10998,18,0,0,12,0,26,0,2,0,0,0,Inadecuado,Adecuado,Adecuado,Sí
-16.68,-71.87,LOS PATITOS,22,"373.102,9","0,0%",101068,17,18,0,0,0,18,0,1,0,0,0,Inadecuado,Inadecuado,Adecuado,No
-16.69,-71.90,JESUS DE NAZARENO,22,"263.222,8","0,0%",ARTURO OSORES CABRERA,90,0,0,0,0,5,0,5,0,89,0,Adecuado,Adecuado,Adecuado,No
-16.51,-71.82,SEÑOR DE LOS MILAGROS LA FLORIDA,78,"386.894,0","0,0%",JOSE INES REQUEJO RIVAROLA,54,0,0,0,0,0,0,5,0,56,56,Adecuado,Inadecuado,Adecuado,No
-16.53,-71.78,PRINCIPITO AZUL,19,"1.208.126,4","100,0%",FRANCISCO VILLEGAS COTRINA,124,126,1,0,0,126,0,5,0,0,0,Adecuado,Adecuado,Adecuado,No
-14.90,-71.97,ARCO IRIS DE COLOR,10,"633.243,0","100,0%",338,38,0,0,18,0,40,0,3,0,0,0,Inadecuado,Adecuado,Adecuado,Sí
-17.00,-72.10,BRISAS DE ISLAY,19,"1.014.826,6","69,7%",10489 JOSE CARLOS MARIATEGUI,87,92,0,0,0,92,0,6,0,0,0,Inadecuado,Adecuado,Adecuado,Sí
-17.01,-72.11,VILLA EL PESCADOR,21,"381.836,8","0,0%",10492,19,21,0,0,0,21,0,2,0,0,0,Inadecuado,Sin acceso,Adecuado,Sí
-17.09,-71.77,ESTRELLA DE BELEN,14,"3.554.489,0","53,8%",10494,20,30,0,0,0,30,0,2,0,0,0,Adecuado,Inadecuado,Adecuado,No
-16.33,-71.61,APIPA SECTOR III/APIPA SECTOR III,223,"7.479.422,7","81,0%",10495,18,22,0,17,0,31,0,2,0,0,0,Adecuado,Adecuado,Adecuado,No
-16.32,-71.54,11 DE MAYO/11 DE MAYO,38,"972.749,9","0,0%",10496,16,0,0,8,0,18,0,1,0,0,0,Inadecuado,Inadecuado,Adecuado,Sí
-16.31,-71.63,ALTIPLANO,262,"10.507.623,6","20,3%",10913,18,14,0,2,0,25,0,1,0,0,0,Inadecuado,Inadecuado,Adecuado,Sí
-16.62,-72.68,VILLA DON JORGE,83,"0,0","0,0%",10988,41,0,0,26,26,42,0,3,0,0,0,Inadecuado,Adecuado,Adecuado,Sí
-15.58,-72.13,CRFA CHOCO,37,"1.936.312,2","100,0%",101002,29,0,0,0,0,25,0,2,0,0,25,Inadecuado,Adecuado,Adecuado,Sí
-16.32,-72.19,RICARDO PALMA SORIANO,229,"10.470.915,9","100,0%",101003,16,9,0,0,0,9,0,1,0,0,0,Inadecuado,Inadecuado,Adecuado,Sí
-16.38,-71.49,PROCERES DE MIRAFLORES,10,"514.521,4","100,0%",101073,40,44,0,5,0,46,0,3,0,0,0,Inadecuado,Sin acceso,Adecuado,No
-15.66,-73.99,NUEVA ESPERANZA DE LA ESPAÑOLITA,68,"6.855.264,8","100,0%",101082,5,8,0,0,0,23,0,1,0,0,0,Inadecuado,Adecuado,Adecuado,Sí
-15.45,-72.02,PATITO DONALD,2,"197.135,3","0,0%",101083,31,0,0,17,0,17,0,2,0,0,0,Inadecuado,Adecuado,Adecuado,No
-16.26,-71.45,ESCUELA DE EDUCACION SUPERIOR TECNICO PROFESIONAL PNP AREQUIPA,547,"25.326.016,8","100,0%",101088,18,4,0,9,0,26,4,2,0,0,0,Inadecuado,Inadecuado,Adecuado,Sí
-15.76,-73.89,JUAN DE LA TORRE CARCAMO/JUAN DE LA TORRE CARCAMO,138,"7.686.514,3","100,0%",101094,18,20,0,0,0,20,0,1,1,0,0,Inadecuado,Adecuado,Adecuado,Sí
-16.42,-71.39,40638 SANTA MARIA,5,"515.020,3","43,5%",101105,9,9,0,0,0,9,0,1,0,0,0,Inadecuado,Sin acceso,Adecuado,Sí
-16.45,-71.61,DULCES BROTECITOS,62,"0,0","0,0%",101121,16,19,0,0,0,19,0,2,0,0,0,Inadecuado,Adecuado,Adecuado,Sí
-16.46,-71.60,VIRGEN DE LAS PEÑAS,27,"1.507.333,3","100,0%",CARLOS CUETO FERNANDINI,155,0,0,0,0,0,0,6,0,159,0,Inadecuado,Adecuado,Adecuado,No
-16.32,-71.54,MANITOS AMOROSAS,10,"633.099,0","100,0%",SAN JUAN,85,86,0,0,0,87,0,5,0,0,0,Inadecuado,Adecuado,Adecuado,No
-16.33,-71.60,GORRIONES,13,"1.066.194,3","100,0%",344,36,0,0,12,0,44,0,3,0,0,0,Adecuado,Adecuado,Adecuado,Sí
-16.36,-71.61,ANGEL DE JESUS,23,"444.156,5","0,0%",345,6,0,0,4,0,8,0,1,0,0,0,Inadecuado,Adecuado,Adecuado,Sí
-16.34,-71.55,CARRUSEL DE NIÑOS,21,"899.535,0","100,0%",346,22,0,0,8,0,25,0,2,0,0,0,Inadecuado,Adecuado,Adecuado,Sí
-16.35,-71.56,DULCE AMOR,14,"466.266,0","100,0%",347,44,0,0,12,0,46,0,3,0,0,0,Adecuado,Adecuado,Inadecuado,Sí
-16.37,-71.50,JAVIER HERAUD,9,"302.221,5","100,0%",490,13,0,0,8,0,61,0,1,0,0,13,Inadecuado,Inadecuado,Adecuado,Sí
-16.35,-71.53,REYNO DE LOS NIÑOS,10,"372.444,7","100,0%",10500,74,0,0,71,0,180,0,8,0,0,0,Adecuado,Adecuado,Adecuado,No
-16.35,-71.52,VIRGEN DE LAS NIEVES,19,"664.427,8","0,0%",10502,10,20,0,0,0,20,0,2,0,0,20,Adecuado,Sin acceso,Adecuado,Sí
-16.46,-71.56,NIÑOS DE JESUS,19,"5.048.749,3","5,0%",10503,93,144,0,0,0,144,0,6,0,0,0,Adecuado,Adecuado,Adecuado,Sí
-16.62,-72.71,PEQUEÑOS GENIOS,36,"1.272.125,5","100,0%",10504,49,0,0,32,0,64,0,3,0,0,0,Inadecuado,Adecuado,Adecuado,No
-15.64,-71.61,MIS CAPULLITOS II / CHANINCHAQ MAQUICHA,6,"2.129.737,7","100,0%",10505,31,5,0,22,0,44,0,3,0,5,0,Adecuado,Sin acceso,Inadecuado,No
-15.64,-71.60,LOS PATITOS II,12,"427.572,7","0,0%",10506,21,20,0,5,0,25,0,3,3,0,0,Inadecuado,Inadecuado,Adecuado,No
-15.84,-71.09,SUMAQTA PUSAKUWAY,14,"1.342.234,2","100,0%",10507,11,0,0,11,0,11,0,2,0,0,0,Adecuado,Adecuado,Adecuado,Sí
-15.31,-71.61,GOTITAS DE ROCIO,2,"391.439,8","100,0%",10512,8,0,0,7,0,12,0,1,0,0,0,Adecuado,Adecuado,Adecuado,Sí
-16.70,-71.87,LA CASA DE DIOS,36,"542.346,5","0,0%",101096,13,13,0,0,0,13,0,3,0,0,0,Adecuado,Adecuado,Adecuado,No
-16.68,-71.91,NUEVO AMANECER,7,"498.683,0","41,5%",101100,21,0,0,24,0,40,0,2,0,0,0,Inadecuado,Adecuado,Adecuado,Sí
-16.30,-72.18,TUPAC AMARU II/TUPAC AMARU II,119,"3.657.809,7","100,0%",FRANCISCO CADENILLAS GALVEZ,97,121,0,0,0,121,0,6,0,0,0,Adecuado,Inadecuado,Adecuado,No
-16.33,-72.20,SANTA MARIA DE LA COLINA,56,"1.916.228,1","100,0%",JOSE GALVEZ EGUSQUIZA,64,93,0,0,0,93,0,5,0,0,0,Inadecuado,Adecuado,Adecuado,No
-15.63,-71.61,SOL DEL COLCA,139,"6.019.956,9","100,0%",348,37,0,0,9,0,36,0,3,0,0,0,Inadecuado,Adecuado,Adecuado,Sí
-16.43,-71.82,PRIMAVERA,20,"880.277,6","0,0%",349,20,0,0,6,0,25,0,2,2,0,0,Inadecuado,Adecuado,Inadecuado,Sí
-16.39,-71.53,JESUS MARIA - SAN MARTIN DE PORRES,202,"2.378.461,6","0,0%",10401,24,0,0,12,0,40,0,2,0,0,0,Inadecuado,Sin acceso,Inadecuado,Sí
-15.26,-72.34,HENRY FERMIN CACERES FEBRES/HENRY FERMIN CACERES FEBRES,8,"1.386.300,5","0,0%",10508,42,0,0,44,0,92,0,4,0,0,0,Adecuado,Adecuado,Adecuado,Sí
-16.38,-71.57,DIVINO NIÑO ALTO LIBERTAD/DIVINO NIÑO ALTO LIBERTAD,390,"5.477.283,0","0,0%",10509,87,81,0,0,0,81,0,6,0,6,0,Inadecuado,Adecuado,Adecuado,No
-16.46,-71.53,SANTA ANNA/SANTA ANNA,49,"632.422,0","0,0%",10513,13,0,0,13,0,22,0,2,0,0,0,Adecuado,Sin acceso,Inadecuado,Sí
-16.46,-71.53,CECREIN PERUANO SUIZO,260,"4.298.410,6","0,0%",10514,25,0,0,0,0,0,0,0,0,0,0,Inadecuado,Inadecuado,Adecuado,No
-16.32,-71.59,CIUDAD MUNICIPAL - ZONA 9,13,"424.201,8","100,0%",10515,41,24,0,0,0,41,0,4,0,12,0,Adecuado,Adecuado,Adecuado,No
-15.98,-71.36,40098,2,"791.652,4","100,0%",10845,2,0,0,6,2,4,0,1,0,0,0,Inadecuado,Inadecuado,Inadecuado,Sí
-17.03,-71.53,PASITOS DE ESPERANZA,2,"500.185,9","100,0%",10951,3,7,0,0,0,7,0,1,0,0,0,Inadecuado,Adecuado,Inadecuado,Sí
-15.93,-73.13,40446 MIGUEL GRAU,79,"1.034.288,8","6,6%",10983,23,0,0,13,0,26,0,2,2,0,0,Adecuado,Inadecuado,Inadecuado,Sí
-14.94,-72.71,PASITOS QUE DEJAN HUELLA,2,"1.316.890,8","100,0%",101024,20,0,0,25,0,40,5,2,0,0,0,Adecuado,Inadecuado,Inadecuado,No
-16.33,-71.56,LOS PATITOS,9,"519.846,9","0,0%",101040,3,0,0,9,0,10,0,1,0,0,0,Inadecuado,Adecuado,Inadecuado,Sí
-16.43,-71.82,LA JOYA/LA JOYA,16,"2.962.987,0","0,0%",101109,15,15,0,0,0,15,0,1,1,0,0,Inadecuado,Inadecuado,Inadecuado,Sí
-16.49,-72.09,ANGELES DE GLORIA,12,"1.887.514,5","0,0%",RAUL PORRAS BARRENECHEA,101,0,0,0,0,0,0,5,5,101,0,Adecuado,Adecuado,Adecuado,No
-16.50,-71.85,SEMILLITAS DE MI BUEN JESUS,38,"478.837,4","0,0%",DANIEL ALCIDES CARRION,87,86,57,0,0,73,13,5,5,0,0,Adecuado,Adecuado,Adecuado,Sí
-16.41,-71.48,JUAN PABLO II,286,"3.632.485,7","0,0%",350,30,0,0,10,2,41,21,1,0,0,0,Adecuado,Adecuado,Adecuado,Sí
-16.44,-71.60,MADRE CORAZON DE MARIA,475,"1.526.770,4","0,0%",550/10493 LEONCIO CIEZA BUSTAMANTE,28,0,0,14,0,27,0,3,0,0,0,Inadecuado,Sin acceso,Adecuado,No
-16.31,-72.18,SANDRO MARIATEGUI CHIAPPE,109,"2.891.334,1","100,0%",10497,73,0,0,41,6,82,0,6,0,0,0,Adecuado,Adecuado,Adecuado,No
-16.48,-71.49,JUVENTUD CHARACATO,10,"986.933,5","0,0%",10498,15,0,0,16,0,40,0,2,0,0,0,Adecuado,Sin acceso,Adecuado,Sí
-16.37,-71.52,RAFAEL HOYOS RUBIO,11,"580.477,1","100,0%",10808,31,0,0,20,0,36,0,3,0,0,0,Inadecuado,Adecuado,Adecuado,Sí
-16.47,-71.52,PARAISO DE CHUCA,14,"581.008,5","0,0%",10864,15,16,0,9,0,32,0,1,1,0,0,Inadecuado,Inadecuado,Inadecuado,No
-16.55,-71.82,NUESTRA SEÑORA DE LA ESPERANZA/NUESTRA SEÑORA DE LA ESPERANZA,64,"2.984.046,7","100,0%",10865,5,8,0,0,0,16,0,1,0,0,0,Inadecuado,Sin acceso,Adecuado,Sí
-16.35,-71.51,PEDRO PAULET MOSTAJO,38,"1.013.795,2","100,0%",10960,13,0,0,15,0,20,0,1,0,0,0,Adecuado,Adecuado,Adecuado,Sí
-14.90,-71.87,40622,3,"371.387,4","100,0%",10987,14,0,0,4,0,2,2,0,0,0,0,Inadecuado,Adecuado,Adecuado,No
-16.48,-71.51,40680 HORACIO ZEBALLOS GAMEZ,333,"5.430.798,4","30,8%",101001,5,24,1,2,0,30,3,2,0,0,0,Inadecuado,Adecuado,Adecuado,Sí
-15.15,-72.07,CRFA ALLIN YACHAYWASI,95,"3.774.649,7","100,0%",101023,8,9,0,0,0,9,0,1,0,0,0,Inadecuado,Inadecuado,Adecuado,Sí
-16.72,-71.88,RENE CAMACHO TARQUI,67,"3.454.851,9","100,0%",101056,2,4,0,12,2,21,2,1,1,0,0,Inadecuado,Adecuado,Adecuado,Sí
-16.03,-73.17,NIÑOS DE JESUS,34,"777.969,7","11,2%",101078,31,6,0,20,0,36,0,2,0,0,0,Inadecuado,Adecuado,Adecuado,Sí
-16.33,-71.56,LAS FLORES,87,"2.189.027,2","94,5%",101084,5,0,0,5,0,10,0,1,0,0,0,Inadecuado,Adecuado,Adecuado,Sí
-16.41,-71.51,MANOS UNIDAS,12,"1.650.098,8","0,0%",101093,8,0,0,14,0,25,0,2,0,0,0,Inadecuado,Adecuado,Adecuado,Sí
-16.07,-72.49,500 DIVINO NIÑO JESUS/500 DIVINO NIÑO JESUS,8,"1.188.631,6","0,0%",101095,2,0,0,11,0,28,0,1,0,0,0,Adecuado,Adecuado,Adecuado,Sí
-16.34,-72.19,PRITE DIVINO NIÑO,17,"3.094.551,2","0,0%",101097,7,12,0,0,0,24,0,1,0,0,0,Adecuado,Inadecuado,Inadecuado,No
-16.35,-71.56,40055 ROMEO LUNA VICTORIA/40055 ROMEO LUNA VICTORIA,189,"2.476.824,5","0,0%",101141,4,0,0,8,0,15,0,1,1,0,0,Inadecuado,Inadecuado,Adecuado,Sí
-16.38,-71.52,40024 MANUEL GONZALES PRADA,196,"254.125,7","0,0%",JOSE SANTOS CHOCANO,56,55,0,0,0,55,0,5,1,0,0,Inadecuado,Adecuado,Adecuado,No
-16.12,-72.49,LA REAL,35,"2.937.914,0","100,0%",351,55,0,0,12,0,56,0,3,0,0,0,Adecuado,Adecuado,Adecuado,Sí
-16.33,-71.56,LAS FLORES,274,"231.957,5","0,0%",352,13,0,0,5,0,13,0,2,0,0,0,Inadecuado,Adecuado,Adecuado,No
-16.32,-72.18,GRAN UNIDAD ESCOLAR MAJES/GRAN UNIDAD ESCOLAR MAJES/GRAN UNIDAD ESCOLAR MAJES,0,,,353,6,4,0,0,0,25,0,1,0,0,0,Inadecuado,Inadecuado,Inadecuado,Sí
-16.32,-71.63,GRAN UNIDAD ESCOLAR INCA TARCO HUAMAN - CONO NORTE/GRAN UNIDAD ESCOLAR INCA TARCO HUAMAN - CONO NORTE/GRAN UNIDAD ESCOLAR INCA TARCO HUAMAN - CONO NORTE,0,,,10421,56,0,0,43,0,57,0,6,0,0,0,Inadecuado,Adecuado,Adecuado,No
-16.08,-70.97,40219 JOSE ABELARDO QUIÑONES,3,"1.018.118,8","100,0%",355,16,0,0,9,0,36,0,2,0,0,0,Inadecuado,Adecuado,Adecuado,Sí
-16.50,-71.81,902,14,,,10420,143,148,0,0,0,162,0,8,0,0,0,Adecuado,Adecuado,Adecuado,Sí
